variant,mode,document,rep,pages,ms,allocatedBytes,gen0,gen1,gen2,status
baseline,corpus,0000851.pdf,1,5,1180.5,169559104,4,2,2,ok
baseline,corpus,11194059_2017-11_de_s.pdf,1,2,112.6,27649312,0,0,0,ok
baseline,corpus,2006_Swedish_Touring_Car_Championship.pdf,1,4,29.8,7884680,0,0,0,ok
baseline,corpus,2108.11480.pdf,1,5,203.2,76772864,2,1,1,ok
baseline,corpus,22060_A1_01_Plans-1.pdf,1,1,18.7,9438416,1,1,1,ok
baseline,corpus,6.Secrets.to.Startup.Success.PDFDrive.pdf,1,5,79.3,24673944,0,0,0,ok
baseline,corpus,68-1990-01_A.pdf,1,5,205.1,64724816,2,2,2,ok
baseline,corpus,AcroFormsBasicFields.pdf,1,1,1.4,595912,0,0,0,ok
baseline,corpus,Approved_Document_B__fire_safety__volume_2_-_Buildings_other_than_dwellings__2019_edition_incorporating_2020_and_2022_amendments.pdf,1,5,94.9,52380448,1,1,1,ok
baseline,corpus,Arve.nr.1615.17.04.2026.pdf,1,1,3.9,1270224,0,0,0,ok
baseline,corpus,ClipPathLetterFilter-Test1.pdf,1,5,91.4,41330768,2,2,2,ok
baseline,corpus,ClipPathLetterFilter-Test2.pdf,1,1,20.3,8781736,0,0,0,ok
baseline,corpus,ColorIssue.pdf,1,1,78.0,33877568,2,2,2,ok
baseline,corpus,DeviceN_CS_test.pdf,1,5,54.6,22168616,1,1,1,ok
baseline,corpus,Diacritics_export.pdf,1,1,7.1,2353648,0,0,0,ok
baseline,corpus,EmptyPdf.pdf,1,1,0.4,38080,0,0,0,ok
baseline,corpus,ErcotFacts.pdf,1,2,44.9,14125208,0,0,0,ok
baseline,corpus,FICTIF_TABLE_INDEX.pdf,1,5,38.8,15509696,0,0,0,ok
baseline,corpus,FarmerMac.pdf,1,5,46.6,14125848,0,0,0,ok
baseline,corpus,Font Size Test - from google chrome print pdf.pdf,1,1,1.8,505536,0,0,0,ok
baseline,corpus,Font Size Test - from libre office.pdf,1,1,1.3,207720,0,0,0,ok
baseline,corpus,FontMatrix-1.pdf,1,1,1.0,216480,0,0,0,ok
baseline,corpus,FontMatrix-concat.pdf,1,1,0.4,134184,0,0,0,ok
baseline,corpus,FontMatrix-otf-bad-hmtx.pdf,1,1,8.9,749136,0,0,0,ok
baseline,corpus,FontMatrix-otf.pdf,1,1,6.0,749472,0,0,0,ok
baseline,corpus,FontMatrix-raw.pdf,1,1,6.5,690144,0,0,0,ok
baseline,corpus,GHOSTSCRIPT-692564-0.pdf,1,1,3.6,553296,0,0,0,ok
baseline,corpus,GHOSTSCRIPT-695513-0.pdf,1,1,9.7,3542728,0,0,0,ok
baseline,corpus,GHOSTSCRIPT-696171-0.pdf,1,5,61.3,11352408,1,1,1,ok
baseline,corpus,GHOSTSCRIPT-696547-0.zip-7.pdf,1,1,21.2,7366984,0,0,0,ok
baseline,corpus,GHOSTSCRIPT-696547-0.zip-9.pdf,1,1,17.5,7366464,0,0,0,ok
baseline,corpus,GHOSTSCRIPT-697234-0.pdf,1,3,94.4,22757248,1,0,0,ok
baseline,corpus,GHOSTSCRIPT-697507-0.pdf,1,1,39.8,8001144,0,0,0,ok
baseline,corpus,GHOSTSCRIPT-697984-3.pdf,1,1,5.9,1730680,0,0,0,ok
baseline,corpus,GHOSTSCRIPT-698168-0.pdf,1,1,8.3,2819256,0,0,0,ok
baseline,corpus,GHOSTSCRIPT-698363-0.pdf,1,1,11.9,476048,0,0,0,ok
baseline,corpus,GHOSTSCRIPT-698721-0.zip-6.pdf,1,2,26.1,7741856,0,0,0,ok
baseline,corpus,GHOSTSCRIPT-698721-1.pdf,1,1,5.2,2153192,0,0,0,ok
baseline,corpus,GHOSTSCRIPT-699035-0.pdf,1,5,190.6,38285872,1,1,1,ok
baseline,corpus,GHOSTSCRIPT-699178-0.pdf,1,3,30.9,8609352,0,0,0,ok
baseline,corpus,GHOSTSCRIPT-699375-5.pdf,1,1,10.2,3272424,0,0,0,ok
baseline,corpus,GHOSTSCRIPT-699488-0.pdf,1,1,47.7,8127440,1,0,0,ok
baseline,corpus,GHOSTSCRIPT-699554-0.zip-4.pdf,1,1,5.3,1656304,0,0,0,ok
baseline,corpus,GHOSTSCRIPT-700125-1.pdf,1,5,52.2,17640504,0,0,0,ok
baseline,corpus,GHOSTSCRIPT-700139-0.pdf,1,2,361.3,117712160,3,2,2,ok
baseline,corpus,GHOSTSCRIPT-700236-1.pdf,1,5,47.7,13568120,0,0,0,ok
baseline,corpus,GHOSTSCRIPT-700288-1.pdf,1,1,16.9,4643008,0,0,0,ok
baseline,corpus,GHOSTSCRIPT-700370-2.pdf,1,1,5.2,1668688,0,0,0,ok
baseline,corpus,GHOSTSCRIPT-700931-0.7z-5.pdf,1,2,5.8,1230648,0,0,0,ok
baseline,corpus,GHOSTSCRIPT-702013-1.pdf,1,1,11.6,3953664,0,0,0,ok
baseline,corpus,Gamebook.pdf,1,5,127.8,150693360,8,8,8,ok
baseline,corpus,GlyphDataTableReadCompositeGlyphError.pdf,1,1,18.8,3808000,0,0,0,ok
baseline,corpus,Grapheme clusters emoji.pdf,1,1,0.8,155368,0,0,0,ok
baseline,corpus,ICML03-081.pdf,1,5,42.3,17286888,0,0,0,ok
baseline,corpus,Indexed-DeviceRGB-JPXDecode-0-.0.0.255.0.-Font-F1_1_missing_char_255-1.pdf,1,1,195.9,17083080,0,0,0,ok
baseline,corpus,IndexedCS_negative_and_high.pdf,1,1,1.4,85056,0,0,0,ok
baseline,corpus,Judgement Document.pdf,1,5,38.8,10864032,1,1,1,ok
baseline,corpus,LKR824191.pdf,1,1,15.4,4163960,0,0,0,ok
baseline,corpus,Layer pdf - 322_High_Holborn_building_Brochure.pdf,1,3,130.3,37446656,0,0,0,ok
baseline,corpus,MOZILLA-10084-0.pdf,1,1,14.3,3228872,0,0,0,ok
baseline,corpus,MOZILLA-10225-0.pdf,1,5,59.2,23543496,1,1,1,ok
baseline,corpus,MOZILLA-10372-2.pdf,1,5,31.7,12996920,0,0,0,ok
baseline,corpus,MOZILLA-2775-1.pdf,1,5,52.4,17747464,0,0,0,ok
baseline,corpus,MOZILLA-3136-0.pdf,1,4,681.9,219592240,3,1,1,ok
baseline,corpus,MOZILLA-7375-0.pdf,1,5,52.3,15735504,0,0,0,ok
baseline,corpus,MOZILLA-9176-2.pdf,1,5,28.0,9939360,1,1,1,ok
baseline,corpus,MOZILLA-LINK-3264-0.pdf,1,5,4.5,3568016,0,0,0,ok
baseline,corpus,MOZILLA-LINK-5251-1.pdf,1,2,7.0,2288816,0,0,0,ok
baseline,corpus,Math119FakingData.pdf,1,5,27.9,9332480,0,0,0,ok
baseline,corpus,Motor Insurance claim form.pdf,1,3,265.9,67996504,1,1,1,ok
baseline,corpus,Multiple Page - from Mortality Statistics.pdf,1,5,31.1,15768088,0,0,0,ok
baseline,corpus,OPEN.RABBIT.ENGLISH.LOP.pdf,1,5,61.0,27703504,1,1,1,ok
baseline,corpus,Old Gutnish Internet Explorer.pdf,1,3,27.3,14922056,0,0,0,ok
baseline,corpus,P2P-33713919.pdf,1,5,34.0,23096496,0,0,0,ok
baseline,corpus,PDFBOX-1869-4-1.pdf,1,1,1.8,487480,0,0,0,ok
baseline,corpus,PDFBOX-492-4.jar-8.pdf,1,2,66.9,16923736,1,0,0,ok
baseline,corpus,PDFBOX-624-2.pdf,1,5,36.3,11353496,0,0,0,ok
baseline,corpus,Pig Production Handbook.pdf,1,5,23.4,11661096,0,0,0,ok
baseline,corpus,Pig Reproduction Powerpoint.pdf,1,5,8.0,9184104,0,0,0,ok
baseline,corpus,Publication_of_award_of_Bids_for_Transport_Sector__August_2016.pdf,1,5,32.8,8530000,1,1,1,ok
baseline,corpus,Rotated Text Libre Office.pdf,1,1,1.0,277192,0,0,0,ok
baseline,corpus,Rotation 45.pdf,1,4,35.4,17674168,0,0,0,ok
baseline,corpus,SPARC - v9 Architecture Manual.pdf,1,5,170.7,108579784,2,1,1,ok
baseline,corpus,SPE8EF26T0545.pdf,1,5,11.3,11406640,0,0,0,ok
baseline,corpus,ShowTextOpWithUnbalancedRoundBrackets.pdf,1,1,7.7,4634480,0,0,0,ok
baseline,corpus,Single Page Broken Offsets - from google drive.pdf,1,1,1.8,611696,0,0,0,ok
baseline,corpus,Single Page Form Content - from itext 1_1.pdf,1,1,1.5,785248,0,0,0,ok
baseline,corpus,Single Page Hyperlinks - from open office.pdf,1,1,0.8,411544,0,0,0,ok
baseline,corpus,Single Page Images - from libre office.pdf,1,1,0.8,392976,0,0,0,ok
baseline,corpus,Single Page Non Latin - from acrobat distiller.pdf,1,1,0.9,417528,0,0,0,ok
baseline,corpus,Single Page Simple - from google drive.pdf,1,1,1.1,604640,0,0,0,ok
baseline,corpus,Single Page Simple - from inkscape.pdf,1,1,0.5,171088,0,0,0,ok
baseline,corpus,Single Page Simple - from open office.pdf,1,1,0.5,291872,0,0,0,ok
baseline,corpus,Single Page Type 1 Font.pdf,1,1,0.3,85216,0,0,0,ok
baseline,corpus,SinglePage180ClockwiseRotation - from PdfPig.pdf,1,1,0.6,248640,0,0,0,ok
baseline,corpus,SinglePage270ClockwiseRotation - from PdfPig.pdf,1,1,0.5,248568,0,0,0,ok
baseline,corpus,SinglePage90ClockwiseRotation - from PdfPig.pdf,1,1,0.4,248568,0,0,0,ok
baseline,corpus,SmallCropbox.pdf,1,1,1.5,1617768,0,0,0,ok
baseline,corpus,TIKA-1552-0.pdf,1,5,25.5,23364360,1,0,0,ok
baseline,corpus,TIKA-2054-0.pdf,1,5,31.8,23325144,1,1,0,ok
baseline,corpus,TIKA-469-0.pdf,1,2,6.5,4753632,0,0,0,ok
baseline,corpus,Test.Doc.pdf,1,1,2.7,1738488,0,0,0,ok
baseline,corpus,TrueTypeTablesGlyphDataTableReadGlyphsError.pdf,1,1,7.5,4528472,0,0,0,ok
baseline,corpus,Two Page Text Only - from libre office.pdf,1,2,1.8,1750352,0,0,0,ok
baseline,corpus,Type0 Font.pdf,1,1,20.3,10342656,1,1,1,ok
baseline,corpus,Type0_CJK_Font.pdf,1,5,57.6,4918120,0,0,0,ok
baseline,corpus,Type3Test.pdf,1,1,0.6,158096,0,0,0,ok
baseline,corpus,Various Content Types.pdf,1,1,0.9,279952,0,0,0,ok
baseline,corpus,Why.does.this.not.work.pdf,1,1,1.6,1050064,0,0,0,ok
baseline,corpus,_citUR2jB1_ay56u6vELzk.pdf,1,2,2.5,2368744,0,0,0,ok
baseline,corpus,annotation-comments.pdf,1,1,1.0,295912,0,0,0,ok
baseline,corpus,bold-italic.pdf,1,1,2.4,1899280,0,0,0,ok
baseline,corpus,bookmarks-with-accented-characters.pdf,1,1,0.5,331280,0,0,0,ok
baseline,corpus,byz.pdf,1,1,3.4,2270064,0,0,0,ok
baseline,corpus,capas.pdf,1,5,8.0,8295872,1,1,0,ok
baseline,corpus,cat-genetics.pdf,1,1,7.2,6779192,0,0,0,ok
baseline,corpus,cat-genetics_bobld.pdf,1,1,6.6,7025704,0,0,0,ok
baseline,corpus,cmap-parsing-exception.pdf,1,1,19.5,13349904,1,0,0,ok
baseline,corpus,cropped-and-rotated.pdf,1,1,1.4,775104,0,0,0,ok
baseline,corpus,data.pdf,1,3,4.7,4039992,0,0,0,ok
baseline,corpus,dotnet-ai.pdf,1,5,25.6,32442560,1,1,1,ok
baseline,corpus,felltypes-test.pdf,1,1,16.5,4975952,0,0,0,ok
baseline,corpus,hex_0x0006.pdf,1,1,1.2,659472,0,0,0,ok
baseline,corpus,inherited_mediabox.pdf,1,1,0.3,54600,0,0,0,ok
baseline,corpus,iron-ore-q2-q3-2013.pdf,1,5,42.6,35999952,1,1,1,ok
baseline,corpus,issue_1163.pdf,1,2,0.5,182904,0,0,0,ok
baseline,corpus,issue_1330.pdf,1,1,0.2,56480,0,0,0,ok
baseline,corpus,issue_1331.pdf,1,1,2.4,1528968,0,0,0,ok
baseline,corpus,issue_671.pdf,1,2,20.1,18332544,0,0,0,ok
baseline,corpus,issue_881.pdf,1,1,1.6,777392,0,0,0,ok
baseline,corpus,issues-1176-1.pdf,1,1,2.9,2142896,0,0,0,ok
baseline,corpus,issues-1176.pdf,1,1,13.2,7145992,1,1,1,ok
baseline,corpus,journal.pone.0196757.pdf,1,5,48.4,35589752,0,0,0,ok
baseline,corpus,jtehm-melillo-2679746.pdf,1,5,91.0,52898584,2,1,1,ok
baseline,corpus,little-pig-in-armenian.pdf,1,1,1.0,323840,0,0,0,ok
baseline,corpus,odwriteex.pdf,1,1,1.1,718800,0,0,0,ok
baseline,corpus,outline.pdf,1,3,2.1,1120904,0,0,0,ok
baseline,corpus,output_w3c_csswg_drafts_issues2023.pdf,1,1,0.8,262144,0,0,0,ok
baseline,corpus,path_ext_oddeven.pdf,1,1,1.7,1157376,0,0,0,ok
baseline,corpus,pop-bugzilla37292.pdf,1,4,8.6,7984864,0,0,0,ok
baseline,corpus,reference-2-numeric-error.pdf,1,1,16.7,7196176,0,0,0,ok
baseline,corpus,soundandvision.pdf,1,1,2.9,2022840,0,0,0,ok
baseline,corpus,ssm2163.pdf,1,5,18.8,11263072,0,0,0,ok
baseline,corpus,steam_in_page_dict.pdf,1,1,3.4,103048,0,0,0,ok
baseline,corpus,test-2_so_74165171.pdf,1,1,151.9,41138672,1,1,1,ok
baseline,corpus,testPdf-1.pdf,1,2,6.3,5927400,0,0,0,ok
baseline,corpus,test_a-5.pdf,1,5,78.8,69185776,1,1,1,ok
baseline,corpus,test_a.pdf,1,5,73.4,69183872,0,0,0,ok
baseline,corpus,toc.pdf,1,5,32.2,7514360,1,0,0,ok
baseline,corpus,type3-font-zero-height.pdf,1,1,30.5,7014280,1,1,1,ok
baseline,corpus,0000851.pdf,2,5,311.2,122446792,0,0,0,ok
baseline,corpus,11194059_2017-11_de_s.pdf,2,2,40.6,27468976,1,0,0,ok
baseline,corpus,2006_Swedish_Touring_Car_Championship.pdf,2,4,6.7,7880208,0,0,0,ok
baseline,corpus,2108.11480.pdf,2,5,65.9,76681192,1,1,1,ok
baseline,corpus,22060_A1_01_Plans-1.pdf,2,1,4.6,9433848,0,0,0,ok
baseline,corpus,6.Secrets.to.Startup.Success.PDFDrive.pdf,2,5,18.1,24670056,0,0,0,ok
baseline,corpus,68-1990-01_A.pdf,2,5,66.7,44578120,1,1,1,ok
baseline,corpus,AcroFormsBasicFields.pdf,2,1,1.1,594040,0,0,0,ok
baseline,corpus,Approved_Document_B__fire_safety__volume_2_-_Buildings_other_than_dwellings__2019_edition_incorporating_2020_and_2022_amendments.pdf,2,5,50.3,52376624,2,1,1,ok
baseline,corpus,Arve.nr.1615.17.04.2026.pdf,2,1,1.6,1192632,0,0,0,ok
baseline,corpus,ClipPathLetterFilter-Test1.pdf,2,5,20.8,12175256,1,1,1,ok
baseline,corpus,ClipPathLetterFilter-Test2.pdf,2,1,6.5,8370192,0,0,0,ok
baseline,corpus,ColorIssue.pdf,2,1,36.2,32183072,1,1,1,ok
baseline,corpus,DeviceN_CS_test.pdf,2,5,12.6,21628128,0,0,0,ok
baseline,corpus,Diacritics_export.pdf,2,1,1.7,2350376,0,0,0,ok
baseline,corpus,EmptyPdf.pdf,2,1,0.2,37576,0,0,0,ok
baseline,corpus,ErcotFacts.pdf,2,2,14.6,13717520,0,0,0,ok
baseline,corpus,FICTIF_TABLE_INDEX.pdf,2,5,30.4,14806928,1,1,1,ok
baseline,corpus,FarmerMac.pdf,2,5,10.6,13732288,0,0,0,ok
baseline,corpus,Font Size Test - from google chrome print pdf.pdf,2,1,0.9,480288,0,0,0,ok
baseline,corpus,Font Size Test - from libre office.pdf,2,1,0.5,193480,0,0,0,ok
baseline,corpus,FontMatrix-1.pdf,2,1,0.4,216408,0,0,0,ok
baseline,corpus,FontMatrix-concat.pdf,2,1,0.2,134184,0,0,0,ok
baseline,corpus,FontMatrix-otf-bad-hmtx.pdf,2,1,1.1,745192,0,0,0,ok
baseline,corpus,FontMatrix-otf.pdf,2,1,1.1,749472,0,0,0,ok
baseline,corpus,FontMatrix-raw.pdf,2,1,1.0,690072,0,0,0,ok
baseline,corpus,GHOSTSCRIPT-692564-0.pdf,2,1,0.7,552696,0,0,0,ok
baseline,corpus,GHOSTSCRIPT-695513-0.pdf,2,1,2.2,3541504,0,0,0,ok
baseline,corpus,GHOSTSCRIPT-696171-0.pdf,2,5,9.7,11349720,0,0,0,ok
baseline,corpus,GHOSTSCRIPT-696547-0.zip-7.pdf,2,1,3.7,7366280,0,0,0,ok
baseline,corpus,GHOSTSCRIPT-696547-0.zip-9.pdf,2,1,3.6,7366320,0,0,0,ok
baseline,corpus,GHOSTSCRIPT-697234-0.pdf,2,3,29.9,22751632,1,0,0,ok
baseline,corpus,GHOSTSCRIPT-697507-0.pdf,2,1,8.6,7998264,0,0,0,ok
baseline,corpus,GHOSTSCRIPT-697984-3.pdf,2,1,2.7,1652392,0,0,0,ok
baseline,corpus,GHOSTSCRIPT-698168-0.pdf,2,1,1.9,2818968,0,0,0,ok
baseline,corpus,GHOSTSCRIPT-698363-0.pdf,2,1,1.4,465488,0,0,0,ok
baseline,corpus,GHOSTSCRIPT-698721-0.zip-6.pdf,2,2,5.9,7741072,0,0,0,ok
baseline,corpus,GHOSTSCRIPT-698721-1.pdf,2,1,1.5,2153192,0,0,0,ok
baseline,corpus,GHOSTSCRIPT-699035-0.pdf,2,5,51.8,38284112,1,1,1,ok
baseline,corpus,GHOSTSCRIPT-699178-0.pdf,2,3,6.5,8437008,0,0,0,ok
baseline,corpus,GHOSTSCRIPT-699375-5.pdf,2,1,3.3,3074808,0,0,0,ok
baseline,corpus,GHOSTSCRIPT-699488-0.pdf,2,1,7.0,8125856,0,0,0,ok
baseline,corpus,GHOSTSCRIPT-699554-0.zip-4.pdf,2,1,1.3,1656024,0,0,0,ok
baseline,corpus,GHOSTSCRIPT-700125-1.pdf,2,5,12.7,17640256,0,0,0,ok
baseline,corpus,GHOSTSCRIPT-700139-0.pdf,2,2,169.7,116126784,3,2,1,ok
baseline,corpus,GHOSTSCRIPT-700236-1.pdf,2,5,11.0,13567376,0,0,0,ok
baseline,corpus,GHOSTSCRIPT-700288-1.pdf,2,1,9.1,4642936,0,0,0,ok
baseline,corpus,GHOSTSCRIPT-700370-2.pdf,2,1,1.7,1530496,0,0,0,ok
baseline,corpus,GHOSTSCRIPT-700931-0.7z-5.pdf,2,2,1.4,1230576,0,0,0,ok
baseline,corpus,GHOSTSCRIPT-702013-1.pdf,2,1,3.5,3953016,0,0,0,ok
baseline,corpus,Gamebook.pdf,2,5,8.9,9367112,0,0,0,ok
baseline,corpus,GlyphDataTableReadCompositeGlyphError.pdf,2,1,4.7,2901688,0,0,0,ok
baseline,corpus,Grapheme clusters emoji.pdf,2,1,0.7,155224,0,0,0,ok
baseline,corpus,ICML03-081.pdf,2,5,15.8,17283328,0,0,0,ok
baseline,corpus,Indexed-DeviceRGB-JPXDecode-0-.0.0.255.0.-Font-F1_1_missing_char_255-1.pdf,2,1,22.5,17065152,0,0,0,ok
baseline,corpus,IndexedCS_negative_and_high.pdf,2,1,0.4,85056,0,0,0,ok
baseline,corpus,Judgement Document.pdf,2,5,6.5,9127904,0,0,0,ok
baseline,corpus,LKR824191.pdf,2,1,3.9,4163752,0,0,0,ok
baseline,corpus,Layer pdf - 322_High_Holborn_building_Brochure.pdf,2,3,59.3,37065848,1,1,1,ok
baseline,corpus,MOZILLA-10084-0.pdf,2,1,3.6,3228144,0,0,0,ok
baseline,corpus,MOZILLA-10225-0.pdf,2,5,12.9,23062600,0,0,0,ok
baseline,corpus,MOZILLA-10372-2.pdf,2,5,21.9,12996376,1,1,1,ok
baseline,corpus,MOZILLA-2775-1.pdf,2,5,13.1,17746880,0,0,0,ok
baseline,corpus,MOZILLA-3136-0.pdf,2,4,220.9,217541272,3,1,1,ok
baseline,corpus,MOZILLA-7375-0.pdf,2,5,46.2,15735960,1,1,1,ok
baseline,corpus,MOZILLA-9176-2.pdf,2,5,2.5,9937888,0,0,0,ok
baseline,corpus,MOZILLA-LINK-3264-0.pdf,2,5,2.2,3447208,0,0,0,ok
baseline,corpus,MOZILLA-LINK-5251-1.pdf,2,2,2.0,2210032,0,0,0,ok
baseline,corpus,Math119FakingData.pdf,2,5,7.1,9330824,0,0,0,ok
baseline,corpus,Motor Insurance claim form.pdf,2,3,97.3,67358296,2,1,1,ok
baseline,corpus,Multiple Page - from Mortality Statistics.pdf,2,5,6.5,8224528,0,0,0,ok
baseline,corpus,OPEN.RABBIT.ENGLISH.LOP.pdf,2,5,28.3,27513568,1,1,1,ok
baseline,corpus,Old Gutnish Internet Explorer.pdf,2,3,11.1,14277200,0,0,0,ok
baseline,corpus,P2P-33713919.pdf,2,5,12.5,23054752,0,0,0,ok
baseline,corpus,PDFBOX-1869-4-1.pdf,2,1,0.9,487328,0,0,0,ok
baseline,corpus,PDFBOX-492-4.jar-8.pdf,2,2,17.6,16922104,0,0,0,ok
baseline,corpus,PDFBOX-624-2.pdf,2,5,8.3,11351800,0,0,0,ok
baseline,corpus,Pig Production Handbook.pdf,2,5,9.2,11660472,0,0,0,ok
baseline,corpus,Pig Reproduction Powerpoint.pdf,2,5,4.6,9181608,0,0,0,ok
baseline,corpus,Publication_of_award_of_Bids_for_Transport_Sector__August_2016.pdf,2,5,26.5,8292928,1,1,1,ok
baseline,corpus,Rotated Text Libre Office.pdf,2,1,0.8,243760,0,0,0,ok
baseline,corpus,Rotation 45.pdf,2,4,14.0,10018568,0,0,0,ok
baseline,corpus,SPARC - v9 Architecture Manual.pdf,2,5,84.3,108579664,3,1,1,ok
baseline,corpus,SPE8EF26T0545.pdf,2,5,10.9,11399896,1,0,0,ok
baseline,corpus,ShowTextOpWithUnbalancedRoundBrackets.pdf,2,1,4.0,4634304,0,0,0,ok
baseline,corpus,Single Page Broken Offsets - from google drive.pdf,2,1,1.6,590240,0,0,0,ok
baseline,corpus,Single Page Form Content - from itext 1_1.pdf,2,1,0.9,785080,0,0,0,ok
baseline,corpus,Single Page Hyperlinks - from open office.pdf,2,1,0.6,366520,0,0,0,ok
baseline,corpus,Single Page Images - from libre office.pdf,2,1,0.4,387120,0,0,0,ok
baseline,corpus,Single Page Non Latin - from acrobat distiller.pdf,2,1,0.7,397560,0,0,0,ok
baseline,corpus,Single Page Simple - from google drive.pdf,2,1,0.8,583256,0,0,0,ok
baseline,corpus,Single Page Simple - from inkscape.pdf,2,1,0.4,154000,0,0,0,ok
baseline,corpus,Single Page Simple - from open office.pdf,2,1,0.4,268496,0,0,0,ok
baseline,corpus,Single Page Type 1 Font.pdf,2,1,0.2,85192,0,0,0,ok
baseline,corpus,SinglePage180ClockwiseRotation - from PdfPig.pdf,2,1,0.3,202368,0,0,0,ok
baseline,corpus,SinglePage270ClockwiseRotation - from PdfPig.pdf,2,1,0.3,202368,0,0,0,ok
baseline,corpus,SinglePage90ClockwiseRotation - from PdfPig.pdf,2,1,0.3,202368,0,0,0,ok
baseline,corpus,SmallCropbox.pdf,2,1,1.2,1617600,0,0,0,ok
baseline,corpus,TIKA-1552-0.pdf,2,5,27.8,23345792,1,1,0,ok
baseline,corpus,TIKA-2054-0.pdf,2,5,19.3,23321560,0,0,0,ok
baseline,corpus,TIKA-469-0.pdf,2,2,4.0,4744856,0,0,0,ok
baseline,corpus,Test.Doc.pdf,2,1,1.6,1679568,0,0,0,ok
baseline,corpus,TrueTypeTablesGlyphDataTableReadGlyphsError.pdf,2,1,4.6,3647216,0,0,0,ok
baseline,corpus,Two Page Text Only - from libre office.pdf,2,2,1.5,1587512,0,0,0,ok
baseline,corpus,Type0 Font.pdf,2,1,7.5,9722544,0,0,0,ok
baseline,corpus,Type0_CJK_Font.pdf,2,5,10.0,3270736,0,0,0,ok
baseline,corpus,Type3Test.pdf,2,1,0.6,156704,0,0,0,ok
baseline,corpus,Various Content Types.pdf,2,1,0.5,265312,0,0,0,ok
baseline,corpus,Why.does.this.not.work.pdf,2,1,1.9,1035808,0,0,0,ok
baseline,corpus,_citUR2jB1_ay56u6vELzk.pdf,2,2,2.2,2256304,0,0,0,ok
baseline,corpus,annotation-comments.pdf,2,1,0.7,283240,0,0,0,ok
baseline,corpus,bold-italic.pdf,2,1,2.1,1618288,0,0,0,ok
baseline,corpus,bookmarks-with-accented-characters.pdf,2,1,0.5,331256,0,0,0,ok
baseline,corpus,byz.pdf,2,1,2.2,2269968,0,0,0,ok
baseline,corpus,capas.pdf,2,5,5.5,8042120,0,0,0,ok
baseline,corpus,cat-genetics.pdf,2,1,4.7,6778024,0,0,0,ok
baseline,corpus,cat-genetics_bobld.pdf,2,1,4.5,7025248,0,0,0,ok
baseline,corpus,cmap-parsing-exception.pdf,2,1,31.7,13116336,1,1,1,ok
baseline,corpus,cropped-and-rotated.pdf,2,1,1.2,744264,0,0,0,ok
baseline,corpus,data.pdf,2,3,3.5,4039776,0,0,0,ok
baseline,corpus,dotnet-ai.pdf,2,5,27.9,31752656,1,1,1,ok
baseline,corpus,felltypes-test.pdf,2,1,7.6,4974992,0,0,0,ok
baseline,corpus,hex_0x0006.pdf,2,1,0.9,658728,0,0,0,ok
baseline,corpus,inherited_mediabox.pdf,2,1,0.3,54504,0,0,0,ok
baseline,corpus,iron-ore-q2-q3-2013.pdf,2,5,19.1,35957224,0,0,0,ok
baseline,corpus,issue_1163.pdf,2,2,0.4,182648,0,0,0,ok
baseline,corpus,issue_1330.pdf,2,1,0.2,56456,0,0,0,ok
baseline,corpus,issue_1331.pdf,2,1,1.5,1352544,0,0,0,ok
baseline,corpus,issue_671.pdf,2,2,22.4,17901912,1,0,0,ok
baseline,corpus,issue_881.pdf,2,1,1.0,617024,0,0,0,ok
baseline,corpus,issues-1176-1.pdf,2,1,2.1,2142888,0,0,0,ok
baseline,corpus,issues-1176.pdf,2,1,3.1,7143952,0,0,0,ok
baseline,corpus,journal.pone.0196757.pdf,2,5,37.5,35564176,1,0,0,ok
baseline,corpus,jtehm-melillo-2679746.pdf,2,5,48.3,52894776,0,0,0,ok
baseline,corpus,little-pig-in-armenian.pdf,2,1,0.7,312760,0,0,0,ok
baseline,corpus,odwriteex.pdf,2,1,0.9,718704,0,0,0,ok
baseline,corpus,outline.pdf,2,3,1.6,1087568,0,0,0,ok
baseline,corpus,output_w3c_csswg_drafts_issues2023.pdf,2,1,0.5,261912,0,0,0,ok
baseline,corpus,path_ext_oddeven.pdf,2,1,1.5,1041912,0,0,0,ok
baseline,corpus,pop-bugzilla37292.pdf,2,4,6.2,7618792,0,0,0,ok
baseline,corpus,reference-2-numeric-error.pdf,2,1,8.9,7193704,0,0,0,ok
baseline,corpus,soundandvision.pdf,2,1,2.5,1857000,0,0,0,ok
baseline,corpus,ssm2163.pdf,2,5,30.8,10614336,1,1,1,ok
baseline,corpus,steam_in_page_dict.pdf,2,1,0.4,103160,0,0,0,ok
baseline,corpus,test-2_so_74165171.pdf,2,1,39.7,39103192,0,0,0,ok
baseline,corpus,testPdf-1.pdf,2,2,22.9,5706312,1,1,1,ok
baseline,corpus,test_a-5.pdf,2,5,50.7,68828600,0,0,0,ok
baseline,corpus,test_a.pdf,2,5,94.7,68830072,2,2,1,ok
baseline,corpus,toc.pdf,2,5,5.3,7514448,0,0,0,ok
baseline,corpus,type3-font-zero-height.pdf,2,1,8.7,7006888,0,0,0,ok
baseline,corpus,0000851.pdf,3,5,192.9,122448032,1,1,1,ok
baseline,corpus,11194059_2017-11_de_s.pdf,3,2,19.6,27416528,0,0,0,ok
baseline,corpus,2006_Swedish_Touring_Car_Championship.pdf,3,4,5.8,7663856,0,0,0,ok
baseline,corpus,2108.11480.pdf,3,5,96.3,76076776,1,1,0,ok
baseline,corpus,22060_A1_01_Plans-1.pdf,3,1,4.2,9433848,0,0,0,ok
baseline,corpus,6.Secrets.to.Startup.Success.PDFDrive.pdf,3,5,25.9,24671736,1,1,1,ok
baseline,corpus,68-1990-01_A.pdf,3,5,39.9,44326760,0,0,0,ok
baseline,corpus,AcroFormsBasicFields.pdf,3,1,0.7,593832,0,0,0,ok
baseline,corpus,Approved_Document_B__fire_safety__volume_2_-_Buildings_other_than_dwellings__2019_edition_incorporating_2020_and_2022_amendments.pdf,3,5,46.9,52377784,2,2,2,ok
baseline,corpus,Arve.nr.1615.17.04.2026.pdf,3,1,1.7,1192632,0,0,0,ok
baseline,corpus,ClipPathLetterFilter-Test1.pdf,3,5,9.7,12173056,0,0,0,ok
baseline,corpus,ClipPathLetterFilter-Test2.pdf,3,1,5.9,8369984,0,0,0,ok
baseline,corpus,ColorIssue.pdf,3,1,25.5,32181392,0,0,0,ok
baseline,corpus,DeviceN_CS_test.pdf,3,5,28.7,21629600,1,1,1,ok
baseline,corpus,Diacritics_export.pdf,3,1,2.1,2350584,0,0,0,ok
baseline,corpus,EmptyPdf.pdf,3,1,0.2,37576,0,0,0,ok
baseline,corpus,ErcotFacts.pdf,3,2,12.1,13717520,0,0,0,ok
baseline,corpus,FICTIF_TABLE_INDEX.pdf,3,5,14.9,14805248,1,1,0,ok
baseline,corpus,FarmerMac.pdf,3,5,10.6,13732288,0,0,0,ok
baseline,corpus,Font Size Test - from google chrome print pdf.pdf,3,1,0.8,480288,0,0,0,ok
baseline,corpus,Font Size Test - from libre office.pdf,3,1,0.4,193480,0,0,0,ok
baseline,corpus,FontMatrix-1.pdf,3,1,0.3,216408,0,0,0,ok
baseline,corpus,FontMatrix-concat.pdf,3,1,0.2,134184,0,0,0,ok
baseline,corpus,FontMatrix-otf-bad-hmtx.pdf,3,1,1.1,745192,0,0,0,ok
baseline,corpus,FontMatrix-otf.pdf,3,1,1.1,749472,0,0,0,ok
baseline,corpus,FontMatrix-raw.pdf,3,1,1.0,690072,0,0,0,ok
baseline,corpus,GHOSTSCRIPT-692564-0.pdf,3,1,0.7,552696,0,0,0,ok
baseline,corpus,GHOSTSCRIPT-695513-0.pdf,3,1,2.2,3541504,0,0,0,ok
baseline,corpus,GHOSTSCRIPT-696171-0.pdf,3,5,8.1,11349720,0,0,0,ok
baseline,corpus,GHOSTSCRIPT-696547-0.zip-7.pdf,3,1,3.4,7366280,0,0,0,ok
baseline,corpus,GHOSTSCRIPT-696547-0.zip-9.pdf,3,1,3.9,7366320,0,0,0,ok
baseline,corpus,GHOSTSCRIPT-697234-0.pdf,3,3,23.1,22751632,1,1,0,ok
baseline,corpus,GHOSTSCRIPT-697507-0.pdf,3,1,8.0,7998264,0,0,0,ok
baseline,corpus,GHOSTSCRIPT-697984-3.pdf,3,1,2.1,1652392,0,0,0,ok
baseline,corpus,GHOSTSCRIPT-698168-0.pdf,3,1,3.1,2818968,1,1,0,ok
baseline,corpus,GHOSTSCRIPT-698363-0.pdf,3,1,1.4,465288,0,0,0,ok
baseline,corpus,GHOSTSCRIPT-698721-0.zip-6.pdf,3,2,5.5,7741072,0,0,0,ok
baseline,corpus,GHOSTSCRIPT-698721-1.pdf,3,1,1.4,2153192,0,0,0,ok
baseline,corpus,GHOSTSCRIPT-699035-0.pdf,3,5,42.0,38284112,2,1,1,ok
baseline,corpus,GHOSTSCRIPT-699178-0.pdf,3,3,6.5,8437008,0,0,0,ok
baseline,corpus,GHOSTSCRIPT-699375-5.pdf,3,1,3.1,3074808,0,0,0,ok
baseline,corpus,GHOSTSCRIPT-699488-0.pdf,3,1,5.9,8125856,0,0,0,ok
baseline,corpus,GHOSTSCRIPT-699554-0.zip-4.pdf,3,1,1.3,1656024,0,0,0,ok
baseline,corpus,GHOSTSCRIPT-700125-1.pdf,3,5,11.1,17640256,0,0,0,ok
baseline,corpus,GHOSTSCRIPT-700139-0.pdf,3,2,129.4,116126784,2,2,1,ok
baseline,corpus,GHOSTSCRIPT-700236-1.pdf,3,5,10.2,13567376,0,0,0,ok
baseline,corpus,GHOSTSCRIPT-700288-1.pdf,3,1,3.9,4642936,0,0,0,ok
baseline,corpus,GHOSTSCRIPT-700370-2.pdf,3,1,1.6,1530496,0,0,0,ok
baseline,corpus,GHOSTSCRIPT-700931-0.7z-5.pdf,3,2,1.2,1230576,0,0,0,ok
baseline,corpus,GHOSTSCRIPT-702013-1.pdf,3,1,2.7,3953016,0,0,0,ok
baseline,corpus,Gamebook.pdf,3,5,8.6,9367112,0,0,0,ok
baseline,corpus,GlyphDataTableReadCompositeGlyphError.pdf,3,1,3.9,2901688,0,0,0,ok
baseline,corpus,Grapheme clusters emoji.pdf,3,1,0.4,155224,0,0,0,ok
baseline,corpus,ICML03-081.pdf,3,5,16.9,17283328,0,0,0,ok
baseline,corpus,Indexed-DeviceRGB-JPXDecode-0-.0.0.255.0.-Font-F1_1_missing_char_255-1.pdf,3,1,25.8,17065152,0,0,0,ok
baseline,corpus,IndexedCS_negative_and_high.pdf,3,1,0.4,85056,0,0,0,ok
baseline,corpus,Judgement Document.pdf,3,5,23.6,9127904,1,0,0,ok
baseline,corpus,LKR824191.pdf,3,1,2.5,4163960,0,0,0,ok
baseline,corpus,Layer pdf - 322_High_Holborn_building_Brochure.pdf,3,3,35.1,37064168,1,0,0,ok
baseline,corpus,MOZILLA-10084-0.pdf,3,1,2.8,3228144,0,0,0,ok
baseline,corpus,MOZILLA-10225-0.pdf,3,5,14.5,23062600,0,0,0,ok
baseline,corpus,MOZILLA-10372-2.pdf,3,5,21.2,12996376,1,1,1,ok
baseline,corpus,MOZILLA-2775-1.pdf,3,5,13.3,17746880,0,0,0,ok
baseline,corpus,MOZILLA-3136-0.pdf,3,4,200.4,217541272,1,1,1,ok
baseline,corpus,MOZILLA-7375-0.pdf,3,5,33.5,15735960,1,1,1,ok
baseline,corpus,MOZILLA-9176-2.pdf,3,5,1.9,9937888,0,0,0,ok
baseline,corpus,MOZILLA-LINK-3264-0.pdf,3,5,2.4,3447208,0,0,0,ok
baseline,corpus,MOZILLA-LINK-5251-1.pdf,3,2,1.9,2210032,0,0,0,ok
baseline,corpus,Math119FakingData.pdf,3,5,7.2,9330824,0,0,0,ok
baseline,corpus,Motor Insurance claim form.pdf,3,3,94.4,67359976,2,2,2,ok
baseline,corpus,Multiple Page - from Mortality Statistics.pdf,3,5,6.4,8224528,0,0,0,ok
baseline,corpus,OPEN.RABBIT.ENGLISH.LOP.pdf,3,5,19.1,27511888,0,0,0,ok
baseline,corpus,Old Gutnish Internet Explorer.pdf,3,3,10.5,14276992,0,0,0,ok
baseline,corpus,P2P-33713919.pdf,3,5,11.2,23054752,0,0,0,ok
baseline,corpus,PDFBOX-1869-4-1.pdf,3,1,0.6,487328,0,0,0,ok
baseline,corpus,PDFBOX-492-4.jar-8.pdf,3,2,16.9,16922104,0,0,0,ok
baseline,corpus,PDFBOX-624-2.pdf,3,5,38.6,11351800,1,1,0,ok
baseline,corpus,Pig Production Handbook.pdf,3,5,7.8,11660680,0,0,0,ok
baseline,corpus,Pig Reproduction Powerpoint.pdf,3,5,4.4,9181608,0,0,0,ok
baseline,corpus,Publication_of_award_of_Bids_for_Transport_Sector__August_2016.pdf,3,5,17.6,8292928,1,1,1,ok
baseline,corpus,Rotated Text Libre Office.pdf,3,1,0.5,243760,0,0,0,ok
baseline,corpus,Rotation 45.pdf,3,4,12.5,10018568,0,0,0,ok
baseline,corpus,SPARC - v9 Architecture Manual.pdf,3,5,81.0,108579664,1,1,1,ok
baseline,corpus,SPE8EF26T0545.pdf,3,5,8.1,11399896,0,0,0,ok
baseline,corpus,ShowTextOpWithUnbalancedRoundBrackets.pdf,3,1,4.1,4634096,0,0,0,ok
baseline,corpus,Single Page Broken Offsets - from google drive.pdf,3,1,1.4,590240,0,0,0,ok
baseline,corpus,Single Page Form Content - from itext 1_1.pdf,3,1,0.8,785080,0,0,0,ok
baseline,corpus,Single Page Hyperlinks - from open office.pdf,3,1,0.6,366520,0,0,0,ok
baseline,corpus,Single Page Images - from libre office.pdf,3,1,0.4,387120,0,0,0,ok
baseline,corpus,Single Page Non Latin - from acrobat distiller.pdf,3,1,0.7,397560,0,0,0,ok
baseline,corpus,Single Page Simple - from google drive.pdf,3,1,0.8,583256,0,0,0,ok
baseline,corpus,Single Page Simple - from inkscape.pdf,3,1,0.3,154000,0,0,0,ok
baseline,corpus,Single Page Simple - from open office.pdf,3,1,0.4,268496,0,0,0,ok
baseline,corpus,Single Page Type 1 Font.pdf,3,1,0.2,85192,0,0,0,ok
baseline,corpus,SinglePage180ClockwiseRotation - from PdfPig.pdf,3,1,0.3,202368,0,0,0,ok
baseline,corpus,SinglePage270ClockwiseRotation - from PdfPig.pdf,3,1,0.3,202368,0,0,0,ok
baseline,corpus,SinglePage90ClockwiseRotation - from PdfPig.pdf,3,1,0.3,202368,0,0,0,ok
baseline,corpus,SmallCropbox.pdf,3,1,1.3,1617600,0,0,0,ok
baseline,corpus,TIKA-1552-0.pdf,3,5,34.0,23345792,1,0,0,ok
baseline,corpus,TIKA-2054-0.pdf,3,5,25.2,23321560,1,0,0,ok
baseline,corpus,TIKA-469-0.pdf,3,2,3.8,4745064,0,0,0,ok
baseline,corpus,Test.Doc.pdf,3,1,1.6,1679568,0,0,0,ok
baseline,corpus,TrueTypeTablesGlyphDataTableReadGlyphsError.pdf,3,1,4.5,3647216,0,0,0,ok
baseline,corpus,Two Page Text Only - from libre office.pdf,3,2,1.7,1587512,0,0,0,ok
baseline,corpus,Type0 Font.pdf,3,1,7.8,9722544,0,0,0,ok
baseline,corpus,Type0_CJK_Font.pdf,3,5,8.4,3270736,0,0,0,ok
baseline,corpus,Type3Test.pdf,3,1,0.4,156704,0,0,0,ok
baseline,corpus,Various Content Types.pdf,3,1,0.4,265312,0,0,0,ok
baseline,corpus,Why.does.this.not.work.pdf,3,1,1.3,1035808,0,0,0,ok
baseline,corpus,_citUR2jB1_ay56u6vELzk.pdf,3,2,1.7,2256304,0,0,0,ok
baseline,corpus,annotation-comments.pdf,3,1,0.5,283240,0,0,0,ok
baseline,corpus,bold-italic.pdf,3,1,2.2,1618288,0,0,0,ok
baseline,corpus,bookmarks-with-accented-characters.pdf,3,1,0.4,331256,0,0,0,ok
baseline,corpus,byz.pdf,3,1,1.9,2269968,0,0,0,ok
baseline,corpus,capas.pdf,3,5,5.1,8042120,0,0,0,ok
baseline,corpus,cat-genetics.pdf,3,1,5.0,6778024,0,0,0,ok
baseline,corpus,cat-genetics_bobld.pdf,3,1,4.5,7025248,0,0,0,ok
baseline,corpus,cmap-parsing-exception.pdf,3,1,29.7,13116336,1,1,1,ok
baseline,corpus,cropped-and-rotated.pdf,3,1,1.3,744264,0,0,0,ok
baseline,corpus,data.pdf,3,3,4.1,4039776,0,0,0,ok
baseline,corpus,dotnet-ai.pdf,3,5,25.5,31752656,1,1,1,ok
baseline,corpus,felltypes-test.pdf,3,1,7.1,4974992,0,0,0,ok
baseline,corpus,hex_0x0006.pdf,3,1,1.0,658728,0,0,0,ok
baseline,corpus,inherited_mediabox.pdf,3,1,0.2,54504,0,0,0,ok
baseline,corpus,iron-ore-q2-q3-2013.pdf,3,5,19.6,35957640,1,0,0,ok
baseline,corpus,issue_1163.pdf,3,2,0.4,182856,0,0,0,ok
baseline,corpus,issue_1330.pdf,3,1,0.2,56456,0,0,0,ok
baseline,corpus,issue_1331.pdf,3,1,1.3,1352544,0,0,0,ok
baseline,corpus,issue_671.pdf,3,2,17.2,17901912,0,0,0,ok
baseline,corpus,issue_881.pdf,3,1,1.0,616816,0,0,0,ok
baseline,corpus,issues-1176-1.pdf,3,1,1.9,2142368,0,0,0,ok
baseline,corpus,issues-1176.pdf,3,1,3.0,7143952,0,0,0,ok
baseline,corpus,journal.pone.0196757.pdf,3,5,40.9,35564176,1,0,0,ok
baseline,corpus,jtehm-melillo-2679746.pdf,3,5,45.7,52894776,0,0,0,ok
baseline,corpus,little-pig-in-armenian.pdf,3,1,0.8,312760,0,0,0,ok
baseline,corpus,odwriteex.pdf,3,1,0.9,718704,0,0,0,ok
baseline,corpus,outline.pdf,3,3,1.9,1087568,0,0,0,ok
baseline,corpus,output_w3c_csswg_drafts_issues2023.pdf,3,1,0.6,261912,0,0,0,ok
baseline,corpus,path_ext_oddeven.pdf,3,1,1.3,1041912,0,0,0,ok
baseline,corpus,pop-bugzilla37292.pdf,3,4,7.7,7618792,0,0,0,ok
baseline,corpus,reference-2-numeric-error.pdf,3,1,8.7,7193704,0,0,0,ok
baseline,corpus,soundandvision.pdf,3,1,2.7,1857000,0,0,0,ok
baseline,corpus,ssm2163.pdf,3,5,12.5,10612656,0,0,0,ok
baseline,corpus,steam_in_page_dict.pdf,3,1,0.4,102952,0,0,0,ok
baseline,corpus,test-2_so_74165171.pdf,3,1,52.8,39103192,0,0,0,ok
baseline,corpus,testPdf-1.pdf,3,2,29.8,5706312,1,1,1,ok
baseline,corpus,test_a-5.pdf,3,5,53.2,68828600,0,0,0,ok
baseline,corpus,test_a.pdf,3,5,88.5,68830072,2,2,1,ok
baseline,corpus,toc.pdf,3,5,4.7,7514448,0,0,0,ok
baseline,corpus,type3-font-zero-height.pdf,3,1,7.7,7006888,0,0,0,ok
scanner-only,corpus,0000851.pdf,1,5,1102.3,165462984,4,2,2,ok
scanner-only,corpus,11194059_2017-11_de_s.pdf,1,2,119.9,27624688,0,0,0,ok
scanner-only,corpus,2006_Swedish_Touring_Car_Championship.pdf,1,4,34.3,7848304,0,0,0,ok
scanner-only,corpus,2108.11480.pdf,1,5,223.5,76447944,1,1,1,ok
scanner-only,corpus,22060_A1_01_Plans-1.pdf,1,1,31.5,9377304,1,1,1,ok
scanner-only,corpus,6.Secrets.to.Startup.Success.PDFDrive.pdf,1,5,76.3,24673944,0,0,0,ok
scanner-only,corpus,68-1990-01_A.pdf,1,5,206.2,64724816,3,2,2,ok
scanner-only,corpus,AcroFormsBasicFields.pdf,1,1,1.6,595912,0,0,0,ok
scanner-only,corpus,Approved_Document_B__fire_safety__volume_2_-_Buildings_other_than_dwellings__2019_edition_incorporating_2020_and_2022_amendments.pdf,1,5,105.3,51971528,2,2,2,ok
scanner-only,corpus,Arve.nr.1615.17.04.2026.pdf,1,1,4.1,1269880,0,0,0,ok
scanner-only,corpus,ClipPathLetterFilter-Test1.pdf,1,5,95.7,41277584,1,0,0,ok
scanner-only,corpus,ClipPathLetterFilter-Test2.pdf,1,1,23.2,8781528,0,0,0,ok
scanner-only,corpus,ColorIssue.pdf,1,1,87.7,33569936,0,0,0,ok
scanner-only,corpus,DeviceN_CS_test.pdf,1,5,65.3,22012536,1,1,1,ok
scanner-only,corpus,Diacritics_export.pdf,1,1,6.8,2353648,0,0,0,ok
scanner-only,corpus,EmptyPdf.pdf,1,1,0.4,38216,0,0,0,ok
scanner-only,corpus,ErcotFacts.pdf,1,2,49.2,13767928,0,0,0,ok
scanner-only,corpus,FICTIF_TABLE_INDEX.pdf,1,5,56.6,15511376,1,1,1,ok
scanner-only,corpus,FarmerMac.pdf,1,5,49.7,14096736,0,0,0,ok
scanner-only,corpus,Font Size Test - from google chrome print pdf.pdf,1,1,1.7,505192,0,0,0,ok
scanner-only,corpus,Font Size Test - from libre office.pdf,1,1,1.5,202368,0,0,0,ok
scanner-only,corpus,FontMatrix-1.pdf,1,1,0.9,216480,0,0,0,ok
scanner-only,corpus,FontMatrix-concat.pdf,1,1,0.3,134320,0,0,0,ok
scanner-only,corpus,FontMatrix-otf-bad-hmtx.pdf,1,1,4.7,742200,0,0,0,ok
scanner-only,corpus,FontMatrix-otf.pdf,1,1,2.1,742536,0,0,0,ok
scanner-only,corpus,FontMatrix-raw.pdf,1,1,2.1,683208,0,0,0,ok
scanner-only,corpus,GHOSTSCRIPT-692564-0.pdf,1,1,4.0,547824,0,0,0,ok
scanner-only,corpus,GHOSTSCRIPT-695513-0.pdf,1,1,11.6,3522080,0,0,0,ok
scanner-only,corpus,GHOSTSCRIPT-696171-0.pdf,1,5,42.5,11336328,0,0,0,ok
scanner-only,corpus,GHOSTSCRIPT-696547-0.zip-7.pdf,1,1,23.6,7354984,0,0,0,ok
scanner-only,corpus,GHOSTSCRIPT-696547-0.zip-9.pdf,1,1,22.1,7354672,0,0,0,ok
scanner-only,corpus,GHOSTSCRIPT-697234-0.pdf,1,3,112.2,22683096,0,0,0,ok
scanner-only,corpus,GHOSTSCRIPT-697507-0.pdf,1,1,40.2,7908400,1,0,0,ok
scanner-only,corpus,GHOSTSCRIPT-697984-3.pdf,1,1,7.1,1698272,0,0,0,ok
scanner-only,corpus,GHOSTSCRIPT-698168-0.pdf,1,1,6.9,2816472,0,0,0,ok
scanner-only,corpus,GHOSTSCRIPT-698363-0.pdf,1,1,12.4,501584,0,0,0,ok
scanner-only,corpus,GHOSTSCRIPT-698721-0.zip-6.pdf,1,2,26.7,7319480,1,1,1,ok
scanner-only,corpus,GHOSTSCRIPT-698721-1.pdf,1,1,4.1,2032192,0,0,0,ok
scanner-only,corpus,GHOSTSCRIPT-699035-0.pdf,1,5,167.9,38284192,0,0,0,ok
scanner-only,corpus,GHOSTSCRIPT-699178-0.pdf,1,3,35.1,8590928,1,0,0,ok
scanner-only,corpus,GHOSTSCRIPT-699375-5.pdf,1,1,9.3,3266832,0,0,0,ok
scanner-only,corpus,GHOSTSCRIPT-699488-0.pdf,1,1,22.3,8122256,0,0,0,ok
scanner-only,corpus,GHOSTSCRIPT-699554-0.zip-4.pdf,1,1,3.8,1650168,0,0,0,ok
scanner-only,corpus,GHOSTSCRIPT-700125-1.pdf,1,5,52.7,17688520,0,0,0,ok
scanner-only,corpus,GHOSTSCRIPT-700139-0.pdf,1,2,404.7,117712160,3,2,2,ok
scanner-only,corpus,GHOSTSCRIPT-700236-1.pdf,1,5,43.9,13418504,0,0,0,ok
scanner-only,corpus,GHOSTSCRIPT-700288-1.pdf,1,1,19.7,4618136,0,0,0,ok
scanner-only,corpus,GHOSTSCRIPT-700370-2.pdf,1,1,5.4,1669216,0,0,0,ok
scanner-only,corpus,GHOSTSCRIPT-700931-0.7z-5.pdf,1,2,3.7,1222072,0,0,0,ok
scanner-only,corpus,GHOSTSCRIPT-702013-1.pdf,1,1,11.3,3791496,0,0,0,ok
scanner-only,corpus,Gamebook.pdf,1,5,157.8,150679528,8,8,8,ok
scanner-only,corpus,GlyphDataTableReadCompositeGlyphError.pdf,1,1,19.4,3791888,0,0,0,ok
scanner-only,corpus,Grapheme clusters emoji.pdf,1,1,0.9,149672,0,0,0,ok
scanner-only,corpus,ICML03-081.pdf,1,5,54.6,17263584,0,0,0,ok
scanner-only,corpus,Indexed-DeviceRGB-JPXDecode-0-.0.0.255.0.-Font-F1_1_missing_char_255-1.pdf,1,1,52.7,16995384,0,0,0,ok
scanner-only,corpus,IndexedCS_negative_and_high.pdf,1,1,1.2,81744,0,0,0,ok
scanner-only,corpus,Judgement Document.pdf,1,5,48.3,10864032,1,1,1,ok
scanner-only,corpus,LKR824191.pdf,1,1,18.6,4164872,0,0,0,ok
scanner-only,corpus,Layer pdf - 322_High_Holborn_building_Brochure.pdf,1,3,159.7,37446656,0,0,0,ok
scanner-only,corpus,MOZILLA-10084-0.pdf,1,1,9.6,3209024,0,0,0,ok
scanner-only,corpus,MOZILLA-10225-0.pdf,1,5,50.2,23477704,1,1,1,ok
scanner-only,corpus,MOZILLA-10372-2.pdf,1,5,37.3,12996920,0,0,0,ok
scanner-only,corpus,MOZILLA-2775-1.pdf,1,5,54.1,17666232,1,0,0,ok
scanner-only,corpus,MOZILLA-3136-0.pdf,1,4,633.8,219592448,2,1,1,ok
scanner-only,corpus,MOZILLA-7375-0.pdf,1,5,28.6,15747624,0,0,0,ok
scanner-only,corpus,MOZILLA-9176-2.pdf,1,5,3.6,9937680,0,0,0,ok
scanner-only,corpus,MOZILLA-LINK-3264-0.pdf,1,5,5.5,3431936,0,0,0,ok
scanner-only,corpus,MOZILLA-LINK-5251-1.pdf,1,2,6.5,2280816,0,0,0,ok
scanner-only,corpus,Math119FakingData.pdf,1,5,23.0,9253608,0,0,0,ok
scanner-only,corpus,Motor Insurance claim form.pdf,1,3,185.4,67899976,2,2,2,ok
scanner-only,corpus,Multiple Page - from Mortality Statistics.pdf,1,5,31.4,15744128,0,0,0,ok
scanner-only,corpus,OPEN.RABBIT.ENGLISH.LOP.pdf,1,5,65.3,27703824,1,0,0,ok
scanner-only,corpus,Old Gutnish Internet Explorer.pdf,1,3,35.8,14917352,1,1,1,ok
scanner-only,corpus,P2P-33713919.pdf,1,5,32.4,23041464,0,0,0,ok
scanner-only,corpus,PDFBOX-1869-4-1.pdf,1,1,1.6,410792,0,0,0,ok
scanner-only,corpus,PDFBOX-492-4.jar-8.pdf,1,2,37.7,16857184,0,0,0,ok
scanner-only,corpus,PDFBOX-624-2.pdf,1,5,17.0,11332840,0,0,0,ok
scanner-only,corpus,Pig Production Handbook.pdf,1,5,14.4,11473760,0,0,0,ok
scanner-only,corpus,Pig Reproduction Powerpoint.pdf,1,5,7.6,9121448,0,0,0,ok
scanner-only,corpus,Publication_of_award_of_Bids_for_Transport_Sector__August_2016.pdf,1,5,34.0,8530000,1,1,1,ok
scanner-only,corpus,Rotated Text Libre Office.pdf,1,1,0.9,271864,0,0,0,ok
scanner-only,corpus,Rotation 45.pdf,1,4,49.1,17584984,0,0,0,ok
scanner-only,corpus,SPARC - v9 Architecture Manual.pdf,1,5,167.2,73963200,1,1,1,ok
scanner-only,corpus,SPE8EF26T0545.pdf,1,5,52.5,11406640,1,0,0,ok
scanner-only,corpus,ShowTextOpWithUnbalancedRoundBrackets.pdf,1,1,8.3,4626448,0,0,0,ok
scanner-only,corpus,Single Page Broken Offsets - from google drive.pdf,1,1,2.2,611696,0,0,0,ok
scanner-only,corpus,Single Page Form Content - from itext 1_1.pdf,1,1,1.5,786160,0,0,0,ok
scanner-only,corpus,Single Page Hyperlinks - from open office.pdf,1,1,1.0,405816,0,0,0,ok
scanner-only,corpus,Single Page Images - from libre office.pdf,1,1,0.7,384320,0,0,0,ok
scanner-only,corpus,Single Page Non Latin - from acrobat distiller.pdf,1,1,1.2,416304,0,0,0,ok
scanner-only,corpus,Single Page Simple - from google drive.pdf,1,1,1.6,604640,0,0,0,ok
scanner-only,corpus,Single Page Simple - from inkscape.pdf,1,1,0.6,167096,0,0,0,ok
scanner-only,corpus,Single Page Simple - from open office.pdf,1,1,0.7,292784,0,0,0,ok
scanner-only,corpus,Single Page Type 1 Font.pdf,1,1,0.3,85600,0,0,0,ok
scanner-only,corpus,SinglePage180ClockwiseRotation - from PdfPig.pdf,1,1,0.9,247880,0,0,0,ok
scanner-only,corpus,SinglePage270ClockwiseRotation - from PdfPig.pdf,1,1,0.8,247808,0,0,0,ok
scanner-only,corpus,SinglePage90ClockwiseRotation - from PdfPig.pdf,1,1,0.7,247808,0,0,0,ok
scanner-only,corpus,SmallCropbox.pdf,1,1,2.2,1618296,0,0,0,ok
scanner-only,corpus,TIKA-1552-0.pdf,1,5,31.6,23364360,0,0,0,ok
scanner-only,corpus,TIKA-2054-0.pdf,1,5,27.9,21136272,0,0,0,ok
scanner-only,corpus,TIKA-469-0.pdf,1,2,7.3,4687320,0,0,0,ok
scanner-only,corpus,Test.Doc.pdf,1,1,2.9,1738488,0,0,0,ok
scanner-only,corpus,TrueTypeTablesGlyphDataTableReadGlyphsError.pdf,1,1,33.9,4530152,1,1,1,ok
scanner-only,corpus,Two Page Text Only - from libre office.pdf,1,2,3.0,1734872,0,0,0,ok
scanner-only,corpus,Type0 Font.pdf,1,1,12.2,10340408,0,0,0,ok
scanner-only,corpus,Type0_CJK_Font.pdf,1,5,80.2,4863264,0,0,0,ok
scanner-only,corpus,Type3Test.pdf,1,1,0.6,156512,0,0,0,ok
scanner-only,corpus,Various Content Types.pdf,1,1,0.9,271696,0,0,0,ok
scanner-only,corpus,Why.does.this.not.work.pdf,1,1,2.0,1050064,0,0,0,ok
scanner-only,corpus,_citUR2jB1_ay56u6vELzk.pdf,1,2,3.8,2368744,0,0,0,ok
scanner-only,corpus,annotation-comments.pdf,1,1,1.0,295912,0,0,0,ok
scanner-only,corpus,bold-italic.pdf,1,1,4.3,1898320,0,0,0,ok
scanner-only,corpus,bookmarks-with-accented-characters.pdf,1,1,1.2,331280,0,0,0,ok
scanner-only,corpus,byz.pdf,1,1,4.3,2270976,0,0,0,ok
scanner-only,corpus,capas.pdf,1,5,8.7,8261752,0,0,0,ok
scanner-only,corpus,cat-genetics.pdf,1,1,8.6,6762760,0,0,0,ok
scanner-only,corpus,cat-genetics_bobld.pdf,1,1,9.5,7031272,0,0,0,ok
scanner-only,corpus,cmap-parsing-exception.pdf,1,1,31.4,13351904,0,0,0,ok
scanner-only,corpus,cropped-and-rotated.pdf,1,1,15.8,776576,1,1,1,ok
scanner-only,corpus,data.pdf,1,3,6.2,4032400,0,0,0,ok
scanner-only,corpus,dotnet-ai.pdf,1,5,27.7,32274608,1,1,1,ok
scanner-only,corpus,felltypes-test.pdf,1,1,14.8,4975952,0,0,0,ok
scanner-only,corpus,hex_0x0006.pdf,1,1,1.6,659472,0,0,0,ok
scanner-only,corpus,inherited_mediabox.pdf,1,1,0.4,54736,0,0,0,ok
scanner-only,corpus,iron-ore-q2-q3-2013.pdf,1,5,40.5,35997856,0,0,0,ok
scanner-only,corpus,issue_1163.pdf,1,2,0.5,183080,0,0,0,ok
scanner-only,corpus,issue_1330.pdf,1,1,0.2,56864,0,0,0,ok
scanner-only,corpus,issue_1331.pdf,1,1,2.8,1527040,0,0,0,ok
scanner-only,corpus,issue_671.pdf,1,2,27.7,18314960,1,1,0,ok
scanner-only,corpus,issue_881.pdf,1,1,1.9,778128,0,0,0,ok
scanner-only,corpus,issues-1176-1.pdf,1,1,3.5,2142536,0,0,0,ok
scanner-only,corpus,issues-1176.pdf,1,1,4.4,7145224,0,0,0,ok
scanner-only,corpus,journal.pone.0196757.pdf,1,5,57.3,35349712,1,0,0,ok
scanner-only,corpus,jtehm-melillo-2679746.pdf,1,5,70.8,52740496,0,0,0,ok
scanner-only,corpus,little-pig-in-armenian.pdf,1,1,1.0,317904,0,0,0,ok
scanner-only,corpus,odwriteex.pdf,1,1,1.2,715304,0,0,0,ok
scanner-only,corpus,outline.pdf,1,3,2.8,1120904,0,0,0,ok
scanner-only,corpus,output_w3c_csswg_drafts_issues2023.pdf,1,1,0.8,235296,0,0,0,ok
scanner-only,corpus,path_ext_oddeven.pdf,1,1,2.1,1155328,0,0,0,ok
scanner-only,corpus,pop-bugzilla37292.pdf,1,4,8.5,7957968,0,0,0,ok
scanner-only,corpus,reference-2-numeric-error.pdf,1,1,37.9,7150456,1,0,0,ok
scanner-only,corpus,soundandvision.pdf,1,1,3.8,2022704,0,0,0,ok
scanner-only,corpus,ssm2163.pdf,1,5,19.9,10910272,0,0,0,ok
scanner-only,corpus,steam_in_page_dict.pdf,1,1,0.7,103432,0,0,0,ok
scanner-only,corpus,test-2_so_74165171.pdf,1,1,143.3,41138240,1,1,1,ok
scanner-only,corpus,testPdf-1.pdf,1,2,7.1,5924280,0,0,0,ok
scanner-only,corpus,test_a-5.pdf,1,5,108.9,69148344,1,1,1,ok
scanner-only,corpus,test_a.pdf,1,5,91.6,69146440,0,0,0,ok
scanner-only,corpus,toc.pdf,1,5,6.7,7516360,0,0,0,ok
scanner-only,corpus,type3-font-zero-height.pdf,1,1,44.2,7006432,1,1,1,ok
scanner-only,corpus,0000851.pdf,2,5,331.1,118352240,2,1,1,ok
scanner-only,corpus,11194059_2017-11_de_s.pdf,2,2,32.7,27469232,0,0,0,ok
scanner-only,corpus,2006_Swedish_Touring_Car_Championship.pdf,2,4,9.4,7843720,0,0,0,ok
scanner-only,corpus,2108.11480.pdf,2,5,168.7,76354800,1,0,0,ok
scanner-only,corpus,22060_A1_01_Plans-1.pdf,2,1,5.0,9372736,0,0,0,ok
scanner-only,corpus,6.Secrets.to.Startup.Success.PDFDrive.pdf,2,5,22.4,24670056,0,0,0,ok
scanner-only,corpus,68-1990-01_A.pdf,2,5,68.9,44578120,1,1,1,ok
scanner-only,corpus,AcroFormsBasicFields.pdf,2,1,1.0,594040,0,0,0,ok
scanner-only,corpus,Approved_Document_B__fire_safety__volume_2_-_Buildings_other_than_dwellings__2019_edition_incorporating_2020_and_2022_amendments.pdf,2,5,51.3,51965504,1,1,1,ok
scanner-only,corpus,Arve.nr.1615.17.04.2026.pdf,2,1,1.6,1269520,0,0,0,ok
scanner-only,corpus,ClipPathLetterFilter-Test1.pdf,2,5,25.8,12681368,1,1,1,ok
scanner-only,corpus,ClipPathLetterFilter-Test2.pdf,2,1,8.1,8519280,0,0,0,ok
scanner-only,corpus,ColorIssue.pdf,2,1,37.9,31878800,1,1,1,ok
scanner-only,corpus,DeviceN_CS_test.pdf,2,5,15.2,21472256,0,0,0,ok
scanner-only,corpus,Diacritics_export.pdf,2,1,2.5,2350376,0,0,0,ok
scanner-only,corpus,EmptyPdf.pdf,2,1,0.5,37712,0,0,0,ok
scanner-only,corpus,ErcotFacts.pdf,2,2,16.8,13360240,0,0,0,ok
scanner-only,corpus,FICTIF_TABLE_INDEX.pdf,2,5,27.7,14805248,1,1,0,ok
scanner-only,corpus,FarmerMac.pdf,2,5,13.1,13702968,0,0,0,ok
scanner-only,corpus,Font Size Test - from google chrome print pdf.pdf,2,1,1.1,479944,0,0,0,ok
scanner-only,corpus,Font Size Test - from libre office.pdf,2,1,0.6,188152,0,0,0,ok
scanner-only,corpus,FontMatrix-1.pdf,2,1,0.4,216408,0,0,0,ok
scanner-only,corpus,FontMatrix-concat.pdf,2,1,0.2,134320,0,0,0,ok
scanner-only,corpus,FontMatrix-otf-bad-hmtx.pdf,2,1,1.3,738256,0,0,0,ok
scanner-only,corpus,FontMatrix-otf.pdf,2,1,1.3,742536,0,0,0,ok
scanner-only,corpus,FontMatrix-raw.pdf,2,1,1.2,683136,0,0,0,ok
scanner-only,corpus,GHOSTSCRIPT-692564-0.pdf,2,1,1.0,547224,0,0,0,ok
scanner-only,corpus,GHOSTSCRIPT-695513-0.pdf,2,1,15.5,3522536,1,1,1,ok
scanner-only,corpus,GHOSTSCRIPT-696171-0.pdf,2,5,10.6,11335528,0,0,0,ok
scanner-only,corpus,GHOSTSCRIPT-696547-0.zip-7.pdf,2,1,4.1,7354488,0,0,0,ok
scanner-only,corpus,GHOSTSCRIPT-696547-0.zip-9.pdf,2,1,4.1,7354528,0,0,0,ok
scanner-only,corpus,GHOSTSCRIPT-697234-0.pdf,2,3,24.8,22677480,0,0,0,ok
scanner-only,corpus,GHOSTSCRIPT-697507-0.pdf,2,1,9.4,7905520,0,0,0,ok
scanner-only,corpus,GHOSTSCRIPT-697984-3.pdf,2,1,3.6,1619776,0,0,0,ok
scanner-only,corpus,GHOSTSCRIPT-698168-0.pdf,2,1,2.3,2816184,0,0,0,ok
scanner-only,corpus,GHOSTSCRIPT-698363-0.pdf,2,1,4.9,466400,0,0,0,ok
scanner-only,corpus,GHOSTSCRIPT-698721-0.zip-6.pdf,2,2,15.7,7317016,1,0,0,ok
scanner-only,corpus,GHOSTSCRIPT-698721-1.pdf,2,1,1.8,2032192,0,0,0,ok
scanner-only,corpus,GHOSTSCRIPT-699035-0.pdf,2,5,40.7,38282432,1,1,0,ok
scanner-only,corpus,GHOSTSCRIPT-699178-0.pdf,2,3,8.2,8418792,0,0,0,ok
scanner-only,corpus,GHOSTSCRIPT-699375-5.pdf,2,1,4.0,3069008,0,0,0,ok
scanner-only,corpus,GHOSTSCRIPT-699488-0.pdf,2,1,22.2,8122352,1,1,1,ok
scanner-only,corpus,GHOSTSCRIPT-699554-0.zip-4.pdf,2,1,1.7,1650304,0,0,0,ok
scanner-only,corpus,GHOSTSCRIPT-700125-1.pdf,2,5,13.2,17688272,0,0,0,ok
scanner-only,corpus,GHOSTSCRIPT-700139-0.pdf,2,2,156.6,116126784,2,2,1,ok
scanner-only,corpus,GHOSTSCRIPT-700236-1.pdf,2,5,12.1,13417760,0,0,0,ok
scanner-only,corpus,GHOSTSCRIPT-700288-1.pdf,2,1,4.8,4618064,0,0,0,ok
scanner-only,corpus,GHOSTSCRIPT-700370-2.pdf,2,1,1.9,1531024,0,0,0,ok
scanner-only,corpus,GHOSTSCRIPT-700931-0.7z-5.pdf,2,2,1.4,1222000,0,0,0,ok
scanner-only,corpus,GHOSTSCRIPT-702013-1.pdf,2,1,3.3,3790848,0,0,0,ok
scanner-only,corpus,Gamebook.pdf,2,5,9.8,9353280,0,0,0,ok
scanner-only,corpus,GlyphDataTableReadCompositeGlyphError.pdf,2,1,4.4,2885576,0,0,0,ok
scanner-only,corpus,Grapheme clusters emoji.pdf,2,1,0.5,149528,0,0,0,ok
scanner-only,corpus,ICML03-081.pdf,2,5,22.9,17260024,0,0,0,ok
scanner-only,corpus,Indexed-DeviceRGB-JPXDecode-0-.0.0.255.0.-Font-F1_1_missing_char_255-1.pdf,2,1,31.0,16977456,0,0,0,ok
scanner-only,corpus,IndexedCS_negative_and_high.pdf,2,1,0.5,81744,0,0,0,ok
scanner-only,corpus,Judgement Document.pdf,2,5,9.9,9127904,0,0,0,ok
scanner-only,corpus,LKR824191.pdf,2,1,7.4,4164664,1,0,0,ok
scanner-only,corpus,Layer pdf - 322_High_Holborn_building_Brochure.pdf,2,3,41.5,37064376,1,0,0,ok
scanner-only,corpus,MOZILLA-10084-0.pdf,2,1,3.5,3208296,0,0,0,ok
scanner-only,corpus,MOZILLA-10225-0.pdf,2,5,13.6,22996808,0,0,0,ok
scanner-only,corpus,MOZILLA-10372-2.pdf,2,5,26.4,12996376,1,1,1,ok
scanner-only,corpus,MOZILLA-2775-1.pdf,2,5,14.9,17665648,0,0,0,ok
scanner-only,corpus,MOZILLA-3136-0.pdf,2,4,246.3,217541272,2,1,1,ok
scanner-only,corpus,MOZILLA-7375-0.pdf,2,5,40.5,15748080,1,1,1,ok
scanner-only,corpus,MOZILLA-9176-2.pdf,2,5,2.1,9937888,0,0,0,ok
scanner-only,corpus,MOZILLA-LINK-3264-0.pdf,2,5,2.5,3311336,0,0,0,ok
scanner-only,corpus,MOZILLA-LINK-5251-1.pdf,2,2,2.3,2202032,0,0,0,ok
scanner-only,corpus,Math119FakingData.pdf,2,5,7.3,9251952,0,0,0,ok
scanner-only,corpus,Motor Insurance claim form.pdf,2,3,106.9,67260088,2,1,1,ok
scanner-only,corpus,Multiple Page - from Mortality Statistics.pdf,2,5,6.5,8200688,0,0,0,ok
scanner-only,corpus,OPEN.RABBIT.ENGLISH.LOP.pdf,2,5,33.6,27515568,1,1,1,ok
scanner-only,corpus,Old Gutnish Internet Explorer.pdf,2,3,11.6,14270816,0,0,0,ok
scanner-only,corpus,P2P-33713919.pdf,2,5,14.9,22999512,0,0,0,ok
scanner-only,corpus,PDFBOX-1869-4-1.pdf,2,1,0.7,410640,0,0,0,ok
scanner-only,corpus,PDFBOX-492-4.jar-8.pdf,2,2,17.8,16855552,0,0,0,ok
scanner-only,corpus,PDFBOX-624-2.pdf,2,5,9.2,11331352,0,0,0,ok
scanner-only,corpus,Pig Production Handbook.pdf,2,5,8.6,11473136,0,0,0,ok
scanner-only,corpus,Pig Reproduction Powerpoint.pdf,2,5,4.9,9118952,0,0,0,ok
scanner-only,corpus,Publication_of_award_of_Bids_for_Transport_Sector__August_2016.pdf,2,5,31.0,8292928,1,1,1,ok
scanner-only,corpus,Rotated Text Libre Office.pdf,2,1,0.6,238432,0,0,0,ok
scanner-only,corpus,Rotation 45.pdf,2,4,12.5,9929384,0,0,0,ok
scanner-only,corpus,SPARC - v9 Architecture Manual.pdf,2,5,70.2,73963080,2,1,1,ok
scanner-only,corpus,SPE8EF26T0545.pdf,2,5,8.4,11399896,0,0,0,ok
scanner-only,corpus,ShowTextOpWithUnbalancedRoundBrackets.pdf,2,1,4.5,4625856,0,0,0,ok
scanner-only,corpus,Single Page Broken Offsets - from google drive.pdf,2,1,1.6,590240,0,0,0,ok
scanner-only,corpus,Single Page Form Content - from itext 1_1.pdf,2,1,0.8,785992,0,0,0,ok
scanner-only,corpus,Single Page Hyperlinks - from open office.pdf,2,1,0.6,360792,0,0,0,ok
scanner-only,corpus,Single Page Images - from libre office.pdf,2,1,0.5,378464,0,0,0,ok
scanner-only,corpus,Single Page Non Latin - from acrobat distiller.pdf,2,1,0.8,396336,0,0,0,ok
scanner-only,corpus,Single Page Simple - from google drive.pdf,2,1,0.9,583256,0,0,0,ok
scanner-only,corpus,Single Page Simple - from inkscape.pdf,2,1,0.4,150008,0,0,0,ok
scanner-only,corpus,Single Page Simple - from open office.pdf,2,1,0.5,269408,0,0,0,ok
scanner-only,corpus,Single Page Type 1 Font.pdf,2,1,0.2,85576,0,0,0,ok
scanner-only,corpus,SinglePage180ClockwiseRotation - from PdfPig.pdf,2,1,0.4,201608,0,0,0,ok
scanner-only,corpus,SinglePage270ClockwiseRotation - from PdfPig.pdf,2,1,0.5,201608,0,0,0,ok
scanner-only,corpus,SinglePage90ClockwiseRotation - from PdfPig.pdf,2,1,0.5,201608,0,0,0,ok
scanner-only,corpus,SmallCropbox.pdf,2,1,1.5,1618128,0,0,0,ok
scanner-only,corpus,TIKA-1552-0.pdf,2,5,17.2,23345792,0,0,0,ok
scanner-only,corpus,TIKA-2054-0.pdf,2,5,18.0,21132688,0,0,0,ok
scanner-only,corpus,TIKA-469-0.pdf,2,2,5.1,4678752,0,0,0,ok
scanner-only,corpus,Test.Doc.pdf,2,1,2.1,1679568,0,0,0,ok
scanner-only,corpus,TrueTypeTablesGlyphDataTableReadGlyphsError.pdf,2,1,5.6,3647216,0,0,0,ok
scanner-only,corpus,Two Page Text Only - from libre office.pdf,2,2,1.9,1571824,0,0,0,ok
scanner-only,corpus,Type0 Font.pdf,2,1,9.4,9721976,0,0,0,ok
scanner-only,corpus,Type0_CJK_Font.pdf,2,5,11.0,3216088,0,0,0,ok
scanner-only,corpus,Type3Test.pdf,2,1,0.4,155120,0,0,0,ok
scanner-only,corpus,Various Content Types.pdf,2,1,0.4,257056,0,0,0,ok
scanner-only,corpus,Why.does.this.not.work.pdf,2,1,1.7,1035808,0,0,0,ok
scanner-only,corpus,_citUR2jB1_ay56u6vELzk.pdf,2,2,2.6,2256304,0,0,0,ok
scanner-only,corpus,annotation-comments.pdf,2,1,0.8,283240,0,0,0,ok
scanner-only,corpus,bold-italic.pdf,2,1,2.6,1617328,0,0,0,ok
scanner-only,corpus,bookmarks-with-accented-characters.pdf,2,1,0.5,331256,0,0,0,ok
scanner-only,corpus,byz.pdf,2,1,2.9,2270880,0,0,0,ok
scanner-only,corpus,capas.pdf,2,5,7.7,8008000,0,0,0,ok
scanner-only,corpus,cat-genetics.pdf,2,1,7.0,6761800,0,0,0,ok
scanner-only,corpus,cat-genetics_bobld.pdf,2,1,32.4,7030816,1,0,0,ok
scanner-only,corpus,cmap-parsing-exception.pdf,2,1,27.4,13118544,1,1,1,ok
scanner-only,corpus,cropped-and-rotated.pdf,2,1,1.1,744264,0,0,0,ok
scanner-only,corpus,data.pdf,2,3,3.9,4031976,0,0,0,ok
scanner-only,corpus,dotnet-ai.pdf,2,5,24.4,31584704,1,1,1,ok
scanner-only,corpus,felltypes-test.pdf,2,1,7.6,4974992,0,0,0,ok
scanner-only,corpus,hex_0x0006.pdf,2,1,0.8,658728,0,0,0,ok
scanner-only,corpus,inherited_mediabox.pdf,2,1,0.2,54640,0,0,0,ok
scanner-only,corpus,iron-ore-q2-q3-2013.pdf,2,5,17.2,35957224,0,0,0,ok
scanner-only,corpus,issue_1163.pdf,2,2,0.3,183032,0,0,0,ok
scanner-only,corpus,issue_1330.pdf,2,1,0.2,56840,0,0,0,ok
scanner-only,corpus,issue_1331.pdf,2,1,1.5,1350616,0,0,0,ok
scanner-only,corpus,issue_671.pdf,2,2,17.8,17884328,0,0,0,ok
scanner-only,corpus,issue_881.pdf,2,1,1.2,617344,0,0,0,ok
scanner-only,corpus,issues-1176-1.pdf,2,1,1.9,2141488,0,0,0,ok
scanner-only,corpus,issues-1176.pdf,2,1,2.8,7144864,0,0,0,ok
scanner-only,corpus,journal.pone.0196757.pdf,2,5,32.1,35324344,0,0,0,ok
scanner-only,corpus,jtehm-melillo-2679746.pdf,2,5,76.5,52737952,1,0,0,ok
scanner-only,corpus,little-pig-in-armenian.pdf,2,1,0.7,307240,0,0,0,ok
scanner-only,corpus,odwriteex.pdf,2,1,0.8,715208,0,0,0,ok
scanner-only,corpus,outline.pdf,2,3,1.7,1087568,0,0,0,ok
scanner-only,corpus,output_w3c_csswg_drafts_issues2023.pdf,2,1,0.6,235064,0,0,0,ok
scanner-only,corpus,path_ext_oddeven.pdf,2,1,1.3,1039864,0,0,0,ok
scanner-only,corpus,pop-bugzilla37292.pdf,2,4,6.8,7591896,0,0,0,ok
scanner-only,corpus,reference-2-numeric-error.pdf,2,1,8.1,7147984,0,0,0,ok
scanner-only,corpus,soundandvision.pdf,2,1,2.0,1856656,0,0,0,ok
scanner-only,corpus,ssm2163.pdf,2,5,8.3,10259856,0,0,0,ok
scanner-only,corpus,steam_in_page_dict.pdf,2,1,0.3,103336,0,0,0,ok
scanner-only,corpus,test-2_so_74165171.pdf,2,1,61.8,39104440,1,1,1,ok
scanner-only,corpus,testPdf-1.pdf,2,2,5.5,5701720,0,0,0,ok
scanner-only,corpus,test_a-5.pdf,2,5,69.9,68792640,1,1,1,ok
scanner-only,corpus,test_a.pdf,2,5,81.0,68791168,1,0,0,ok
scanner-only,corpus,toc.pdf,2,5,4.6,7516448,0,0,0,ok
scanner-only,corpus,type3-font-zero-height.pdf,2,1,8.8,6999248,0,0,0,ok
scanner-only,corpus,0000851.pdf,3,5,172.0,118351912,1,1,1,ok
scanner-only,corpus,11194059_2017-11_de_s.pdf,3,2,59.3,27416528,1,0,0,ok
scanner-only,corpus,2006_Swedish_Touring_Car_Championship.pdf,3,4,6.6,7627688,0,0,0,ok
scanner-only,corpus,2108.11480.pdf,3,5,51.0,75751856,0,0,0,ok
scanner-only,corpus,22060_A1_01_Plans-1.pdf,3,1,28.2,9374208,1,1,1,ok
scanner-only,corpus,6.Secrets.to.Startup.Success.PDFDrive.pdf,3,5,17.6,24670264,0,0,0,ok
scanner-only,corpus,68-1990-01_A.pdf,3,5,56.3,44326552,1,0,0,ok
scanner-only,corpus,AcroFormsBasicFields.pdf,3,1,0.9,594040,0,0,0,ok
scanner-only,corpus,Approved_Document_B__fire_safety__volume_2_-_Buildings_other_than_dwellings__2019_edition_incorporating_2020_and_2022_amendments.pdf,3,5,41.3,51967184,2,2,2,ok
scanner-only,corpus,Arve.nr.1615.17.04.2026.pdf,3,1,1.6,1192288,0,0,0,ok
scanner-only,corpus,ClipPathLetterFilter-Test1.pdf,3,5,9.7,12123232,0,0,0,ok
scanner-only,corpus,ClipPathLetterFilter-Test2.pdf,3,1,6.2,8369984,0,0,0,ok
scanner-only,corpus,ColorIssue.pdf,3,1,24.9,31877120,0,0,0,ok
scanner-only,corpus,DeviceN_CS_test.pdf,3,5,28.7,21473728,1,1,1,ok
scanner-only,corpus,Diacritics_export.pdf,3,1,2.0,2350584,0,0,0,ok
scanner-only,corpus,EmptyPdf.pdf,3,1,0.2,37712,0,0,0,ok
scanner-only,corpus,ErcotFacts.pdf,3,2,12.3,13360240,0,0,0,ok
scanner-only,corpus,FICTIF_TABLE_INDEX.pdf,3,5,12.2,14805248,0,0,0,ok
scanner-only,corpus,FarmerMac.pdf,3,5,12.0,13702760,0,0,0,ok
scanner-only,corpus,Font Size Test - from google chrome print pdf.pdf,3,1,1.3,479944,0,0,0,ok
scanner-only,corpus,Font Size Test - from libre office.pdf,3,1,0.7,188152,0,0,0,ok
scanner-only,corpus,FontMatrix-1.pdf,3,1,0.3,216408,0,0,0,ok
scanner-only,corpus,FontMatrix-concat.pdf,3,1,0.2,134320,0,0,0,ok
scanner-only,corpus,FontMatrix-otf-bad-hmtx.pdf,3,1,1.1,738256,0,0,0,ok
scanner-only,corpus,FontMatrix-otf.pdf,3,1,1.2,742536,0,0,0,ok
scanner-only,corpus,FontMatrix-raw.pdf,3,1,1.1,683136,0,0,0,ok
scanner-only,corpus,GHOSTSCRIPT-692564-0.pdf,3,1,0.7,547224,0,0,0,ok
scanner-only,corpus,GHOSTSCRIPT-695513-0.pdf,3,1,2.3,3520856,0,0,0,ok
scanner-only,corpus,GHOSTSCRIPT-696171-0.pdf,3,5,9.4,11335320,0,0,0,ok
scanner-only,corpus,GHOSTSCRIPT-696547-0.zip-7.pdf,3,1,3.5,7354488,0,0,0,ok
scanner-only,corpus,GHOSTSCRIPT-696547-0.zip-9.pdf,3,1,3.6,7354528,0,0,0,ok
scanner-only,corpus,GHOSTSCRIPT-697234-0.pdf,3,3,35.3,22677480,1,1,0,ok
scanner-only,corpus,GHOSTSCRIPT-697507-0.pdf,3,1,8.2,7905728,0,0,0,ok
scanner-only,corpus,GHOSTSCRIPT-697984-3.pdf,3,1,2.4,1619776,0,0,0,ok
scanner-only,corpus,GHOSTSCRIPT-698168-0.pdf,3,1,2.0,2816184,0,0,0,ok
scanner-only,corpus,GHOSTSCRIPT-698363-0.pdf,3,1,1.4,465992,0,0,0,ok
scanner-only,corpus,GHOSTSCRIPT-698721-0.zip-6.pdf,3,2,17.9,7318696,1,1,1,ok
scanner-only,corpus,GHOSTSCRIPT-698721-1.pdf,3,1,1.5,2032192,0,0,0,ok
scanner-only,corpus,GHOSTSCRIPT-699035-0.pdf,3,5,39.3,38282432,1,1,0,ok
scanner-only,corpus,GHOSTSCRIPT-699178-0.pdf,3,3,7.1,8418792,0,0,0,ok
scanner-only,corpus,GHOSTSCRIPT-699375-5.pdf,3,1,3.2,3069008,0,0,0,ok
scanner-only,corpus,GHOSTSCRIPT-699488-0.pdf,3,1,6.6,8120672,0,0,0,ok
scanner-only,corpus,GHOSTSCRIPT-699554-0.zip-4.pdf,3,1,1.3,1650096,0,0,0,ok
scanner-only,corpus,GHOSTSCRIPT-700125-1.pdf,3,5,11.6,17688272,0,0,0,ok
scanner-only,corpus,GHOSTSCRIPT-700139-0.pdf,3,2,126.6,116126784,2,2,1,ok
scanner-only,corpus,GHOSTSCRIPT-700236-1.pdf,3,5,11.8,13417760,0,0,0,ok
scanner-only,corpus,GHOSTSCRIPT-700288-1.pdf,3,1,5.1,4618064,0,0,0,ok
scanner-only,corpus,GHOSTSCRIPT-700370-2.pdf,3,1,1.5,1531024,0,0,0,ok
scanner-only,corpus,GHOSTSCRIPT-700931-0.7z-5.pdf,3,2,1.3,1222000,0,0,0,ok
scanner-only,corpus,GHOSTSCRIPT-702013-1.pdf,3,1,3.1,3790848,0,0,0,ok
scanner-only,corpus,Gamebook.pdf,3,5,8.3,9353280,0,0,0,ok
scanner-only,corpus,GlyphDataTableReadCompositeGlyphError.pdf,3,1,4.5,2885576,0,0,0,ok
scanner-only,corpus,Grapheme clusters emoji.pdf,3,1,0.4,149528,0,0,0,ok
scanner-only,corpus,ICML03-081.pdf,3,5,19.9,17260024,0,0,0,ok
scanner-only,corpus,Indexed-DeviceRGB-JPXDecode-0-.0.0.255.0.-Font-F1_1_missing_char_255-1.pdf,3,1,26.3,16977456,0,0,0,ok
scanner-only,corpus,IndexedCS_negative_and_high.pdf,3,1,0.4,81744,0,0,0,ok
scanner-only,corpus,Judgement Document.pdf,3,5,8.9,9127904,0,0,0,ok
scanner-only,corpus,LKR824191.pdf,3,1,3.9,4164664,0,0,0,ok
scanner-only,corpus,Layer pdf - 322_High_Holborn_building_Brochure.pdf,3,3,58.7,37065848,2,1,1,ok
scanner-only,corpus,MOZILLA-10084-0.pdf,3,1,3.4,3208296,0,0,0,ok
scanner-only,corpus,MOZILLA-10225-0.pdf,3,5,13.1,22996808,0,0,0,ok
scanner-only,corpus,MOZILLA-10372-2.pdf,3,5,13.9,12994696,1,0,0,ok
scanner-only,corpus,MOZILLA-2775-1.pdf,3,5,13.1,17665648,0,0,0,ok
scanner-only,corpus,MOZILLA-3136-0.pdf,3,4,240.9,217542952,3,2,2,ok
scanner-only,corpus,MOZILLA-7375-0.pdf,3,5,11.9,15746400,0,0,0,ok
scanner-only,corpus,MOZILLA-9176-2.pdf,3,5,2.6,9937680,0,0,0,ok
scanner-only,corpus,MOZILLA-LINK-3264-0.pdf,3,5,2.1,3311336,0,0,0,ok
scanner-only,corpus,MOZILLA-LINK-5251-1.pdf,3,2,2.0,2202032,0,0,0,ok
scanner-only,corpus,Math119FakingData.pdf,3,5,7.2,9251952,0,0,0,ok
scanner-only,corpus,Motor Insurance claim form.pdf,3,3,108.3,67261768,2,2,2,ok
scanner-only,corpus,Multiple Page - from Mortality Statistics.pdf,3,5,6.0,8200688,0,0,0,ok
scanner-only,corpus,OPEN.RABBIT.ENGLISH.LOP.pdf,3,5,18.8,27513888,0,0,0,ok
scanner-only,corpus,Old Gutnish Internet Explorer.pdf,3,3,10.2,14270608,0,0,0,ok
scanner-only,corpus,P2P-33713919.pdf,3,5,31.3,22999512,1,0,0,ok
scanner-only,corpus,PDFBOX-1869-4-1.pdf,3,1,0.7,410848,0,0,0,ok
scanner-only,corpus,PDFBOX-492-4.jar-8.pdf,3,2,16.6,16855552,0,0,0,ok
scanner-only,corpus,PDFBOX-624-2.pdf,3,5,8.2,11331352,0,0,0,ok
scanner-only,corpus,Pig Production Handbook.pdf,3,5,7.5,11473136,0,0,0,ok
scanner-only,corpus,Pig Reproduction Powerpoint.pdf,3,5,19.3,9120632,1,1,1,ok
scanner-only,corpus,Publication_of_award_of_Bids_for_Transport_Sector__August_2016.pdf,3,5,6.3,8291456,0,0,0,ok
scanner-only,corpus,Rotated Text Libre Office.pdf,3,1,0.5,238224,0,0,0,ok
scanner-only,corpus,Rotation 45.pdf,3,4,11.6,9929384,0,0,0,ok
scanner-only,corpus,SPARC - v9 Architecture Manual.pdf,3,5,57.3,73963080,1,1,1,ok
scanner-only,corpus,SPE8EF26T0545.pdf,3,5,7.8,11399896,0,0,0,ok
scanner-only,corpus,ShowTextOpWithUnbalancedRoundBrackets.pdf,3,1,4.2,4625856,0,0,0,ok
scanner-only,corpus,Single Page Broken Offsets - from google drive.pdf,3,1,1.4,590240,0,0,0,ok
scanner-only,corpus,Single Page Form Content - from itext 1_1.pdf,3,1,1.0,785992,0,0,0,ok
scanner-only,corpus,Single Page Hyperlinks - from open office.pdf,3,1,0.6,360792,0,0,0,ok
scanner-only,corpus,Single Page Images - from libre office.pdf,3,1,0.4,378464,0,0,0,ok
scanner-only,corpus,Single Page Non Latin - from acrobat distiller.pdf,3,1,1.0,396336,0,0,0,ok
scanner-only,corpus,Single Page Simple - from google drive.pdf,3,1,0.8,583256,0,0,0,ok
scanner-only,corpus,Single Page Simple - from inkscape.pdf,3,1,0.4,150008,0,0,0,ok
scanner-only,corpus,Single Page Simple - from open office.pdf,3,1,0.4,269408,0,0,0,ok
scanner-only,corpus,Single Page Type 1 Font.pdf,3,1,0.2,85576,0,0,0,ok
scanner-only,corpus,SinglePage180ClockwiseRotation - from PdfPig.pdf,3,1,0.4,201608,0,0,0,ok
scanner-only,corpus,SinglePage270ClockwiseRotation - from PdfPig.pdf,3,1,0.3,201608,0,0,0,ok
scanner-only,corpus,SinglePage90ClockwiseRotation - from PdfPig.pdf,3,1,0.3,201608,0,0,0,ok
scanner-only,corpus,SmallCropbox.pdf,3,1,1.3,1618128,0,0,0,ok
scanner-only,corpus,TIKA-1552-0.pdf,3,5,48.0,23345792,1,0,0,ok
scanner-only,corpus,TIKA-2054-0.pdf,3,5,16.8,21132896,0,0,0,ok
scanner-only,corpus,TIKA-469-0.pdf,3,2,3.7,4678752,0,0,0,ok
scanner-only,corpus,Test.Doc.pdf,3,1,1.7,1679568,0,0,0,ok
scanner-only,corpus,TrueTypeTablesGlyphDataTableReadGlyphsError.pdf,3,1,4.7,3647216,0,0,0,ok
scanner-only,corpus,Two Page Text Only - from libre office.pdf,3,2,1.5,1571824,0,0,0,ok
scanner-only,corpus,Type0 Font.pdf,3,1,25.8,9723656,1,1,1,ok
scanner-only,corpus,Type0_CJK_Font.pdf,3,5,7.8,3216296,0,0,0,ok
scanner-only,corpus,Type3Test.pdf,3,1,0.4,155120,0,0,0,ok
scanner-only,corpus,Various Content Types.pdf,3,1,0.4,257056,0,0,0,ok
scanner-only,corpus,Why.does.this.not.work.pdf,3,1,1.1,1035808,0,0,0,ok
scanner-only,corpus,_citUR2jB1_ay56u6vELzk.pdf,3,2,1.6,2256304,0,0,0,ok
scanner-only,corpus,annotation-comments.pdf,3,1,0.5,283240,0,0,0,ok
scanner-only,corpus,bold-italic.pdf,3,1,1.9,1617328,0,0,0,ok
scanner-only,corpus,bookmarks-with-accented-characters.pdf,3,1,0.4,331256,0,0,0,ok
scanner-only,corpus,byz.pdf,3,1,1.8,2270880,0,0,0,ok
scanner-only,corpus,capas.pdf,3,5,5.7,8008000,0,0,0,ok
scanner-only,corpus,cat-genetics.pdf,3,1,4.4,6761800,0,0,0,ok
scanner-only,corpus,cat-genetics_bobld.pdf,3,1,4.6,7030816,0,0,0,ok
scanner-only,corpus,cmap-parsing-exception.pdf,3,1,15.9,13116656,0,0,0,ok
scanner-only,corpus,cropped-and-rotated.pdf,3,1,1.4,744056,0,0,0,ok
scanner-only,corpus,data.pdf,3,3,5.3,4031976,0,0,0,ok
scanner-only,corpus,dotnet-ai.pdf,3,5,31.6,31584704,1,1,1,ok
scanner-only,corpus,felltypes-test.pdf,3,1,7.8,4974992,0,0,0,ok
scanner-only,corpus,hex_0x0006.pdf,3,1,1.0,658728,0,0,0,ok
scanner-only,corpus,inherited_mediabox.pdf,3,1,0.3,54640,0,0,0,ok
scanner-only,corpus,iron-ore-q2-q3-2013.pdf,3,5,34.1,35959320,1,1,1,ok
scanner-only,corpus,issue_1163.pdf,3,2,0.4,183240,0,0,0,ok
scanner-only,corpus,issue_1330.pdf,3,1,0.2,56840,0,0,0,ok
scanner-only,corpus,issue_1331.pdf,3,1,2.3,1350616,0,0,0,ok
scanner-only,corpus,issue_671.pdf,3,2,20.0,17884328,0,0,0,ok
scanner-only,corpus,issue_881.pdf,3,1,1.2,617344,0,0,0,ok
scanner-only,corpus,issues-1176-1.pdf,3,1,2.2,2141488,0,0,0,ok
scanner-only,corpus,issues-1176.pdf,3,1,3.0,7144864,0,0,0,ok
scanner-only,corpus,journal.pone.0196757.pdf,3,5,44.1,35326024,1,1,1,ok
scanner-only,corpus,jtehm-melillo-2679746.pdf,3,5,47.8,52738160,0,0,0,ok
scanner-only,corpus,little-pig-in-armenian.pdf,3,1,0.8,307032,0,0,0,ok
scanner-only,corpus,odwriteex.pdf,3,1,1.0,715208,0,0,0,ok
scanner-only,corpus,outline.pdf,3,3,1.7,1087568,0,0,0,ok
scanner-only,corpus,output_w3c_csswg_drafts_issues2023.pdf,3,1,0.5,235064,0,0,0,ok
scanner-only,corpus,path_ext_oddeven.pdf,3,1,1.3,1039864,0,0,0,ok
scanner-only,corpus,pop-bugzilla37292.pdf,3,4,7.4,7591896,0,0,0,ok
scanner-only,corpus,reference-2-numeric-error.pdf,3,1,10.1,7147984,0,0,0,ok
scanner-only,corpus,soundandvision.pdf,3,1,2.5,1856656,0,0,0,ok
scanner-only,corpus,ssm2163.pdf,3,5,10.3,10259856,0,0,0,ok
scanner-only,corpus,steam_in_page_dict.pdf,3,1,0.3,103336,0,0,0,ok
scanner-only,corpus,test-2_so_74165171.pdf,3,1,66.9,39104440,1,1,1,ok
scanner-only,corpus,testPdf-1.pdf,3,2,5.6,5701720,0,0,0,ok
scanner-only,corpus,test_a-5.pdf,3,5,95.6,68792640,2,2,1,ok
scanner-only,corpus,test_a.pdf,3,5,57.2,68791168,0,0,0,ok
scanner-only,corpus,toc.pdf,3,5,7.2,7516240,0,0,0,ok
scanner-only,corpus,type3-font-zero-height.pdf,3,1,28.9,7000928,1,1,1,ok
scanner+form,corpus,0000851.pdf,1,5,1082.2,165473008,4,2,2,ok
scanner+form,corpus,11194059_2017-11_de_s.pdf,1,2,109.6,27625312,0,0,0,ok
scanner+form,corpus,2006_Swedish_Touring_Car_Championship.pdf,1,4,31.9,7849008,0,0,0,ok
scanner+form,corpus,2108.11480.pdf,1,5,197.5,75493528,1,1,1,ok
scanner+form,corpus,22060_A1_01_Plans-1.pdf,1,1,25.1,9379304,1,1,1,ok
scanner+form,corpus,6.Secrets.to.Startup.Success.PDFDrive.pdf,1,5,68.7,24674824,0,0,0,ok
scanner+form,corpus,68-1990-01_A.pdf,1,5,202.3,64727056,3,2,2,ok
scanner+form,corpus,AcroFormsBasicFields.pdf,1,1,1.8,596088,0,0,0,ok
scanner+form,corpus,Approved_Document_B__fire_safety__volume_2_-_Buildings_other_than_dwellings__2019_edition_incorporating_2020_and_2022_amendments.pdf,1,5,108.4,51975752,2,2,2,ok
scanner+form,corpus,Arve.nr.1615.17.04.2026.pdf,1,1,4.6,1270056,0,0,0,ok
scanner+form,corpus,ClipPathLetterFilter-Test1.pdf,1,5,107.8,41278736,1,0,0,ok
scanner+form,corpus,ClipPathLetterFilter-Test2.pdf,1,1,25.7,8781704,0,0,0,ok
scanner+form,corpus,ColorIssue.pdf,1,1,90.3,33570384,0,0,0,ok
scanner+form,corpus,DeviceN_CS_test.pdf,1,5,69.7,22014776,1,1,1,ok
scanner+form,corpus,Diacritics_export.pdf,1,1,7.6,2353824,0,0,0,ok
scanner+form,corpus,EmptyPdf.pdf,1,1,0.7,38216,0,0,0,ok
scanner+form,corpus,ErcotFacts.pdf,1,2,52.3,13768824,0,0,0,ok
scanner+form,corpus,FICTIF_TABLE_INDEX.pdf,1,5,60.2,15513616,1,1,1,ok
scanner+form,corpus,FarmerMac.pdf,1,5,52.4,14097616,0,0,0,ok
scanner+form,corpus,Font Size Test - from google chrome print pdf.pdf,1,1,1.8,505368,0,0,0,ok
scanner+form,corpus,Font Size Test - from libre office.pdf,1,1,1.2,202544,0,0,0,ok
scanner+form,corpus,FontMatrix-1.pdf,1,1,0.9,216480,0,0,0,ok
scanner+form,corpus,FontMatrix-concat.pdf,1,1,0.5,134320,0,0,0,ok
scanner+form,corpus,FontMatrix-otf-bad-hmtx.pdf,1,1,4.6,742376,0,0,0,ok
scanner+form,corpus,FontMatrix-otf.pdf,1,1,2.2,742712,0,0,0,ok
scanner+form,corpus,FontMatrix-raw.pdf,1,1,2.2,683384,0,0,0,ok
scanner+form,corpus,GHOSTSCRIPT-692564-0.pdf,1,1,3.8,548000,0,0,0,ok
scanner+form,corpus,GHOSTSCRIPT-695513-0.pdf,1,1,11.7,3522256,0,0,0,ok
scanner+form,corpus,GHOSTSCRIPT-696171-0.pdf,1,5,43.5,11337208,0,0,0,ok
scanner+form,corpus,GHOSTSCRIPT-696547-0.zip-7.pdf,1,1,22.8,7355160,0,0,0,ok
scanner+form,corpus,GHOSTSCRIPT-696547-0.zip-9.pdf,1,1,20.4,7354848,0,0,0,ok
scanner+form,corpus,GHOSTSCRIPT-697234-0.pdf,1,3,109.3,22683624,0,0,0,ok
scanner+form,corpus,GHOSTSCRIPT-697507-0.pdf,1,1,30.9,7909344,1,0,0,ok
scanner+form,corpus,GHOSTSCRIPT-697984-3.pdf,1,1,6.4,1698448,0,0,0,ok
scanner+form,corpus,GHOSTSCRIPT-698168-0.pdf,1,1,7.4,2816648,0,0,0,ok
scanner+form,corpus,GHOSTSCRIPT-698363-0.pdf,1,1,12.2,477136,0,0,0,ok
scanner+form,corpus,GHOSTSCRIPT-698721-0.zip-6.pdf,1,2,29.3,7320376,1,1,1,ok
scanner+form,corpus,GHOSTSCRIPT-698721-1.pdf,1,1,4.7,2032640,0,0,0,ok
scanner+form,corpus,GHOSTSCRIPT-699035-0.pdf,1,5,185.5,38285072,1,0,0,ok
scanner+form,corpus,GHOSTSCRIPT-699178-0.pdf,1,3,24.3,8592480,0,0,0,ok
scanner+form,corpus,GHOSTSCRIPT-699375-5.pdf,1,1,9.0,3266800,0,0,0,ok
scanner+form,corpus,GHOSTSCRIPT-699488-0.pdf,1,1,23.5,8122432,0,0,0,ok
scanner+form,corpus,GHOSTSCRIPT-699554-0.zip-4.pdf,1,1,4.2,1650344,0,0,0,ok
scanner+form,corpus,GHOSTSCRIPT-700125-1.pdf,1,5,48.2,16342360,0,0,0,ok
scanner+form,corpus,GHOSTSCRIPT-700139-0.pdf,1,2,400.2,117736736,3,2,2,ok
scanner+form,corpus,GHOSTSCRIPT-700236-1.pdf,1,5,42.4,13419384,0,0,0,ok
scanner+form,corpus,GHOSTSCRIPT-700288-1.pdf,1,1,19.8,4618312,0,0,0,ok
scanner+form,corpus,GHOSTSCRIPT-700370-2.pdf,1,1,5.8,1669392,0,0,0,ok
scanner+form,corpus,GHOSTSCRIPT-700931-0.7z-5.pdf,1,2,3.9,1222424,0,0,0,ok
scanner+form,corpus,GHOSTSCRIPT-702013-1.pdf,1,1,11.8,3793496,0,0,0,ok
scanner+form,corpus,Gamebook.pdf,1,5,147.3,150680408,8,8,8,ok
scanner+form,corpus,GlyphDataTableReadCompositeGlyphError.pdf,1,1,18.8,3792064,0,0,0,ok
scanner+form,corpus,Grapheme clusters emoji.pdf,1,1,0.9,149848,0,0,0,ok
scanner+form,corpus,ICML03-081.pdf,1,5,52.1,17265232,0,0,0,ok
scanner+form,corpus,Indexed-DeviceRGB-JPXDecode-0-.0.0.255.0.-Font-F1_1_missing_char_255-1.pdf,1,1,58.0,16995560,0,0,0,ok
scanner+form,corpus,IndexedCS_negative_and_high.pdf,1,1,1.3,81920,0,0,0,ok
scanner+form,corpus,Judgement Document.pdf,1,5,47.4,10864912,1,1,1,ok
scanner+form,corpus,LKR824191.pdf,1,1,18.0,4165048,0,0,0,ok
scanner+form,corpus,Layer pdf - 322_High_Holborn_building_Brochure.pdf,1,3,167.6,37447184,0,0,0,ok
scanner+form,corpus,MOZILLA-10084-0.pdf,1,1,9.9,3209200,0,0,0,ok
scanner+form,corpus,MOZILLA-10225-0.pdf,1,5,51.0,23478584,1,1,1,ok
scanner+form,corpus,MOZILLA-10372-2.pdf,1,5,40.9,12997624,0,0,0,ok
scanner+form,corpus,MOZILLA-2775-1.pdf,1,5,57.8,17667112,1,0,0,ok
scanner+form,corpus,MOZILLA-3136-0.pdf,1,4,761.6,219618848,2,1,1,ok
scanner+form,corpus,MOZILLA-7375-0.pdf,1,5,54.8,15739328,0,0,0,ok
scanner+form,corpus,MOZILLA-9176-2.pdf,1,5,3.5,9938560,0,0,0,ok
scanner+form,corpus,MOZILLA-LINK-3264-0.pdf,1,5,6.0,3432816,0,0,0,ok
scanner+form,corpus,MOZILLA-LINK-5251-1.pdf,1,2,9.7,2281168,0,0,0,ok
scanner+form,corpus,Math119FakingData.pdf,1,5,29.0,9254488,0,0,0,ok
scanner+form,corpus,Motor Insurance claim form.pdf,1,3,262.2,67900504,2,2,2,ok
scanner+form,corpus,Multiple Page - from Mortality Statistics.pdf,1,5,33.5,15745128,0,0,0,ok
scanner+form,corpus,OPEN.RABBIT.ENGLISH.LOP.pdf,1,5,67.0,27705248,1,0,0,ok
scanner+form,corpus,Old Gutnish Internet Explorer.pdf,1,3,34.9,14917880,1,1,1,ok
scanner+form,corpus,P2P-33713919.pdf,1,5,29.7,23043704,0,0,0,ok
scanner+form,corpus,PDFBOX-1869-4-1.pdf,1,1,1.6,410968,0,0,0,ok
scanner+form,corpus,PDFBOX-492-4.jar-8.pdf,1,2,35.3,16857808,0,0,0,ok
scanner+form,corpus,PDFBOX-624-2.pdf,1,5,16.9,11333720,0,0,0,ok
scanner+form,corpus,Pig Production Handbook.pdf,1,5,13.4,11474736,0,0,0,ok
scanner+form,corpus,Pig Reproduction Powerpoint.pdf,1,5,6.2,9122328,0,0,0,ok
scanner+form,corpus,Publication_of_award_of_Bids_for_Transport_Sector__August_2016.pdf,1,5,28.7,8530880,1,1,1,ok
scanner+form,corpus,Rotated Text Libre Office.pdf,1,1,1.2,272040,0,0,0,ok
scanner+form,corpus,Rotation 45.pdf,1,4,47.2,17555464,0,0,0,ok
scanner+form,corpus,SPARC - v9 Architecture Manual.pdf,1,5,170.9,73964080,1,1,1,ok
scanner+form,corpus,SPE8EF26T0545.pdf,1,5,41.0,11437216,1,0,0,ok
scanner+form,corpus,ShowTextOpWithUnbalancedRoundBrackets.pdf,1,1,8.0,4626624,0,0,0,ok
scanner+form,corpus,Single Page Broken Offsets - from google drive.pdf,1,1,2.8,611872,0,0,0,ok
scanner+form,corpus,Single Page Form Content - from itext 1_1.pdf,1,1,1.8,786608,0,0,0,ok
scanner+form,corpus,Single Page Hyperlinks - from open office.pdf,1,1,1.0,405992,0,0,0,ok
scanner+form,corpus,Single Page Images - from libre office.pdf,1,1,0.6,384496,0,0,0,ok
scanner+form,corpus,Single Page Non Latin - from acrobat distiller.pdf,1,1,1.2,416480,0,0,0,ok
scanner+form,corpus,Single Page Simple - from google drive.pdf,1,1,1.4,604816,0,0,0,ok
scanner+form,corpus,Single Page Simple - from inkscape.pdf,1,1,0.5,167272,0,0,0,ok
scanner+form,corpus,Single Page Simple - from open office.pdf,1,1,0.6,292960,0,0,0,ok
scanner+form,corpus,Single Page Type 1 Font.pdf,1,1,0.3,85776,0,0,0,ok
scanner+form,corpus,SinglePage180ClockwiseRotation - from PdfPig.pdf,1,1,0.5,248056,0,0,0,ok
scanner+form,corpus,SinglePage270ClockwiseRotation - from PdfPig.pdf,1,1,0.6,247984,0,0,0,ok
scanner+form,corpus,SinglePage90ClockwiseRotation - from PdfPig.pdf,1,1,0.7,247984,0,0,0,ok
scanner+form,corpus,SmallCropbox.pdf,1,1,2.2,1618472,0,0,0,ok
scanner+form,corpus,TIKA-1552-0.pdf,1,5,29.2,23365064,0,0,0,ok
scanner+form,corpus,TIKA-2054-0.pdf,1,5,41.2,20483872,1,1,1,ok
scanner+form,corpus,TIKA-469-0.pdf,1,2,7.7,4687880,0,0,0,ok
scanner+form,corpus,Test.Doc.pdf,1,1,3.6,1738664,0,0,0,ok
scanner+form,corpus,TrueTypeTablesGlyphDataTableReadGlyphsError.pdf,1,1,13.4,4530472,0,0,0,ok
scanner+form,corpus,Two Page Text Only - from libre office.pdf,1,2,2.8,1735016,0,0,0,ok
scanner+form,corpus,Type0 Font.pdf,1,1,12.6,10340584,0,0,0,ok
scanner+form,corpus,Type0_CJK_Font.pdf,1,5,79.9,4864144,0,0,0,ok
scanner+form,corpus,Type3Test.pdf,1,1,0.8,156688,0,0,0,ok
scanner+form,corpus,Various Content Types.pdf,1,1,1.1,271872,0,0,0,ok
scanner+form,corpus,Why.does.this.not.work.pdf,1,1,2.3,1050240,0,0,0,ok
scanner+form,corpus,_citUR2jB1_ay56u6vELzk.pdf,1,2,3.3,2369096,0,0,0,ok
scanner+form,corpus,annotation-comments.pdf,1,1,0.9,296088,0,0,0,ok
scanner+form,corpus,bold-italic.pdf,1,1,3.9,1898496,0,0,0,ok
scanner+form,corpus,bookmarks-with-accented-characters.pdf,1,1,0.6,331280,0,0,0,ok
scanner+form,corpus,byz.pdf,1,1,4.6,2271152,0,0,0,ok
scanner+form,corpus,capas.pdf,1,5,10.2,8262632,0,0,0,ok
scanner+form,corpus,cat-genetics.pdf,1,1,8.5,6762936,0,0,0,ok
scanner+form,corpus,cat-genetics_bobld.pdf,1,1,8.4,7031448,0,0,0,ok
scanner+form,corpus,cmap-parsing-exception.pdf,1,1,47.1,13354032,1,1,1,ok
scanner+form,corpus,cropped-and-rotated.pdf,1,1,2.1,775280,0,0,0,ok
scanner+form,corpus,data.pdf,1,3,6.0,4032720,0,0,0,ok
scanner+form,corpus,dotnet-ai.pdf,1,5,33.1,32244688,1,1,1,ok
scanner+form,corpus,felltypes-test.pdf,1,1,15.7,4976128,0,0,0,ok
scanner+form,corpus,hex_0x0006.pdf,1,1,1.8,659648,0,0,0,ok
scanner+form,corpus,inherited_mediabox.pdf,1,1,0.3,54912,0,0,0,ok
scanner+form,corpus,iron-ore-q2-q3-2013.pdf,1,5,38.7,35999824,0,0,0,ok
scanner+form,corpus,issue_1163.pdf,1,2,0.5,183432,0,0,0,ok
scanner+form,corpus,issue_1330.pdf,1,1,0.3,57040,0,0,0,ok
scanner+form,corpus,issue_1331.pdf,1,1,2.4,1527488,0,0,0,ok
scanner+form,corpus,issue_671.pdf,1,2,27.7,18270696,1,0,0,ok
scanner+form,corpus,issue_881.pdf,1,1,1.5,778304,0,0,0,ok
scanner+form,corpus,issues-1176-1.pdf,1,1,3.4,2142712,0,0,0,ok
scanner+form,corpus,issues-1176.pdf,1,1,5.1,7145400,0,0,0,ok
scanner+form,corpus,journal.pone.0196757.pdf,1,5,57.9,35350864,1,0,0,ok
scanner+form,corpus,jtehm-melillo-2679746.pdf,1,5,70.1,52742736,0,0,0,ok
scanner+form,corpus,little-pig-in-armenian.pdf,1,1,1.1,318080,0,0,0,ok
scanner+form,corpus,odwriteex.pdf,1,1,1.1,715480,0,0,0,ok
scanner+form,corpus,outline.pdf,1,3,2.8,1121432,0,0,0,ok
scanner+form,corpus,output_w3c_csswg_drafts_issues2023.pdf,1,1,0.7,235744,0,0,0,ok
scanner+form,corpus,path_ext_oddeven.pdf,1,1,2.1,1155504,0,0,0,ok
scanner+form,corpus,pop-bugzilla37292.pdf,1,4,10.1,7958672,0,0,0,ok
scanner+form,corpus,reference-2-numeric-error.pdf,1,1,17.3,7150632,0,0,0,ok
scanner+form,corpus,soundandvision.pdf,1,1,3.7,2022672,0,0,0,ok
scanner+form,corpus,ssm2163.pdf,1,5,20.9,10911152,0,0,0,ok
scanner+form,corpus,steam_in_page_dict.pdf,1,1,0.5,103608,0,0,0,ok
scanner+form,corpus,test-2_so_74165171.pdf,1,1,160.8,41138416,2,1,1,ok
scanner+form,corpus,testPdf-1.pdf,1,2,7.0,5924632,0,0,0,ok
scanner+form,corpus,test_a-5.pdf,1,5,106.2,69149224,1,1,1,ok
scanner+form,corpus,test_a.pdf,1,5,107.3,69149000,1,1,1,ok
scanner+form,corpus,toc.pdf,1,5,6.9,7517448,0,0,0,ok
scanner+form,corpus,type3-font-zero-height.pdf,1,1,15.4,7005200,0,0,0,ok
scanner+form,corpus,0000851.pdf,2,5,296.9,118362032,2,1,1,ok
scanner+form,corpus,11194059_2017-11_de_s.pdf,2,2,51.8,27469856,1,0,0,ok
scanner+form,corpus,2006_Swedish_Touring_Car_Championship.pdf,2,4,7.0,7844632,0,0,0,ok
scanner+form,corpus,2108.11480.pdf,2,5,92.8,75375712,0,0,0,ok
scanner+form,corpus,22060_A1_01_Plans-1.pdf,2,1,27.9,9376208,1,1,1,ok
scanner+form,corpus,6.Secrets.to.Startup.Success.PDFDrive.pdf,2,5,20.4,24671144,0,0,0,ok
scanner+form,corpus,68-1990-01_A.pdf,2,5,62.9,44578680,1,0,0,ok
scanner+form,corpus,AcroFormsBasicFields.pdf,2,1,1.3,594216,0,0,0,ok
scanner+form,corpus,Approved_Document_B__fire_safety__volume_2_-_Buildings_other_than_dwellings__2019_edition_incorporating_2020_and_2022_amendments.pdf,2,5,44.9,51971408,2,2,2,ok
scanner+form,corpus,Arve.nr.1615.17.04.2026.pdf,2,1,1.6,1269696,0,0,0,ok
scanner+form,corpus,ClipPathLetterFilter-Test1.pdf,2,5,10.5,12254944,0,0,0,ok
scanner+form,corpus,ClipPathLetterFilter-Test2.pdf,2,1,6.4,8370160,0,0,0,ok
scanner+form,corpus,ColorIssue.pdf,2,1,38.7,31879248,1,1,1,ok
scanner+form,corpus,DeviceN_CS_test.pdf,2,5,24.0,21476176,1,1,1,ok
scanner+form,corpus,Diacritics_export.pdf,2,1,1.8,2350760,0,0,0,ok
scanner+form,corpus,EmptyPdf.pdf,2,1,0.3,37712,0,0,0,ok
scanner+form,corpus,ErcotFacts.pdf,2,2,14.3,13361136,0,0,0,ok
scanner+form,corpus,FICTIF_TABLE_INDEX.pdf,2,5,12.6,14807488,0,0,0,ok
scanner+form,corpus,FarmerMac.pdf,2,5,11.2,13703640,0,0,0,ok
scanner+form,corpus,Font Size Test - from google chrome print pdf.pdf,2,1,0.9,480120,0,0,0,ok
scanner+form,corpus,Font Size Test - from libre office.pdf,2,1,0.5,188328,0,0,0,ok
scanner+form,corpus,FontMatrix-1.pdf,2,1,0.5,216408,0,0,0,ok
scanner+form,corpus,FontMatrix-concat.pdf,2,1,0.2,134320,0,0,0,ok
scanner+form,corpus,FontMatrix-otf-bad-hmtx.pdf,2,1,1.2,738432,0,0,0,ok
scanner+form,corpus,FontMatrix-otf.pdf,2,1,1.2,742712,0,0,0,ok
scanner+form,corpus,FontMatrix-raw.pdf,2,1,1.2,683312,0,0,0,ok
scanner+form,corpus,GHOSTSCRIPT-692564-0.pdf,2,1,0.8,547400,0,0,0,ok
scanner+form,corpus,GHOSTSCRIPT-695513-0.pdf,2,1,2.2,3521032,0,0,0,ok
scanner+form,corpus,GHOSTSCRIPT-696171-0.pdf,2,5,9.6,11336200,0,0,0,ok
scanner+form,corpus,GHOSTSCRIPT-696547-0.zip-7.pdf,2,1,3.5,7354664,0,0,0,ok
scanner+form,corpus,GHOSTSCRIPT-696547-0.zip-9.pdf,2,1,3.6,7354704,0,0,0,ok
scanner+form,corpus,GHOSTSCRIPT-697234-0.pdf,2,3,41.4,22679688,1,1,1,ok
scanner+form,corpus,GHOSTSCRIPT-697507-0.pdf,2,1,12.1,7906672,1,0,0,ok
scanner+form,corpus,GHOSTSCRIPT-697984-3.pdf,2,1,2.8,1620160,0,0,0,ok
scanner+form,corpus,GHOSTSCRIPT-698168-0.pdf,2,1,1.9,2816360,0,0,0,ok
scanner+form,corpus,GHOSTSCRIPT-698363-0.pdf,2,1,4.1,466576,0,0,0,ok
scanner+form,corpus,GHOSTSCRIPT-698721-0.zip-6.pdf,2,2,5.8,7317912,0,0,0,ok
scanner+form,corpus,GHOSTSCRIPT-698721-1.pdf,2,1,1.4,2032432,0,0,0,ok
scanner+form,corpus,GHOSTSCRIPT-699035-0.pdf,2,5,31.3,38283312,0,0,0,ok
scanner+form,corpus,GHOSTSCRIPT-699178-0.pdf,2,3,6.4,8419928,0,0,0,ok
scanner+form,corpus,GHOSTSCRIPT-699375-5.pdf,2,1,3.3,3069184,0,0,0,ok
scanner+form,corpus,GHOSTSCRIPT-699488-0.pdf,2,1,21.8,8120848,1,0,0,ok
scanner+form,corpus,GHOSTSCRIPT-699554-0.zip-4.pdf,2,1,1.5,1650480,0,0,0,ok
scanner+form,corpus,GHOSTSCRIPT-700125-1.pdf,2,5,11.9,16342112,0,0,0,ok
scanner+form,corpus,GHOSTSCRIPT-700139-0.pdf,2,2,144.4,116153040,2,2,2,ok
scanner+form,corpus,GHOSTSCRIPT-700236-1.pdf,2,5,30.9,13418640,1,0,0,ok
scanner+form,corpus,GHOSTSCRIPT-700288-1.pdf,2,1,4.6,4618448,0,0,0,ok
scanner+form,corpus,GHOSTSCRIPT-700370-2.pdf,2,1,1.7,1531200,0,0,0,ok
scanner+form,corpus,GHOSTSCRIPT-700931-0.7z-5.pdf,2,2,1.3,1222352,0,0,0,ok
scanner+form,corpus,GHOSTSCRIPT-702013-1.pdf,2,1,3.5,3792848,0,0,0,ok
scanner+form,corpus,Gamebook.pdf,2,5,14.6,9354160,0,0,0,ok
scanner+form,corpus,GlyphDataTableReadCompositeGlyphError.pdf,2,1,4.1,2885752,0,0,0,ok
scanner+form,corpus,Grapheme clusters emoji.pdf,2,1,0.5,149704,0,0,0,ok
scanner+form,corpus,ICML03-081.pdf,2,5,17.6,17261672,0,0,0,ok
scanner+form,corpus,Indexed-DeviceRGB-JPXDecode-0-.0.0.255.0.-Font-F1_1_missing_char_255-1.pdf,2,1,23.7,16977632,0,0,0,ok
scanner+form,corpus,IndexedCS_negative_and_high.pdf,2,1,0.4,81920,0,0,0,ok
scanner+form,corpus,Judgement Document.pdf,2,5,6.9,9128784,0,0,0,ok
scanner+form,corpus,LKR824191.pdf,2,1,3.0,4164840,0,0,0,ok
scanner+form,corpus,Layer pdf - 322_High_Holborn_building_Brochure.pdf,2,3,35.6,37064696,0,0,0,ok
scanner+form,corpus,MOZILLA-10084-0.pdf,2,1,5.1,3208264,0,0,0,ok
scanner+form,corpus,MOZILLA-10225-0.pdf,2,5,15.8,22997688,0,0,0,ok
scanner+form,corpus,MOZILLA-10372-2.pdf,2,5,35.2,12997080,1,1,1,ok
scanner+form,corpus,MOZILLA-2775-1.pdf,2,5,14.7,17666528,0,0,0,ok
scanner+form,corpus,MOZILLA-3136-0.pdf,2,4,213.3,217567672,2,1,1,ok
scanner+form,corpus,MOZILLA-7375-0.pdf,2,5,61.9,15738104,1,0,0,ok
scanner+form,corpus,MOZILLA-9176-2.pdf,2,5,19.5,9940448,1,1,1,ok
scanner+form,corpus,MOZILLA-LINK-3264-0.pdf,2,5,1.9,3312424,0,0,0,ok
scanner+form,corpus,MOZILLA-LINK-5251-1.pdf,2,2,2.4,2202384,0,0,0,ok
scanner+form,corpus,Math119FakingData.pdf,2,5,7.1,9252832,0,0,0,ok
scanner+form,corpus,Motor Insurance claim form.pdf,2,3,87.6,67260616,1,1,1,ok
scanner+form,corpus,Multiple Page - from Mortality Statistics.pdf,2,5,6.8,8201568,0,0,0,ok
scanner+form,corpus,OPEN.RABBIT.ENGLISH.LOP.pdf,2,5,19.8,27515312,0,0,0,ok
scanner+form,corpus,Old Gutnish Internet Explorer.pdf,2,3,29.3,14272816,1,1,1,ok
scanner+form,corpus,P2P-33713919.pdf,2,5,12.4,23001960,0,0,0,ok
scanner+form,corpus,PDFBOX-1869-4-1.pdf,2,1,0.6,410816,0,0,0,ok
scanner+form,corpus,PDFBOX-492-4.jar-8.pdf,2,2,16.7,16856176,0,0,0,ok
scanner+form,corpus,PDFBOX-624-2.pdf,2,5,8.3,11332232,0,0,0,ok
scanner+form,corpus,Pig Production Handbook.pdf,2,5,7.7,11474112,0,0,0,ok
scanner+form,corpus,Pig Reproduction Powerpoint.pdf,2,5,25.9,9121512,1,1,1,ok
scanner+form,corpus,Publication_of_award_of_Bids_for_Transport_Sector__August_2016.pdf,2,5,6.7,8292336,0,0,0,ok
scanner+form,corpus,Rotated Text Libre Office.pdf,2,1,0.9,238400,0,0,0,ok
scanner+form,corpus,Rotation 45.pdf,2,4,11.8,9899864,0,0,0,ok
scanner+form,corpus,SPARC - v9 Architecture Manual.pdf,2,5,65.4,73963960,2,1,1,ok
scanner+form,corpus,SPE8EF26T0545.pdf,2,5,9.0,11430472,0,0,0,ok
scanner+form,corpus,ShowTextOpWithUnbalancedRoundBrackets.pdf,2,1,4.0,4626032,0,0,0,ok
scanner+form,corpus,Single Page Broken Offsets - from google drive.pdf,2,1,1.3,590416,0,0,0,ok
scanner+form,corpus,Single Page Form Content - from itext 1_1.pdf,2,1,0.8,786440,0,0,0,ok
scanner+form,corpus,Single Page Hyperlinks - from open office.pdf,2,1,0.6,360968,0,0,0,ok
scanner+form,corpus,Single Page Images - from libre office.pdf,2,1,0.5,378640,0,0,0,ok
scanner+form,corpus,Single Page Non Latin - from acrobat distiller.pdf,2,1,1.0,396512,0,0,0,ok
scanner+form,corpus,Single Page Simple - from google drive.pdf,2,1,1.0,583432,0,0,0,ok
scanner+form,corpus,Single Page Simple - from inkscape.pdf,2,1,0.4,150184,0,0,0,ok
scanner+form,corpus,Single Page Simple - from open office.pdf,2,1,0.4,269584,0,0,0,ok
scanner+form,corpus,Single Page Type 1 Font.pdf,2,1,0.2,85752,0,0,0,ok
scanner+form,corpus,SinglePage180ClockwiseRotation - from PdfPig.pdf,2,1,0.4,201784,0,0,0,ok
scanner+form,corpus,SinglePage270ClockwiseRotation - from PdfPig.pdf,2,1,0.4,201784,0,0,0,ok
scanner+form,corpus,SinglePage90ClockwiseRotation - from PdfPig.pdf,2,1,0.4,201784,0,0,0,ok
scanner+form,corpus,SmallCropbox.pdf,2,1,1.4,1618304,0,0,0,ok
scanner+form,corpus,TIKA-1552-0.pdf,2,5,18.0,23346496,0,0,0,ok
scanner+form,corpus,TIKA-2054-0.pdf,2,5,16.6,20478608,0,0,0,ok
scanner+form,corpus,TIKA-469-0.pdf,2,2,5.8,4679104,0,0,0,ok
scanner+form,corpus,Test.Doc.pdf,2,1,2.5,1679744,0,0,0,ok
scanner+form,corpus,TrueTypeTablesGlyphDataTableReadGlyphsError.pdf,2,1,5.4,3649216,0,0,0,ok
scanner+form,corpus,Two Page Text Only - from libre office.pdf,2,2,1.9,1572176,0,0,0,ok
scanner+form,corpus,Type0 Font.pdf,2,1,30.7,9723832,1,1,1,ok
scanner+form,corpus,Type0_CJK_Font.pdf,2,5,10.5,3217176,0,0,0,ok
scanner+form,corpus,Type3Test.pdf,2,1,0.4,155296,0,0,0,ok
scanner+form,corpus,Various Content Types.pdf,2,1,0.4,257232,0,0,0,ok
scanner+form,corpus,Why.does.this.not.work.pdf,2,1,1.3,1035984,0,0,0,ok
scanner+form,corpus,_citUR2jB1_ay56u6vELzk.pdf,2,2,1.7,2256656,0,0,0,ok
scanner+form,corpus,annotation-comments.pdf,2,1,0.5,283416,0,0,0,ok
scanner+form,corpus,bold-italic.pdf,2,1,2.1,1617504,0,0,0,ok
scanner+form,corpus,bookmarks-with-accented-characters.pdf,2,1,0.4,331256,0,0,0,ok
scanner+form,corpus,byz.pdf,2,1,2.3,2271056,0,0,0,ok
scanner+form,corpus,capas.pdf,2,5,5.8,8008880,0,0,0,ok
scanner+form,corpus,cat-genetics.pdf,2,1,6.4,6761976,1,1,0,ok
scanner+form,corpus,cat-genetics_bobld.pdf,2,1,4.9,7031200,0,0,0,ok
scanner+form,corpus,cmap-parsing-exception.pdf,2,1,15.4,13117104,0,0,0,ok
scanner+form,corpus,cropped-and-rotated.pdf,2,1,1.1,744232,0,0,0,ok
scanner+form,corpus,data.pdf,2,3,4.6,4032504,0,0,0,ok
scanner+form,corpus,dotnet-ai.pdf,2,5,26.2,31554784,1,1,1,ok
scanner+form,corpus,felltypes-test.pdf,2,1,7.8,4975168,0,0,0,ok
scanner+form,corpus,hex_0x0006.pdf,2,1,1.2,658904,0,0,0,ok
scanner+form,corpus,inherited_mediabox.pdf,2,1,0.3,54816,0,0,0,ok
scanner+form,corpus,iron-ore-q2-q3-2013.pdf,2,5,33.7,35962224,2,1,1,ok
scanner+form,corpus,issue_1163.pdf,2,2,0.4,183592,0,0,0,ok
scanner+form,corpus,issue_1330.pdf,2,1,0.2,57016,0,0,0,ok
scanner+form,corpus,issue_1331.pdf,2,1,1.6,1351064,0,0,0,ok
scanner+form,corpus,issue_671.pdf,2,2,17.8,17840064,0,0,0,ok
scanner+form,corpus,issue_881.pdf,2,1,1.0,617520,0,0,0,ok
scanner+form,corpus,issues-1176-1.pdf,2,1,1.9,2141664,0,0,0,ok
scanner+form,corpus,issues-1176.pdf,2,1,3.0,7145040,0,0,0,ok
scanner+form,corpus,journal.pone.0196757.pdf,2,5,44.8,35325496,1,0,0,ok
scanner+form,corpus,jtehm-melillo-2679746.pdf,2,5,64.8,52742080,1,1,1,ok
scanner+form,corpus,little-pig-in-armenian.pdf,2,1,1.0,307416,0,0,0,ok
scanner+form,corpus,odwriteex.pdf,2,1,0.9,715384,0,0,0,ok
scanner+form,corpus,outline.pdf,2,3,1.6,1088096,0,0,0,ok
scanner+form,corpus,output_w3c_csswg_drafts_issues2023.pdf,2,1,0.5,235512,0,0,0,ok
scanner+form,corpus,path_ext_oddeven.pdf,2,1,1.3,1040040,0,0,0,ok
scanner+form,corpus,pop-bugzilla37292.pdf,2,4,6.5,7592600,0,0,0,ok
scanner+form,corpus,reference-2-numeric-error.pdf,2,1,8.3,7148160,0,0,0,ok
scanner+form,corpus,soundandvision.pdf,2,1,2.0,1856832,0,0,0,ok
scanner+form,corpus,ssm2163.pdf,2,5,9.4,10260736,0,0,0,ok
scanner+form,corpus,steam_in_page_dict.pdf,2,1,0.4,103512,0,0,0,ok
scanner+form,corpus,test-2_so_74165171.pdf,2,1,71.0,39104616,1,1,1,ok
scanner+form,corpus,testPdf-1.pdf,2,2,5.3,5702072,0,0,0,ok
scanner+form,corpus,test_a-5.pdf,2,5,68.6,68793520,1,1,1,ok
scanner+form,corpus,test_a.pdf,2,5,51.9,68792048,0,0,0,ok
scanner+form,corpus,toc.pdf,2,5,7.5,7517120,0,0,0,ok
scanner+form,corpus,type3-font-zero-height.pdf,2,1,27.5,7001376,1,1,1,ok
scanner+form,corpus,0000851.pdf,3,5,160.3,118360440,1,0,0,ok
scanner+form,corpus,11194059_2017-11_de_s.pdf,3,2,28.4,27417152,0,0,0,ok
scanner+form,corpus,2006_Swedish_Touring_Car_Championship.pdf,3,4,22.3,7628184,1,1,0,ok
scanner+form,corpus,2108.11480.pdf,3,5,57.6,74774704,1,1,1,ok
scanner+form,corpus,22060_A1_01_Plans-1.pdf,3,1,4.8,9374736,0,0,0,ok
scanner+form,corpus,6.Secrets.to.Startup.Success.PDFDrive.pdf,3,5,17.8,24670936,0,0,0,ok
scanner+form,corpus,68-1990-01_A.pdf,3,5,57.5,44330472,1,1,1,ok
scanner+form,corpus,AcroFormsBasicFields.pdf,3,1,1.0,594216,0,0,0,ok
scanner+form,corpus,Approved_Document_B__fire_safety__volume_2_-_Buildings_other_than_dwellings__2019_edition_incorporating_2020_and_2022_amendments.pdf,3,5,43.3,51969728,1,1,1,ok
scanner+form,corpus,Arve.nr.1615.17.04.2026.pdf,3,1,1.5,1192464,0,0,0,ok
scanner+form,corpus,ClipPathLetterFilter-Test1.pdf,3,5,22.3,12126584,1,1,1,ok
scanner+form,corpus,ClipPathLetterFilter-Test2.pdf,3,1,6.6,8370368,0,0,0,ok
scanner+form,corpus,ColorIssue.pdf,3,1,35.0,31879248,1,1,1,ok
scanner+form,corpus,DeviceN_CS_test.pdf,3,5,20.3,21474496,1,0,0,ok
scanner+form,corpus,Diacritics_export.pdf,3,1,1.8,2350760,0,0,0,ok
scanner+form,corpus,EmptyPdf.pdf,3,1,0.2,37712,0,0,0,ok
scanner+form,corpus,ErcotFacts.pdf,3,2,12.3,13361136,0,0,0,ok
scanner+form,corpus,FICTIF_TABLE_INDEX.pdf,3,5,12.7,14807488,0,0,0,ok
scanner+form,corpus,FarmerMac.pdf,3,5,11.5,13703640,0,0,0,ok
scanner+form,corpus,Font Size Test - from google chrome print pdf.pdf,3,1,13.4,481800,1,1,1,ok
scanner+form,corpus,Font Size Test - from libre office.pdf,3,1,0.6,188536,0,0,0,ok
scanner+form,corpus,FontMatrix-1.pdf,3,1,0.5,216408,0,0,0,ok
scanner+form,corpus,FontMatrix-concat.pdf,3,1,0.2,134320,0,0,0,ok
scanner+form,corpus,FontMatrix-otf-bad-hmtx.pdf,3,1,1.1,738432,0,0,0,ok
scanner+form,corpus,FontMatrix-otf.pdf,3,1,1.2,742712,0,0,0,ok
scanner+form,corpus,FontMatrix-raw.pdf,3,1,1.1,683312,0,0,0,ok
scanner+form,corpus,GHOSTSCRIPT-692564-0.pdf,3,1,0.8,547400,0,0,0,ok
scanner+form,corpus,GHOSTSCRIPT-695513-0.pdf,3,1,2.1,3521032,0,0,0,ok
scanner+form,corpus,GHOSTSCRIPT-696171-0.pdf,3,5,9.1,11336200,0,0,0,ok
scanner+form,corpus,GHOSTSCRIPT-696547-0.zip-7.pdf,3,1,3.6,7354664,0,0,0,ok
scanner+form,corpus,GHOSTSCRIPT-696547-0.zip-9.pdf,3,1,3.6,7354704,0,0,0,ok
scanner+form,corpus,GHOSTSCRIPT-697234-0.pdf,3,3,23.0,22678008,0,0,0,ok
scanner+form,corpus,GHOSTSCRIPT-697507-0.pdf,3,1,8.0,7906464,0,0,0,ok
scanner+form,corpus,GHOSTSCRIPT-697984-3.pdf,3,1,2.2,1619952,0,0,0,ok
scanner+form,corpus,GHOSTSCRIPT-698168-0.pdf,3,1,1.9,2816360,0,0,0,ok
scanner+form,corpus,GHOSTSCRIPT-698363-0.pdf,3,1,1.5,466168,0,0,0,ok
scanner+form,corpus,GHOSTSCRIPT-698721-0.zip-6.pdf,3,2,5.9,7317912,0,0,0,ok
scanner+form,corpus,GHOSTSCRIPT-698721-1.pdf,3,1,1.4,2032432,0,0,0,ok
scanner+form,corpus,GHOSTSCRIPT-699035-0.pdf,3,5,57.3,38284992,2,1,1,ok
scanner+form,corpus,GHOSTSCRIPT-699178-0.pdf,3,3,6.4,8420136,0,0,0,ok
scanner+form,corpus,GHOSTSCRIPT-699375-5.pdf,3,1,3.5,3069184,0,0,0,ok
scanner+form,corpus,GHOSTSCRIPT-699488-0.pdf,3,1,6.6,8120848,0,0,0,ok
scanner+form,corpus,GHOSTSCRIPT-699554-0.zip-4.pdf,3,1,1.3,1650272,0,0,0,ok
scanner+form,corpus,GHOSTSCRIPT-700125-1.pdf,3,5,11.2,16342112,0,0,0,ok
scanner+form,corpus,GHOSTSCRIPT-700139-0.pdf,3,2,129.3,116151360,2,2,1,ok
scanner+form,corpus,GHOSTSCRIPT-700236-1.pdf,3,5,11.1,13418640,0,0,0,ok
scanner+form,corpus,GHOSTSCRIPT-700288-1.pdf,3,1,4.2,4618240,0,0,0,ok
scanner+form,corpus,GHOSTSCRIPT-700370-2.pdf,3,1,1.7,1531200,0,0,0,ok
scanner+form,corpus,GHOSTSCRIPT-700931-0.7z-5.pdf,3,2,1.2,1222352,0,0,0,ok
scanner+form,corpus,GHOSTSCRIPT-702013-1.pdf,3,1,3.5,3792848,0,0,0,ok
scanner+form,corpus,Gamebook.pdf,3,5,8.2,9354160,0,0,0,ok
scanner+form,corpus,GlyphDataTableReadCompositeGlyphError.pdf,3,1,3.7,2885752,0,0,0,ok
scanner+form,corpus,Grapheme clusters emoji.pdf,3,1,0.3,149704,0,0,0,ok
scanner+form,corpus,ICML03-081.pdf,3,5,13.9,17261672,0,0,0,ok
scanner+form,corpus,Indexed-DeviceRGB-JPXDecode-0-.0.0.255.0.-Font-F1_1_missing_char_255-1.pdf,3,1,21.1,16977632,0,0,0,ok
scanner+form,corpus,IndexedCS_negative_and_high.pdf,3,1,0.4,81920,0,0,0,ok
scanner+form,corpus,Judgement Document.pdf,3,5,7.6,9128784,0,0,0,ok
scanner+form,corpus,LKR824191.pdf,3,1,3.6,4164840,0,0,0,ok
scanner+form,corpus,Layer pdf - 322_High_Holborn_building_Brochure.pdf,3,3,37.1,37064696,0,0,0,ok
scanner+form,corpus,MOZILLA-10084-0.pdf,3,1,4.1,3208264,0,0,0,ok
scanner+form,corpus,MOZILLA-10225-0.pdf,3,5,16.4,22997688,0,0,0,ok
scanner+form,corpus,MOZILLA-10372-2.pdf,3,5,38.4,12997080,1,1,1,ok
scanner+form,corpus,MOZILLA-2775-1.pdf,3,5,14.8,17666528,1,0,0,ok
scanner+form,corpus,MOZILLA-3136-0.pdf,3,4,198.0,217567880,2,1,1,ok
scanner+form,corpus,MOZILLA-7375-0.pdf,3,5,15.0,15738104,0,0,0,ok
scanner+form,corpus,MOZILLA-9176-2.pdf,3,5,28.9,9940240,1,1,1,ok
scanner+form,corpus,MOZILLA-LINK-3264-0.pdf,3,5,1.8,3312424,0,0,0,ok
scanner+form,corpus,MOZILLA-LINK-5251-1.pdf,3,2,2.0,2202384,0,0,0,ok
scanner+form,corpus,Math119FakingData.pdf,3,5,6.8,9252832,0,0,0,ok
scanner+form,corpus,Motor Insurance claim form.pdf,3,3,81.6,67260616,2,1,1,ok
scanner+form,corpus,Multiple Page - from Mortality Statistics.pdf,3,5,6.0,8201568,0,0,0,ok
scanner+form,corpus,OPEN.RABBIT.ENGLISH.LOP.pdf,3,5,18.8,27515312,0,0,0,ok
scanner+form,corpus,Old Gutnish Internet Explorer.pdf,3,3,26.2,14272816,1,1,1,ok
scanner+form,corpus,P2P-33713919.pdf,3,5,12.1,23001960,0,0,0,ok
scanner+form,corpus,PDFBOX-1869-4-1.pdf,3,1,0.6,410816,0,0,0,ok
scanner+form,corpus,PDFBOX-492-4.jar-8.pdf,3,2,24.9,16856176,1,0,0,ok
scanner+form,corpus,PDFBOX-624-2.pdf,3,5,9.5,11332440,0,0,0,ok
scanner+form,corpus,Pig Production Handbook.pdf,3,5,8.0,11474112,0,0,0,ok
scanner+form,corpus,Pig Reproduction Powerpoint.pdf,3,5,4.5,9119832,0,0,0,ok
scanner+form,corpus,Publication_of_award_of_Bids_for_Transport_Sector__August_2016.pdf,3,5,6.2,8292128,0,0,0,ok
scanner+form,corpus,Rotated Text Libre Office.pdf,3,1,0.5,238400,0,0,0,ok
scanner+form,corpus,Rotation 45.pdf,3,4,26.8,9902064,1,1,1,ok
scanner+form,corpus,SPARC - v9 Architecture Manual.pdf,3,5,48.0,73962488,0,0,0,ok
scanner+form,corpus,SPE8EF26T0545.pdf,3,5,38.7,11430264,1,0,0,ok
scanner+form,corpus,ShowTextOpWithUnbalancedRoundBrackets.pdf,3,1,4.7,4626240,0,0,0,ok
scanner+form,corpus,Single Page Broken Offsets - from google drive.pdf,3,1,1.5,590416,0,0,0,ok
scanner+form,corpus,Single Page Form Content - from itext 1_1.pdf,3,1,0.9,786440,0,0,0,ok
scanner+form,corpus,Single Page Hyperlinks - from open office.pdf,3,1,0.6,360968,0,0,0,ok
scanner+form,corpus,Single Page Images - from libre office.pdf,3,1,0.4,378640,0,0,0,ok
scanner+form,corpus,Single Page Non Latin - from acrobat distiller.pdf,3,1,0.8,396512,0,0,0,ok
scanner+form,corpus,Single Page Simple - from google drive.pdf,3,1,0.9,583432,0,0,0,ok
scanner+form,corpus,Single Page Simple - from inkscape.pdf,3,1,0.4,150184,0,0,0,ok
scanner+form,corpus,Single Page Simple - from open office.pdf,3,1,0.4,269584,0,0,0,ok
scanner+form,corpus,Single Page Type 1 Font.pdf,3,1,0.2,85752,0,0,0,ok
scanner+form,corpus,SinglePage180ClockwiseRotation - from PdfPig.pdf,3,1,0.3,201784,0,0,0,ok
scanner+form,corpus,SinglePage270ClockwiseRotation - from PdfPig.pdf,3,1,0.3,201784,0,0,0,ok
scanner+form,corpus,SinglePage90ClockwiseRotation - from PdfPig.pdf,3,1,0.3,201784,0,0,0,ok
scanner+form,corpus,SmallCropbox.pdf,3,1,1.4,1618304,0,0,0,ok
scanner+form,corpus,TIKA-1552-0.pdf,3,5,34.7,23348176,1,1,1,ok
scanner+form,corpus,TIKA-2054-0.pdf,3,5,17.0,20478816,0,0,0,ok
scanner+form,corpus,TIKA-469-0.pdf,3,2,4.0,4679104,0,0,0,ok
scanner+form,corpus,Test.Doc.pdf,3,1,1.8,1679744,0,0,0,ok
scanner+form,corpus,TrueTypeTablesGlyphDataTableReadGlyphsError.pdf,3,1,4.8,3649216,0,0,0,ok
scanner+form,corpus,Two Page Text Only - from libre office.pdf,3,2,1.5,1572176,0,0,0,ok
scanner+form,corpus,Type0 Font.pdf,3,1,8.1,9722152,0,0,0,ok
scanner+form,corpus,Type0_CJK_Font.pdf,3,5,8.5,3216968,0,0,0,ok
scanner+form,corpus,Type3Test.pdf,3,1,0.4,155296,0,0,0,ok
scanner+form,corpus,Various Content Types.pdf,3,1,0.4,257232,0,0,0,ok
scanner+form,corpus,Why.does.this.not.work.pdf,3,1,1.7,1035984,0,0,0,ok
scanner+form,corpus,_citUR2jB1_ay56u6vELzk.pdf,3,2,1.7,2256656,0,0,0,ok
scanner+form,corpus,annotation-comments.pdf,3,1,0.5,283416,0,0,0,ok
scanner+form,corpus,bold-italic.pdf,3,1,2.1,1617504,0,0,0,ok
scanner+form,corpus,bookmarks-with-accented-characters.pdf,3,1,0.4,331256,0,0,0,ok
scanner+form,corpus,byz.pdf,3,1,1.9,2271056,0,0,0,ok
scanner+form,corpus,capas.pdf,3,5,5.4,8008880,0,0,0,ok
scanner+form,corpus,cat-genetics.pdf,3,1,4.9,6761976,0,0,0,ok
scanner+form,corpus,cat-genetics_bobld.pdf,3,1,5.1,7030992,0,0,0,ok
scanner+form,corpus,cmap-parsing-exception.pdf,3,1,15.5,13117104,0,0,0,ok
scanner+form,corpus,cropped-and-rotated.pdf,3,1,1.1,744232,0,0,0,ok
scanner+form,corpus,data.pdf,3,3,3.3,4032504,0,0,0,ok
scanner+form,corpus,dotnet-ai.pdf,3,5,39.9,31554784,1,1,1,ok
scanner+form,corpus,felltypes-test.pdf,3,1,7.3,4975168,0,0,0,ok
scanner+form,corpus,hex_0x0006.pdf,3,1,0.8,658904,0,0,0,ok
scanner+form,corpus,inherited_mediabox.pdf,3,1,0.2,54816,0,0,0,ok
scanner+form,corpus,iron-ore-q2-q3-2013.pdf,3,5,33.6,35961288,1,1,1,ok
scanner+form,corpus,issue_1163.pdf,3,2,0.5,183592,0,0,0,ok
scanner+form,corpus,issue_1330.pdf,3,1,0.2,57016,0,0,0,ok
scanner+form,corpus,issue_1331.pdf,3,1,1.4,1351064,0,0,0,ok
scanner+form,corpus,issue_671.pdf,3,2,17.4,17840064,0,0,0,ok
scanner+form,corpus,issue_881.pdf,3,1,0.9,617520,0,0,0,ok
scanner+form,corpus,issues-1176-1.pdf,3,1,1.8,2141664,0,0,0,ok
scanner+form,corpus,issues-1176.pdf,3,1,2.7,7145040,0,0,0,ok
scanner+form,corpus,journal.pone.0196757.pdf,3,5,40.8,35327176,1,1,1,ok
scanner+form,corpus,jtehm-melillo-2679746.pdf,3,5,44.4,52740400,0,0,0,ok
scanner+form,corpus,little-pig-in-armenian.pdf,3,1,0.7,307208,0,0,0,ok
scanner+form,corpus,odwriteex.pdf,3,1,1.0,715384,0,0,0,ok
scanner+form,corpus,outline.pdf,3,3,1.8,1088096,0,0,0,ok
scanner+form,corpus,output_w3c_csswg_drafts_issues2023.pdf,3,1,0.5,235512,0,0,0,ok
scanner+form,corpus,path_ext_oddeven.pdf,3,1,1.5,1040040,0,0,0,ok
scanner+form,corpus,pop-bugzilla37292.pdf,3,4,6.3,7592600,0,0,0,ok
scanner+form,corpus,reference-2-numeric-error.pdf,3,1,7.7,7148160,0,0,0,ok
scanner+form,corpus,soundandvision.pdf,3,1,1.9,1856832,0,0,0,ok
scanner+form,corpus,ssm2163.pdf,3,5,9.5,10260736,0,0,0,ok
scanner+form,corpus,steam_in_page_dict.pdf,3,1,0.5,103512,0,0,0,ok
scanner+form,corpus,test-2_so_74165171.pdf,3,1,70.6,39104616,1,1,1,ok
scanner+form,corpus,testPdf-1.pdf,3,2,5.3,5702072,0,0,0,ok
scanner+form,corpus,test_a-5.pdf,3,5,86.9,68793520,2,1,1,ok
scanner+form,corpus,test_a.pdf,3,5,51.0,68792048,0,0,0,ok
scanner+form,corpus,toc.pdf,3,5,6.7,7517120,0,0,0,ok
scanner+form,corpus,type3-font-zero-height.pdf,3,1,8.7,6999696,0,0,0,ok
a-plus-b,corpus,0000851.pdf,1,5,1112.2,165456960,4,2,2,ok
a-plus-b,corpus,11194059_2017-11_de_s.pdf,1,2,117.0,27619136,0,0,0,ok
a-plus-b,corpus,2006_Swedish_Touring_Car_Championship.pdf,1,4,36.8,7845616,0,0,0,ok
a-plus-b,corpus,2108.11480.pdf,1,5,227.4,76444448,1,1,1,ok
a-plus-b,corpus,22060_A1_01_Plans-1.pdf,1,1,29.8,9376568,1,1,1,ok
a-plus-b,corpus,6.Secrets.to.Startup.Success.PDFDrive.pdf,1,5,74.6,24667872,0,0,0,ok
a-plus-b,corpus,68-1990-01_A.pdf,1,5,210.0,64717008,3,2,2,ok
a-plus-b,corpus,AcroFormsBasicFields.pdf,1,1,1.6,595864,0,0,0,ok
a-plus-b,corpus,Approved_Document_B__fire_safety__volume_2_-_Buildings_other_than_dwellings__2019_edition_incorporating_2020_and_2022_amendments.pdf,1,5,107.0,51992704,2,2,2,ok
a-plus-b,corpus,Arve.nr.1615.17.04.2026.pdf,1,1,4.3,1269448,0,0,0,ok
a-plus-b,corpus,ClipPathLetterFilter-Test1.pdf,1,5,99.4,41274136,1,0,0,ok
a-plus-b,corpus,ClipPathLetterFilter-Test2.pdf,1,1,22.5,8781480,0,0,0,ok
a-plus-b,corpus,ColorIssue.pdf,1,1,92.7,33568832,0,0,0,ok
a-plus-b,corpus,DeviceN_CS_test.pdf,1,5,65.9,22007752,1,1,1,ok
a-plus-b,corpus,Diacritics_export.pdf,1,1,7.5,2353408,0,0,0,ok
a-plus-b,corpus,EmptyPdf.pdf,1,1,0.4,38360,0,0,0,ok
a-plus-b,corpus,ErcotFacts.pdf,1,2,54.4,13764600,0,0,0,ok
a-plus-b,corpus,FICTIF_TABLE_INDEX.pdf,1,5,61.7,15507320,1,1,1,ok
a-plus-b,corpus,FarmerMac.pdf,1,5,58.6,14093000,0,0,0,ok
a-plus-b,corpus,Font Size Test - from google chrome print pdf.pdf,1,1,2.2,504952,0,0,0,ok
a-plus-b,corpus,Font Size Test - from libre office.pdf,1,1,1.3,201728,0,0,0,ok
a-plus-b,corpus,FontMatrix-1.pdf,1,1,1.0,216624,0,0,0,ok
a-plus-b,corpus,FontMatrix-concat.pdf,1,1,0.3,134464,0,0,0,ok
a-plus-b,corpus,FontMatrix-otf-bad-hmtx.pdf,1,1,4.6,741744,0,0,0,ok
a-plus-b,corpus,FontMatrix-otf.pdf,1,1,2.4,742080,0,0,0,ok
a-plus-b,corpus,FontMatrix-raw.pdf,1,1,2.4,682752,0,0,0,ok
a-plus-b,corpus,GHOSTSCRIPT-692564-0.pdf,1,1,4.1,547584,0,0,0,ok
a-plus-b,corpus,GHOSTSCRIPT-695513-0.pdf,1,1,11.4,3521400,0,0,0,ok
a-plus-b,corpus,GHOSTSCRIPT-696171-0.pdf,1,5,44.2,11332056,0,0,0,ok
a-plus-b,corpus,GHOSTSCRIPT-696547-0.zip-7.pdf,1,1,25.9,7354720,0,0,0,ok
a-plus-b,corpus,GHOSTSCRIPT-696547-0.zip-9.pdf,1,1,21.6,7354408,0,0,0,ok
a-plus-b,corpus,GHOSTSCRIPT-697234-0.pdf,1,3,110.9,22678576,0,0,0,ok
a-plus-b,corpus,GHOSTSCRIPT-697507-0.pdf,1,1,28.2,7905648,0,0,0,ok
a-plus-b,corpus,GHOSTSCRIPT-697984-3.pdf,1,1,8.9,1697576,0,0,0,ok
a-plus-b,corpus,GHOSTSCRIPT-698168-0.pdf,1,1,8.4,2816232,0,0,0,ok
a-plus-b,corpus,GHOSTSCRIPT-698363-0.pdf,1,1,12.5,476912,0,0,0,ok
a-plus-b,corpus,GHOSTSCRIPT-698721-0.zip-6.pdf,1,2,37.3,7316800,1,1,1,ok
a-plus-b,corpus,GHOSTSCRIPT-698721-1.pdf,1,1,5.2,2031448,0,0,0,ok
a-plus-b,corpus,GHOSTSCRIPT-699035-0.pdf,1,5,186.7,38280952,1,0,0,ok
a-plus-b,corpus,GHOSTSCRIPT-699178-0.pdf,1,3,25.0,8588640,0,0,0,ok
a-plus-b,corpus,GHOSTSCRIPT-699375-5.pdf,1,1,9.0,3265168,0,0,0,ok
a-plus-b,corpus,GHOSTSCRIPT-699488-0.pdf,1,1,22.6,8120800,0,0,0,ok
a-plus-b,corpus,GHOSTSCRIPT-699554-0.zip-4.pdf,1,1,4.0,1649736,0,0,0,ok
a-plus-b,corpus,GHOSTSCRIPT-700125-1.pdf,1,5,56.8,17734176,0,0,0,ok
a-plus-b,corpus,GHOSTSCRIPT-700139-0.pdf,1,2,456.9,117735752,3,2,2,ok
a-plus-b,corpus,GHOSTSCRIPT-700236-1.pdf,1,5,44.1,13413248,0,0,0,ok
a-plus-b,corpus,GHOSTSCRIPT-700288-1.pdf,1,1,15.0,4617680,0,0,0,ok
a-plus-b,corpus,GHOSTSCRIPT-700370-2.pdf,1,1,4.5,1668512,0,0,0,ok
a-plus-b,corpus,GHOSTSCRIPT-700931-0.7z-5.pdf,1,2,3.9,1220952,0,0,0,ok
a-plus-b,corpus,GHOSTSCRIPT-702013-1.pdf,1,1,10.8,3790912,0,0,0,ok
a-plus-b,corpus,Gamebook.pdf,1,5,131.0,150677744,8,8,8,ok
a-plus-b,corpus,GlyphDataTableReadCompositeGlyphError.pdf,1,1,15.4,3791432,0,0,0,ok
a-plus-b,corpus,Grapheme clusters emoji.pdf,1,1,1.4,149432,0,0,0,ok
a-plus-b,corpus,ICML03-081.pdf,1,5,40.9,17259168,0,0,0,ok
a-plus-b,corpus,Indexed-DeviceRGB-JPXDecode-0-.0.0.255.0.-Font-F1_1_missing_char_255-1.pdf,1,1,49.0,16993712,0,0,0,ok
a-plus-b,corpus,IndexedCS_negative_and_high.pdf,1,1,1.1,81672,0,0,0,ok
a-plus-b,corpus,Judgement Document.pdf,1,5,35.3,10861312,1,1,1,ok
a-plus-b,corpus,LKR824191.pdf,1,1,10.9,4164824,0,0,0,ok
a-plus-b,corpus,Layer pdf - 322_High_Holborn_building_Brochure.pdf,1,3,58.3,37442712,0,0,0,ok
a-plus-b,corpus,MOZILLA-10084-0.pdf,1,1,23.2,3208320,1,0,0,ok
a-plus-b,corpus,MOZILLA-10225-0.pdf,1,5,33.6,23473648,1,1,1,ok
a-plus-b,corpus,MOZILLA-10372-2.pdf,1,5,25.8,12995328,0,0,0,ok
a-plus-b,corpus,MOZILLA-2775-1.pdf,1,5,39.7,17662056,0,0,0,ok
a-plus-b,corpus,MOZILLA-3136-0.pdf,1,4,584.6,219612040,2,1,1,ok
a-plus-b,corpus,MOZILLA-7375-0.pdf,1,5,26.6,15745048,0,0,0,ok
a-plus-b,corpus,MOZILLA-9176-2.pdf,1,5,28.0,9937576,1,1,1,ok
a-plus-b,corpus,MOZILLA-LINK-3264-0.pdf,1,5,2.8,3410848,0,0,0,ok
a-plus-b,corpus,MOZILLA-LINK-5251-1.pdf,1,2,4.7,2279776,0,0,0,ok
a-plus-b,corpus,Math119FakingData.pdf,1,5,16.0,9249592,0,0,0,ok
a-plus-b,corpus,Motor Insurance claim form.pdf,1,3,152.8,67895920,2,2,2,ok
a-plus-b,corpus,Multiple Page - from Mortality Statistics.pdf,1,5,28.7,15740144,0,0,0,ok
a-plus-b,corpus,OPEN.RABBIT.ENGLISH.LOP.pdf,1,5,42.8,27701848,0,0,0,ok
a-plus-b,corpus,Old Gutnish Internet Explorer.pdf,1,3,22.0,14913736,0,0,0,ok
a-plus-b,corpus,P2P-33713919.pdf,1,5,31.2,23033240,0,0,0,ok
a-plus-b,corpus,PDFBOX-1869-4-1.pdf,1,1,1.5,410336,0,0,0,ok
a-plus-b,corpus,PDFBOX-492-4.jar-8.pdf,1,2,59.5,16855816,1,1,1,ok
a-plus-b,corpus,PDFBOX-624-2.pdf,1,5,17.5,11327192,0,0,0,ok
a-plus-b,corpus,Pig Production Handbook.pdf,1,5,24.4,11469120,1,0,0,ok
a-plus-b,corpus,Pig Reproduction Powerpoint.pdf,1,5,6.4,9119488,0,0,0,ok
a-plus-b,corpus,Publication_of_award_of_Bids_for_Transport_Sector__August_2016.pdf,1,5,14.8,8524336,0,0,0,ok
a-plus-b,corpus,Rotated Text Libre Office.pdf,1,1,0.7,271016,0,0,0,ok
a-plus-b,corpus,Rotation 45.pdf,1,4,48.9,17585000,1,1,1,ok
a-plus-b,corpus,SPARC - v9 Architecture Manual.pdf,1,5,164.7,73960168,1,1,1,ok
a-plus-b,corpus,SPE8EF26T0545.pdf,1,5,20.5,11429912,0,0,0,ok
a-plus-b,corpus,ShowTextOpWithUnbalancedRoundBrackets.pdf,1,1,8.8,4625752,0,0,0,ok
a-plus-b,corpus,Single Page Broken Offsets - from google drive.pdf,1,1,2.3,611456,0,0,0,ok
a-plus-b,corpus,Single Page Form Content - from itext 1_1.pdf,1,1,1.7,786208,0,0,0,ok
a-plus-b,corpus,Single Page Hyperlinks - from open office.pdf,1,1,1.1,405176,0,0,0,ok
a-plus-b,corpus,Single Page Images - from libre office.pdf,1,1,0.7,383296,0,0,0,ok
a-plus-b,corpus,Single Page Non Latin - from acrobat distiller.pdf,1,1,1.3,416064,0,0,0,ok
a-plus-b,corpus,Single Page Simple - from google drive.pdf,1,1,1.7,604400,0,0,0,ok
a-plus-b,corpus,Single Page Simple - from inkscape.pdf,1,1,0.6,166856,0,0,0,ok
a-plus-b,corpus,Single Page Simple - from open office.pdf,1,1,0.7,293328,0,0,0,ok
a-plus-b,corpus,Single Page Type 1 Font.pdf,1,1,0.4,85552,0,0,0,ok
a-plus-b,corpus,SinglePage180ClockwiseRotation - from PdfPig.pdf,1,1,0.6,247832,0,0,0,ok
a-plus-b,corpus,SinglePage270ClockwiseRotation - from PdfPig.pdf,1,1,0.7,247760,0,0,0,ok
a-plus-b,corpus,SinglePage90ClockwiseRotation - from PdfPig.pdf,1,1,0.6,247760,0,0,0,ok
a-plus-b,corpus,SmallCropbox.pdf,1,1,2.2,1617808,0,0,0,ok
a-plus-b,corpus,TIKA-1552-0.pdf,1,5,38.6,23360768,0,0,0,ok
a-plus-b,corpus,TIKA-2054-0.pdf,1,5,38.1,21141672,0,0,0,ok
a-plus-b,corpus,TIKA-469-0.pdf,1,2,9.3,4685520,0,0,0,ok
a-plus-b,corpus,Test.Doc.pdf,1,1,3.4,1738192,0,0,0,ok
a-plus-b,corpus,TrueTypeTablesGlyphDataTableReadGlyphsError.pdf,1,1,16.1,4529552,0,0,0,ok
a-plus-b,corpus,Two Page Text Only - from libre office.pdf,1,2,3.0,1732248,0,0,0,ok
a-plus-b,corpus,Type0 Font.pdf,1,1,14.8,10339584,0,0,0,ok
a-plus-b,corpus,Type0_CJK_Font.pdf,1,5,106.3,4860376,1,1,1,ok
a-plus-b,corpus,Type3Test.pdf,1,1,0.6,156672,0,0,0,ok
a-plus-b,corpus,Various Content Types.pdf,1,1,0.8,270672,0,0,0,ok
a-plus-b,corpus,Why.does.this.not.work.pdf,1,1,1.9,1050016,0,0,0,ok
a-plus-b,corpus,_citUR2jB1_ay56u6vELzk.pdf,1,2,3.5,2366288,0,0,0,ok
a-plus-b,corpus,annotation-comments.pdf,1,1,0.8,295864,0,0,0,ok
a-plus-b,corpus,bold-italic.pdf,1,1,3.9,1897832,0,0,0,ok
a-plus-b,corpus,bookmarks-with-accented-characters.pdf,1,1,0.6,331424,0,0,0,ok
a-plus-b,corpus,byz.pdf,1,1,3.5,2270488,0,0,0,ok
a-plus-b,corpus,capas.pdf,1,5,8.1,8258888,0,0,0,ok
a-plus-b,corpus,cat-genetics.pdf,1,1,8.2,6761144,0,0,0,ok
a-plus-b,corpus,cat-genetics_bobld.pdf,1,1,10.1,7029656,1,1,0,ok
a-plus-b,corpus,cmap-parsing-exception.pdf,1,1,29.3,13351720,0,0,0,ok
a-plus-b,corpus,cropped-and-rotated.pdf,1,1,2.6,774656,0,0,0,ok
a-plus-b,corpus,data.pdf,1,3,8.1,4031152,1,0,0,ok
a-plus-b,corpus,dotnet-ai.pdf,1,5,26.6,32270784,1,1,1,ok
a-plus-b,corpus,felltypes-test.pdf,1,1,14.4,4975656,0,0,0,ok
a-plus-b,corpus,hex_0x0006.pdf,1,1,1.2,658792,0,0,0,ok
a-plus-b,corpus,inherited_mediabox.pdf,1,1,0.3,54688,0,0,0,ok
a-plus-b,corpus,iron-ore-q2-q3-2013.pdf,1,5,51.3,35994696,1,1,1,ok
a-plus-b,corpus,issue_1163.pdf,1,2,0.5,182744,0,0,0,ok
a-plus-b,corpus,issue_1330.pdf,1,1,0.3,57008,0,0,0,ok
a-plus-b,corpus,issue_1331.pdf,1,1,2.0,1527088,0,0,0,ok
a-plus-b,corpus,issue_671.pdf,1,2,21.9,18314864,0,0,0,ok
a-plus-b,corpus,issue_881.pdf,1,1,1.5,777680,0,0,0,ok
a-plus-b,corpus,issues-1176-1.pdf,1,1,2.9,2141776,0,0,0,ok
a-plus-b,corpus,issues-1176.pdf,1,1,3.2,7144984,0,0,0,ok
a-plus-b,corpus,journal.pone.0196757.pdf,1,5,60.4,35346448,1,1,1,ok
a-plus-b,corpus,jtehm-melillo-2679746.pdf,1,5,73.6,52735984,0,0,0,ok
a-plus-b,corpus,little-pig-in-armenian.pdf,1,1,1.0,317264,0,0,0,ok
a-plus-b,corpus,odwriteex.pdf,1,1,1.2,715064,0,0,0,ok
a-plus-b,corpus,outline.pdf,1,3,2.7,1119864,0,0,0,ok
a-plus-b,corpus,output_w3c_csswg_drafts_issues2023.pdf,1,1,0.7,234744,0,0,0,ok
a-plus-b,corpus,path_ext_oddeven.pdf,1,1,2.3,1155088,0,0,0,ok
a-plus-b,corpus,pop-bugzilla37292.pdf,1,4,11.7,7954896,0,0,0,ok
a-plus-b,corpus,reference-2-numeric-error.pdf,1,1,17.4,7149440,0,0,0,ok
a-plus-b,corpus,soundandvision.pdf,1,1,3.6,2021816,0,0,0,ok
a-plus-b,corpus,ssm2163.pdf,1,5,20.3,10904584,0,0,0,ok
a-plus-b,corpus,steam_in_page_dict.pdf,1,1,0.5,103192,0,0,0,ok
a-plus-b,corpus,test-2_so_74165171.pdf,1,1,140.1,41138192,1,1,1,ok
a-plus-b,corpus,testPdf-1.pdf,1,2,19.3,5925416,1,1,1,ok
a-plus-b,corpus,test_a-5.pdf,1,5,96.3,69144128,1,1,0,ok
a-plus-b,corpus,test_a.pdf,1,5,93.7,69145376,1,1,1,ok
a-plus-b,corpus,toc.pdf,1,5,8.3,7514784,0,0,0,ok
a-plus-b,corpus,type3-font-zero-height.pdf,1,1,15.1,7005144,0,0,0,ok
a-plus-b,corpus,0000851.pdf,2,5,315.7,118345960,2,1,1,ok
a-plus-b,corpus,11194059_2017-11_de_s.pdf,2,2,31.2,27463680,0,0,0,ok
a-plus-b,corpus,2006_Swedish_Touring_Car_Championship.pdf,2,4,9.5,7841032,0,0,0,ok
a-plus-b,corpus,2108.11480.pdf,2,5,124.0,76352936,1,1,1,ok
a-plus-b,corpus,22060_A1_01_Plans-1.pdf,2,1,5.2,9372000,0,0,0,ok
a-plus-b,corpus,6.Secrets.to.Startup.Success.PDFDrive.pdf,2,5,20.0,24663984,0,0,0,ok
a-plus-b,corpus,68-1990-01_A.pdf,2,5,73.3,44570312,2,1,1,ok
a-plus-b,corpus,AcroFormsBasicFields.pdf,2,1,0.9,593992,0,0,0,ok
a-plus-b,corpus,Approved_Document_B__fire_safety__volume_2_-_Buildings_other_than_dwellings__2019_edition_incorporating_2020_and_2022_amendments.pdf,2,5,47.4,51963736,2,2,2,ok
a-plus-b,corpus,Arve.nr.1615.17.04.2026.pdf,2,1,2.0,1269088,0,0,0,ok
a-plus-b,corpus,ClipPathLetterFilter-Test1.pdf,2,5,11.2,12541128,0,0,0,ok
a-plus-b,corpus,ClipPathLetterFilter-Test2.pdf,2,1,6.7,8369936,0,0,0,ok
a-plus-b,corpus,ColorIssue.pdf,2,1,28.2,31876016,0,0,0,ok
a-plus-b,corpus,DeviceN_CS_test.pdf,2,5,14.3,21467264,0,0,0,ok
a-plus-b,corpus,Diacritics_export.pdf,2,1,2.3,2350136,0,0,0,ok
a-plus-b,corpus,EmptyPdf.pdf,2,1,0.2,37856,0,0,0,ok
a-plus-b,corpus,ErcotFacts.pdf,2,2,18.0,13356912,0,0,0,ok
a-plus-b,corpus,FICTIF_TABLE_INDEX.pdf,2,5,36.1,14801192,1,1,0,ok
a-plus-b,corpus,FarmerMac.pdf,2,5,11.7,13699232,0,0,0,ok
a-plus-b,corpus,Font Size Test - from google chrome print pdf.pdf,2,1,0.9,479704,0,0,0,ok
a-plus-b,corpus,Font Size Test - from libre office.pdf,2,1,0.5,187512,0,0,0,ok
a-plus-b,corpus,FontMatrix-1.pdf,2,1,0.4,216552,0,0,0,ok
a-plus-b,corpus,FontMatrix-concat.pdf,2,1,0.4,134464,0,0,0,ok
a-plus-b,corpus,FontMatrix-otf-bad-hmtx.pdf,2,1,1.4,737800,0,0,0,ok
a-plus-b,corpus,FontMatrix-otf.pdf,2,1,1.2,742080,0,0,0,ok
a-plus-b,corpus,FontMatrix-raw.pdf,2,1,1.1,682680,0,0,0,ok
a-plus-b,corpus,GHOSTSCRIPT-692564-0.pdf,2,1,0.8,546984,0,0,0,ok
a-plus-b,corpus,GHOSTSCRIPT-695513-0.pdf,2,1,2.3,3520176,0,0,0,ok
a-plus-b,corpus,GHOSTSCRIPT-696171-0.pdf,2,5,9.3,11331048,0,0,0,ok
a-plus-b,corpus,GHOSTSCRIPT-696547-0.zip-7.pdf,2,1,4.3,7354224,0,0,0,ok
a-plus-b,corpus,GHOSTSCRIPT-696547-0.zip-9.pdf,2,1,4.1,7354264,0,0,0,ok
a-plus-b,corpus,GHOSTSCRIPT-697234-0.pdf,2,3,23.7,22672960,0,0,0,ok
a-plus-b,corpus,GHOSTSCRIPT-697507-0.pdf,2,1,24.9,7904448,1,1,1,ok
a-plus-b,corpus,GHOSTSCRIPT-697984-3.pdf,2,1,2.8,1619496,0,0,0,ok
a-plus-b,corpus,GHOSTSCRIPT-698168-0.pdf,2,1,1.9,2815944,0,0,0,ok
a-plus-b,corpus,GHOSTSCRIPT-698363-0.pdf,2,1,4.4,466352,0,0,0,ok
a-plus-b,corpus,GHOSTSCRIPT-698721-0.zip-6.pdf,2,2,9.9,7314336,0,0,0,ok
a-plus-b,corpus,GHOSTSCRIPT-698721-1.pdf,2,1,1.7,2031240,0,0,0,ok
a-plus-b,corpus,GHOSTSCRIPT-699035-0.pdf,2,5,35.9,38279192,1,0,0,ok
a-plus-b,corpus,GHOSTSCRIPT-699178-0.pdf,2,3,6.7,8416296,0,0,0,ok
a-plus-b,corpus,GHOSTSCRIPT-699375-5.pdf,2,1,3.4,3067552,0,0,0,ok
a-plus-b,corpus,GHOSTSCRIPT-699488-0.pdf,2,1,7.5,8119216,0,0,0,ok
a-plus-b,corpus,GHOSTSCRIPT-699554-0.zip-4.pdf,2,1,1.4,1649664,0,0,0,ok
a-plus-b,corpus,GHOSTSCRIPT-700125-1.pdf,2,5,23.7,17733928,1,1,0,ok
a-plus-b,corpus,GHOSTSCRIPT-700139-0.pdf,2,2,153.8,116152264,2,2,2,ok
a-plus-b,corpus,GHOSTSCRIPT-700236-1.pdf,2,5,13.3,13412504,0,0,0,ok
a-plus-b,corpus,GHOSTSCRIPT-700288-1.pdf,2,1,6.1,4617608,0,0,0,ok
a-plus-b,corpus,GHOSTSCRIPT-700370-2.pdf,2,1,2.3,1530320,0,0,0,ok
a-plus-b,corpus,GHOSTSCRIPT-700931-0.7z-5.pdf,2,2,1.7,1220880,0,0,0,ok
a-plus-b,corpus,GHOSTSCRIPT-702013-1.pdf,2,1,4.5,3790264,0,0,0,ok
a-plus-b,corpus,Gamebook.pdf,2,5,12.2,9351496,0,0,0,ok
a-plus-b,corpus,GlyphDataTableReadCompositeGlyphError.pdf,2,1,4.4,2885120,0,0,0,ok
a-plus-b,corpus,Grapheme clusters emoji.pdf,2,1,0.7,149288,0,0,0,ok
a-plus-b,corpus,ICML03-081.pdf,2,5,23.5,17255608,0,0,0,ok
a-plus-b,corpus,Indexed-DeviceRGB-JPXDecode-0-.0.0.255.0.-Font-F1_1_missing_char_255-1.pdf,2,1,28.0,16975784,0,0,0,ok
a-plus-b,corpus,IndexedCS_negative_and_high.pdf,2,1,0.4,81672,0,0,0,ok
a-plus-b,corpus,Judgement Document.pdf,2,5,9.8,9125184,0,0,0,ok
a-plus-b,corpus,LKR824191.pdf,2,1,4.1,4164616,0,0,0,ok
a-plus-b,corpus,Layer pdf - 322_High_Holborn_building_Brochure.pdf,2,3,51.7,37060224,1,0,0,ok
a-plus-b,corpus,MOZILLA-10084-0.pdf,2,1,3.2,3207592,0,0,0,ok
a-plus-b,corpus,MOZILLA-10225-0.pdf,2,5,12.9,22992544,0,0,0,ok
a-plus-b,corpus,MOZILLA-10372-2.pdf,2,5,22.1,12994784,1,1,1,ok
a-plus-b,corpus,MOZILLA-2775-1.pdf,2,5,13.9,17661472,0,0,0,ok
a-plus-b,corpus,MOZILLA-3136-0.pdf,2,4,203.2,217561072,2,1,1,ok
a-plus-b,corpus,MOZILLA-7375-0.pdf,2,5,13.8,15743824,0,0,0,ok
a-plus-b,corpus,MOZILLA-9176-2.pdf,2,5,28.2,9937576,1,1,1,ok
a-plus-b,corpus,MOZILLA-LINK-3264-0.pdf,2,5,2.2,3290248,0,0,0,ok
a-plus-b,corpus,MOZILLA-LINK-5251-1.pdf,2,2,2.2,2200992,0,0,0,ok
a-plus-b,corpus,Math119FakingData.pdf,2,5,7.3,9247936,0,0,0,ok
a-plus-b,corpus,Motor Insurance claim form.pdf,2,3,87.6,67256032,2,1,1,ok
a-plus-b,corpus,Multiple Page - from Mortality Statistics.pdf,2,5,6.0,8196584,0,0,0,ok
a-plus-b,corpus,OPEN.RABBIT.ENGLISH.LOP.pdf,2,5,33.4,27511912,1,0,0,ok
a-plus-b,corpus,Old Gutnish Internet Explorer.pdf,2,3,11.3,14269088,0,0,0,ok
a-plus-b,corpus,P2P-33713919.pdf,2,5,12.9,22991496,0,0,0,ok
a-plus-b,corpus,PDFBOX-1869-4-1.pdf,2,1,0.6,410184,0,0,0,ok
a-plus-b,corpus,PDFBOX-492-4.jar-8.pdf,2,2,31.2,16854184,1,1,1,ok
a-plus-b,corpus,PDFBOX-624-2.pdf,2,5,9.6,11325704,0,0,0,ok
a-plus-b,corpus,Pig Production Handbook.pdf,2,5,8.3,11468496,0,0,0,ok
a-plus-b,corpus,Pig Reproduction Powerpoint.pdf,2,5,4.8,9116784,0,0,0,ok
a-plus-b,corpus,Publication_of_award_of_Bids_for_Transport_Sector__August_2016.pdf,2,5,7.0,8287264,0,0,0,ok
a-plus-b,corpus,Rotated Text Libre Office.pdf,2,1,0.7,237584,0,0,0,ok
a-plus-b,corpus,Rotation 45.pdf,2,4,12.7,9927200,0,0,0,ok
a-plus-b,corpus,SPARC - v9 Architecture Manual.pdf,2,5,66.2,73959840,1,1,1,ok
a-plus-b,corpus,SPE8EF26T0545.pdf,2,5,34.1,11423168,1,0,0,ok
a-plus-b,corpus,ShowTextOpWithUnbalancedRoundBrackets.pdf,2,1,4.3,4625576,0,0,0,ok
a-plus-b,corpus,Single Page Broken Offsets - from google drive.pdf,2,1,1.5,590000,0,0,0,ok
a-plus-b,corpus,Single Page Form Content - from itext 1_1.pdf,2,1,1.2,786040,0,0,0,ok
a-plus-b,corpus,Single Page Hyperlinks - from open office.pdf,2,1,0.7,360152,0,0,0,ok
a-plus-b,corpus,Single Page Images - from libre office.pdf,2,1,0.5,377440,0,0,0,ok
a-plus-b,corpus,Single Page Non Latin - from acrobat distiller.pdf,2,1,1.0,396096,0,0,0,ok
a-plus-b,corpus,Single Page Simple - from google drive.pdf,2,1,1.2,583016,0,0,0,ok
a-plus-b,corpus,Single Page Simple - from inkscape.pdf,2,1,0.4,149768,0,0,0,ok
a-plus-b,corpus,Single Page Simple - from open office.pdf,2,1,0.6,269952,0,0,0,ok
a-plus-b,corpus,Single Page Type 1 Font.pdf,2,1,0.3,85528,0,0,0,ok
a-plus-b,corpus,SinglePage180ClockwiseRotation - from PdfPig.pdf,2,1,0.4,201560,0,0,0,ok
a-plus-b,corpus,SinglePage270ClockwiseRotation - from PdfPig.pdf,2,1,0.4,201560,0,0,0,ok
a-plus-b,corpus,SinglePage90ClockwiseRotation - from PdfPig.pdf,2,1,0.4,201560,0,0,0,ok
a-plus-b,corpus,SmallCropbox.pdf,2,1,1.4,1617640,0,0,0,ok
a-plus-b,corpus,TIKA-1552-0.pdf,2,5,17.9,23342200,0,0,0,ok
a-plus-b,corpus,TIKA-2054-0.pdf,2,5,19.1,21138088,0,0,0,ok
a-plus-b,corpus,TIKA-469-0.pdf,2,2,4.5,4676952,0,0,0,ok
a-plus-b,corpus,Test.Doc.pdf,2,1,2.0,1679272,0,0,0,ok
a-plus-b,corpus,TrueTypeTablesGlyphDataTableReadGlyphsError.pdf,2,1,4.9,3648296,0,0,0,ok
a-plus-b,corpus,Two Page Text Only - from libre office.pdf,2,2,1.6,1569408,0,0,0,ok
a-plus-b,corpus,Type0 Font.pdf,2,1,27.0,9722832,1,1,1,ok
a-plus-b,corpus,Type0_CJK_Font.pdf,2,5,11.0,3211728,0,0,0,ok
a-plus-b,corpus,Type3Test.pdf,2,1,0.4,155072,0,0,0,ok
a-plus-b,corpus,Various Content Types.pdf,2,1,0.4,256032,0,0,0,ok
a-plus-b,corpus,Why.does.this.not.work.pdf,2,1,1.3,1035760,0,0,0,ok
a-plus-b,corpus,_citUR2jB1_ay56u6vELzk.pdf,2,2,1.9,2253848,0,0,0,ok
a-plus-b,corpus,annotation-comments.pdf,2,1,0.6,283192,0,0,0,ok
a-plus-b,corpus,bold-italic.pdf,2,1,2.6,1616840,0,0,0,ok
a-plus-b,corpus,bookmarks-with-accented-characters.pdf,2,1,0.4,331400,0,0,0,ok
a-plus-b,corpus,byz.pdf,2,1,2.3,2270392,0,0,0,ok
a-plus-b,corpus,capas.pdf,2,5,6.3,8005136,0,0,0,ok
a-plus-b,corpus,cat-genetics.pdf,2,1,4.8,6760184,0,0,0,ok
a-plus-b,corpus,cat-genetics_bobld.pdf,2,1,5.1,7029200,0,0,0,ok
a-plus-b,corpus,cmap-parsing-exception.pdf,2,1,16.6,13116264,0,0,0,ok
a-plus-b,corpus,cropped-and-rotated.pdf,2,1,1.2,743816,0,0,0,ok
a-plus-b,corpus,data.pdf,2,3,4.2,4030936,0,0,0,ok
a-plus-b,corpus,dotnet-ai.pdf,2,5,30.3,31580672,1,1,1,ok
a-plus-b,corpus,felltypes-test.pdf,2,1,8.0,4974696,0,0,0,ok
a-plus-b,corpus,hex_0x0006.pdf,2,1,0.9,658048,0,0,0,ok
a-plus-b,corpus,inherited_mediabox.pdf,2,1,0.2,54592,0,0,0,ok
a-plus-b,corpus,iron-ore-q2-q3-2013.pdf,2,5,33.1,35953544,1,1,1,ok
a-plus-b,corpus,issue_1163.pdf,2,2,1.0,182696,0,0,0,ok
a-plus-b,corpus,issue_1330.pdf,2,1,0.2,56984,0,0,0,ok
a-plus-b,corpus,issue_1331.pdf,2,1,1.6,1350664,0,0,0,ok
a-plus-b,corpus,issue_671.pdf,2,2,17.7,17884232,0,0,0,ok
a-plus-b,corpus,issue_881.pdf,2,1,1.0,617104,0,0,0,ok
a-plus-b,corpus,issues-1176-1.pdf,2,1,2.0,2141248,0,0,0,ok
a-plus-b,corpus,issues-1176.pdf,2,1,3.1,7144624,0,0,0,ok
a-plus-b,corpus,journal.pone.0196757.pdf,2,5,50.6,35319400,1,0,0,ok
a-plus-b,corpus,jtehm-melillo-2679746.pdf,2,5,64.0,52735328,1,1,1,ok
a-plus-b,corpus,little-pig-in-armenian.pdf,2,1,0.7,306600,0,0,0,ok
a-plus-b,corpus,odwriteex.pdf,2,1,0.9,714968,0,0,0,ok
a-plus-b,corpus,outline.pdf,2,3,1.8,1086528,0,0,0,ok
a-plus-b,corpus,output_w3c_csswg_drafts_issues2023.pdf,2,1,0.5,234512,0,0,0,ok
a-plus-b,corpus,path_ext_oddeven.pdf,2,1,1.3,1039624,0,0,0,ok
a-plus-b,corpus,pop-bugzilla37292.pdf,2,4,6.3,7588824,0,0,0,ok
a-plus-b,corpus,reference-2-numeric-error.pdf,2,1,9.1,7146968,0,0,0,ok
a-plus-b,corpus,soundandvision.pdf,2,1,2.1,1855976,0,0,0,ok
a-plus-b,corpus,ssm2163.pdf,2,5,8.5,10254168,0,0,0,ok
a-plus-b,corpus,steam_in_page_dict.pdf,2,1,0.3,103096,0,0,0,ok
a-plus-b,corpus,test-2_so_74165171.pdf,2,1,71.7,39104392,1,1,1,ok
a-plus-b,corpus,testPdf-1.pdf,2,2,5.3,5701176,0,0,0,ok
a-plus-b,corpus,test_a-5.pdf,2,5,50.7,68788216,0,0,0,ok
a-plus-b,corpus,test_a.pdf,2,5,76.7,68789896,1,1,1,ok
a-plus-b,corpus,toc.pdf,2,5,4.5,7514664,0,0,0,ok
a-plus-b,corpus,type3-font-zero-height.pdf,2,1,9.0,6999640,0,0,0,ok
a-plus-b,corpus,0000851.pdf,3,5,199.4,118345840,2,1,1,ok
a-plus-b,corpus,11194059_2017-11_de_s.pdf,3,2,19.6,27410976,0,0,0,ok
a-plus-b,corpus,2006_Swedish_Touring_Car_Championship.pdf,3,4,5.8,7624792,0,0,0,ok
a-plus-b,corpus,2108.11480.pdf,3,5,58.3,75748360,0,0,0,ok
a-plus-b,corpus,22060_A1_01_Plans-1.pdf,3,1,5.1,9371792,0,0,0,ok
a-plus-b,corpus,6.Secrets.to.Startup.Success.PDFDrive.pdf,3,5,47.1,24663984,1,0,0,ok
a-plus-b,corpus,68-1990-01_A.pdf,3,5,54.0,44320632,1,1,1,ok
a-plus-b,corpus,AcroFormsBasicFields.pdf,3,1,0.8,593992,0,0,0,ok
a-plus-b,corpus,Approved_Document_B__fire_safety__volume_2_-_Buildings_other_than_dwellings__2019_edition_incorporating_2020_and_2022_amendments.pdf,3,5,40.9,51962056,1,1,1,ok
a-plus-b,corpus,Arve.nr.1615.17.04.2026.pdf,3,1,1.8,1191856,0,0,0,ok
a-plus-b,corpus,ClipPathLetterFilter-Test1.pdf,3,5,10.2,12119784,0,0,0,ok
a-plus-b,corpus,ClipPathLetterFilter-Test2.pdf,3,1,6.5,8369936,0,0,0,ok
a-plus-b,corpus,ColorIssue.pdf,3,1,38.8,31877696,1,1,1,ok
a-plus-b,corpus,DeviceN_CS_test.pdf,3,5,25.2,21469152,1,1,1,ok
a-plus-b,corpus,Diacritics_export.pdf,3,1,2.2,2350344,0,0,0,ok
a-plus-b,corpus,EmptyPdf.pdf,3,1,0.3,37856,0,0,0,ok
a-plus-b,corpus,ErcotFacts.pdf,3,2,12.4,13356912,0,0,0,ok
a-plus-b,corpus,FICTIF_TABLE_INDEX.pdf,3,5,13.3,14801192,0,0,0,ok
a-plus-b,corpus,FarmerMac.pdf,3,5,11.5,13699024,0,0,0,ok
a-plus-b,corpus,Font Size Test - from google chrome print pdf.pdf,3,1,0.9,479704,0,0,0,ok
a-plus-b,corpus,Font Size Test - from libre office.pdf,3,1,0.4,187512,0,0,0,ok
a-plus-b,corpus,FontMatrix-1.pdf,3,1,0.3,216552,0,0,0,ok
a-plus-b,corpus,FontMatrix-concat.pdf,3,1,0.2,134464,0,0,0,ok
a-plus-b,corpus,FontMatrix-otf-bad-hmtx.pdf,3,1,1.0,737800,0,0,0,ok
a-plus-b,corpus,FontMatrix-otf.pdf,3,1,1.1,742080,0,0,0,ok
a-plus-b,corpus,FontMatrix-raw.pdf,3,1,1.1,682680,0,0,0,ok
a-plus-b,corpus,GHOSTSCRIPT-692564-0.pdf,3,1,0.8,546984,0,0,0,ok
a-plus-b,corpus,GHOSTSCRIPT-695513-0.pdf,3,1,2.2,3520176,0,0,0,ok
a-plus-b,corpus,GHOSTSCRIPT-696171-0.pdf,3,5,12.9,11331048,1,1,0,ok
a-plus-b,corpus,GHOSTSCRIPT-696547-0.zip-7.pdf,3,1,4.2,7354432,0,0,0,ok
a-plus-b,corpus,GHOSTSCRIPT-696547-0.zip-9.pdf,3,1,4.0,7354264,0,0,0,ok
a-plus-b,corpus,GHOSTSCRIPT-697234-0.pdf,3,3,27.7,22672960,2,1,0,ok
a-plus-b,corpus,GHOSTSCRIPT-697507-0.pdf,3,1,7.6,7902976,0,0,0,ok
a-plus-b,corpus,GHOSTSCRIPT-697984-3.pdf,3,1,2.1,1619288,0,0,0,ok
a-plus-b,corpus,GHOSTSCRIPT-698168-0.pdf,3,1,1.8,2815944,0,0,0,ok
a-plus-b,corpus,GHOSTSCRIPT-698363-0.pdf,3,1,1.4,465944,0,0,0,ok
a-plus-b,corpus,GHOSTSCRIPT-698721-0.zip-6.pdf,3,2,5.8,7314336,0,0,0,ok
a-plus-b,corpus,GHOSTSCRIPT-698721-1.pdf,3,1,1.3,2031240,0,0,0,ok
a-plus-b,corpus,GHOSTSCRIPT-699035-0.pdf,3,5,44.5,38280872,1,1,1,ok
a-plus-b,corpus,GHOSTSCRIPT-699178-0.pdf,3,3,6.2,8416296,0,0,0,ok
a-plus-b,corpus,GHOSTSCRIPT-699375-5.pdf,3,1,3.2,3067552,0,0,0,ok
a-plus-b,corpus,GHOSTSCRIPT-699488-0.pdf,3,1,6.7,8119216,0,0,0,ok
a-plus-b,corpus,GHOSTSCRIPT-699554-0.zip-4.pdf,3,1,1.3,1649664,0,0,0,ok
a-plus-b,corpus,GHOSTSCRIPT-700125-1.pdf,3,5,12.8,17733928,0,0,0,ok
a-plus-b,corpus,GHOSTSCRIPT-700139-0.pdf,3,2,125.2,116150376,2,2,1,ok
a-plus-b,corpus,GHOSTSCRIPT-700236-1.pdf,3,5,10.7,13412504,0,0,0,ok
a-plus-b,corpus,GHOSTSCRIPT-700288-1.pdf,3,1,4.4,4617608,0,0,0,ok
a-plus-b,corpus,GHOSTSCRIPT-700370-2.pdf,3,1,1.5,1530320,0,0,0,ok
a-plus-b,corpus,GHOSTSCRIPT-700931-0.7z-5.pdf,3,2,1.2,1220880,0,0,0,ok
a-plus-b,corpus,GHOSTSCRIPT-702013-1.pdf,3,1,3.0,3790264,0,0,0,ok
a-plus-b,corpus,Gamebook.pdf,3,5,10.7,9351496,0,0,0,ok
a-plus-b,corpus,GlyphDataTableReadCompositeGlyphError.pdf,3,1,4.1,2885120,0,0,0,ok
a-plus-b,corpus,Grapheme clusters emoji.pdf,3,1,0.4,149288,0,0,0,ok
a-plus-b,corpus,ICML03-081.pdf,3,5,20.2,17255608,0,0,0,ok
a-plus-b,corpus,Indexed-DeviceRGB-JPXDecode-0-.0.0.255.0.-Font-F1_1_missing_char_255-1.pdf,3,1,26.3,16975784,0,0,0,ok
a-plus-b,corpus,IndexedCS_negative_and_high.pdf,3,1,0.4,81672,0,0,0,ok
a-plus-b,corpus,Judgement Document.pdf,3,5,8.3,9125184,0,0,0,ok
a-plus-b,corpus,LKR824191.pdf,3,1,4.1,4164616,0,0,0,ok
a-plus-b,corpus,Layer pdf - 322_High_Holborn_building_Brochure.pdf,3,3,54.3,37060224,1,0,0,ok
a-plus-b,corpus,MOZILLA-10084-0.pdf,3,1,3.1,3207592,0,0,0,ok
a-plus-b,corpus,MOZILLA-10225-0.pdf,3,5,14.0,22992544,0,0,0,ok
a-plus-b,corpus,MOZILLA-10372-2.pdf,3,5,22.3,12994784,1,1,1,ok
a-plus-b,corpus,MOZILLA-2775-1.pdf,3,5,13.2,17661472,0,0,0,ok
a-plus-b,corpus,MOZILLA-3136-0.pdf,3,4,205.2,217561072,2,1,1,ok
a-plus-b,corpus,MOZILLA-7375-0.pdf,3,5,13.5,15743824,0,0,0,ok
a-plus-b,corpus,MOZILLA-9176-2.pdf,3,5,26.5,9937576,1,1,1,ok
a-plus-b,corpus,MOZILLA-LINK-3264-0.pdf,3,5,2.0,3290248,0,0,0,ok
a-plus-b,corpus,MOZILLA-LINK-5251-1.pdf,3,2,2.1,2200992,0,0,0,ok
a-plus-b,corpus,Math119FakingData.pdf,3,5,6.6,9247936,0,0,0,ok
a-plus-b,corpus,Motor Insurance claim form.pdf,3,3,80.4,67256032,1,1,1,ok
a-plus-b,corpus,Multiple Page - from Mortality Statistics.pdf,3,5,6.2,8196584,0,0,0,ok
a-plus-b,corpus,OPEN.RABBIT.ENGLISH.LOP.pdf,3,5,41.4,27511912,1,0,0,ok
a-plus-b,corpus,Old Gutnish Internet Explorer.pdf,3,3,11.5,14269088,0,0,0,ok
a-plus-b,corpus,P2P-33713919.pdf,3,5,25.9,22993176,1,1,1,ok
a-plus-b,corpus,PDFBOX-1869-4-1.pdf,3,1,0.7,410392,0,0,0,ok
a-plus-b,corpus,PDFBOX-492-4.jar-8.pdf,3,2,17.5,16852504,0,0,0,ok
a-plus-b,corpus,PDFBOX-624-2.pdf,3,5,8.5,11325496,0,0,0,ok
a-plus-b,corpus,Pig Production Handbook.pdf,3,5,8.1,11468496,0,0,0,ok
a-plus-b,corpus,Pig Reproduction Powerpoint.pdf,3,5,4.2,9116784,0,0,0,ok
a-plus-b,corpus,Publication_of_award_of_Bids_for_Transport_Sector__August_2016.pdf,3,5,7.1,8287264,0,0,0,ok
a-plus-b,corpus,Rotated Text Libre Office.pdf,3,1,0.5,237584,0,0,0,ok
a-plus-b,corpus,Rotation 45.pdf,3,4,11.4,9927200,0,0,0,ok
a-plus-b,corpus,SPARC - v9 Architecture Manual.pdf,3,5,60.2,73959840,1,1,1,ok
a-plus-b,corpus,SPE8EF26T0545.pdf,3,5,34.7,11423168,1,0,0,ok
a-plus-b,corpus,ShowTextOpWithUnbalancedRoundBrackets.pdf,3,1,4.3,4625576,0,0,0,ok
a-plus-b,corpus,Single Page Broken Offsets - from google drive.pdf,3,1,1.4,590000,0,0,0,ok
a-plus-b,corpus,Single Page Form Content - from itext 1_1.pdf,3,1,0.8,786040,0,0,0,ok
a-plus-b,corpus,Single Page Hyperlinks - from open office.pdf,3,1,0.6,360152,0,0,0,ok
a-plus-b,corpus,Single Page Images - from libre office.pdf,3,1,0.4,377440,0,0,0,ok
a-plus-b,corpus,Single Page Non Latin - from acrobat distiller.pdf,3,1,0.7,396096,0,0,0,ok
a-plus-b,corpus,Single Page Simple - from google drive.pdf,3,1,0.8,583016,0,0,0,ok
a-plus-b,corpus,Single Page Simple - from inkscape.pdf,3,1,0.3,149768,0,0,0,ok
a-plus-b,corpus,Single Page Simple - from open office.pdf,3,1,0.5,269952,0,0,0,ok
a-plus-b,corpus,Single Page Type 1 Font.pdf,3,1,0.2,85528,0,0,0,ok
a-plus-b,corpus,SinglePage180ClockwiseRotation - from PdfPig.pdf,3,1,0.3,201560,0,0,0,ok
a-plus-b,corpus,SinglePage270ClockwiseRotation - from PdfPig.pdf,3,1,0.3,201560,0,0,0,ok
a-plus-b,corpus,SinglePage90ClockwiseRotation - from PdfPig.pdf,3,1,0.3,201560,0,0,0,ok
a-plus-b,corpus,SmallCropbox.pdf,3,1,1.3,1617640,0,0,0,ok
a-plus-b,corpus,TIKA-1552-0.pdf,3,5,17.3,23342200,0,0,0,ok
a-plus-b,corpus,TIKA-2054-0.pdf,3,5,30.1,21139768,1,1,1,ok
a-plus-b,corpus,TIKA-469-0.pdf,3,2,3.8,4677160,0,0,0,ok
a-plus-b,corpus,Test.Doc.pdf,3,1,1.9,1679272,0,0,0,ok
a-plus-b,corpus,TrueTypeTablesGlyphDataTableReadGlyphsError.pdf,3,1,4.4,3648296,0,0,0,ok
a-plus-b,corpus,Two Page Text Only - from libre office.pdf,3,2,1.4,1569408,0,0,0,ok
a-plus-b,corpus,Type0 Font.pdf,3,1,7.4,9721152,0,0,0,ok
a-plus-b,corpus,Type0_CJK_Font.pdf,3,5,7.8,3211520,0,0,0,ok
a-plus-b,corpus,Type3Test.pdf,3,1,0.6,155072,0,0,0,ok
a-plus-b,corpus,Various Content Types.pdf,3,1,0.4,256032,0,0,0,ok
a-plus-b,corpus,Why.does.this.not.work.pdf,3,1,1.2,1035760,0,0,0,ok
a-plus-b,corpus,_citUR2jB1_ay56u6vELzk.pdf,3,2,1.9,2253848,0,0,0,ok
a-plus-b,corpus,annotation-comments.pdf,3,1,0.5,283192,0,0,0,ok
a-plus-b,corpus,bold-italic.pdf,3,1,2.0,1616840,0,0,0,ok
a-plus-b,corpus,bookmarks-with-accented-characters.pdf,3,1,0.4,331400,0,0,0,ok
a-plus-b,corpus,byz.pdf,3,1,1.8,2270392,0,0,0,ok
a-plus-b,corpus,capas.pdf,3,5,5.4,8005136,0,0,0,ok
a-plus-b,corpus,cat-genetics.pdf,3,1,4.3,6760184,0,0,0,ok
a-plus-b,corpus,cat-genetics_bobld.pdf,3,1,4.6,7029200,0,0,0,ok
a-plus-b,corpus,cmap-parsing-exception.pdf,3,1,15.5,13116264,0,0,0,ok
a-plus-b,corpus,cropped-and-rotated.pdf,3,1,1.1,743816,0,0,0,ok
a-plus-b,corpus,data.pdf,3,3,3.6,4030936,0,0,0,ok
a-plus-b,corpus,dotnet-ai.pdf,3,5,33.3,31580672,1,1,1,ok
a-plus-b,corpus,felltypes-test.pdf,3,1,7.1,4974696,0,0,0,ok
a-plus-b,corpus,hex_0x0006.pdf,3,1,0.8,658048,0,0,0,ok
a-plus-b,corpus,inherited_mediabox.pdf,3,1,0.2,54592,0,0,0,ok
a-plus-b,corpus,iron-ore-q2-q3-2013.pdf,3,5,31.9,35953544,1,1,1,ok
a-plus-b,corpus,issue_1163.pdf,3,2,0.4,182696,0,0,0,ok
a-plus-b,corpus,issue_1330.pdf,3,1,0.2,56984,0,0,0,ok
a-plus-b,corpus,issue_1331.pdf,3,1,1.7,1350664,0,0,0,ok
a-plus-b,corpus,issue_671.pdf,3,2,17.5,17884232,0,0,0,ok
a-plus-b,corpus,issue_881.pdf,3,1,1.0,617104,0,0,0,ok
a-plus-b,corpus,issues-1176-1.pdf,3,1,1.9,2141248,0,0,0,ok
a-plus-b,corpus,issues-1176.pdf,3,1,2.6,7144624,0,0,0,ok
a-plus-b,corpus,journal.pone.0196757.pdf,3,5,42.6,35319400,1,0,0,ok
a-plus-b,corpus,jtehm-melillo-2679746.pdf,3,5,60.3,52735328,1,1,1,ok
a-plus-b,corpus,little-pig-in-armenian.pdf,3,1,1.1,306600,0,0,0,ok
a-plus-b,corpus,odwriteex.pdf,3,1,0.8,714968,0,0,0,ok
a-plus-b,corpus,outline.pdf,3,3,1.6,1086528,0,0,0,ok
a-plus-b,corpus,output_w3c_csswg_drafts_issues2023.pdf,3,1,0.5,234512,0,0,0,ok
a-plus-b,corpus,path_ext_oddeven.pdf,3,1,1.2,1039624,0,0,0,ok
a-plus-b,corpus,pop-bugzilla37292.pdf,3,4,6.0,7588824,0,0,0,ok
a-plus-b,corpus,reference-2-numeric-error.pdf,3,1,8.3,7146968,0,0,0,ok
a-plus-b,corpus,soundandvision.pdf,3,1,2.0,1855976,0,0,0,ok
a-plus-b,corpus,ssm2163.pdf,3,5,8.1,10254168,0,0,0,ok
a-plus-b,corpus,steam_in_page_dict.pdf,3,1,0.4,103096,0,0,0,ok
a-plus-b,corpus,test-2_so_74165171.pdf,3,1,78.8,39104392,1,1,1,ok
a-plus-b,corpus,testPdf-1.pdf,3,2,5.7,5701176,0,0,0,ok
a-plus-b,corpus,test_a-5.pdf,3,5,55.1,68788216,0,0,0,ok
a-plus-b,corpus,test_a.pdf,3,5,78.7,68789896,1,1,1,ok
a-plus-b,corpus,toc.pdf,3,5,5.3,7514664,0,0,0,ok
a-plus-b,corpus,type3-font-zero-height.pdf,3,1,9.2,6999640,0,0,0,ok
full,corpus,0000851.pdf,1,5,1103.3,165466984,4,2,2,ok
full,corpus,11194059_2017-11_de_s.pdf,1,2,125.9,27619760,0,0,0,ok
full,corpus,2006_Swedish_Touring_Car_Championship.pdf,1,4,35.0,7870944,0,0,0,ok
full,corpus,2108.11480.pdf,1,5,213.8,75465408,1,1,1,ok
full,corpus,22060_A1_01_Plans-1.pdf,1,1,28.2,9378568,1,1,1,ok
full,corpus,6.Secrets.to.Startup.Success.PDFDrive.pdf,1,5,71.4,24668752,0,0,0,ok
full,corpus,68-1990-01_A.pdf,1,5,208.5,64719248,3,2,2,ok
full,corpus,AcroFormsBasicFields.pdf,1,1,2.5,596040,0,0,0,ok
full,corpus,Approved_Document_B__fire_safety__volume_2_-_Buildings_other_than_dwellings__2019_edition_incorporating_2020_and_2022_amendments.pdf,1,5,117.9,51972304,2,2,2,ok
full,corpus,Arve.nr.1615.17.04.2026.pdf,1,1,4.6,1269624,0,0,0,ok
full,corpus,ClipPathLetterFilter-Test1.pdf,1,5,102.2,41275288,1,0,0,ok
full,corpus,ClipPathLetterFilter-Test2.pdf,1,1,23.7,8781656,0,0,0,ok
full,corpus,ColorIssue.pdf,1,1,102.8,33569280,0,0,0,ok
full,corpus,DeviceN_CS_test.pdf,1,5,74.6,22009992,1,1,1,ok
full,corpus,Diacritics_export.pdf,1,1,7.0,2353584,0,0,0,ok
full,corpus,EmptyPdf.pdf,1,1,0.4,38360,0,0,0,ok
full,corpus,ErcotFacts.pdf,1,2,58.3,13765496,0,0,0,ok
full,corpus,FICTIF_TABLE_INDEX.pdf,1,5,61.1,15509560,1,1,1,ok
full,corpus,FarmerMac.pdf,1,5,59.6,14093880,0,0,0,ok
full,corpus,Font Size Test - from google chrome print pdf.pdf,1,1,2.1,505128,0,0,0,ok
full,corpus,Font Size Test - from libre office.pdf,1,1,1.3,201904,0,0,0,ok
full,corpus,FontMatrix-1.pdf,1,1,0.9,216624,0,0,0,ok
full,corpus,FontMatrix-concat.pdf,1,1,0.3,134464,0,0,0,ok
full,corpus,FontMatrix-otf-bad-hmtx.pdf,1,1,4.5,741920,0,0,0,ok
full,corpus,FontMatrix-otf.pdf,1,1,2.4,742256,0,0,0,ok
full,corpus,FontMatrix-raw.pdf,1,1,2.5,682928,0,0,0,ok
full,corpus,GHOSTSCRIPT-692564-0.pdf,1,1,4.5,547760,0,0,0,ok
full,corpus,GHOSTSCRIPT-695513-0.pdf,1,1,11.5,3521576,0,0,0,ok
full,corpus,GHOSTSCRIPT-696171-0.pdf,1,5,44.2,11332936,0,0,0,ok
full,corpus,GHOSTSCRIPT-696547-0.zip-7.pdf,1,1,25.9,7354896,0,0,0,ok
full,corpus,GHOSTSCRIPT-696547-0.zip-9.pdf,1,1,22.0,7354584,0,0,0,ok
full,corpus,GHOSTSCRIPT-697234-0.pdf,1,3,116.2,22679104,0,0,0,ok
full,corpus,GHOSTSCRIPT-697507-0.pdf,1,1,29.8,7906592,0,0,0,ok
full,corpus,GHOSTSCRIPT-697984-3.pdf,1,1,12.9,1697752,1,0,0,ok
full,corpus,GHOSTSCRIPT-698168-0.pdf,1,1,7.7,2816616,0,0,0,ok
full,corpus,GHOSTSCRIPT-698363-0.pdf,1,1,11.9,477088,0,0,0,ok
full,corpus,GHOSTSCRIPT-698721-0.zip-6.pdf,1,2,27.5,7317696,1,1,1,ok
full,corpus,GHOSTSCRIPT-698721-1.pdf,1,1,5.0,2031896,0,0,0,ok
full,corpus,GHOSTSCRIPT-699035-0.pdf,1,5,186.6,38281832,1,0,0,ok
full,corpus,GHOSTSCRIPT-699178-0.pdf,1,3,25.3,8589984,0,0,0,ok
full,corpus,GHOSTSCRIPT-699375-5.pdf,1,1,9.8,3265344,0,0,0,ok
full,corpus,GHOSTSCRIPT-699488-0.pdf,1,1,23.4,8120976,0,0,0,ok
full,corpus,GHOSTSCRIPT-699554-0.zip-4.pdf,1,1,4.2,1649912,0,0,0,ok
full,corpus,GHOSTSCRIPT-700125-1.pdf,1,5,51.9,16241368,0,0,0,ok
full,corpus,GHOSTSCRIPT-700139-0.pdf,1,2,397.0,117760328,3,2,2,ok
full,corpus,GHOSTSCRIPT-700236-1.pdf,1,5,32.8,13414128,0,0,0,ok
full,corpus,GHOSTSCRIPT-700288-1.pdf,1,1,12.3,4617856,0,0,0,ok
full,corpus,GHOSTSCRIPT-700370-2.pdf,1,1,3.5,1668688,0,0,0,ok
full,corpus,GHOSTSCRIPT-700931-0.7z-5.pdf,1,2,3.2,1221304,0,0,0,ok
full,corpus,GHOSTSCRIPT-702013-1.pdf,1,1,8.3,3792912,0,0,0,ok
full,corpus,Gamebook.pdf,1,5,116.9,150678624,8,8,8,ok
full,corpus,GlyphDataTableReadCompositeGlyphError.pdf,1,1,12.1,3791608,0,0,0,ok
full,corpus,Grapheme clusters emoji.pdf,1,1,0.6,149608,0,0,0,ok
full,corpus,ICML03-081.pdf,1,5,28.2,17260816,0,0,0,ok
full,corpus,Indexed-DeviceRGB-JPXDecode-0-.0.0.255.0.-Font-F1_1_missing_char_255-1.pdf,1,1,41.1,16993888,0,0,0,ok
full,corpus,IndexedCS_negative_and_high.pdf,1,1,1.0,81848,0,0,0,ok
full,corpus,Judgement Document.pdf,1,5,26.7,10862192,1,1,1,ok
full,corpus,LKR824191.pdf,1,1,5.6,4165000,0,0,0,ok
full,corpus,Layer pdf - 322_High_Holborn_building_Brochure.pdf,1,3,40.9,37443240,0,0,0,ok
full,corpus,MOZILLA-10084-0.pdf,1,1,5.7,3208496,0,0,0,ok
full,corpus,MOZILLA-10225-0.pdf,1,5,37.3,23474320,1,1,1,ok
full,corpus,MOZILLA-10372-2.pdf,1,5,18.7,12996032,0,0,0,ok
full,corpus,MOZILLA-2775-1.pdf,1,5,29.2,17662936,1,0,0,ok
full,corpus,MOZILLA-3136-0.pdf,1,4,456.1,219638648,2,1,1,ok
full,corpus,MOZILLA-7375-0.pdf,1,5,26.8,15735656,0,0,0,ok
full,corpus,MOZILLA-9176-2.pdf,1,5,24.1,9938456,1,1,1,ok
full,corpus,MOZILLA-LINK-3264-0.pdf,1,5,3.0,3411728,0,0,0,ok
full,corpus,MOZILLA-LINK-5251-1.pdf,1,2,3.9,2280128,0,0,0,ok
full,corpus,Math119FakingData.pdf,1,5,13.1,9250472,0,0,0,ok
full,corpus,Motor Insurance claim form.pdf,1,3,133.2,67896448,2,2,2,ok
full,corpus,Multiple Page - from Mortality Statistics.pdf,1,5,23.4,15740904,0,0,0,ok
full,corpus,OPEN.RABBIT.ENGLISH.LOP.pdf,1,5,30.8,27703200,0,0,0,ok
full,corpus,Old Gutnish Internet Explorer.pdf,1,3,35.4,14914264,1,0,0,ok
full,corpus,P2P-33713919.pdf,1,5,34.0,23037368,1,1,1,ok
full,corpus,PDFBOX-1869-4-1.pdf,1,1,1.5,410720,0,0,0,ok
full,corpus,PDFBOX-492-4.jar-8.pdf,1,2,29.4,16854760,0,0,0,ok
full,corpus,PDFBOX-624-2.pdf,1,5,13.8,11327864,0,0,0,ok
full,corpus,Pig Production Handbook.pdf,1,5,12.5,11470096,0,0,0,ok
full,corpus,Pig Reproduction Powerpoint.pdf,1,5,5.6,9120160,0,0,0,ok
full,corpus,Publication_of_award_of_Bids_for_Transport_Sector__August_2016.pdf,1,5,11.3,8525216,0,0,0,ok
full,corpus,Rotated Text Libre Office.pdf,1,1,0.7,271192,0,0,0,ok
full,corpus,Rotation 45.pdf,1,4,44.0,17552320,1,1,1,ok
full,corpus,SPARC - v9 Architecture Manual.pdf,1,5,135.4,73961048,1,1,1,ok
full,corpus,SPE8EF26T0545.pdf,1,5,39.0,11460488,1,0,0,ok
full,corpus,ShowTextOpWithUnbalancedRoundBrackets.pdf,1,1,7.2,4626136,0,0,0,ok
full,corpus,Single Page Broken Offsets - from google drive.pdf,1,1,1.7,611632,0,0,0,ok
full,corpus,Single Page Form Content - from itext 1_1.pdf,1,1,1.6,786656,0,0,0,ok
full,corpus,Single Page Hyperlinks - from open office.pdf,1,1,0.8,405352,0,0,0,ok
full,corpus,Single Page Images - from libre office.pdf,1,1,0.6,383472,0,0,0,ok
full,corpus,Single Page Non Latin - from acrobat distiller.pdf,1,1,0.9,416240,0,0,0,ok
full,corpus,Single Page Simple - from google drive.pdf,1,1,1.1,604576,0,0,0,ok
full,corpus,Single Page Simple - from inkscape.pdf,1,1,0.5,167032,0,0,0,ok
full,corpus,Single Page Simple - from open office.pdf,1,1,0.6,293504,0,0,0,ok
full,corpus,Single Page Type 1 Font.pdf,1,1,0.4,85728,0,0,0,ok
full,corpus,SinglePage180ClockwiseRotation - from PdfPig.pdf,1,1,0.6,248008,0,0,0,ok
full,corpus,SinglePage270ClockwiseRotation - from PdfPig.pdf,1,1,0.5,247936,0,0,0,ok
full,corpus,SinglePage90ClockwiseRotation - from PdfPig.pdf,1,1,0.5,247936,0,0,0,ok
full,corpus,SmallCropbox.pdf,1,1,1.9,1617984,0,0,0,ok
full,corpus,TIKA-1552-0.pdf,1,5,25.4,23361472,0,0,0,ok
full,corpus,TIKA-2054-0.pdf,1,5,23.7,20453264,0,0,0,ok
full,corpus,TIKA-469-0.pdf,1,2,6.8,4685872,0,0,0,ok
full,corpus,Test.Doc.pdf,1,1,2.4,1738368,0,0,0,ok
full,corpus,TrueTypeTablesGlyphDataTableReadGlyphsError.pdf,1,1,7.8,4531552,0,0,0,ok
full,corpus,Two Page Text Only - from libre office.pdf,1,2,2.2,1732600,0,0,0,ok
full,corpus,Type0 Font.pdf,1,1,25.4,10341440,1,1,1,ok
full,corpus,Type0_CJK_Font.pdf,1,5,78.3,4859784,0,0,0,ok
full,corpus,Type3Test.pdf,1,1,0.7,156640,0,0,0,ok
full,corpus,Various Content Types.pdf,1,1,0.9,270848,0,0,0,ok
full,corpus,Why.does.this.not.work.pdf,1,1,1.7,1050192,0,0,0,ok
full,corpus,_citUR2jB1_ay56u6vELzk.pdf,1,2,2.7,2366640,0,0,0,ok
full,corpus,annotation-comments.pdf,1,1,0.7,296040,0,0,0,ok
full,corpus,bold-italic.pdf,1,1,3.4,1898008,0,0,0,ok
full,corpus,bookmarks-with-accented-characters.pdf,1,1,0.6,331424,0,0,0,ok
full,corpus,byz.pdf,1,1,3.8,2270664,0,0,0,ok
full,corpus,capas.pdf,1,5,7.0,8259768,0,0,0,ok
full,corpus,cat-genetics.pdf,1,1,7.3,6761320,0,0,0,ok
full,corpus,cat-genetics_bobld.pdf,1,1,7.4,7029832,0,0,0,ok
full,corpus,cmap-parsing-exception.pdf,1,1,18.5,13351960,0,0,0,ok
full,corpus,cropped-and-rotated.pdf,1,1,1.2,774832,0,0,0,ok
full,corpus,data.pdf,1,3,5.2,4031680,0,0,0,ok
full,corpus,dotnet-ai.pdf,1,5,32.3,32238592,1,1,1,ok
full,corpus,felltypes-test.pdf,1,1,14.5,4975832,0,0,0,ok
full,corpus,hex_0x0006.pdf,1,1,1.3,658968,0,0,0,ok
full,corpus,inherited_mediabox.pdf,1,1,0.2,54864,0,0,0,ok
full,corpus,iron-ore-q2-q3-2013.pdf,1,5,43.9,35996144,1,1,1,ok
full,corpus,issue_1163.pdf,1,2,0.4,183096,0,0,0,ok
full,corpus,issue_1330.pdf,1,1,0.2,57184,0,0,0,ok
full,corpus,issue_1331.pdf,1,1,1.8,1527536,0,0,0,ok
full,corpus,issue_671.pdf,1,2,30.6,18269688,1,1,1,ok
full,corpus,issue_881.pdf,1,1,1.3,778064,0,0,0,ok
full,corpus,issues-1176-1.pdf,1,1,2.8,2142472,0,0,0,ok
full,corpus,issues-1176.pdf,1,1,2.9,7145160,0,0,0,ok
full,corpus,journal.pone.0196757.pdf,1,5,57.2,35345920,1,1,0,ok
full,corpus,jtehm-melillo-2679746.pdf,1,5,78.3,52739904,1,1,1,ok
full,corpus,little-pig-in-armenian.pdf,1,1,0.9,317648,0,0,0,ok
full,corpus,odwriteex.pdf,1,1,1.0,715240,0,0,0,ok
full,corpus,outline.pdf,1,3,1.9,1120392,0,0,0,ok
full,corpus,output_w3c_csswg_drafts_issues2023.pdf,1,1,0.7,235192,0,0,0,ok
full,corpus,path_ext_oddeven.pdf,1,1,1.7,1155264,0,0,0,ok
full,corpus,pop-bugzilla37292.pdf,1,4,8.5,7955600,0,0,0,ok
full,corpus,reference-2-numeric-error.pdf,1,1,17.6,7149616,0,0,0,ok
full,corpus,soundandvision.pdf,1,1,3.5,2021992,0,0,0,ok
full,corpus,ssm2163.pdf,1,5,20.3,10905464,0,0,0,ok
full,corpus,steam_in_page_dict.pdf,1,1,0.6,103368,0,0,0,ok
full,corpus,test-2_so_74165171.pdf,1,1,127.7,41138368,1,1,1,ok
full,corpus,testPdf-1.pdf,1,2,5.8,5924088,0,0,0,ok
full,corpus,test_a-5.pdf,1,5,86.2,69146480,1,1,1,ok
full,corpus,test_a.pdf,1,5,124.1,69146256,2,1,1,ok
full,corpus,toc.pdf,1,5,6.2,7515664,0,0,0,ok
full,corpus,type3-font-zero-height.pdf,1,1,13.6,7005592,0,0,0,ok
full,corpus,0000851.pdf,2,5,258.0,118355960,1,1,1,ok
full,corpus,11194059_2017-11_de_s.pdf,2,2,26.9,27464416,0,0,0,ok
full,corpus,2006_Swedish_Touring_Car_Championship.pdf,2,4,9.9,7841736,0,0,0,ok
full,corpus,2108.11480.pdf,2,5,112.4,75372176,1,1,0,ok
full,corpus,22060_A1_01_Plans-1.pdf,2,1,16.0,9375680,1,1,1,ok
full,corpus,6.Secrets.to.Startup.Success.PDFDrive.pdf,2,5,20.8,24665072,0,0,0,ok
full,corpus,68-1990-01_A.pdf,2,5,41.5,44570872,0,0,0,ok
full,corpus,AcroFormsBasicFields.pdf,2,1,1.4,593960,0,0,0,ok
full,corpus,Approved_Document_B__fire_safety__volume_2_-_Buildings_other_than_dwellings__2019_edition_incorporating_2020_and_2022_amendments.pdf,2,5,50.1,51967960,2,2,2,ok
full,corpus,Arve.nr.1615.17.04.2026.pdf,2,1,2.0,1269264,0,0,0,ok
full,corpus,ClipPathLetterFilter-Test1.pdf,2,5,10.9,12542280,0,0,0,ok
full,corpus,ClipPathLetterFilter-Test2.pdf,2,1,7.3,8370112,0,0,0,ok
full,corpus,ColorIssue.pdf,2,1,38.8,31878144,1,1,1,ok
full,corpus,DeviceN_CS_test.pdf,2,5,27.6,21471392,1,1,1,ok
full,corpus,Diacritics_export.pdf,2,1,1.9,2350520,0,0,0,ok
full,corpus,EmptyPdf.pdf,2,1,0.3,37856,0,0,0,ok
full,corpus,ErcotFacts.pdf,2,2,13.9,13357808,0,0,0,ok
full,corpus,FICTIF_TABLE_INDEX.pdf,2,5,13.3,14803432,0,0,0,ok
full,corpus,FarmerMac.pdf,2,5,14.2,13699904,1,1,0,ok
full,corpus,Font Size Test - from google chrome print pdf.pdf,2,1,0.9,480088,0,0,0,ok
full,corpus,Font Size Test - from libre office.pdf,2,1,0.5,187688,0,0,0,ok
full,corpus,FontMatrix-1.pdf,2,1,0.4,216552,0,0,0,ok
full,corpus,FontMatrix-concat.pdf,2,1,0.2,134464,0,0,0,ok
full,corpus,FontMatrix-otf-bad-hmtx.pdf,2,1,1.1,737976,0,0,0,ok
full,corpus,FontMatrix-otf.pdf,2,1,1.1,742256,0,0,0,ok
full,corpus,FontMatrix-raw.pdf,2,1,1.4,682856,0,0,0,ok
full,corpus,GHOSTSCRIPT-692564-0.pdf,2,1,0.8,547160,0,0,0,ok
full,corpus,GHOSTSCRIPT-695513-0.pdf,2,1,2.1,3520352,0,0,0,ok
full,corpus,GHOSTSCRIPT-696171-0.pdf,2,5,9.2,11331928,0,0,0,ok
full,corpus,GHOSTSCRIPT-696547-0.zip-7.pdf,2,1,3.9,7354400,0,0,0,ok
full,corpus,GHOSTSCRIPT-696547-0.zip-9.pdf,2,1,3.7,7354440,0,0,0,ok
full,corpus,GHOSTSCRIPT-697234-0.pdf,2,3,22.3,22673488,0,0,0,ok
full,corpus,GHOSTSCRIPT-697507-0.pdf,2,1,15.6,7905392,2,2,1,ok
full,corpus,GHOSTSCRIPT-697984-3.pdf,2,1,2.8,1619672,0,0,0,ok
full,corpus,GHOSTSCRIPT-698168-0.pdf,2,1,2.3,2816120,0,0,0,ok
full,corpus,GHOSTSCRIPT-698363-0.pdf,2,1,4.1,466528,0,0,0,ok
full,corpus,GHOSTSCRIPT-698721-0.zip-6.pdf,2,2,5.8,7315232,0,0,0,ok
full,corpus,GHOSTSCRIPT-698721-1.pdf,2,1,1.4,2031688,0,0,0,ok
full,corpus,GHOSTSCRIPT-699035-0.pdf,2,5,39.6,38280072,2,1,0,ok
full,corpus,GHOSTSCRIPT-699178-0.pdf,2,3,6.7,8417640,0,0,0,ok
full,corpus,GHOSTSCRIPT-699375-5.pdf,2,1,3.5,3067728,0,0,0,ok
full,corpus,GHOSTSCRIPT-699488-0.pdf,2,1,7.4,8119392,0,0,0,ok
full,corpus,GHOSTSCRIPT-699554-0.zip-4.pdf,2,1,1.3,1649840,0,0,0,ok
full,corpus,GHOSTSCRIPT-700125-1.pdf,2,5,11.5,16241120,0,0,0,ok
full,corpus,GHOSTSCRIPT-700139-0.pdf,2,2,150.5,116174952,2,2,1,ok
full,corpus,GHOSTSCRIPT-700236-1.pdf,2,5,10.8,13413384,0,0,0,ok
full,corpus,GHOSTSCRIPT-700288-1.pdf,2,1,4.3,4617784,0,0,0,ok
full,corpus,GHOSTSCRIPT-700370-2.pdf,2,1,1.7,1530496,0,0,0,ok
full,corpus,GHOSTSCRIPT-700931-0.7z-5.pdf,2,2,1.3,1221232,0,0,0,ok
full,corpus,GHOSTSCRIPT-702013-1.pdf,2,1,3.4,3792264,0,0,0,ok
full,corpus,Gamebook.pdf,2,5,13.2,9352376,0,0,0,ok
full,corpus,GlyphDataTableReadCompositeGlyphError.pdf,2,1,4.2,2885296,0,0,0,ok
full,corpus,Grapheme clusters emoji.pdf,2,1,0.4,149464,0,0,0,ok
full,corpus,ICML03-081.pdf,2,5,19.4,17257256,0,0,0,ok
full,corpus,Indexed-DeviceRGB-JPXDecode-0-.0.0.255.0.-Font-F1_1_missing_char_255-1.pdf,2,1,37.1,16977640,1,1,1,ok
full,corpus,IndexedCS_negative_and_high.pdf,2,1,0.4,82056,0,0,0,ok
full,corpus,Judgement Document.pdf,2,5,6.8,9126064,0,0,0,ok
full,corpus,LKR824191.pdf,2,1,2.8,4164792,0,0,0,ok
full,corpus,Layer pdf - 322_High_Holborn_building_Brochure.pdf,2,3,28.5,37060752,0,0,0,ok
full,corpus,MOZILLA-10084-0.pdf,2,1,3.3,3207560,0,0,0,ok
full,corpus,MOZILLA-10225-0.pdf,2,5,12.6,22993424,0,0,0,ok
full,corpus,MOZILLA-10372-2.pdf,2,5,28.0,12995488,1,1,1,ok
full,corpus,MOZILLA-2775-1.pdf,2,5,16.4,17662352,1,0,0,ok
full,corpus,MOZILLA-3136-0.pdf,2,4,238.6,217587680,2,2,1,ok
full,corpus,MOZILLA-7375-0.pdf,2,5,16.1,15734432,0,0,0,ok
full,corpus,MOZILLA-9176-2.pdf,2,5,26.3,9938456,1,1,1,ok
full,corpus,MOZILLA-LINK-3264-0.pdf,2,5,1.9,3291128,0,0,0,ok
full,corpus,MOZILLA-LINK-5251-1.pdf,2,2,2.2,2201344,0,0,0,ok
full,corpus,Math119FakingData.pdf,2,5,7.5,9248816,0,0,0,ok
full,corpus,Motor Insurance claim form.pdf,2,3,87.8,67256560,2,1,1,ok
full,corpus,Multiple Page - from Mortality Statistics.pdf,2,5,6.1,8197464,0,0,0,ok
full,corpus,OPEN.RABBIT.ENGLISH.LOP.pdf,2,5,20.1,27513336,0,0,0,ok
full,corpus,Old Gutnish Internet Explorer.pdf,2,3,11.2,14269408,0,0,0,ok
full,corpus,P2P-33713919.pdf,2,5,28.4,22995416,1,1,1,ok
full,corpus,PDFBOX-1869-4-1.pdf,2,1,0.8,410568,0,0,0,ok
full,corpus,PDFBOX-492-4.jar-8.pdf,2,2,18.2,16853128,0,0,0,ok
full,corpus,PDFBOX-624-2.pdf,2,5,16.8,11326376,1,0,0,ok
full,corpus,Pig Production Handbook.pdf,2,5,8.2,11469680,0,0,0,ok
full,corpus,Pig Reproduction Powerpoint.pdf,2,5,5.3,9117664,0,0,0,ok
full,corpus,Publication_of_award_of_Bids_for_Transport_Sector__August_2016.pdf,2,5,7.0,8288144,0,0,0,ok
full,corpus,Rotated Text Libre Office.pdf,2,1,0.6,237760,0,0,0,ok
full,corpus,Rotation 45.pdf,2,4,11.9,9895040,0,0,0,ok
full,corpus,SPARC - v9 Architecture Manual.pdf,2,5,61.3,73960720,1,1,1,ok
full,corpus,SPE8EF26T0545.pdf,2,5,8.8,11453744,0,0,0,ok
full,corpus,ShowTextOpWithUnbalancedRoundBrackets.pdf,2,1,4.2,4625544,0,0,0,ok
full,corpus,Single Page Broken Offsets - from google drive.pdf,2,1,1.8,590176,0,0,0,ok
full,corpus,Single Page Form Content - from itext 1_1.pdf,2,1,0.9,786488,0,0,0,ok
full,corpus,Single Page Hyperlinks - from open office.pdf,2,1,0.6,360328,0,0,0,ok
full,corpus,Single Page Images - from libre office.pdf,2,1,0.5,377616,0,0,0,ok
full,corpus,Single Page Non Latin - from acrobat distiller.pdf,2,1,0.8,396272,0,0,0,ok
full,corpus,Single Page Simple - from google drive.pdf,2,1,0.9,583192,0,0,0,ok
full,corpus,Single Page Simple - from inkscape.pdf,2,1,0.4,149944,0,0,0,ok
full,corpus,Single Page Simple - from open office.pdf,2,1,0.4,270128,0,0,0,ok
full,corpus,Single Page Type 1 Font.pdf,2,1,0.2,85704,0,0,0,ok
full,corpus,SinglePage180ClockwiseRotation - from PdfPig.pdf,2,1,0.4,201736,0,0,0,ok
full,corpus,SinglePage270ClockwiseRotation - from PdfPig.pdf,2,1,0.4,201736,0,0,0,ok
full,corpus,SinglePage90ClockwiseRotation - from PdfPig.pdf,2,1,0.4,201736,0,0,0,ok
full,corpus,SmallCropbox.pdf,2,1,1.5,1617816,0,0,0,ok
full,corpus,TIKA-1552-0.pdf,2,5,17.2,23342904,0,0,0,ok
full,corpus,TIKA-2054-0.pdf,2,5,33.8,20451360,1,1,1,ok
full,corpus,TIKA-469-0.pdf,2,2,4.2,4677512,0,0,0,ok
full,corpus,Test.Doc.pdf,2,1,1.8,1679448,0,0,0,ok
full,corpus,TrueTypeTablesGlyphDataTableReadGlyphsError.pdf,2,1,5.3,3650296,0,0,0,ok
full,corpus,Two Page Text Only - from libre office.pdf,2,2,2.1,1569760,1,0,0,ok
full,corpus,Type0 Font.pdf,2,1,8.1,9721536,0,0,0,ok
full,corpus,Type0_CJK_Font.pdf,2,5,10.3,3212400,0,0,0,ok
full,corpus,Type3Test.pdf,2,1,0.3,155248,0,0,0,ok
full,corpus,Various Content Types.pdf,2,1,0.4,256208,0,0,0,ok
full,corpus,Why.does.this.not.work.pdf,2,1,1.3,1035936,0,0,0,ok
full,corpus,_citUR2jB1_ay56u6vELzk.pdf,2,2,2.1,2254200,0,0,0,ok
full,corpus,annotation-comments.pdf,2,1,0.5,283368,0,0,0,ok
full,corpus,bold-italic.pdf,2,1,2.1,1617016,0,0,0,ok
full,corpus,bookmarks-with-accented-characters.pdf,2,1,0.5,331400,0,0,0,ok
full,corpus,byz.pdf,2,1,2.6,2270568,0,0,0,ok
full,corpus,capas.pdf,2,5,6.2,8006016,1,0,0,ok
full,corpus,cat-genetics.pdf,2,1,4.9,6760568,0,0,0,ok
full,corpus,cat-genetics_bobld.pdf,2,1,4.9,7029376,0,0,0,ok
full,corpus,cmap-parsing-exception.pdf,2,1,15.3,13116712,0,0,0,ok
full,corpus,cropped-and-rotated.pdf,2,1,1.1,743992,0,0,0,ok
full,corpus,data.pdf,2,3,5.9,4031464,1,0,0,ok
full,corpus,dotnet-ai.pdf,2,5,21.2,31548896,1,1,1,ok
full,corpus,felltypes-test.pdf,2,1,7.8,4974872,0,0,0,ok
full,corpus,hex_0x0006.pdf,2,1,1.0,658224,0,0,0,ok
full,corpus,inherited_mediabox.pdf,2,1,0.3,54768,0,0,0,ok
full,corpus,iron-ore-q2-q3-2013.pdf,2,5,33.8,35955512,1,1,1,ok
full,corpus,issue_1163.pdf,2,2,0.6,183048,0,0,0,ok
full,corpus,issue_1330.pdf,2,1,0.2,57160,0,0,0,ok
full,corpus,issue_1331.pdf,2,1,1.8,1351112,0,0,0,ok
full,corpus,issue_671.pdf,2,2,17.4,17837376,0,0,0,ok
full,corpus,issue_881.pdf,2,1,1.0,617280,0,0,0,ok
full,corpus,issues-1176-1.pdf,2,1,1.9,2141424,0,0,0,ok
full,corpus,issues-1176.pdf,2,1,2.8,7144800,0,0,0,ok
full,corpus,journal.pone.0196757.pdf,2,5,48.3,35322232,1,1,1,ok
full,corpus,jtehm-melillo-2679746.pdf,2,5,46.0,52735888,0,0,0,ok
full,corpus,little-pig-in-armenian.pdf,2,1,0.7,306568,0,0,0,ok
full,corpus,odwriteex.pdf,2,1,0.8,715144,0,0,0,ok
full,corpus,outline.pdf,2,3,1.6,1087056,0,0,0,ok
full,corpus,output_w3c_csswg_drafts_issues2023.pdf,2,1,0.6,234960,0,0,0,ok
full,corpus,path_ext_oddeven.pdf,2,1,1.5,1039800,0,0,0,ok
full,corpus,pop-bugzilla37292.pdf,2,4,6.5,7589528,0,0,0,ok
full,corpus,reference-2-numeric-error.pdf,2,1,8.6,7147144,0,0,0,ok
full,corpus,soundandvision.pdf,2,1,2.0,1856152,0,0,0,ok
full,corpus,ssm2163.pdf,2,5,9.8,10255048,0,0,0,ok
full,corpus,steam_in_page_dict.pdf,2,1,0.3,103272,0,0,0,ok
full,corpus,test-2_so_74165171.pdf,2,1,65.8,39104568,1,1,1,ok
full,corpus,testPdf-1.pdf,2,2,5.7,5701528,0,0,0,ok
full,corpus,test_a-5.pdf,2,5,92.5,68790776,2,1,1,ok
full,corpus,test_a.pdf,2,5,53.4,68789304,0,0,0,ok
full,corpus,toc.pdf,2,5,7.0,7515336,0,0,0,ok
full,corpus,type3-font-zero-height.pdf,2,1,9.8,7000088,0,0,0,ok
full,corpus,0000851.pdf,3,5,184.2,118355840,2,1,1,ok
full,corpus,11194059_2017-11_de_s.pdf,3,2,27.0,27411600,0,0,0,ok
full,corpus,2006_Swedish_Touring_Car_Championship.pdf,3,4,8.2,7625496,0,0,0,ok
full,corpus,2108.11480.pdf,3,5,82.8,74769320,1,1,0,ok
full,corpus,22060_A1_01_Plans-1.pdf,3,1,14.8,9375680,1,1,1,ok
full,corpus,6.Secrets.to.Startup.Success.PDFDrive.pdf,3,5,16.8,24665072,0,0,0,ok
full,corpus,68-1990-01_A.pdf,3,5,38.0,44320984,0,0,0,ok
full,corpus,AcroFormsBasicFields.pdf,3,1,0.7,593960,0,0,0,ok
full,corpus,Approved_Document_B__fire_safety__volume_2_-_Buildings_other_than_dwellings__2019_edition_incorporating_2020_and_2022_amendments.pdf,3,5,46.8,51967960,2,2,2,ok
full,corpus,Arve.nr.1615.17.04.2026.pdf,3,1,1.4,1192032,0,0,0,ok
full,corpus,ClipPathLetterFilter-Test1.pdf,3,5,9.4,12120936,0,0,0,ok
full,corpus,ClipPathLetterFilter-Test2.pdf,3,1,6.3,8370112,0,0,0,ok
full,corpus,ColorIssue.pdf,3,1,25.6,31876464,0,0,0,ok
full,corpus,DeviceN_CS_test.pdf,3,5,26.8,21471184,1,1,1,ok
full,corpus,Diacritics_export.pdf,3,1,1.8,2350520,0,0,0,ok
full,corpus,EmptyPdf.pdf,3,1,0.2,37856,0,0,0,ok
full,corpus,ErcotFacts.pdf,3,2,18.4,13357808,1,1,0,ok
full,corpus,FICTIF_TABLE_INDEX.pdf,3,5,12.4,14803640,0,0,0,ok
full,corpus,FarmerMac.pdf,3,5,11.2,13699904,0,0,0,ok
full,corpus,Font Size Test - from google chrome print pdf.pdf,3,1,0.9,479880,0,0,0,ok
full,corpus,Font Size Test - from libre office.pdf,3,1,0.4,187688,0,0,0,ok
full,corpus,FontMatrix-1.pdf,3,1,0.3,216552,0,0,0,ok
full,corpus,FontMatrix-concat.pdf,3,1,0.2,134464,0,0,0,ok
full,corpus,FontMatrix-otf-bad-hmtx.pdf,3,1,1.0,737976,0,0,0,ok
full,corpus,FontMatrix-otf.pdf,3,1,1.1,742256,0,0,0,ok
full,corpus,FontMatrix-raw.pdf,3,1,1.1,682856,0,0,0,ok
full,corpus,GHOSTSCRIPT-692564-0.pdf,3,1,0.7,547160,0,0,0,ok
full,corpus,GHOSTSCRIPT-695513-0.pdf,3,1,2.1,3520352,0,0,0,ok
full,corpus,GHOSTSCRIPT-696171-0.pdf,3,5,8.9,11331928,0,0,0,ok
full,corpus,GHOSTSCRIPT-696547-0.zip-7.pdf,3,1,3.8,7354400,0,0,0,ok
full,corpus,GHOSTSCRIPT-696547-0.zip-9.pdf,3,1,3.5,7354440,0,0,0,ok
full,corpus,GHOSTSCRIPT-697234-0.pdf,3,3,22.2,22673488,0,0,0,ok
full,corpus,GHOSTSCRIPT-697507-0.pdf,3,1,8.8,7903712,1,1,0,ok
full,corpus,GHOSTSCRIPT-697984-3.pdf,3,1,2.5,1619672,0,0,0,ok
full,corpus,GHOSTSCRIPT-698168-0.pdf,3,1,1.8,2816120,0,0,0,ok
full,corpus,GHOSTSCRIPT-698363-0.pdf,3,1,1.3,466120,0,0,0,ok
full,corpus,GHOSTSCRIPT-698721-0.zip-6.pdf,3,2,17.2,7316912,1,1,1,ok
full,corpus,GHOSTSCRIPT-698721-1.pdf,3,1,1.5,2031896,0,0,0,ok
full,corpus,GHOSTSCRIPT-699035-0.pdf,3,5,39.1,38280072,1,1,0,ok
full,corpus,GHOSTSCRIPT-699178-0.pdf,3,3,6.3,8417640,0,0,0,ok
full,corpus,GHOSTSCRIPT-699375-5.pdf,3,1,3.3,3067728,0,0,0,ok
full,corpus,GHOSTSCRIPT-699488-0.pdf,3,1,7.2,8119392,0,0,0,ok
full,corpus,GHOSTSCRIPT-699554-0.zip-4.pdf,3,1,1.4,1649840,0,0,0,ok
full,corpus,GHOSTSCRIPT-700125-1.pdf,3,5,11.2,16241120,0,0,0,ok
full,corpus,GHOSTSCRIPT-700139-0.pdf,3,2,124.7,116174952,2,2,1,ok
full,corpus,GHOSTSCRIPT-700236-1.pdf,3,5,11.4,13413384,0,0,0,ok
full,corpus,GHOSTSCRIPT-700288-1.pdf,3,1,4.4,4617784,0,0,0,ok
full,corpus,GHOSTSCRIPT-700370-2.pdf,3,1,1.6,1530496,0,0,0,ok
full,corpus,GHOSTSCRIPT-700931-0.7z-5.pdf,3,2,1.3,1221232,0,0,0,ok
full,corpus,GHOSTSCRIPT-702013-1.pdf,3,1,3.0,3792264,0,0,0,ok
full,corpus,Gamebook.pdf,3,5,8.3,9352376,0,0,0,ok
full,corpus,GlyphDataTableReadCompositeGlyphError.pdf,3,1,3.9,2885296,0,0,0,ok
full,corpus,Grapheme clusters emoji.pdf,3,1,0.4,149464,0,0,0,ok
full,corpus,ICML03-081.pdf,3,5,16.3,17257256,0,0,0,ok
full,corpus,Indexed-DeviceRGB-JPXDecode-0-.0.0.255.0.-Font-F1_1_missing_char_255-1.pdf,3,1,28.8,16975960,0,0,0,ok
full,corpus,IndexedCS_negative_and_high.pdf,3,1,0.5,81848,0,0,0,ok
full,corpus,Judgement Document.pdf,3,5,8.8,9126064,0,0,0,ok
full,corpus,LKR824191.pdf,3,1,4.0,4164792,0,0,0,ok
full,corpus,Layer pdf - 322_High_Holborn_building_Brochure.pdf,3,3,69.2,37062432,2,1,1,ok
full,corpus,MOZILLA-10084-0.pdf,3,1,3.0,3207768,0,0,0,ok
full,corpus,MOZILLA-10225-0.pdf,3,5,14.6,22993424,0,0,0,ok
full,corpus,MOZILLA-10372-2.pdf,3,5,9.4,12993808,0,0,0,ok
full,corpus,MOZILLA-2775-1.pdf,3,5,12.6,17662144,0,0,0,ok
full,corpus,MOZILLA-3136-0.pdf,3,4,230.7,217589152,3,3,2,ok
full,corpus,MOZILLA-7375-0.pdf,3,5,12.0,15734432,0,0,0,ok
full,corpus,MOZILLA-9176-2.pdf,3,5,2.6,9936776,0,0,0,ok
full,corpus,MOZILLA-LINK-3264-0.pdf,3,5,1.8,3290920,0,0,0,ok
full,corpus,MOZILLA-LINK-5251-1.pdf,3,2,1.9,2201344,0,0,0,ok
full,corpus,Math119FakingData.pdf,3,5,6.8,9248816,0,0,0,ok
full,corpus,Motor Insurance claim form.pdf,3,3,94.0,67256560,1,1,1,ok
full,corpus,Multiple Page - from Mortality Statistics.pdf,3,5,6.0,8197464,0,0,0,ok
full,corpus,OPEN.RABBIT.ENGLISH.LOP.pdf,3,5,21.4,27513336,0,0,0,ok
full,corpus,Old Gutnish Internet Explorer.pdf,3,3,30.9,14269408,1,0,0,ok
full,corpus,P2P-33713919.pdf,3,5,23.4,22995624,1,1,1,ok
full,corpus,PDFBOX-1869-4-1.pdf,3,1,0.7,410568,0,0,0,ok
full,corpus,PDFBOX-492-4.jar-8.pdf,3,2,19.2,16853128,0,0,0,ok
full,corpus,PDFBOX-624-2.pdf,3,5,9.2,11326376,0,0,0,ok
full,corpus,Pig Production Handbook.pdf,3,5,8.1,11469472,0,0,0,ok
full,corpus,Pig Reproduction Powerpoint.pdf,3,5,4.3,9117664,0,0,0,ok
full,corpus,Publication_of_award_of_Bids_for_Transport_Sector__August_2016.pdf,3,5,7.0,8288144,0,0,0,ok
full,corpus,Rotated Text Libre Office.pdf,3,1,0.6,237760,0,0,0,ok
full,corpus,Rotation 45.pdf,3,4,13.5,9895040,0,0,0,ok
full,corpus,SPARC - v9 Architecture Manual.pdf,3,5,66.3,73960720,1,1,1,ok
full,corpus,SPE8EF26T0545.pdf,3,5,9.0,11453744,0,0,0,ok
full,corpus,ShowTextOpWithUnbalancedRoundBrackets.pdf,3,1,5.7,4625544,0,0,0,ok
full,corpus,Single Page Broken Offsets - from google drive.pdf,3,1,29.4,590176,1,0,0,ok
full,corpus,Single Page Form Content - from itext 1_1.pdf,3,1,1.0,786696,0,0,0,ok
full,corpus,Single Page Hyperlinks - from open office.pdf,3,1,0.6,360328,0,0,0,ok
full,corpus,Single Page Images - from libre office.pdf,3,1,0.5,377616,0,0,0,ok
full,corpus,Single Page Non Latin - from acrobat distiller.pdf,3,1,0.8,396272,0,0,0,ok
full,corpus,Single Page Simple - from google drive.pdf,3,1,0.9,583192,0,0,0,ok
full,corpus,Single Page Simple - from inkscape.pdf,3,1,0.4,149944,0,0,0,ok
full,corpus,Single Page Simple - from open office.pdf,3,1,0.4,270128,0,0,0,ok
full,corpus,Single Page Type 1 Font.pdf,3,1,0.2,85704,0,0,0,ok
full,corpus,SinglePage180ClockwiseRotation - from PdfPig.pdf,3,1,0.3,201736,0,0,0,ok
full,corpus,SinglePage270ClockwiseRotation - from PdfPig.pdf,3,1,0.3,201736,0,0,0,ok
full,corpus,SinglePage90ClockwiseRotation - from PdfPig.pdf,3,1,0.3,201736,0,0,0,ok
full,corpus,SmallCropbox.pdf,3,1,1.4,1617816,0,0,0,ok
full,corpus,TIKA-1552-0.pdf,3,5,17.3,23342904,0,0,0,ok
full,corpus,TIKA-2054-0.pdf,3,5,18.4,20449680,0,0,0,ok
full,corpus,TIKA-469-0.pdf,3,2,4.2,4677304,0,0,0,ok
full,corpus,Test.Doc.pdf,3,1,1.7,1679448,0,0,0,ok
full,corpus,TrueTypeTablesGlyphDataTableReadGlyphsError.pdf,3,1,20.7,3651976,1,1,1,ok
full,corpus,Two Page Text Only - from libre office.pdf,3,2,1.6,1569968,0,0,0,ok
full,corpus,Type0 Font.pdf,3,1,8.0,9721328,0,0,0,ok
full,corpus,Type0_CJK_Font.pdf,3,5,7.9,3212400,0,0,0,ok
full,corpus,Type3Test.pdf,3,1,0.4,155248,0,0,0,ok
full,corpus,Various Content Types.pdf,3,1,0.4,256208,0,0,0,ok
full,corpus,Why.does.this.not.work.pdf,3,1,1.3,1035936,0,0,0,ok
full,corpus,_citUR2jB1_ay56u6vELzk.pdf,3,2,1.7,2254200,0,0,0,ok
full,corpus,annotation-comments.pdf,3,1,0.5,283368,0,0,0,ok
full,corpus,bold-italic.pdf,3,1,2.4,1617016,0,0,0,ok
full,corpus,bookmarks-with-accented-characters.pdf,3,1,0.6,331400,0,0,0,ok
full,corpus,byz.pdf,3,1,2.1,2270568,0,0,0,ok
full,corpus,capas.pdf,3,5,6.4,8006016,0,0,0,ok
full,corpus,cat-genetics.pdf,3,1,5.6,6760360,0,0,0,ok
full,corpus,cat-genetics_bobld.pdf,3,1,5.2,7029376,0,0,0,ok
full,corpus,cmap-parsing-exception.pdf,3,1,15.9,13116712,0,0,0,ok
full,corpus,cropped-and-rotated.pdf,3,1,1.1,743992,0,0,0,ok
full,corpus,data.pdf,3,3,3.5,4031464,0,0,0,ok
full,corpus,dotnet-ai.pdf,3,5,32.3,31548688,1,1,1,ok
full,corpus,felltypes-test.pdf,3,1,8.3,4974872,0,0,0,ok
full,corpus,hex_0x0006.pdf,3,1,1.3,658224,0,0,0,ok
full,corpus,inherited_mediabox.pdf,3,1,0.3,54768,0,0,0,ok
full,corpus,iron-ore-q2-q3-2013.pdf,3,5,33.4,35955512,1,1,1,ok
full,corpus,issue_1163.pdf,3,2,0.4,183048,0,0,0,ok
full,corpus,issue_1330.pdf,3,1,0.2,57160,0,0,0,ok
full,corpus,issue_1331.pdf,3,1,1.5,1351112,0,0,0,ok
full,corpus,issue_671.pdf,3,2,18.6,17837376,0,0,0,ok
full,corpus,issue_881.pdf,3,1,1.6,617280,0,0,0,ok
full,corpus,issues-1176-1.pdf,3,1,2.4,2141424,0,0,0,ok
full,corpus,issues-1176.pdf,3,1,2.6,7144800,0,0,0,ok
full,corpus,journal.pone.0196757.pdf,3,5,42.6,35320552,1,0,0,ok
full,corpus,jtehm-melillo-2679746.pdf,3,5,68.7,52737568,1,1,1,ok
full,corpus,little-pig-in-armenian.pdf,3,1,0.8,306776,0,0,0,ok
full,corpus,odwriteex.pdf,3,1,0.9,715144,0,0,0,ok
full,corpus,outline.pdf,3,3,1.7,1087056,0,0,0,ok
full,corpus,output_w3c_csswg_drafts_issues2023.pdf,3,1,0.6,234960,0,0,0,ok
full,corpus,path_ext_oddeven.pdf,3,1,1.3,1039800,0,0,0,ok
full,corpus,pop-bugzilla37292.pdf,3,4,7.9,7589528,0,0,0,ok
full,corpus,reference-2-numeric-error.pdf,3,1,8.9,7147144,0,0,0,ok
full,corpus,soundandvision.pdf,3,1,2.3,1856152,0,0,0,ok
full,corpus,ssm2163.pdf,3,5,8.8,10255048,0,0,0,ok
full,corpus,steam_in_page_dict.pdf,3,1,0.6,103272,0,0,0,ok
full,corpus,test-2_so_74165171.pdf,3,1,80.0,39104568,1,1,1,ok
full,corpus,testPdf-1.pdf,3,2,5.4,5701528,0,0,0,ok
full,corpus,test_a-5.pdf,3,5,55.3,68789096,0,0,0,ok
full,corpus,test_a.pdf,3,5,80.5,68790776,1,1,1,ok
full,corpus,toc.pdf,3,5,4.8,7515544,0,0,0,ok
full,corpus,type3-font-zero-height.pdf,3,1,9.1,7000088,0,0,0,ok
baseline,corpus,0000851.pdf,1,5,1120.4,169559104,4,2,2,ok
baseline,corpus,11194059_2017-11_de_s.pdf,1,2,114.0,27624688,0,0,0,ok
baseline,corpus,2006_Swedish_Touring_Car_Championship.pdf,1,4,33.6,7884680,0,0,0,ok
baseline,corpus,2108.11480.pdf,1,5,227.9,76797488,2,1,1,ok
baseline,corpus,22060_A1_01_Plans-1.pdf,1,1,22.1,9438416,1,1,1,ok
baseline,corpus,6.Secrets.to.Startup.Success.PDFDrive.pdf,1,5,76.5,24673944,0,0,0,ok
baseline,corpus,68-1990-01_A.pdf,1,5,215.2,64724816,2,2,2,ok
baseline,corpus,AcroFormsBasicFields.pdf,1,1,2.6,595912,0,0,0,ok
baseline,corpus,Approved_Document_B__fire_safety__volume_2_-_Buildings_other_than_dwellings__2019_edition_incorporating_2020_and_2022_amendments.pdf,1,5,111.0,52380448,1,1,1,ok
baseline,corpus,Arve.nr.1615.17.04.2026.pdf,1,1,4.2,1270224,0,0,0,ok
baseline,corpus,ClipPathLetterFilter-Test1.pdf,1,5,109.5,41330768,2,2,2,ok
baseline,corpus,ClipPathLetterFilter-Test2.pdf,1,1,23.2,8781736,0,0,0,ok
baseline,corpus,ColorIssue.pdf,1,1,105.8,33877568,2,2,2,ok
baseline,corpus,DeviceN_CS_test.pdf,1,5,59.9,22168616,1,1,1,ok
baseline,corpus,Diacritics_export.pdf,1,1,6.9,2353648,0,0,0,ok
baseline,corpus,EmptyPdf.pdf,1,1,0.4,38080,0,0,0,ok
baseline,corpus,ErcotFacts.pdf,1,2,49.9,14125208,0,0,0,ok
baseline,corpus,FICTIF_TABLE_INDEX.pdf,1,5,43.3,15509696,0,0,0,ok
baseline,corpus,FarmerMac.pdf,1,5,50.9,14125848,0,0,0,ok
baseline,corpus,Font Size Test - from google chrome print pdf.pdf,1,1,2.0,505536,0,0,0,ok
baseline,corpus,Font Size Test - from libre office.pdf,1,1,1.4,207720,0,0,0,ok
baseline,corpus,FontMatrix-1.pdf,1,1,0.8,216480,0,0,0,ok
baseline,corpus,FontMatrix-concat.pdf,1,1,0.3,134184,0,0,0,ok
baseline,corpus,FontMatrix-otf-bad-hmtx.pdf,1,1,4.7,749136,0,0,0,ok
baseline,corpus,FontMatrix-otf.pdf,1,1,2.4,749472,0,0,0,ok
baseline,corpus,FontMatrix-raw.pdf,1,1,2.2,690144,0,0,0,ok
baseline,corpus,GHOSTSCRIPT-692564-0.pdf,1,1,3.9,553296,0,0,0,ok
baseline,corpus,GHOSTSCRIPT-695513-0.pdf,1,1,11.3,3542728,0,0,0,ok
baseline,corpus,GHOSTSCRIPT-696171-0.pdf,1,5,57.8,11352408,1,1,1,ok
baseline,corpus,GHOSTSCRIPT-696547-0.zip-7.pdf,1,1,24.6,7366984,0,0,0,ok
baseline,corpus,GHOSTSCRIPT-696547-0.zip-9.pdf,1,1,20.0,7366464,0,0,0,ok
baseline,corpus,GHOSTSCRIPT-697234-0.pdf,1,3,111.0,22757248,1,0,0,ok
baseline,corpus,GHOSTSCRIPT-697507-0.pdf,1,1,25.9,8001144,0,0,0,ok
baseline,corpus,GHOSTSCRIPT-697984-3.pdf,1,1,6.8,1730680,0,0,0,ok
baseline,corpus,GHOSTSCRIPT-698168-0.pdf,1,1,7.8,2819256,0,0,0,ok
baseline,corpus,GHOSTSCRIPT-698363-0.pdf,1,1,13.2,476048,0,0,0,ok
baseline,corpus,GHOSTSCRIPT-698721-0.zip-6.pdf,1,2,23.4,7741856,0,0,0,ok
baseline,corpus,GHOSTSCRIPT-698721-1.pdf,1,1,4.8,2153192,0,0,0,ok
baseline,corpus,GHOSTSCRIPT-699035-0.pdf,1,5,183.7,38285872,1,1,1,ok
baseline,corpus,GHOSTSCRIPT-699178-0.pdf,1,3,23.8,8609352,0,0,0,ok
baseline,corpus,GHOSTSCRIPT-699375-5.pdf,1,1,8.5,3272424,0,0,0,ok
baseline,corpus,GHOSTSCRIPT-699488-0.pdf,1,1,36.4,8127440,1,0,0,ok
baseline,corpus,GHOSTSCRIPT-699554-0.zip-4.pdf,1,1,4.5,1656304,0,0,0,ok
baseline,corpus,GHOSTSCRIPT-700125-1.pdf,1,5,49.6,17640504,0,0,0,ok
baseline,corpus,GHOSTSCRIPT-700139-0.pdf,1,2,405.9,117712160,3,2,2,ok
baseline,corpus,GHOSTSCRIPT-700236-1.pdf,1,5,39.4,13568120,0,0,0,ok
baseline,corpus,GHOSTSCRIPT-700288-1.pdf,1,1,17.6,4643008,0,0,0,ok
baseline,corpus,GHOSTSCRIPT-700370-2.pdf,1,1,4.2,1668688,0,0,0,ok
baseline,corpus,GHOSTSCRIPT-700931-0.7z-5.pdf,1,2,4.0,1230648,0,0,0,ok
baseline,corpus,GHOSTSCRIPT-702013-1.pdf,1,1,12.1,3953664,0,0,0,ok
baseline,corpus,Gamebook.pdf,1,5,144.6,150693360,8,8,8,ok
baseline,corpus,GlyphDataTableReadCompositeGlyphError.pdf,1,1,14.6,3808000,0,0,0,ok
baseline,corpus,Grapheme clusters emoji.pdf,1,1,0.9,155368,0,0,0,ok
baseline,corpus,ICML03-081.pdf,1,5,52.0,17286888,0,0,0,ok
baseline,corpus,Indexed-DeviceRGB-JPXDecode-0-.0.0.255.0.-Font-F1_1_missing_char_255-1.pdf,1,1,50.4,17083080,0,0,0,ok
baseline,corpus,IndexedCS_negative_and_high.pdf,1,1,1.3,85056,0,0,0,ok
baseline,corpus,Judgement Document.pdf,1,5,43.9,10864032,1,1,1,ok
baseline,corpus,LKR824191.pdf,1,1,15.4,4163960,0,0,0,ok
baseline,corpus,Layer pdf - 322_High_Holborn_building_Brochure.pdf,1,3,144.9,37446656,0,0,0,ok
baseline,corpus,MOZILLA-10084-0.pdf,1,1,8.8,3228872,0,0,0,ok
baseline,corpus,MOZILLA-10225-0.pdf,1,5,44.3,23543496,1,1,1,ok
baseline,corpus,MOZILLA-10372-2.pdf,1,5,35.4,12996920,0,0,0,ok
baseline,corpus,MOZILLA-2775-1.pdf,1,5,52.6,17747464,1,0,0,ok
baseline,corpus,MOZILLA-3136-0.pdf,1,4,617.4,219592448,1,1,1,ok
baseline,corpus,MOZILLA-7375-0.pdf,1,5,45.9,15737184,1,1,1,ok
baseline,corpus,MOZILLA-9176-2.pdf,1,5,2.6,9937888,0,0,0,ok
baseline,corpus,MOZILLA-LINK-3264-0.pdf,1,5,10.5,3569488,1,1,1,ok
baseline,corpus,MOZILLA-LINK-5251-1.pdf,1,2,5.2,2289024,0,0,0,ok
baseline,corpus,Math119FakingData.pdf,1,5,17.1,9332480,0,0,0,ok
baseline,corpus,Motor Insurance claim form.pdf,1,3,168.5,67998184,2,2,2,ok
baseline,corpus,Multiple Page - from Mortality Statistics.pdf,1,5,33.7,15768088,0,0,0,ok
baseline,corpus,OPEN.RABBIT.ENGLISH.LOP.pdf,1,5,61.9,27701824,1,0,0,ok
baseline,corpus,Old Gutnish Internet Explorer.pdf,1,3,26.2,14922056,0,0,0,ok
baseline,corpus,P2P-33713919.pdf,1,5,33.1,23096496,0,0,0,ok
baseline,corpus,PDFBOX-1869-4-1.pdf,1,1,1.8,487480,0,0,0,ok
baseline,corpus,PDFBOX-492-4.jar-8.pdf,1,2,36.6,16923736,0,0,0,ok
baseline,corpus,PDFBOX-624-2.pdf,1,5,20.3,11353288,0,0,0,ok
baseline,corpus,Pig Production Handbook.pdf,1,5,18.0,11661096,0,0,0,ok
baseline,corpus,Pig Reproduction Powerpoint.pdf,1,5,21.1,9185784,1,1,1,ok
baseline,corpus,Publication_of_award_of_Bids_for_Transport_Sector__August_2016.pdf,1,5,16.1,8528528,0,0,0,ok
baseline,corpus,Rotated Text Libre Office.pdf,1,1,0.8,276984,0,0,0,ok
baseline,corpus,Rotation 45.pdf,1,4,45.1,17674168,0,0,0,ok
baseline,corpus,SPARC - v9 Architecture Manual.pdf,1,5,222.1,108579784,2,1,1,ok
baseline,corpus,SPE8EF26T0545.pdf,1,5,16.7,11406640,1,0,0,ok
baseline,corpus,ShowTextOpWithUnbalancedRoundBrackets.pdf,1,1,6.2,4634688,0,0,0,ok
baseline,corpus,Single Page Broken Offsets - from google drive.pdf,1,1,1.8,611696,0,0,0,ok
baseline,corpus,Single Page Form Content - from itext 1_1.pdf,1,1,1.6,785248,0,0,0,ok
baseline,corpus,Single Page Hyperlinks - from open office.pdf,1,1,0.8,411544,0,0,0,ok
baseline,corpus,Single Page Images - from libre office.pdf,1,1,0.6,392976,0,0,0,ok
baseline,corpus,Single Page Non Latin - from acrobat distiller.pdf,1,1,1.0,417528,0,0,0,ok
baseline,corpus,Single Page Simple - from google drive.pdf,1,1,1.1,604640,0,0,0,ok
baseline,corpus,Single Page Simple - from inkscape.pdf,1,1,0.5,171088,0,0,0,ok
baseline,corpus,Single Page Simple - from open office.pdf,1,1,0.6,291872,0,0,0,ok
baseline,corpus,Single Page Type 1 Font.pdf,1,1,0.3,85216,0,0,0,ok
baseline,corpus,SinglePage180ClockwiseRotation - from PdfPig.pdf,1,1,0.5,248640,0,0,0,ok
baseline,corpus,SinglePage270ClockwiseRotation - from PdfPig.pdf,1,1,0.5,248568,0,0,0,ok
baseline,corpus,SinglePage90ClockwiseRotation - from PdfPig.pdf,1,1,0.5,248568,0,0,0,ok
baseline,corpus,SmallCropbox.pdf,1,1,1.8,1617768,0,0,0,ok
baseline,corpus,TIKA-1552-0.pdf,1,5,34.8,23366040,1,1,1,ok
baseline,corpus,TIKA-2054-0.pdf,1,5,31.1,23325144,1,0,0,ok
baseline,corpus,TIKA-469-0.pdf,1,2,6.7,4753632,0,0,0,ok
baseline,corpus,Test.Doc.pdf,1,1,2.4,1738488,0,0,0,ok
baseline,corpus,TrueTypeTablesGlyphDataTableReadGlyphsError.pdf,1,1,8.1,4528472,0,0,0,ok
baseline,corpus,Two Page Text Only - from libre office.pdf,1,2,2.5,1750352,0,0,0,ok
baseline,corpus,Type0 Font.pdf,1,1,10.5,10340976,0,0,0,ok
baseline,corpus,Type0_CJK_Font.pdf,1,5,59.9,4917912,0,0,0,ok
baseline,corpus,Type3Test.pdf,1,1,0.6,158096,0,0,0,ok
baseline,corpus,Various Content Types.pdf,1,1,0.9,279952,0,0,0,ok
baseline,corpus,Why.does.this.not.work.pdf,1,1,2.0,1050064,0,0,0,ok
baseline,corpus,_citUR2jB1_ay56u6vELzk.pdf,1,2,2.5,2368744,0,0,0,ok
baseline,corpus,annotation-comments.pdf,1,1,0.7,295912,0,0,0,ok
baseline,corpus,bold-italic.pdf,1,1,3.1,1899280,0,0,0,ok
baseline,corpus,bookmarks-with-accented-characters.pdf,1,1,0.6,331280,0,0,0,ok
baseline,corpus,byz.pdf,1,1,4.4,2270064,0,0,0,ok
baseline,corpus,capas.pdf,1,5,11.7,8295872,1,1,0,ok
baseline,corpus,cat-genetics.pdf,1,1,15.8,6780872,1,1,1,ok
baseline,corpus,cat-genetics_bobld.pdf,1,1,6.8,7025912,0,0,0,ok
baseline,corpus,cmap-parsing-exception.pdf,1,1,18.0,13349904,0,0,0,ok
baseline,corpus,cropped-and-rotated.pdf,1,1,1.3,774896,0,0,0,ok
baseline,corpus,data.pdf,1,3,5.1,4039992,0,0,0,ok
baseline,corpus,dotnet-ai.pdf,1,5,27.2,32442560,1,1,1,ok
baseline,corpus,felltypes-test.pdf,1,1,13.3,4975952,0,0,0,ok
baseline,corpus,hex_0x0006.pdf,1,1,1.2,659472,0,0,0,ok
baseline,corpus,inherited_mediabox.pdf,1,1,0.2,54600,0,0,0,ok
baseline,corpus,iron-ore-q2-q3-2013.pdf,1,5,37.5,35998272,1,0,0,ok
baseline,corpus,issue_1163.pdf,1,2,0.4,182904,0,0,0,ok
baseline,corpus,issue_1330.pdf,1,1,0.2,56480,0,0,0,ok
baseline,corpus,issue_1331.pdf,1,1,1.9,1528968,0,0,0,ok
baseline,corpus,issue_671.pdf,1,2,19.0,18332544,0,0,0,ok
baseline,corpus,issue_881.pdf,1,1,1.2,777392,0,0,0,ok
baseline,corpus,issues-1176-1.pdf,1,1,2.2,2142896,0,0,0,ok
baseline,corpus,issues-1176.pdf,1,1,15.5,7145992,1,1,1,ok
baseline,corpus,journal.pone.0196757.pdf,1,5,40.0,35589752,0,0,0,ok
baseline,corpus,jtehm-melillo-2679746.pdf,1,5,87.3,52898584,3,2,1,ok
baseline,corpus,little-pig-in-armenian.pdf,1,1,0.9,323840,0,0,0,ok
baseline,corpus,odwriteex.pdf,1,1,1.1,718800,0,0,0,ok
baseline,corpus,outline.pdf,1,3,1.8,1120904,0,0,0,ok
baseline,corpus,output_w3c_csswg_drafts_issues2023.pdf,1,1,0.6,262144,0,0,0,ok
baseline,corpus,path_ext_oddeven.pdf,1,1,1.5,1157376,0,0,0,ok
baseline,corpus,pop-bugzilla37292.pdf,1,4,7.5,7984864,0,0,0,ok
baseline,corpus,reference-2-numeric-error.pdf,1,1,14.8,7196176,0,0,0,ok
baseline,corpus,soundandvision.pdf,1,1,2.7,2022840,0,0,0,ok
baseline,corpus,ssm2163.pdf,1,5,19.3,11263072,0,0,0,ok
baseline,corpus,steam_in_page_dict.pdf,1,1,3.1,103048,0,0,0,ok
baseline,corpus,test-2_so_74165171.pdf,1,1,128.4,41138672,1,1,1,ok
baseline,corpus,testPdf-1.pdf,1,2,5.7,5927400,0,0,0,ok
baseline,corpus,test_a-5.pdf,1,5,84.2,69185776,1,1,1,ok
baseline,corpus,test_a.pdf,1,5,72.6,69183872,0,0,0,ok
baseline,corpus,toc.pdf,1,5,33.7,7514360,1,0,0,ok
baseline,corpus,type3-font-zero-height.pdf,1,1,26.6,7014280,1,1,1,ok
baseline,corpus,0000851.pdf,2,5,269.6,122448472,1,1,1,ok
baseline,corpus,11194059_2017-11_de_s.pdf,2,2,24.7,27469232,0,0,0,ok
baseline,corpus,2006_Swedish_Touring_Car_Championship.pdf,2,4,7.1,7880096,0,0,0,ok
baseline,corpus,2108.11480.pdf,2,5,93.3,76679632,0,0,0,ok
baseline,corpus,22060_A1_01_Plans-1.pdf,2,1,5.8,9433664,0,0,0,ok
baseline,corpus,6.Secrets.to.Startup.Success.PDFDrive.pdf,2,5,46.0,24671784,1,1,1,ok
baseline,corpus,68-1990-01_A.pdf,2,5,49.9,44326760,1,0,0,ok
baseline,corpus,AcroFormsBasicFields.pdf,2,1,0.9,594040,0,0,0,ok
baseline,corpus,Approved_Document_B__fire_safety__volume_2_-_Buildings_other_than_dwellings__2019_edition_incorporating_2020_and_2022_amendments.pdf,2,5,49.6,52377784,2,2,2,ok
baseline,corpus,Arve.nr.1615.17.04.2026.pdf,2,1,1.6,1192632,0,0,0,ok
baseline,corpus,ClipPathLetterFilter-Test1.pdf,2,5,10.8,12173056,0,0,0,ok
baseline,corpus,ClipPathLetterFilter-Test2.pdf,2,1,6.8,8369984,0,0,0,ok
baseline,corpus,ColorIssue.pdf,2,1,39.1,32183072,1,1,1,ok
baseline,corpus,DeviceN_CS_test.pdf,2,5,24.5,21629808,1,1,1,ok
baseline,corpus,Diacritics_export.pdf,2,1,1.9,2350584,0,0,0,ok
baseline,corpus,EmptyPdf.pdf,2,1,0.2,37576,0,0,0,ok
baseline,corpus,ErcotFacts.pdf,2,2,13.9,13717520,0,0,0,ok
baseline,corpus,FICTIF_TABLE_INDEX.pdf,2,5,13.0,14805248,0,0,0,ok
baseline,corpus,FarmerMac.pdf,2,5,14.9,13732080,1,1,0,ok
baseline,corpus,Font Size Test - from google chrome print pdf.pdf,2,1,0.9,480496,0,0,0,ok
baseline,corpus,Font Size Test - from libre office.pdf,2,1,0.4,193480,0,0,0,ok
baseline,corpus,FontMatrix-1.pdf,2,1,0.3,216408,0,0,0,ok
baseline,corpus,FontMatrix-concat.pdf,2,1,0.2,134184,0,0,0,ok
baseline,corpus,FontMatrix-otf-bad-hmtx.pdf,2,1,1.0,745192,0,0,0,ok
baseline,corpus,FontMatrix-otf.pdf,2,1,1.3,749472,0,0,0,ok
baseline,corpus,FontMatrix-raw.pdf,2,1,1.1,690072,0,0,0,ok
baseline,corpus,GHOSTSCRIPT-692564-0.pdf,2,1,0.7,552696,0,0,0,ok
baseline,corpus,GHOSTSCRIPT-695513-0.pdf,2,1,2.1,3541504,0,0,0,ok
baseline,corpus,GHOSTSCRIPT-696171-0.pdf,2,5,9.8,11349720,0,0,0,ok
baseline,corpus,GHOSTSCRIPT-696547-0.zip-7.pdf,2,1,3.6,7366280,0,0,0,ok
baseline,corpus,GHOSTSCRIPT-696547-0.zip-9.pdf,2,1,3.9,7366320,0,0,0,ok
baseline,corpus,GHOSTSCRIPT-697234-0.pdf,2,3,25.5,22751632,1,1,0,ok
baseline,corpus,GHOSTSCRIPT-697507-0.pdf,2,1,16.9,7999944,1,1,1,ok
baseline,corpus,GHOSTSCRIPT-697984-3.pdf,2,1,2.9,1652600,0,0,0,ok
baseline,corpus,GHOSTSCRIPT-698168-0.pdf,2,1,2.5,2818968,0,0,0,ok
baseline,corpus,GHOSTSCRIPT-698363-0.pdf,2,1,1.5,465488,0,0,0,ok
baseline,corpus,GHOSTSCRIPT-698721-0.zip-6.pdf,2,2,10.9,7741072,0,0,0,ok
baseline,corpus,GHOSTSCRIPT-698721-1.pdf,2,1,1.6,2153192,0,0,0,ok
baseline,corpus,GHOSTSCRIPT-699035-0.pdf,2,5,43.8,38282432,1,0,0,ok
baseline,corpus,GHOSTSCRIPT-699178-0.pdf,2,3,6.6,8437008,0,0,0,ok
baseline,corpus,GHOSTSCRIPT-699375-5.pdf,2,1,3.2,3074808,0,0,0,ok
baseline,corpus,GHOSTSCRIPT-699488-0.pdf,2,1,6.5,8125856,0,0,0,ok
baseline,corpus,GHOSTSCRIPT-699554-0.zip-4.pdf,2,1,1.9,1656024,0,0,0,ok
baseline,corpus,GHOSTSCRIPT-700125-1.pdf,2,5,12.4,17640256,0,0,0,ok
baseline,corpus,GHOSTSCRIPT-700139-0.pdf,2,2,151.7,116126784,2,2,1,ok
baseline,corpus,GHOSTSCRIPT-700236-1.pdf,2,5,11.8,13567376,0,0,0,ok
baseline,corpus,GHOSTSCRIPT-700288-1.pdf,2,1,4.3,4642936,0,0,0,ok
baseline,corpus,GHOSTSCRIPT-700370-2.pdf,2,1,1.7,1530496,0,0,0,ok
baseline,corpus,GHOSTSCRIPT-700931-0.7z-5.pdf,2,2,1.5,1230576,0,0,0,ok
baseline,corpus,GHOSTSCRIPT-702013-1.pdf,2,1,3.2,3953016,0,0,0,ok
baseline,corpus,Gamebook.pdf,2,5,21.1,9368792,1,1,1,ok
baseline,corpus,GlyphDataTableReadCompositeGlyphError.pdf,2,1,4.1,2901896,0,0,0,ok
baseline,corpus,Grapheme clusters emoji.pdf,2,1,0.4,155224,0,0,0,ok
baseline,corpus,ICML03-081.pdf,2,5,18.1,17283328,0,0,0,ok
baseline,corpus,Indexed-DeviceRGB-JPXDecode-0-.0.0.255.0.-Font-F1_1_missing_char_255-1.pdf,2,1,24.0,17065152,0,0,0,ok
baseline,corpus,IndexedCS_negative_and_high.pdf,2,1,0.4,85056,0,0,0,ok
baseline,corpus,Judgement Document.pdf,2,5,6.5,9127904,0,0,0,ok
baseline,corpus,LKR824191.pdf,2,1,2.8,4163752,0,0,0,ok
baseline,corpus,Layer pdf - 322_High_Holborn_building_Brochure.pdf,2,3,33.5,37064168,0,0,0,ok
baseline,corpus,MOZILLA-10084-0.pdf,2,1,4.6,3227936,0,0,0,ok
baseline,corpus,MOZILLA-10225-0.pdf,2,5,15.7,23062600,0,0,0,ok
baseline,corpus,MOZILLA-10372-2.pdf,2,5,34.9,12996376,1,1,1,ok
baseline,corpus,MOZILLA-2775-1.pdf,2,5,15.6,17746880,1,0,0,ok
baseline,corpus,MOZILLA-3136-0.pdf,2,4,212.5,217541480,2,1,1,ok
baseline,corpus,MOZILLA-7375-0.pdf,2,5,15.0,15734280,0,0,0,ok
baseline,corpus,MOZILLA-9176-2.pdf,2,5,27.0,9939360,1,1,1,ok
baseline,corpus,MOZILLA-LINK-3264-0.pdf,2,5,2.1,3447416,0,0,0,ok
baseline,corpus,MOZILLA-LINK-5251-1.pdf,2,2,2.1,2210032,0,0,0,ok
baseline,corpus,Math119FakingData.pdf,2,5,7.4,9330824,0,0,0,ok
baseline,corpus,Motor Insurance claim form.pdf,2,3,84.6,67358296,2,1,1,ok
baseline,corpus,Multiple Page - from Mortality Statistics.pdf,2,5,6.0,8224528,0,0,0,ok
baseline,corpus,OPEN.RABBIT.ENGLISH.LOP.pdf,2,5,20.7,27511888,0,0,0,ok
baseline,corpus,Old Gutnish Internet Explorer.pdf,2,3,28.5,14278672,1,1,1,ok
baseline,corpus,P2P-33713919.pdf,2,5,12.2,23054960,0,0,0,ok
baseline,corpus,PDFBOX-1869-4-1.pdf,2,1,0.7,487328,0,0,0,ok
baseline,corpus,PDFBOX-492-4.jar-8.pdf,2,2,24.7,16922104,1,0,0,ok
baseline,corpus,PDFBOX-624-2.pdf,2,5,8.6,11352008,0,0,0,ok
baseline,corpus,Pig Production Handbook.pdf,2,5,8.7,11660472,0,0,0,ok
baseline,corpus,Pig Reproduction Powerpoint.pdf,2,5,5.9,9181608,0,0,0,ok
baseline,corpus,Publication_of_award_of_Bids_for_Transport_Sector__August_2016.pdf,2,5,7.0,8291248,0,0,0,ok
baseline,corpus,Rotated Text Libre Office.pdf,2,1,0.5,243552,0,0,0,ok
baseline,corpus,Rotation 45.pdf,2,4,28.7,10020768,1,1,1,ok
baseline,corpus,SPARC - v9 Architecture Manual.pdf,2,5,71.5,108578192,0,0,0,ok
baseline,corpus,SPE8EF26T0545.pdf,2,5,26.9,11399688,1,0,0,ok
baseline,corpus,ShowTextOpWithUnbalancedRoundBrackets.pdf,2,1,4.1,4634304,0,0,0,ok
baseline,corpus,Single Page Broken Offsets - from google drive.pdf,2,1,1.4,590240,0,0,0,ok
baseline,corpus,Single Page Form Content - from itext 1_1.pdf,2,1,0.8,785080,0,0,0,ok
baseline,corpus,Single Page Hyperlinks - from open office.pdf,2,1,0.6,366520,0,0,0,ok
baseline,corpus,Single Page Images - from libre office.pdf,2,1,0.4,387120,0,0,0,ok
baseline,corpus,Single Page Non Latin - from acrobat distiller.pdf,2,1,0.7,397560,0,0,0,ok
baseline,corpus,Single Page Simple - from google drive.pdf,2,1,0.9,583256,0,0,0,ok
baseline,corpus,Single Page Simple - from inkscape.pdf,2,1,0.4,154000,0,0,0,ok
baseline,corpus,Single Page Simple - from open office.pdf,2,1,0.5,268496,0,0,0,ok
baseline,corpus,Single Page Type 1 Font.pdf,2,1,0.3,85192,0,0,0,ok
baseline,corpus,SinglePage180ClockwiseRotation - from PdfPig.pdf,2,1,0.4,202368,0,0,0,ok
baseline,corpus,SinglePage270ClockwiseRotation - from PdfPig.pdf,2,1,0.4,202368,0,0,0,ok
baseline,corpus,SinglePage90ClockwiseRotation - from PdfPig.pdf,2,1,0.3,202368,0,0,0,ok
baseline,corpus,SmallCropbox.pdf,2,1,1.4,1617600,0,0,0,ok
baseline,corpus,TIKA-1552-0.pdf,2,5,30.9,23347472,1,1,1,ok
baseline,corpus,TIKA-2054-0.pdf,2,5,18.4,23321560,0,0,0,ok
baseline,corpus,TIKA-469-0.pdf,2,2,4.2,4744856,0,0,0,ok
baseline,corpus,Test.Doc.pdf,2,1,1.7,1679568,0,0,0,ok
baseline,corpus,TrueTypeTablesGlyphDataTableReadGlyphsError.pdf,2,1,4.6,3647216,0,0,0,ok
baseline,corpus,Two Page Text Only - from libre office.pdf,2,2,1.7,1587512,0,0,0,ok
baseline,corpus,Type0 Font.pdf,2,1,7.9,9722544,0,0,0,ok
baseline,corpus,Type0_CJK_Font.pdf,2,5,9.4,3270736,0,0,0,ok
baseline,corpus,Type3Test.pdf,2,1,0.3,156704,0,0,0,ok
baseline,corpus,Various Content Types.pdf,2,1,0.4,265312,0,0,0,ok
baseline,corpus,Why.does.this.not.work.pdf,2,1,1.6,1035808,0,0,0,ok
baseline,corpus,_citUR2jB1_ay56u6vELzk.pdf,2,2,1.9,2256304,0,0,0,ok
baseline,corpus,annotation-comments.pdf,2,1,0.5,283240,0,0,0,ok
baseline,corpus,bold-italic.pdf,2,1,2.2,1618288,0,0,0,ok
baseline,corpus,bookmarks-with-accented-characters.pdf,2,1,0.4,331256,0,0,0,ok
baseline,corpus,byz.pdf,2,1,2.3,2269968,0,0,0,ok
baseline,corpus,capas.pdf,2,5,8.7,8042120,1,0,0,ok
baseline,corpus,cat-genetics.pdf,2,1,4.6,6778232,0,0,0,ok
baseline,corpus,cat-genetics_bobld.pdf,2,1,4.9,7025248,0,0,0,ok
baseline,corpus,cmap-parsing-exception.pdf,2,1,16.0,13114656,0,0,0,ok
baseline,corpus,cropped-and-rotated.pdf,2,1,1.1,744056,0,0,0,ok
baseline,corpus,data.pdf,2,3,4.6,4039776,0,0,0,ok
baseline,corpus,dotnet-ai.pdf,2,5,30.6,31752656,1,1,1,ok
baseline,corpus,felltypes-test.pdf,2,1,7.3,4974992,0,0,0,ok
baseline,corpus,hex_0x0006.pdf,2,1,0.9,658728,0,0,0,ok
baseline,corpus,inherited_mediabox.pdf,2,1,0.2,54504,0,0,0,ok
baseline,corpus,iron-ore-q2-q3-2013.pdf,2,5,35.3,35959320,1,1,1,ok
baseline,corpus,issue_1163.pdf,2,2,0.4,182856,0,0,0,ok
baseline,corpus,issue_1330.pdf,2,1,0.2,56456,0,0,0,ok
baseline,corpus,issue_1331.pdf,2,1,1.5,1352544,0,0,0,ok
baseline,corpus,issue_671.pdf,2,2,17.6,17901912,0,0,0,ok
baseline,corpus,issue_881.pdf,2,1,1.0,616816,0,0,0,ok
baseline,corpus,issues-1176-1.pdf,2,1,2.0,2142368,0,0,0,ok
baseline,corpus,issues-1176.pdf,2,1,3.2,7143952,0,0,0,ok
baseline,corpus,journal.pone.0196757.pdf,2,5,49.0,35565856,1,1,1,ok
baseline,corpus,jtehm-melillo-2679746.pdf,2,5,48.3,52894776,0,0,0,ok
baseline,corpus,little-pig-in-armenian.pdf,2,1,0.8,312760,0,0,0,ok
baseline,corpus,odwriteex.pdf,2,1,0.8,718704,0,0,0,ok
baseline,corpus,outline.pdf,2,3,1.8,1087568,0,0,0,ok
baseline,corpus,output_w3c_csswg_drafts_issues2023.pdf,2,1,0.6,261912,0,0,0,ok
baseline,corpus,path_ext_oddeven.pdf,2,1,1.4,1041912,0,0,0,ok
baseline,corpus,pop-bugzilla37292.pdf,2,4,6.6,7618792,0,0,0,ok
baseline,corpus,reference-2-numeric-error.pdf,2,1,8.6,7193704,0,0,0,ok
baseline,corpus,soundandvision.pdf,2,1,2.2,1857000,0,0,0,ok
baseline,corpus,ssm2163.pdf,2,5,9.6,10612656,0,0,0,ok
baseline,corpus,steam_in_page_dict.pdf,2,1,0.4,102952,0,0,0,ok
baseline,corpus,test-2_so_74165171.pdf,2,1,67.4,39104872,1,1,1,ok
baseline,corpus,testPdf-1.pdf,2,2,5.4,5704840,0,0,0,ok
baseline,corpus,test_a-5.pdf,2,5,93.0,68830072,2,1,1,ok
baseline,corpus,test_a.pdf,2,5,53.0,68828600,0,0,0,ok
baseline,corpus,toc.pdf,2,5,7.4,7514240,0,0,0,ok
baseline,corpus,type3-font-zero-height.pdf,2,1,9.8,7006888,0,0,0,ok
baseline,corpus,0000851.pdf,3,5,184.5,122448032,2,1,1,ok
baseline,corpus,11194059_2017-11_de_s.pdf,3,2,28.6,27416528,0,0,0,ok
baseline,corpus,2006_Swedish_Touring_Car_Championship.pdf,3,4,8.3,7663856,0,0,0,ok
baseline,corpus,2108.11480.pdf,3,5,82.8,76076776,1,1,0,ok
baseline,corpus,22060_A1_01_Plans-1.pdf,3,1,14.5,9435528,1,1,1,ok
baseline,corpus,6.Secrets.to.Startup.Success.PDFDrive.pdf,3,5,17.4,24670264,0,0,0,ok
baseline,corpus,68-1990-01_A.pdf,3,5,57.9,44328232,1,1,1,ok
baseline,corpus,AcroFormsBasicFields.pdf,3,1,1.0,594040,0,0,0,ok
baseline,corpus,Approved_Document_B__fire_safety__volume_2_-_Buildings_other_than_dwellings__2019_edition_incorporating_2020_and_2022_amendments.pdf,3,5,39.2,52376104,1,1,1,ok
baseline,corpus,Arve.nr.1615.17.04.2026.pdf,3,1,1.9,1192632,0,0,0,ok
baseline,corpus,ClipPathLetterFilter-Test1.pdf,3,5,10.6,12173056,0,0,0,ok
baseline,corpus,ClipPathLetterFilter-Test2.pdf,3,1,7.1,8369984,0,0,0,ok
baseline,corpus,ColorIssue.pdf,3,1,37.1,32183072,1,1,1,ok
baseline,corpus,DeviceN_CS_test.pdf,3,5,28.7,21629808,1,1,1,ok
baseline,corpus,Diacritics_export.pdf,3,1,2.2,2350584,0,0,0,ok
baseline,corpus,EmptyPdf.pdf,3,1,0.3,37576,0,0,0,ok
baseline,corpus,ErcotFacts.pdf,3,2,12.6,13717520,0,0,0,ok
baseline,corpus,FICTIF_TABLE_INDEX.pdf,3,5,12.5,14805248,0,0,0,ok
baseline,corpus,FarmerMac.pdf,3,5,11.5,13732080,0,0,0,ok
baseline,corpus,Font Size Test - from google chrome print pdf.pdf,3,1,0.9,480288,0,0,0,ok
baseline,corpus,Font Size Test - from libre office.pdf,3,1,0.4,193480,0,0,0,ok
baseline,corpus,FontMatrix-1.pdf,3,1,0.4,216408,0,0,0,ok
baseline,corpus,FontMatrix-concat.pdf,3,1,0.2,134184,0,0,0,ok
baseline,corpus,FontMatrix-otf-bad-hmtx.pdf,3,1,1.2,745192,0,0,0,ok
baseline,corpus,FontMatrix-otf.pdf,3,1,1.4,749472,0,0,0,ok
baseline,corpus,FontMatrix-raw.pdf,3,1,1.3,690072,0,0,0,ok
baseline,corpus,GHOSTSCRIPT-692564-0.pdf,3,1,0.9,552696,0,0,0,ok
baseline,corpus,GHOSTSCRIPT-695513-0.pdf,3,1,2.8,3541504,0,0,0,ok
baseline,corpus,GHOSTSCRIPT-696171-0.pdf,3,5,11.9,11349720,1,1,0,ok
baseline,corpus,GHOSTSCRIPT-696547-0.zip-7.pdf,3,1,3.9,7366488,0,0,0,ok
baseline,corpus,GHOSTSCRIPT-696547-0.zip-9.pdf,3,1,4.5,7366320,1,0,0,ok
baseline,corpus,GHOSTSCRIPT-697234-0.pdf,3,3,28.2,22751840,1,1,0,ok
baseline,corpus,GHOSTSCRIPT-697507-0.pdf,3,1,8.1,7998264,0,0,0,ok
baseline,corpus,GHOSTSCRIPT-697984-3.pdf,3,1,2.4,1652392,0,0,0,ok
baseline,corpus,GHOSTSCRIPT-698168-0.pdf,3,1,2.1,2818968,0,0,0,ok
baseline,corpus,GHOSTSCRIPT-698363-0.pdf,3,1,1.8,465080,0,0,0,ok
baseline,corpus,GHOSTSCRIPT-698721-0.zip-6.pdf,3,2,7.0,7741072,0,0,0,ok
baseline,corpus,GHOSTSCRIPT-698721-1.pdf,3,1,1.9,2153192,0,0,0,ok
baseline,corpus,GHOSTSCRIPT-699035-0.pdf,3,5,45.0,38284112,1,1,1,ok
baseline,corpus,GHOSTSCRIPT-699178-0.pdf,3,3,7.9,8437008,0,0,0,ok
baseline,corpus,GHOSTSCRIPT-699375-5.pdf,3,1,3.6,3074808,0,0,0,ok
baseline,corpus,GHOSTSCRIPT-699488-0.pdf,3,1,19.7,8125856,1,0,0,ok
baseline,corpus,GHOSTSCRIPT-699554-0.zip-4.pdf,3,1,1.6,1656232,0,0,0,ok
baseline,corpus,GHOSTSCRIPT-700125-1.pdf,3,5,13.0,17640256,0,0,0,ok
baseline,corpus,GHOSTSCRIPT-700139-0.pdf,3,2,136.6,116126784,2,2,1,ok
baseline,corpus,GHOSTSCRIPT-700236-1.pdf,3,5,11.9,13567376,0,0,0,ok
baseline,corpus,GHOSTSCRIPT-700288-1.pdf,3,1,4.8,4642936,0,0,0,ok
baseline,corpus,GHOSTSCRIPT-700370-2.pdf,3,1,2.3,1530496,0,0,0,ok
baseline,corpus,GHOSTSCRIPT-700931-0.7z-5.pdf,3,2,1.7,1230576,0,0,0,ok
baseline,corpus,GHOSTSCRIPT-702013-1.pdf,3,1,4.5,3953016,0,0,0,ok
baseline,corpus,Gamebook.pdf,3,5,10.0,9367112,0,0,0,ok
baseline,corpus,GlyphDataTableReadCompositeGlyphError.pdf,3,1,4.6,2901688,0,0,0,ok
baseline,corpus,Grapheme clusters emoji.pdf,3,1,0.5,155224,0,0,0,ok
baseline,corpus,ICML03-081.pdf,3,5,17.5,17283328,0,0,0,ok
baseline,corpus,Indexed-DeviceRGB-JPXDecode-0-.0.0.255.0.-Font-F1_1_missing_char_255-1.pdf,3,1,28.7,17065152,0,0,0,ok
baseline,corpus,IndexedCS_negative_and_high.pdf,3,1,0.5,85056,0,0,0,ok
baseline,corpus,Judgement Document.pdf,3,5,9.4,9127904,0,0,0,ok
baseline,corpus,LKR824191.pdf,3,1,4.5,4163752,0,0,0,ok
baseline,corpus,Layer pdf - 322_High_Holborn_building_Brochure.pdf,3,3,54.0,37065848,3,1,1,ok
baseline,corpus,MOZILLA-10084-0.pdf,3,1,3.3,3228144,0,0,0,ok
baseline,corpus,MOZILLA-10225-0.pdf,3,5,15.2,23062600,0,0,0,ok
baseline,corpus,MOZILLA-10372-2.pdf,3,5,10.2,12994696,0,0,0,ok
baseline,corpus,MOZILLA-2775-1.pdf,3,5,13.6,17746672,0,0,0,ok
baseline,corpus,MOZILLA-3136-0.pdf,3,4,257.5,217542952,3,2,2,ok
baseline,corpus,MOZILLA-7375-0.pdf,3,5,11.8,15734280,0,0,0,ok
baseline,corpus,MOZILLA-9176-2.pdf,3,5,2.6,9937680,0,0,0,ok
baseline,corpus,MOZILLA-LINK-3264-0.pdf,3,5,1.8,3447208,0,0,0,ok
baseline,corpus,MOZILLA-LINK-5251-1.pdf,3,2,2.1,2210032,0,0,0,ok
baseline,corpus,Math119FakingData.pdf,3,5,7.0,9330824,0,0,0,ok
baseline,corpus,Motor Insurance claim form.pdf,3,3,111.0,67359976,2,2,2,ok
baseline,corpus,Multiple Page - from Mortality Statistics.pdf,3,5,6.0,8224528,0,0,0,ok
baseline,corpus,OPEN.RABBIT.ENGLISH.LOP.pdf,3,5,20.2,27511888,0,0,0,ok
baseline,corpus,Old Gutnish Internet Explorer.pdf,3,3,12.2,14276992,0,0,0,ok
baseline,corpus,P2P-33713919.pdf,3,5,35.5,23054752,1,0,0,ok
baseline,corpus,PDFBOX-1869-4-1.pdf,3,1,0.8,487536,0,0,0,ok
baseline,corpus,PDFBOX-492-4.jar-8.pdf,3,2,17.6,16922104,0,0,0,ok
baseline,corpus,PDFBOX-624-2.pdf,3,5,9.5,11351800,0,0,0,ok
baseline,corpus,Pig Production Handbook.pdf,3,5,9.1,11660472,0,0,0,ok
baseline,corpus,Pig Reproduction Powerpoint.pdf,3,5,18.9,9183288,1,1,1,ok
baseline,corpus,Publication_of_award_of_Bids_for_Transport_Sector__August_2016.pdf,3,5,7.2,8291456,0,0,0,ok
baseline,corpus,Rotated Text Libre Office.pdf,3,1,0.6,243552,0,0,0,ok
baseline,corpus,Rotation 45.pdf,3,4,12.8,10018568,0,0,0,ok
baseline,corpus,SPARC - v9 Architecture Manual.pdf,3,5,104.5,108579664,2,1,1,ok
baseline,corpus,SPE8EF26T0545.pdf,3,5,8.8,11399896,0,0,0,ok
baseline,corpus,ShowTextOpWithUnbalancedRoundBrackets.pdf,3,1,4.5,4634096,0,0,0,ok
baseline,corpus,Single Page Broken Offsets - from google drive.pdf,3,1,1.5,590240,0,0,0,ok
baseline,corpus,Single Page Form Content - from itext 1_1.pdf,3,1,0.9,785080,0,0,0,ok
baseline,corpus,Single Page Hyperlinks - from open office.pdf,3,1,0.6,366520,0,0,0,ok
baseline,corpus,Single Page Images - from libre office.pdf,3,1,0.5,387120,0,0,0,ok
baseline,corpus,Single Page Non Latin - from acrobat distiller.pdf,3,1,0.8,397560,0,0,0,ok
baseline,corpus,Single Page Simple - from google drive.pdf,3,1,0.9,583256,0,0,0,ok
baseline,corpus,Single Page Simple - from inkscape.pdf,3,1,0.4,154000,0,0,0,ok
baseline,corpus,Single Page Simple - from open office.pdf,3,1,0.4,268496,0,0,0,ok
baseline,corpus,Single Page Type 1 Font.pdf,3,1,0.2,85192,0,0,0,ok
baseline,corpus,SinglePage180ClockwiseRotation - from PdfPig.pdf,3,1,0.3,202368,0,0,0,ok
baseline,corpus,SinglePage270ClockwiseRotation - from PdfPig.pdf,3,1,0.5,202368,0,0,0,ok
baseline,corpus,SinglePage90ClockwiseRotation - from PdfPig.pdf,3,1,0.4,202368,0,0,0,ok
baseline,corpus,SmallCropbox.pdf,3,1,1.4,1617600,0,0,0,ok
baseline,corpus,TIKA-1552-0.pdf,3,5,32.8,23345792,1,0,0,ok
baseline,corpus,TIKA-2054-0.pdf,3,5,19.9,23321560,0,0,0,ok
baseline,corpus,TIKA-469-0.pdf,3,2,4.5,4744856,0,0,0,ok
baseline,corpus,Test.Doc.pdf,3,1,1.8,1679568,0,0,0,ok
baseline,corpus,TrueTypeTablesGlyphDataTableReadGlyphsError.pdf,3,1,4.9,3647216,0,0,0,ok
baseline,corpus,Two Page Text Only - from libre office.pdf,3,2,1.6,1587512,0,0,0,ok
baseline,corpus,Type0 Font.pdf,3,1,24.1,9724224,1,1,1,ok
baseline,corpus,Type0_CJK_Font.pdf,3,5,9.2,3270944,0,0,0,ok
baseline,corpus,Type3Test.pdf,3,1,0.5,156704,0,0,0,ok
baseline,corpus,Various Content Types.pdf,3,1,0.5,265312,0,0,0,ok
baseline,corpus,Why.does.this.not.work.pdf,3,1,1.5,1035808,0,0,0,ok
baseline,corpus,_citUR2jB1_ay56u6vELzk.pdf,3,2,1.7,2256304,0,0,0,ok
baseline,corpus,annotation-comments.pdf,3,1,0.5,283240,0,0,0,ok
baseline,corpus,bold-italic.pdf,3,1,2.1,1618288,0,0,0,ok
baseline,corpus,bookmarks-with-accented-characters.pdf,3,1,0.5,331256,0,0,0,ok
baseline,corpus,byz.pdf,3,1,1.9,2269968,0,0,0,ok
baseline,corpus,capas.pdf,3,5,5.2,8042120,0,0,0,ok
baseline,corpus,cat-genetics.pdf,3,1,4.8,6778024,0,0,0,ok
baseline,corpus,cat-genetics_bobld.pdf,3,1,4.8,7025248,0,0,0,ok
baseline,corpus,cmap-parsing-exception.pdf,3,1,15.6,13114656,0,0,0,ok
baseline,corpus,cropped-and-rotated.pdf,3,1,1.1,744056,0,0,0,ok
baseline,corpus,data.pdf,3,3,3.5,4039776,0,0,0,ok
baseline,corpus,dotnet-ai.pdf,3,5,36.2,31752656,1,1,1,ok
baseline,corpus,felltypes-test.pdf,3,1,7.6,4974992,0,0,0,ok
baseline,corpus,hex_0x0006.pdf,3,1,0.9,658728,0,0,0,ok
baseline,corpus,inherited_mediabox.pdf,3,1,0.2,54504,0,0,0,ok
baseline,corpus,iron-ore-q2-q3-2013.pdf,3,5,40.4,35960256,2,1,1,ok
baseline,corpus,issue_1163.pdf,3,2,0.7,182856,0,0,0,ok
baseline,corpus,issue_1330.pdf,3,1,0.3,56456,0,0,0,ok
baseline,corpus,issue_1331.pdf,3,1,1.6,1352544,0,0,0,ok
baseline,corpus,issue_671.pdf,3,2,17.9,17901912,0,0,0,ok
baseline,corpus,issue_881.pdf,3,1,1.2,616816,0,0,0,ok
baseline,corpus,issues-1176-1.pdf,3,1,1.9,2142368,0,0,0,ok
baseline,corpus,issues-1176.pdf,3,1,2.7,7143952,0,0,0,ok
baseline,corpus,journal.pone.0196757.pdf,3,5,22.6,35564176,0,0,0,ok
baseline,corpus,jtehm-melillo-2679746.pdf,3,5,67.0,52896248,1,1,1,ok
baseline,corpus,little-pig-in-armenian.pdf,3,1,0.7,312968,0,0,0,ok
baseline,corpus,odwriteex.pdf,3,1,0.8,718704,0,0,0,ok
baseline,corpus,outline.pdf,3,3,1.7,1087568,0,0,0,ok
baseline,corpus,output_w3c_csswg_drafts_issues2023.pdf,3,1,0.6,261912,0,0,0,ok
baseline,corpus,path_ext_oddeven.pdf,3,1,1.8,1041912,0,0,0,ok
baseline,corpus,pop-bugzilla37292.pdf,3,4,7.3,7618792,0,0,0,ok
baseline,corpus,reference-2-numeric-error.pdf,3,1,8.7,7193704,0,0,0,ok
baseline,corpus,soundandvision.pdf,3,1,2.4,1857000,0,0,0,ok
baseline,corpus,ssm2163.pdf,3,5,8.6,10612656,0,0,0,ok
baseline,corpus,steam_in_page_dict.pdf,3,1,0.4,102952,0,0,0,ok
baseline,corpus,test-2_so_74165171.pdf,3,1,71.9,39104872,1,1,1,ok
baseline,corpus,testPdf-1.pdf,3,2,5.8,5704840,0,0,0,ok
baseline,corpus,test_a-5.pdf,3,5,55.5,68828392,0,0,0,ok
baseline,corpus,test_a.pdf,3,5,73.4,68830072,1,1,1,ok
baseline,corpus,toc.pdf,3,5,4.7,7514448,0,0,0,ok
baseline,corpus,type3-font-zero-height.pdf,3,1,8.9,7006888,0,0,0,ok
scanner-only,corpus,0000851.pdf,1,5,1111.6,165462984,4,2,2,ok
scanner-only,corpus,11194059_2017-11_de_s.pdf,1,2,116.3,27624688,0,0,0,ok
scanner-only,corpus,2006_Swedish_Touring_Car_Championship.pdf,1,4,34.2,7848304,0,0,0,ok
scanner-only,corpus,2108.11480.pdf,1,5,219.3,76447944,1,1,1,ok
scanner-only,corpus,22060_A1_01_Plans-1.pdf,1,1,29.7,9377304,1,1,1,ok
scanner-only,corpus,6.Secrets.to.Startup.Success.PDFDrive.pdf,1,5,75.8,24673944,0,0,0,ok
scanner-only,corpus,68-1990-01_A.pdf,1,5,216.6,64724816,3,2,2,ok
scanner-only,corpus,AcroFormsBasicFields.pdf,1,1,1.8,595912,0,0,0,ok
scanner-only,corpus,Approved_Document_B__fire_safety__volume_2_-_Buildings_other_than_dwellings__2019_edition_incorporating_2020_and_2022_amendments.pdf,1,5,108.1,51996152,2,2,2,ok
scanner-only,corpus,Arve.nr.1615.17.04.2026.pdf,1,1,4.6,1269880,0,0,0,ok
scanner-only,corpus,ClipPathLetterFilter-Test1.pdf,1,5,98.5,41277584,1,0,0,ok
scanner-only,corpus,ClipPathLetterFilter-Test2.pdf,1,1,22.7,8781528,0,0,0,ok
scanner-only,corpus,ColorIssue.pdf,1,1,90.3,33569936,0,0,0,ok
scanner-only,corpus,DeviceN_CS_test.pdf,1,5,71.9,22012536,1,1,1,ok
scanner-only,corpus,Diacritics_export.pdf,1,1,7.2,2353648,0,0,0,ok
scanner-only,corpus,EmptyPdf.pdf,1,1,0.7,38216,0,0,0,ok
scanner-only,corpus,ErcotFacts.pdf,1,2,56.9,13767928,0,0,0,ok
scanner-only,corpus,FICTIF_TABLE_INDEX.pdf,1,5,61.3,15511376,1,1,1,ok
scanner-only,corpus,FarmerMac.pdf,1,5,57.5,14096736,0,0,0,ok
scanner-only,corpus,Font Size Test - from google chrome print pdf.pdf,1,1,2.1,505192,0,0,0,ok
scanner-only,corpus,Font Size Test - from libre office.pdf,1,1,1.3,202368,0,0,0,ok
scanner-only,corpus,FontMatrix-1.pdf,1,1,0.9,216480,0,0,0,ok
scanner-only,corpus,FontMatrix-concat.pdf,1,1,0.3,134320,0,0,0,ok
scanner-only,corpus,FontMatrix-otf-bad-hmtx.pdf,1,1,4.7,742200,0,0,0,ok
scanner-only,corpus,FontMatrix-otf.pdf,1,1,2.2,742536,0,0,0,ok
scanner-only,corpus,FontMatrix-raw.pdf,1,1,2.8,683208,0,0,0,ok
scanner-only,corpus,GHOSTSCRIPT-692564-0.pdf,1,1,4.2,547824,0,0,0,ok
scanner-only,corpus,GHOSTSCRIPT-695513-0.pdf,1,1,12.8,3522080,0,0,0,ok
scanner-only,corpus,GHOSTSCRIPT-696171-0.pdf,1,5,45.5,11336328,0,0,0,ok
scanner-only,corpus,GHOSTSCRIPT-696547-0.zip-7.pdf,1,1,25.3,7354984,0,0,0,ok
scanner-only,corpus,GHOSTSCRIPT-696547-0.zip-9.pdf,1,1,21.6,7354672,0,0,0,ok
scanner-only,corpus,GHOSTSCRIPT-697234-0.pdf,1,3,112.5,22683096,0,0,0,ok
scanner-only,corpus,GHOSTSCRIPT-697507-0.pdf,1,1,28.7,7908400,0,0,0,ok
scanner-only,corpus,GHOSTSCRIPT-697984-3.pdf,1,1,11.3,1698064,1,0,0,ok
scanner-only,corpus,GHOSTSCRIPT-698168-0.pdf,1,1,7.6,2816680,0,0,0,ok
scanner-only,corpus,GHOSTSCRIPT-698363-0.pdf,1,1,14.2,476960,0,0,0,ok
scanner-only,corpus,GHOSTSCRIPT-698721-0.zip-6.pdf,1,2,27.6,7319480,1,1,1,ok
scanner-only,corpus,GHOSTSCRIPT-698721-1.pdf,1,1,4.8,2032192,0,0,0,ok
scanner-only,corpus,GHOSTSCRIPT-699035-0.pdf,1,5,180.7,38284192,1,0,0,ok
scanner-only,corpus,GHOSTSCRIPT-699178-0.pdf,1,3,23.4,8591136,0,0,0,ok
scanner-only,corpus,GHOSTSCRIPT-699375-5.pdf,1,1,8.5,3266624,0,0,0,ok
scanner-only,corpus,GHOSTSCRIPT-699488-0.pdf,1,1,23.0,8122256,0,0,0,ok
scanner-only,corpus,GHOSTSCRIPT-699554-0.zip-4.pdf,1,1,4.0,1650168,0,0,0,ok
scanner-only,corpus,GHOSTSCRIPT-700125-1.pdf,1,5,55.3,17688520,0,0,0,ok
scanner-only,corpus,GHOSTSCRIPT-700139-0.pdf,1,2,402.9,117712160,3,2,2,ok
scanner-only,corpus,GHOSTSCRIPT-700236-1.pdf,1,5,32.9,13418504,0,0,0,ok
scanner-only,corpus,GHOSTSCRIPT-700288-1.pdf,1,1,12.2,4618136,0,0,0,ok
scanner-only,corpus,GHOSTSCRIPT-700370-2.pdf,1,1,3.5,1669216,0,0,0,ok
scanner-only,corpus,GHOSTSCRIPT-700931-0.7z-5.pdf,1,2,3.9,1222072,0,0,0,ok
scanner-only,corpus,GHOSTSCRIPT-702013-1.pdf,1,1,8.6,3791496,0,0,0,ok
scanner-only,corpus,Gamebook.pdf,1,5,116.5,150679528,8,8,8,ok
scanner-only,corpus,GlyphDataTableReadCompositeGlyphError.pdf,1,1,11.9,3791888,0,0,0,ok
scanner-only,corpus,Grapheme clusters emoji.pdf,1,1,0.6,149672,0,0,0,ok
scanner-only,corpus,ICML03-081.pdf,1,5,32.3,17263584,0,0,0,ok
scanner-only,corpus,Indexed-DeviceRGB-JPXDecode-0-.0.0.255.0.-Font-F1_1_missing_char_255-1.pdf,1,1,49.3,16995384,1,1,0,ok
scanner-only,corpus,IndexedCS_negative_and_high.pdf,1,1,1.1,81952,0,0,0,ok
scanner-only,corpus,Judgement Document.pdf,1,5,23.3,10864032,1,1,1,ok
scanner-only,corpus,LKR824191.pdf,1,1,5.1,4164872,0,0,0,ok
scanner-only,corpus,Layer pdf - 322_High_Holborn_building_Brochure.pdf,1,3,38.9,37446656,0,0,0,ok
scanner-only,corpus,MOZILLA-10084-0.pdf,1,1,5.4,3209024,0,0,0,ok
scanner-only,corpus,MOZILLA-10225-0.pdf,1,5,33.2,23477704,1,1,1,ok
scanner-only,corpus,MOZILLA-10372-2.pdf,1,5,19.9,12996920,0,0,0,ok
scanner-only,corpus,MOZILLA-2775-1.pdf,1,5,26.9,17666232,0,0,0,ok
scanner-only,corpus,MOZILLA-3136-0.pdf,1,4,434.2,219592240,3,1,1,ok
scanner-only,corpus,MOZILLA-7375-0.pdf,1,5,23.8,15747624,0,0,0,ok
scanner-only,corpus,MOZILLA-9176-2.pdf,1,5,2.8,9937680,0,0,0,ok
scanner-only,corpus,MOZILLA-LINK-3264-0.pdf,1,5,3.5,3431936,0,0,0,ok
scanner-only,corpus,MOZILLA-LINK-5251-1.pdf,1,2,4.5,2280816,0,0,0,ok
scanner-only,corpus,Math119FakingData.pdf,1,5,17.6,9253608,0,0,0,ok
scanner-only,corpus,Motor Insurance claim form.pdf,1,3,154.1,67899976,2,2,2,ok
scanner-only,corpus,Multiple Page - from Mortality Statistics.pdf,1,5,23.3,15744128,0,0,0,ok
scanner-only,corpus,OPEN.RABBIT.ENGLISH.LOP.pdf,1,5,51.1,27703704,1,0,0,ok
scanner-only,corpus,Old Gutnish Internet Explorer.pdf,1,3,25.1,14917280,1,1,1,ok
scanner-only,corpus,P2P-33713919.pdf,1,5,21.9,23041344,0,0,0,ok
scanner-only,corpus,PDFBOX-1869-4-1.pdf,1,1,1.6,410768,0,0,0,ok
scanner-only,corpus,PDFBOX-492-4.jar-8.pdf,1,2,32.5,16857136,0,0,0,ok
scanner-only,corpus,PDFBOX-624-2.pdf,1,5,14.9,11332720,0,0,0,ok
scanner-only,corpus,Pig Production Handbook.pdf,1,5,13.2,11473640,0,0,0,ok
scanner-only,corpus,Pig Reproduction Powerpoint.pdf,1,5,6.4,9121328,0,0,0,ok
scanner-only,corpus,Publication_of_award_of_Bids_for_Transport_Sector__August_2016.pdf,1,5,23.0,8529880,1,1,1,ok
scanner-only,corpus,Rotated Text Libre Office.pdf,1,1,0.7,271840,0,0,0,ok
scanner-only,corpus,Rotation 45.pdf,1,4,33.0,17583928,0,0,0,ok
scanner-only,corpus,SPARC - v9 Architecture Manual.pdf,1,5,146.1,73963200,1,1,1,ok
scanner-only,corpus,SPE8EF26T0545.pdf,1,5,39.8,11406640,1,0,0,ok
scanner-only,corpus,ShowTextOpWithUnbalancedRoundBrackets.pdf,1,1,6.5,4626448,0,0,0,ok
scanner-only,corpus,Single Page Broken Offsets - from google drive.pdf,1,1,1.7,611696,0,0,0,ok
scanner-only,corpus,Single Page Form Content - from itext 1_1.pdf,1,1,1.2,786160,0,0,0,ok
scanner-only,corpus,Single Page Hyperlinks - from open office.pdf,1,1,0.8,405816,0,0,0,ok
scanner-only,corpus,Single Page Images - from libre office.pdf,1,1,0.5,384320,0,0,0,ok
scanner-only,corpus,Single Page Non Latin - from acrobat distiller.pdf,1,1,1.2,416304,0,0,0,ok
scanner-only,corpus,Single Page Simple - from google drive.pdf,1,1,1.2,604640,0,0,0,ok
scanner-only,corpus,Single Page Simple - from inkscape.pdf,1,1,0.5,167096,0,0,0,ok
scanner-only,corpus,Single Page Simple - from open office.pdf,1,1,0.6,292784,0,0,0,ok
scanner-only,corpus,Single Page Type 1 Font.pdf,1,1,0.3,85600,0,0,0,ok
scanner-only,corpus,SinglePage180ClockwiseRotation - from PdfPig.pdf,1,1,0.5,247880,0,0,0,ok
scanner-only,corpus,SinglePage270ClockwiseRotation - from PdfPig.pdf,1,1,0.5,247808,0,0,0,ok
scanner-only,corpus,SinglePage90ClockwiseRotation - from PdfPig.pdf,1,1,0.4,247808,0,0,0,ok
scanner-only,corpus,SmallCropbox.pdf,1,1,1.8,1618296,0,0,0,ok
scanner-only,corpus,TIKA-1552-0.pdf,1,5,27.9,23364360,0,0,0,ok
scanner-only,corpus,TIKA-2054-0.pdf,1,5,40.2,21137952,1,1,1,ok
scanner-only,corpus,TIKA-469-0.pdf,1,2,7.4,4687528,0,0,0,ok
scanner-only,corpus,Test.Doc.pdf,1,1,2.7,1738488,0,0,0,ok
scanner-only,corpus,TrueTypeTablesGlyphDataTableReadGlyphsError.pdf,1,1,12.5,4079432,0,0,0,ok
scanner-only,corpus,Two Page Text Only - from libre office.pdf,1,2,2.7,1734664,0,0,0,ok
scanner-only,corpus,Type0 Font.pdf,1,1,14.2,10340408,0,0,0,ok
scanner-only,corpus,Type0_CJK_Font.pdf,1,5,80.5,4863264,0,0,0,ok
scanner-only,corpus,Type3Test.pdf,1,1,0.7,156512,0,0,0,ok
scanner-only,corpus,Various Content Types.pdf,1,1,0.9,271696,0,0,0,ok
scanner-only,corpus,Why.does.this.not.work.pdf,1,1,2.2,1050064,0,0,0,ok
scanner-only,corpus,_citUR2jB1_ay56u6vELzk.pdf,1,2,3.2,2368744,0,0,0,ok
scanner-only,corpus,annotation-comments.pdf,1,1,0.8,295912,0,0,0,ok
scanner-only,corpus,bold-italic.pdf,1,1,4.3,1898320,0,0,0,ok
scanner-only,corpus,bookmarks-with-accented-characters.pdf,1,1,0.7,331280,0,0,0,ok
scanner-only,corpus,byz.pdf,1,1,4.1,2270976,0,0,0,ok
scanner-only,corpus,capas.pdf,1,5,10.4,8261752,0,0,0,ok
scanner-only,corpus,cat-genetics.pdf,1,1,7.5,6762760,0,0,0,ok
scanner-only,corpus,cat-genetics_bobld.pdf,1,1,7.8,7031272,0,0,0,ok
scanner-only,corpus,cmap-parsing-exception.pdf,1,1,42.3,13353584,1,1,1,ok
scanner-only,corpus,cropped-and-rotated.pdf,1,1,1.9,775104,0,0,0,ok
scanner-only,corpus,data.pdf,1,3,6.0,4032192,0,0,0,ok
scanner-only,corpus,dotnet-ai.pdf,1,5,30.5,32274608,1,1,1,ok
scanner-only,corpus,felltypes-test.pdf,1,1,10.4,4975952,0,0,0,ok
scanner-only,corpus,hex_0x0006.pdf,1,1,1.2,659472,0,0,0,ok
scanner-only,corpus,inherited_mediabox.pdf,1,1,0.3,54736,0,0,0,ok
scanner-only,corpus,iron-ore-q2-q3-2013.pdf,1,5,37.5,35997856,0,0,0,ok
scanner-only,corpus,issue_1163.pdf,1,2,0.4,183080,0,0,0,ok
scanner-only,corpus,issue_1330.pdf,1,1,0.3,56864,0,0,0,ok
scanner-only,corpus,issue_1331.pdf,1,1,2.2,1527040,0,0,0,ok
scanner-only,corpus,issue_671.pdf,1,2,24.9,18314960,1,0,0,ok
scanner-only,corpus,issue_881.pdf,1,1,1.4,778128,0,0,0,ok
scanner-only,corpus,issues-1176-1.pdf,1,1,2.9,2142536,0,0,0,ok
scanner-only,corpus,issues-1176.pdf,1,1,4.1,7145224,0,0,0,ok
scanner-only,corpus,journal.pone.0196757.pdf,1,5,54.5,35349712,1,0,0,ok
scanner-only,corpus,jtehm-melillo-2679746.pdf,1,5,64.8,52740496,0,0,0,ok
scanner-only,corpus,little-pig-in-armenian.pdf,1,1,1.0,317904,0,0,0,ok
scanner-only,corpus,odwriteex.pdf,1,1,1.1,715304,0,0,0,ok
scanner-only,corpus,outline.pdf,1,3,2.7,1120904,0,0,0,ok
scanner-only,corpus,output_w3c_csswg_drafts_issues2023.pdf,1,1,0.7,235296,0,0,0,ok
scanner-only,corpus,path_ext_oddeven.pdf,1,1,2.1,1155328,0,0,0,ok
scanner-only,corpus,pop-bugzilla37292.pdf,1,4,9.6,7957968,0,0,0,ok
scanner-only,corpus,reference-2-numeric-error.pdf,1,1,13.8,7150456,0,0,0,ok
scanner-only,corpus,soundandvision.pdf,1,1,3.5,2022496,0,0,0,ok
scanner-only,corpus,ssm2163.pdf,1,5,20.5,10910272,0,0,0,ok
scanner-only,corpus,steam_in_page_dict.pdf,1,1,0.5,103432,0,0,0,ok
scanner-only,corpus,test-2_so_74165171.pdf,1,1,160.1,41138240,2,1,1,ok
scanner-only,corpus,testPdf-1.pdf,1,2,7.5,5924280,0,0,0,ok
scanner-only,corpus,test_a-5.pdf,1,5,100.2,69148344,1,1,1,ok
scanner-only,corpus,test_a.pdf,1,5,108.9,69148120,1,1,1,ok
scanner-only,corpus,toc.pdf,1,5,7.1,7516568,0,0,0,ok
scanner-only,corpus,type3-font-zero-height.pdf,1,1,17.2,7004752,0,0,0,ok
scanner-only,corpus,0000851.pdf,2,5,306.4,118352144,2,1,1,ok
scanner-only,corpus,11194059_2017-11_de_s.pdf,2,2,56.7,27469232,1,0,0,ok
scanner-only,corpus,2006_Swedish_Touring_Car_Championship.pdf,2,4,7.5,7843928,0,0,0,ok
scanner-only,corpus,2108.11480.pdf,2,5,95.2,76354640,0,0,0,ok
scanner-only,corpus,22060_A1_01_Plans-1.pdf,2,1,25.0,9374208,1,1,1,ok
scanner-only,corpus,6.Secrets.to.Startup.Success.PDFDrive.pdf,2,5,21.6,24670264,0,0,0,ok
scanner-only,corpus,68-1990-01_A.pdf,2,5,63.2,44576440,1,0,0,ok
scanner-only,corpus,AcroFormsBasicFields.pdf,2,1,0.9,594040,0,0,0,ok
scanner-only,corpus,Approved_Document_B__fire_safety__volume_2_-_Buildings_other_than_dwellings__2019_edition_incorporating_2020_and_2022_amendments.pdf,2,5,45.4,51967184,2,2,2,ok
scanner-only,corpus,Arve.nr.1615.17.04.2026.pdf,2,1,1.8,1269520,0,0,0,ok
scanner-only,corpus,ClipPathLetterFilter-Test1.pdf,2,5,11.5,12679168,0,0,0,ok
scanner-only,corpus,ClipPathLetterFilter-Test2.pdf,2,1,6.9,8519072,0,0,0,ok
scanner-only,corpus,ColorIssue.pdf,2,1,38.1,31997552,1,1,1,ok
scanner-only,corpus,DeviceN_CS_test.pdf,2,5,23.8,21864944,1,1,1,ok
scanner-only,corpus,Diacritics_export.pdf,2,1,1.9,2350584,0,0,0,ok
scanner-only,corpus,EmptyPdf.pdf,2,1,0.3,37712,0,0,0,ok
scanner-only,corpus,ErcotFacts.pdf,2,2,14.3,13757056,0,0,0,ok
scanner-only,corpus,FICTIF_TABLE_INDEX.pdf,2,5,14.5,15507248,0,0,0,ok
scanner-only,corpus,FarmerMac.pdf,2,5,11.9,14096312,0,0,0,ok
scanner-only,corpus,Font Size Test - from google chrome print pdf.pdf,2,1,1.2,505192,0,0,0,ok
scanner-only,corpus,Font Size Test - from libre office.pdf,2,1,0.5,202120,0,0,0,ok
scanner-only,corpus,FontMatrix-1.pdf,2,1,0.4,216408,0,0,0,ok
scanner-only,corpus,FontMatrix-concat.pdf,2,1,0.2,134320,0,0,0,ok
scanner-only,corpus,FontMatrix-otf-bad-hmtx.pdf,2,1,1.1,738256,0,0,0,ok
scanner-only,corpus,FontMatrix-otf.pdf,2,1,1.2,742536,0,0,0,ok
scanner-only,corpus,FontMatrix-raw.pdf,2,1,1.1,683136,0,0,0,ok
scanner-only,corpus,GHOSTSCRIPT-692564-0.pdf,2,1,0.8,547224,0,0,0,ok
scanner-only,corpus,GHOSTSCRIPT-695513-0.pdf,2,1,2.1,3520856,0,0,0,ok
scanner-only,corpus,GHOSTSCRIPT-696171-0.pdf,2,5,9.8,11335320,0,0,0,ok
scanner-only,corpus,GHOSTSCRIPT-696547-0.zip-7.pdf,2,1,3.8,7354488,0,0,0,ok
scanner-only,corpus,GHOSTSCRIPT-696547-0.zip-9.pdf,2,1,3.7,7354528,0,0,0,ok
scanner-only,corpus,GHOSTSCRIPT-697234-0.pdf,2,3,38.6,22679160,1,1,1,ok
scanner-only,corpus,GHOSTSCRIPT-697507-0.pdf,2,1,12.2,7905728,1,0,0,ok
scanner-only,corpus,GHOSTSCRIPT-697984-3.pdf,2,1,3.0,1680272,0,0,0,ok
scanner-only,corpus,GHOSTSCRIPT-698168-0.pdf,2,1,2.0,2816184,0,0,0,ok
scanner-only,corpus,GHOSTSCRIPT-698363-0.pdf,2,1,4.2,466400,0,0,0,ok
scanner-only,corpus,GHOSTSCRIPT-698721-0.zip-6.pdf,2,2,10.6,7317016,0,0,0,ok
scanner-only,corpus,GHOSTSCRIPT-698721-1.pdf,2,1,1.4,2031984,0,0,0,ok
scanner-only,corpus,GHOSTSCRIPT-699035-0.pdf,2,5,45.5,38282432,1,0,0,ok
scanner-only,corpus,GHOSTSCRIPT-699178-0.pdf,2,3,7.2,8590920,0,0,0,ok
scanner-only,corpus,GHOSTSCRIPT-699375-5.pdf,2,1,3.6,3265040,0,0,0,ok
scanner-only,corpus,GHOSTSCRIPT-699488-0.pdf,2,1,7.3,8120672,0,0,0,ok
scanner-only,corpus,GHOSTSCRIPT-699554-0.zip-4.pdf,2,1,1.5,1650096,0,0,0,ok
scanner-only,corpus,GHOSTSCRIPT-700125-1.pdf,2,5,14.1,17688272,0,0,0,ok
scanner-only,corpus,GHOSTSCRIPT-700139-0.pdf,2,2,145.8,117451632,2,2,2,ok
scanner-only,corpus,GHOSTSCRIPT-700236-1.pdf,2,5,15.3,13417760,0,0,0,ok
scanner-only,corpus,GHOSTSCRIPT-700288-1.pdf,2,1,5.6,4618064,0,0,0,ok
scanner-only,corpus,GHOSTSCRIPT-700370-2.pdf,2,1,2.5,1531024,0,0,0,ok
scanner-only,corpus,GHOSTSCRIPT-700931-0.7z-5.pdf,2,2,7.1,1222000,1,0,0,ok
scanner-only,corpus,GHOSTSCRIPT-702013-1.pdf,2,1,3.4,3791056,0,0,0,ok
scanner-only,corpus,Gamebook.pdf,2,5,8.7,9353280,0,0,0,ok
scanner-only,corpus,GlyphDataTableReadCompositeGlyphError.pdf,2,1,3.8,2885576,0,0,0,ok
scanner-only,corpus,Grapheme clusters emoji.pdf,2,1,0.4,149528,0,0,0,ok
scanner-only,corpus,ICML03-081.pdf,2,5,22.0,17260024,1,0,0,ok
scanner-only,corpus,Indexed-DeviceRGB-JPXDecode-0-.0.0.255.0.-Font-F1_1_missing_char_255-1.pdf,2,1,22.6,16977664,0,0,0,ok
scanner-only,corpus,IndexedCS_negative_and_high.pdf,2,1,0.4,81744,0,0,0,ok
scanner-only,corpus,Judgement Document.pdf,2,5,6.6,9127904,0,0,0,ok
scanner-only,corpus,LKR824191.pdf,2,1,3.0,4164664,0,0,0,ok
scanner-only,corpus,Layer pdf - 322_High_Holborn_building_Brochure.pdf,2,3,30.2,37064168,0,0,0,ok
scanner-only,corpus,MOZILLA-10084-0.pdf,2,1,4.2,3208088,0,0,0,ok
scanner-only,corpus,MOZILLA-10225-0.pdf,2,5,15.0,22996808,0,0,0,ok
scanner-only,corpus,MOZILLA-10372-2.pdf,2,5,33.1,12996376,1,1,1,ok
scanner-only,corpus,MOZILLA-2775-1.pdf,2,5,14.0,17665648,0,0,0,ok
scanner-only,corpus,MOZILLA-3136-0.pdf,2,4,222.4,217541272,3,1,1,ok
scanner-only,corpus,MOZILLA-7375-0.pdf,2,5,54.6,15746400,1,0,0,ok
scanner-only,corpus,MOZILLA-9176-2.pdf,2,5,16.0,9939568,1,1,1,ok
scanner-only,corpus,MOZILLA-LINK-3264-0.pdf,2,5,2.0,3311544,0,0,0,ok
scanner-only,corpus,MOZILLA-LINK-5251-1.pdf,2,2,2.5,2202032,0,0,0,ok
scanner-only,corpus,Math119FakingData.pdf,2,5,7.3,9251952,0,0,0,ok
scanner-only,corpus,Motor Insurance claim form.pdf,2,3,84.6,67260088,1,1,1,ok
scanner-only,corpus,Multiple Page - from Mortality Statistics.pdf,2,5,6.6,8200688,0,0,0,ok
scanner-only,corpus,OPEN.RABBIT.ENGLISH.LOP.pdf,2,5,20.0,27513888,0,0,0,ok
scanner-only,corpus,Old Gutnish Internet Explorer.pdf,2,3,26.0,14272288,1,1,1,ok
scanner-only,corpus,P2P-33713919.pdf,2,5,12.3,22999720,0,0,0,ok
scanner-only,corpus,PDFBOX-1869-4-1.pdf,2,1,0.6,410640,0,0,0,ok
scanner-only,corpus,PDFBOX-492-4.jar-8.pdf,2,2,16.8,16855552,0,0,0,ok
scanner-only,corpus,PDFBOX-624-2.pdf,2,5,8.6,11331352,0,0,0,ok
scanner-only,corpus,Pig Production Handbook.pdf,2,5,7.6,11473136,0,0,0,ok
scanner-only,corpus,Pig Reproduction Powerpoint.pdf,2,5,4.5,9118952,0,0,0,ok
scanner-only,corpus,Publication_of_award_of_Bids_for_Transport_Sector__August_2016.pdf,2,5,23.8,8292928,1,1,1,ok
scanner-only,corpus,Rotated Text Libre Office.pdf,2,1,0.6,238432,0,0,0,ok
scanner-only,corpus,Rotation 45.pdf,2,4,12.0,9929384,0,0,0,ok
scanner-only,corpus,SPARC - v9 Architecture Manual.pdf,2,5,65.5,73963080,2,1,1,ok
scanner-only,corpus,SPE8EF26T0545.pdf,2,5,9.1,11399896,0,0,0,ok
scanner-only,corpus,ShowTextOpWithUnbalancedRoundBrackets.pdf,2,1,4.1,4625856,0,0,0,ok
scanner-only,corpus,Single Page Broken Offsets - from google drive.pdf,2,1,1.4,590240,0,0,0,ok
scanner-only,corpus,Single Page Form Content - from itext 1_1.pdf,2,1,0.9,785992,0,0,0,ok
scanner-only,corpus,Single Page Hyperlinks - from open office.pdf,2,1,0.7,360792,0,0,0,ok
scanner-only,corpus,Single Page Images - from libre office.pdf,2,1,0.5,378464,0,0,0,ok
scanner-only,corpus,Single Page Non Latin - from acrobat distiller.pdf,2,1,0.9,396336,0,0,0,ok
scanner-only,corpus,Single Page Simple - from google drive.pdf,2,1,0.9,583256,0,0,0,ok
scanner-only,corpus,Single Page Simple - from inkscape.pdf,2,1,0.4,150008,0,0,0,ok
scanner-only,corpus,Single Page Simple - from open office.pdf,2,1,0.5,269408,0,0,0,ok
scanner-only,corpus,Single Page Type 1 Font.pdf,2,1,0.4,85576,0,0,0,ok
scanner-only,corpus,SinglePage180ClockwiseRotation - from PdfPig.pdf,2,1,0.4,201608,0,0,0,ok
scanner-only,corpus,SinglePage270ClockwiseRotation - from PdfPig.pdf,2,1,0.4,201608,0,0,0,ok
scanner-only,corpus,SinglePage90ClockwiseRotation - from PdfPig.pdf,2,1,0.4,201608,0,0,0,ok
scanner-only,corpus,SmallCropbox.pdf,2,1,1.3,1618128,0,0,0,ok
scanner-only,corpus,TIKA-1552-0.pdf,2,5,17.8,23345792,0,0,0,ok
scanner-only,corpus,TIKA-2054-0.pdf,2,5,16.8,21132688,0,0,0,ok
scanner-only,corpus,TIKA-469-0.pdf,2,2,5.0,4678752,0,0,0,ok
scanner-only,corpus,Test.Doc.pdf,2,1,2.6,1679568,0,0,0,ok
scanner-only,corpus,TrueTypeTablesGlyphDataTableReadGlyphsError.pdf,2,1,5.5,3647216,0,0,0,ok
scanner-only,corpus,Two Page Text Only - from libre office.pdf,2,2,2.2,1571824,0,0,0,ok
scanner-only,corpus,Type0 Font.pdf,2,1,29.5,9723656,1,1,1,ok
scanner-only,corpus,Type0_CJK_Font.pdf,2,5,10.7,3216296,0,0,0,ok
scanner-only,corpus,Type3Test.pdf,2,1,0.4,155120,0,0,0,ok
scanner-only,corpus,Various Content Types.pdf,2,1,0.4,257056,0,0,0,ok
scanner-only,corpus,Why.does.this.not.work.pdf,2,1,1.4,1035808,0,0,0,ok
scanner-only,corpus,_citUR2jB1_ay56u6vELzk.pdf,2,2,1.7,2256304,0,0,0,ok
scanner-only,corpus,annotation-comments.pdf,2,1,0.5,283240,0,0,0,ok
scanner-only,corpus,bold-italic.pdf,2,1,2.4,1617328,0,0,0,ok
scanner-only,corpus,bookmarks-with-accented-characters.pdf,2,1,0.4,331256,0,0,0,ok
scanner-only,corpus,byz.pdf,2,1,2.2,2270880,0,0,0,ok
scanner-only,corpus,capas.pdf,2,5,5.5,8008000,0,0,0,ok
scanner-only,corpus,cat-genetics.pdf,2,1,7.0,6761800,1,1,0,ok
scanner-only,corpus,cat-genetics_bobld.pdf,2,1,4.8,7031024,0,0,0,ok
scanner-only,corpus,cmap-parsing-exception.pdf,2,1,15.3,13116656,0,0,0,ok
scanner-only,corpus,cropped-and-rotated.pdf,2,1,1.2,744056,0,0,0,ok
scanner-only,corpus,data.pdf,2,3,4.7,4031976,1,0,0,ok
scanner-only,corpus,dotnet-ai.pdf,2,5,21.8,31584912,1,1,1,ok
scanner-only,corpus,felltypes-test.pdf,2,1,7.6,4974992,0,0,0,ok
scanner-only,corpus,hex_0x0006.pdf,2,1,0.9,658728,0,0,0,ok
scanner-only,corpus,inherited_mediabox.pdf,2,1,0.2,54640,0,0,0,ok
scanner-only,corpus,iron-ore-q2-q3-2013.pdf,2,5,18.5,35957224,0,0,0,ok
scanner-only,corpus,issue_1163.pdf,2,2,0.4,183032,0,0,0,ok
scanner-only,corpus,issue_1330.pdf,2,1,0.2,56840,0,0,0,ok
scanner-only,corpus,issue_1331.pdf,2,1,4.1,1350616,1,1,0,ok
scanner-only,corpus,issue_671.pdf,2,2,24.0,17886216,1,1,1,ok
scanner-only,corpus,issue_881.pdf,2,1,1.1,617552,0,0,0,ok
scanner-only,corpus,issues-1176-1.pdf,2,1,2.0,2142008,0,0,0,ok
scanner-only,corpus,issues-1176.pdf,2,1,3.1,7144864,0,0,0,ok
scanner-only,corpus,journal.pone.0196757.pdf,2,5,31.7,35324344,1,1,0,ok
scanner-only,corpus,jtehm-melillo-2679746.pdf,2,5,64.4,52739840,1,1,1,ok
scanner-only,corpus,little-pig-in-armenian.pdf,2,1,0.8,307240,0,0,0,ok
scanner-only,corpus,odwriteex.pdf,2,1,0.9,715208,0,0,0,ok
scanner-only,corpus,outline.pdf,2,3,1.8,1087568,0,0,0,ok
scanner-only,corpus,output_w3c_csswg_drafts_issues2023.pdf,2,1,0.5,235064,0,0,0,ok
scanner-only,corpus,path_ext_oddeven.pdf,2,1,1.4,1039864,0,0,0,ok
scanner-only,corpus,pop-bugzilla37292.pdf,2,4,6.8,7591896,0,0,0,ok
scanner-only,corpus,reference-2-numeric-error.pdf,2,1,8.6,7147984,0,0,0,ok
scanner-only,corpus,soundandvision.pdf,2,1,2.2,1856656,0,0,0,ok
scanner-only,corpus,ssm2163.pdf,2,5,9.2,10259856,0,0,0,ok
scanner-only,corpus,steam_in_page_dict.pdf,2,1,0.4,103336,0,0,0,ok
scanner-only,corpus,test-2_so_74165171.pdf,2,1,78.4,39104440,1,1,1,ok
scanner-only,corpus,testPdf-1.pdf,2,2,6.0,5701720,0,0,0,ok
scanner-only,corpus,test_a-5.pdf,2,5,77.9,68792640,1,1,1,ok
scanner-only,corpus,test_a.pdf,2,5,54.7,68791168,0,0,0,ok
scanner-only,corpus,toc.pdf,2,5,7.7,7516240,0,0,0,ok
scanner-only,corpus,type3-font-zero-height.pdf,2,1,10.3,6999248,0,0,0,ok
scanner-only,corpus,0000851.pdf,3,5,237.7,118351912,3,2,1,ok
scanner-only,corpus,11194059_2017-11_de_s.pdf,3,2,23.5,27416528,0,0,0,ok
scanner-only,corpus,2006_Swedish_Touring_Car_Championship.pdf,3,4,6.6,7627480,0,0,0,ok
scanner-only,corpus,2108.11480.pdf,3,5,64.8,75751856,0,0,0,ok
scanner-only,corpus,22060_A1_01_Plans-1.pdf,3,1,30.2,9374208,1,1,1,ok
scanner-only,corpus,6.Secrets.to.Startup.Success.PDFDrive.pdf,3,5,19.1,24670264,0,0,0,ok
scanner-only,corpus,68-1990-01_A.pdf,3,5,55.4,44326552,1,0,0,ok
scanner-only,corpus,AcroFormsBasicFields.pdf,3,1,0.8,594040,0,0,0,ok
scanner-only,corpus,Approved_Document_B__fire_safety__volume_2_-_Buildings_other_than_dwellings__2019_edition_incorporating_2020_and_2022_amendments.pdf,3,5,47.3,51967184,2,2,2,ok
scanner-only,corpus,Arve.nr.1615.17.04.2026.pdf,3,1,1.8,1192288,0,0,0,ok
scanner-only,corpus,ClipPathLetterFilter-Test1.pdf,3,5,10.5,12123232,0,0,0,ok
scanner-only,corpus,ClipPathLetterFilter-Test2.pdf,3,1,6.8,8369984,0,0,0,ok
scanner-only,corpus,ColorIssue.pdf,3,1,41.2,31878800,1,1,1,ok
scanner-only,corpus,DeviceN_CS_test.pdf,3,5,12.7,21472256,0,0,0,ok
scanner-only,corpus,Diacritics_export.pdf,3,1,1.8,2350376,0,0,0,ok
scanner-only,corpus,EmptyPdf.pdf,3,1,0.3,37712,0,0,0,ok
scanner-only,corpus,ErcotFacts.pdf,3,2,12.8,13360240,0,0,0,ok
scanner-only,corpus,FICTIF_TABLE_INDEX.pdf,3,5,13.0,14805248,0,0,0,ok
scanner-only,corpus,FarmerMac.pdf,3,5,31.6,13704440,1,1,1,ok
scanner-only,corpus,Font Size Test - from google chrome print pdf.pdf,3,1,1.1,480152,0,0,0,ok
scanner-only,corpus,Font Size Test - from libre office.pdf,3,1,0.5,188152,0,0,0,ok
scanner-only,corpus,FontMatrix-1.pdf,3,1,0.4,216408,0,0,0,ok
scanner-only,corpus,FontMatrix-concat.pdf,3,1,0.2,134320,0,0,0,ok
scanner-only,corpus,FontMatrix-otf-bad-hmtx.pdf,3,1,1.4,738256,0,0,0,ok
scanner-only,corpus,FontMatrix-otf.pdf,3,1,1.2,742536,0,0,0,ok
scanner-only,corpus,FontMatrix-raw.pdf,3,1,1.2,683136,0,0,0,ok
scanner-only,corpus,GHOSTSCRIPT-692564-0.pdf,3,1,0.8,547224,0,0,0,ok
scanner-only,corpus,GHOSTSCRIPT-695513-0.pdf,3,1,2.6,3520856,0,0,0,ok
scanner-only,corpus,GHOSTSCRIPT-696171-0.pdf,3,5,10.3,11335320,0,0,0,ok
scanner-only,corpus,GHOSTSCRIPT-696547-0.zip-7.pdf,3,1,3.6,7354488,0,0,0,ok
scanner-only,corpus,GHOSTSCRIPT-696547-0.zip-9.pdf,3,1,3.8,7354528,0,0,0,ok
scanner-only,corpus,GHOSTSCRIPT-697234-0.pdf,3,3,28.0,22677480,1,0,0,ok
scanner-only,corpus,GHOSTSCRIPT-697507-0.pdf,3,1,8.3,7905728,0,0,0,ok
scanner-only,corpus,GHOSTSCRIPT-697984-3.pdf,3,1,2.2,1619776,0,0,0,ok
scanner-only,corpus,GHOSTSCRIPT-698168-0.pdf,3,1,1.8,2816184,0,0,0,ok
scanner-only,corpus,GHOSTSCRIPT-698363-0.pdf,3,1,1.4,465992,0,0,0,ok
scanner-only,corpus,GHOSTSCRIPT-698721-0.zip-6.pdf,3,2,6.2,7317016,0,0,0,ok
scanner-only,corpus,GHOSTSCRIPT-698721-1.pdf,3,1,1.5,2031984,0,0,0,ok
scanner-only,corpus,GHOSTSCRIPT-699035-0.pdf,3,5,56.0,38284112,3,2,1,ok
scanner-only,corpus,GHOSTSCRIPT-699178-0.pdf,3,3,7.0,8418792,0,0,0,ok
scanner-only,corpus,GHOSTSCRIPT-699375-5.pdf,3,1,3.4,3069008,0,0,0,ok
scanner-only,corpus,GHOSTSCRIPT-699488-0.pdf,3,1,7.0,8120672,0,0,0,ok
scanner-only,corpus,GHOSTSCRIPT-699554-0.zip-4.pdf,3,1,1.4,1650096,0,0,0,ok
scanner-only,corpus,GHOSTSCRIPT-700125-1.pdf,3,5,12.6,17688272,0,0,0,ok
scanner-only,corpus,GHOSTSCRIPT-700139-0.pdf,3,2,144.9,116126784,2,2,1,ok
scanner-only,corpus,GHOSTSCRIPT-700236-1.pdf,3,5,12.2,13417760,0,0,0,ok
scanner-only,corpus,GHOSTSCRIPT-700288-1.pdf,3,1,4.6,4618064,0,0,0,ok
scanner-only,corpus,GHOSTSCRIPT-700370-2.pdf,3,1,1.7,1531024,0,0,0,ok
scanner-only,corpus,GHOSTSCRIPT-700931-0.7z-5.pdf,3,2,1.4,1222000,0,0,0,ok
scanner-only,corpus,GHOSTSCRIPT-702013-1.pdf,3,1,3.4,3790848,0,0,0,ok
scanner-only,corpus,Gamebook.pdf,3,5,8.9,9353280,0,0,0,ok
scanner-only,corpus,GlyphDataTableReadCompositeGlyphError.pdf,3,1,4.2,2885576,0,0,0,ok
scanner-only,corpus,Grapheme clusters emoji.pdf,3,1,0.4,149528,0,0,0,ok
scanner-only,corpus,ICML03-081.pdf,3,5,18.6,17260024,0,0,0,ok
scanner-only,corpus,Indexed-DeviceRGB-JPXDecode-0-.0.0.255.0.-Font-F1_1_missing_char_255-1.pdf,3,1,30.3,16977456,0,0,0,ok
scanner-only,corpus,IndexedCS_negative_and_high.pdf,3,1,0.4,81744,0,0,0,ok
scanner-only,corpus,Judgement Document.pdf,3,5,9.1,9127904,0,0,0,ok
scanner-only,corpus,LKR824191.pdf,3,1,4.1,4164664,0,0,0,ok
scanner-only,corpus,Layer pdf - 322_High_Holborn_building_Brochure.pdf,3,3,54.6,37064168,2,0,0,ok
scanner-only,corpus,MOZILLA-10084-0.pdf,3,1,3.2,3208296,0,0,0,ok
scanner-only,corpus,MOZILLA-10225-0.pdf,3,5,16.0,22996808,0,0,0,ok
scanner-only,corpus,MOZILLA-10372-2.pdf,3,5,26.4,12996376,1,1,1,ok
scanner-only,corpus,MOZILLA-2775-1.pdf,3,5,13.3,17665648,0,0,0,ok
scanner-only,corpus,MOZILLA-3136-0.pdf,3,4,225.2,217541272,2,1,1,ok
scanner-only,corpus,MOZILLA-7375-0.pdf,3,5,42.8,15748080,1,1,1,ok
scanner-only,corpus,MOZILLA-9176-2.pdf,3,5,2.3,9937888,0,0,0,ok
scanner-only,corpus,MOZILLA-LINK-3264-0.pdf,3,5,1.7,3311336,0,0,0,ok
scanner-only,corpus,MOZILLA-LINK-5251-1.pdf,3,2,2.0,2202032,0,0,0,ok
scanner-only,corpus,Math119FakingData.pdf,3,5,6.9,9251952,0,0,0,ok
scanner-only,corpus,Motor Insurance claim form.pdf,3,3,107.9,67261768,3,2,2,ok
scanner-only,corpus,Multiple Page - from Mortality Statistics.pdf,3,5,6.4,8200688,0,0,0,ok
scanner-only,corpus,OPEN.RABBIT.ENGLISH.LOP.pdf,3,5,20.4,27513888,0,0,0,ok
scanner-only,corpus,Old Gutnish Internet Explorer.pdf,3,3,11.9,14270608,0,0,0,ok
scanner-only,corpus,P2P-33713919.pdf,3,5,13.0,22999512,0,0,0,ok
scanner-only,corpus,PDFBOX-1869-4-1.pdf,3,1,1.2,410640,0,0,0,ok
scanner-only,corpus,PDFBOX-492-4.jar-8.pdf,3,2,20.0,16855552,0,0,0,ok
scanner-only,corpus,PDFBOX-624-2.pdf,3,5,12.8,11331352,0,0,0,ok
scanner-only,corpus,Pig Production Handbook.pdf,3,5,11.8,11473136,0,0,0,ok
scanner-only,corpus,Pig Reproduction Powerpoint.pdf,3,5,5.4,9118952,0,0,0,ok
scanner-only,corpus,Publication_of_award_of_Bids_for_Transport_Sector__August_2016.pdf,3,5,34.1,8292928,1,1,1,ok
scanner-only,corpus,Rotated Text Libre Office.pdf,3,1,0.5,238432,0,0,0,ok
scanner-only,corpus,Rotation 45.pdf,3,4,11.7,9929384,0,0,0,ok
scanner-only,corpus,SPARC - v9 Architecture Manual.pdf,3,5,68.7,73963080,2,1,1,ok
scanner-only,corpus,SPE8EF26T0545.pdf,3,5,8.2,11399896,0,0,0,ok
scanner-only,corpus,ShowTextOpWithUnbalancedRoundBrackets.pdf,3,1,4.4,4625856,0,0,0,ok
scanner-only,corpus,Single Page Broken Offsets - from google drive.pdf,3,1,1.5,590240,0,0,0,ok
scanner-only,corpus,Single Page Form Content - from itext 1_1.pdf,3,1,0.9,785992,0,0,0,ok
scanner-only,corpus,Single Page Hyperlinks - from open office.pdf,3,1,0.7,360792,0,0,0,ok
scanner-only,corpus,Single Page Images - from libre office.pdf,3,1,0.5,378464,0,0,0,ok
scanner-only,corpus,Single Page Non Latin - from acrobat distiller.pdf,3,1,0.8,396336,0,0,0,ok
scanner-only,corpus,Single Page Simple - from google drive.pdf,3,1,0.9,583256,0,0,0,ok
scanner-only,corpus,Single Page Simple - from inkscape.pdf,3,1,0.4,150008,0,0,0,ok
scanner-only,corpus,Single Page Simple - from open office.pdf,3,1,0.5,269408,0,0,0,ok
scanner-only,corpus,Single Page Type 1 Font.pdf,3,1,0.2,85576,0,0,0,ok
scanner-only,corpus,SinglePage180ClockwiseRotation - from PdfPig.pdf,3,1,0.4,201608,0,0,0,ok
scanner-only,corpus,SinglePage270ClockwiseRotation - from PdfPig.pdf,3,1,0.4,201608,0,0,0,ok
scanner-only,corpus,SinglePage90ClockwiseRotation - from PdfPig.pdf,3,1,0.4,201608,0,0,0,ok
scanner-only,corpus,SmallCropbox.pdf,3,1,1.4,1618128,0,0,0,ok
scanner-only,corpus,TIKA-1552-0.pdf,3,5,19.4,23345792,0,0,0,ok
scanner-only,corpus,TIKA-2054-0.pdf,3,5,18.3,21132688,0,0,0,ok
scanner-only,corpus,TIKA-469-0.pdf,3,2,5.7,4678752,0,0,0,ok
scanner-only,corpus,Test.Doc.pdf,3,1,2.5,1679568,0,0,0,ok
scanner-only,corpus,TrueTypeTablesGlyphDataTableReadGlyphsError.pdf,3,1,5.7,3647216,0,0,0,ok
scanner-only,corpus,Two Page Text Only - from libre office.pdf,3,2,2.0,1571824,0,0,0,ok
scanner-only,corpus,Type0 Font.pdf,3,1,10.2,9721976,0,0,0,ok
scanner-only,corpus,Type0_CJK_Font.pdf,3,5,9.6,3216088,0,0,0,ok
scanner-only,corpus,Type3Test.pdf,3,1,0.8,155120,0,0,0,ok
scanner-only,corpus,Various Content Types.pdf,3,1,0.7,257056,0,0,0,ok
scanner-only,corpus,Why.does.this.not.work.pdf,3,1,2.4,1035808,0,0,0,ok
scanner-only,corpus,_citUR2jB1_ay56u6vELzk.pdf,3,2,3.2,2256304,0,0,0,ok
scanner-only,corpus,annotation-comments.pdf,3,1,0.9,283240,0,0,0,ok
scanner-only,corpus,bold-italic.pdf,3,1,2.7,1617328,0,0,0,ok
scanner-only,corpus,bookmarks-with-accented-characters.pdf,3,1,0.9,331256,0,0,0,ok
scanner-only,corpus,byz.pdf,3,1,3.3,2270880,0,0,0,ok
scanner-only,corpus,capas.pdf,3,5,29.1,8008000,1,0,0,ok
scanner-only,corpus,cat-genetics.pdf,3,1,18.1,6763688,1,1,1,ok
scanner-only,corpus,cat-genetics_bobld.pdf,3,1,5.9,7031024,0,0,0,ok
scanner-only,corpus,cmap-parsing-exception.pdf,3,1,17.4,13116656,0,0,0,ok
scanner-only,corpus,cropped-and-rotated.pdf,3,1,1.3,744056,0,0,0,ok
scanner-only,corpus,data.pdf,3,3,3.8,4031976,0,0,0,ok
scanner-only,corpus,dotnet-ai.pdf,3,5,29.2,31584704,1,1,1,ok
scanner-only,corpus,felltypes-test.pdf,3,1,8.2,4974992,0,0,0,ok
scanner-only,corpus,hex_0x0006.pdf,3,1,0.9,658728,0,0,0,ok
scanner-only,corpus,inherited_mediabox.pdf,3,1,0.2,54640,0,0,0,ok
scanner-only,corpus,iron-ore-q2-q3-2013.pdf,3,5,20.7,35957224,0,0,0,ok
scanner-only,corpus,issue_1163.pdf,3,2,0.4,183032,0,0,0,ok
scanner-only,corpus,issue_1330.pdf,3,1,0.2,56840,0,0,0,ok
scanner-only,corpus,issue_1331.pdf,3,1,1.5,1350616,0,0,0,ok
scanner-only,corpus,issue_671.pdf,3,2,18.4,17884328,0,0,0,ok
scanner-only,corpus,issue_881.pdf,3,1,1.0,617344,0,0,0,ok
scanner-only,corpus,issues-1176-1.pdf,3,1,1.9,2141488,0,0,0,ok
scanner-only,corpus,issues-1176.pdf,3,1,2.8,7144864,0,0,0,ok
scanner-only,corpus,journal.pone.0196757.pdf,3,5,24.0,35324344,0,0,0,ok
scanner-only,corpus,jtehm-melillo-2679746.pdf,3,5,68.6,52737952,1,0,0,ok
scanner-only,corpus,little-pig-in-armenian.pdf,3,1,0.9,307240,0,0,0,ok
scanner-only,corpus,odwriteex.pdf,3,1,0.9,715208,0,0,0,ok
scanner-only,corpus,outline.pdf,3,3,1.9,1087568,0,0,0,ok
scanner-only,corpus,output_w3c_csswg_drafts_issues2023.pdf,3,1,1.1,235064,0,0,0,ok
scanner-only,corpus,path_ext_oddeven.pdf,3,1,16.9,1041544,1,1,1,ok
scanner-only,corpus,pop-bugzilla37292.pdf,3,4,6.5,7592104,0,0,0,ok
scanner-only,corpus,reference-2-numeric-error.pdf,3,1,8.0,7147984,0,0,0,ok
scanner-only,corpus,soundandvision.pdf,3,1,1.9,1856656,0,0,0,ok
scanner-only,corpus,ssm2163.pdf,3,5,8.5,10259856,0,0,0,ok
scanner-only,corpus,steam_in_page_dict.pdf,3,1,0.4,103336,0,0,0,ok
scanner-only,corpus,test-2_so_74165171.pdf,3,1,45.5,39102760,0,0,0,ok
scanner-only,corpus,testPdf-1.pdf,3,2,23.3,5703192,1,1,1,ok
scanner-only,corpus,test_a-5.pdf,3,5,55.0,68791168,0,0,0,ok
scanner-only,corpus,test_a.pdf,3,5,87.7,68792640,2,1,1,ok
scanner-only,corpus,toc.pdf,3,5,5.4,7516448,0,0,0,ok
scanner-only,corpus,type3-font-zero-height.pdf,3,1,9.8,6999248,0,0,0,ok
scanner+form,corpus,0000851.pdf,1,5,1113.9,165473008,4,2,2,ok
scanner+form,corpus,11194059_2017-11_de_s.pdf,1,2,117.7,27625312,0,0,0,ok
scanner+form,corpus,2006_Swedish_Touring_Car_Championship.pdf,1,4,34.2,7849008,0,0,0,ok
scanner+form,corpus,2108.11480.pdf,1,5,216.9,75493528,1,1,1,ok
scanner+form,corpus,22060_A1_01_Plans-1.pdf,1,1,26.3,9379304,1,1,1,ok
scanner+form,corpus,6.Secrets.to.Startup.Success.PDFDrive.pdf,1,5,72.9,24674824,0,0,0,ok
scanner+form,corpus,68-1990-01_A.pdf,1,5,212.6,64727056,3,2,2,ok
scanner+form,corpus,AcroFormsBasicFields.pdf,1,1,1.8,596088,0,0,0,ok
scanner+form,corpus,Approved_Document_B__fire_safety__volume_2_-_Buildings_other_than_dwellings__2019_edition_incorporating_2020_and_2022_amendments.pdf,1,5,105.5,51975752,2,2,2,ok
scanner+form,corpus,Arve.nr.1615.17.04.2026.pdf,1,1,4.1,1270056,0,0,0,ok
scanner+form,corpus,ClipPathLetterFilter-Test1.pdf,1,5,98.4,41278736,1,0,0,ok
scanner+form,corpus,ClipPathLetterFilter-Test2.pdf,1,1,23.2,8781704,0,0,0,ok
scanner+form,corpus,ColorIssue.pdf,1,1,90.9,33570384,0,0,0,ok
scanner+form,corpus,DeviceN_CS_test.pdf,1,5,69.5,22014776,1,1,1,ok
scanner+form,corpus,Diacritics_export.pdf,1,1,7.6,2353824,0,0,0,ok
scanner+form,corpus,EmptyPdf.pdf,1,1,0.8,38216,0,0,0,ok
scanner+form,corpus,ErcotFacts.pdf,1,2,52.0,13768824,0,0,0,ok
scanner+form,corpus,FICTIF_TABLE_INDEX.pdf,1,5,55.4,15513616,1,1,1,ok
scanner+form,corpus,FarmerMac.pdf,1,5,53.6,14097616,0,0,0,ok
scanner+form,corpus,Font Size Test - from google chrome print pdf.pdf,1,1,2.0,505368,0,0,0,ok
scanner+form,corpus,Font Size Test - from libre office.pdf,1,1,1.2,202544,0,0,0,ok
scanner+form,corpus,FontMatrix-1.pdf,1,1,0.8,216480,0,0,0,ok
scanner+form,corpus,FontMatrix-concat.pdf,1,1,0.3,134320,0,0,0,ok
scanner+form,corpus,FontMatrix-otf-bad-hmtx.pdf,1,1,4.9,742376,0,0,0,ok
scanner+form,corpus,FontMatrix-otf.pdf,1,1,2.2,742712,0,0,0,ok
scanner+form,corpus,FontMatrix-raw.pdf,1,1,2.4,683384,0,0,0,ok
scanner+form,corpus,GHOSTSCRIPT-692564-0.pdf,1,1,4.2,548000,0,0,0,ok
scanner+form,corpus,GHOSTSCRIPT-695513-0.pdf,1,1,10.6,3522256,0,0,0,ok
scanner+form,corpus,GHOSTSCRIPT-696171-0.pdf,1,5,40.5,11337208,0,0,0,ok
scanner+form,corpus,GHOSTSCRIPT-696547-0.zip-7.pdf,1,1,23.8,7355160,0,0,0,ok
scanner+form,corpus,GHOSTSCRIPT-696547-0.zip-9.pdf,1,1,19.2,7354848,0,0,0,ok
scanner+form,corpus,GHOSTSCRIPT-697234-0.pdf,1,3,101.0,22683624,0,0,0,ok
scanner+form,corpus,GHOSTSCRIPT-697507-0.pdf,1,1,29.0,7909344,1,0,0,ok
scanner+form,corpus,GHOSTSCRIPT-697984-3.pdf,1,1,7.1,1698448,0,0,0,ok
scanner+form,corpus,GHOSTSCRIPT-698168-0.pdf,1,1,6.7,2816648,0,0,0,ok
scanner+form,corpus,GHOSTSCRIPT-698363-0.pdf,1,1,11.6,477136,0,0,0,ok
scanner+form,corpus,GHOSTSCRIPT-698721-0.zip-6.pdf,1,2,26.3,7320376,1,1,1,ok
scanner+form,corpus,GHOSTSCRIPT-698721-1.pdf,1,1,4.3,2032640,0,0,0,ok
scanner+form,corpus,GHOSTSCRIPT-699035-0.pdf,1,5,167.8,38285072,1,0,0,ok
scanner+form,corpus,GHOSTSCRIPT-699178-0.pdf,1,3,22.4,8592480,0,0,0,ok
scanner+form,corpus,GHOSTSCRIPT-699375-5.pdf,1,1,8.7,3266800,0,0,0,ok
scanner+form,corpus,GHOSTSCRIPT-699488-0.pdf,1,1,21.3,8122432,0,0,0,ok
scanner+form,corpus,GHOSTSCRIPT-699554-0.zip-4.pdf,1,1,3.8,1650344,0,0,0,ok
scanner+form,corpus,GHOSTSCRIPT-700125-1.pdf,1,5,44.0,16342360,0,0,0,ok
scanner+form,corpus,GHOSTSCRIPT-700139-0.pdf,1,2,402.4,117736736,3,2,2,ok
scanner+form,corpus,GHOSTSCRIPT-700236-1.pdf,1,5,41.5,13419384,0,0,0,ok
scanner+form,corpus,GHOSTSCRIPT-700288-1.pdf,1,1,20.3,4618312,0,0,0,ok
scanner+form,corpus,GHOSTSCRIPT-700370-2.pdf,1,1,4.6,1669392,0,0,0,ok
scanner+form,corpus,GHOSTSCRIPT-700931-0.7z-5.pdf,1,2,3.6,1222424,0,0,0,ok
scanner+form,corpus,GHOSTSCRIPT-702013-1.pdf,1,1,11.2,3793496,0,0,0,ok
scanner+form,corpus,Gamebook.pdf,1,5,138.0,150680408,8,8,8,ok
scanner+form,corpus,GlyphDataTableReadCompositeGlyphError.pdf,1,1,15.2,3792064,0,0,0,ok
scanner+form,corpus,Grapheme clusters emoji.pdf,1,1,0.8,149848,0,0,0,ok
scanner+form,corpus,ICML03-081.pdf,1,5,48.3,17265232,0,0,0,ok
scanner+form,corpus,Indexed-DeviceRGB-JPXDecode-0-.0.0.255.0.-Font-F1_1_missing_char_255-1.pdf,1,1,46.5,16995560,0,0,0,ok
scanner+form,corpus,IndexedCS_negative_and_high.pdf,1,1,1.0,81920,0,0,0,ok
scanner+form,corpus,Judgement Document.pdf,1,5,42.5,10864912,1,1,1,ok
scanner+form,corpus,LKR824191.pdf,1,1,15.1,4165048,0,0,0,ok
scanner+form,corpus,Layer pdf - 322_High_Holborn_building_Brochure.pdf,1,3,140.9,37447184,0,0,0,ok
scanner+form,corpus,MOZILLA-10084-0.pdf,1,1,7.9,3209200,0,0,0,ok
scanner+form,corpus,MOZILLA-10225-0.pdf,1,5,40.2,23478584,1,1,1,ok
scanner+form,corpus,MOZILLA-10372-2.pdf,1,5,36.9,12997624,0,0,0,ok
scanner+form,corpus,MOZILLA-2775-1.pdf,1,5,52.2,17667112,1,0,0,ok
scanner+form,corpus,MOZILLA-3136-0.pdf,1,4,533.3,219618920,1,1,1,ok
scanner+form,corpus,MOZILLA-7375-0.pdf,1,5,38.5,15741128,1,1,1,ok
scanner+form,corpus,MOZILLA-9176-2.pdf,1,5,2.5,9938888,0,0,0,ok
scanner+form,corpus,MOZILLA-LINK-3264-0.pdf,1,5,3.4,3432936,0,0,0,ok
scanner+form,corpus,MOZILLA-LINK-5251-1.pdf,1,2,5.0,2281216,0,0,0,ok
scanner+form,corpus,Math119FakingData.pdf,1,5,14.9,9254608,0,0,0,ok
scanner+form,corpus,Motor Insurance claim form.pdf,1,3,150.3,67902256,3,3,3,ok
scanner+form,corpus,Multiple Page - from Mortality Statistics.pdf,1,5,25.6,15745128,0,0,0,ok
scanner+form,corpus,OPEN.RABBIT.ENGLISH.LOP.pdf,1,5,33.1,27705248,0,0,0,ok
scanner+form,corpus,Old Gutnish Internet Explorer.pdf,1,3,34.7,14915992,1,0,0,ok
scanner+form,corpus,P2P-33713919.pdf,1,5,22.1,23043704,0,0,0,ok
scanner+form,corpus,PDFBOX-1869-4-1.pdf,1,1,1.4,410968,0,0,0,ok
scanner+form,corpus,PDFBOX-492-4.jar-8.pdf,1,2,29.6,16857808,0,0,0,ok
scanner+form,corpus,PDFBOX-624-2.pdf,1,5,14.9,11333720,0,0,0,ok
scanner+form,corpus,Pig Production Handbook.pdf,1,5,16.4,11474736,0,0,0,ok
scanner+form,corpus,Pig Reproduction Powerpoint.pdf,1,5,21.1,9124008,1,1,1,ok
scanner+form,corpus,Publication_of_award_of_Bids_for_Transport_Sector__August_2016.pdf,1,5,12.3,8529408,0,0,0,ok
scanner+form,corpus,Rotated Text Libre Office.pdf,1,1,0.7,271832,0,0,0,ok
scanner+form,corpus,Rotation 45.pdf,1,4,37.3,17555464,0,0,0,ok
scanner+form,corpus,SPARC - v9 Architecture Manual.pdf,1,5,175.7,73965760,2,2,2,ok
scanner+form,corpus,SPE8EF26T0545.pdf,1,5,14.2,11437216,0,0,0,ok
scanner+form,corpus,ShowTextOpWithUnbalancedRoundBrackets.pdf,1,1,6.2,4626416,0,0,0,ok
scanner+form,corpus,Single Page Broken Offsets - from google drive.pdf,1,1,1.7,611872,0,0,0,ok
scanner+form,corpus,Single Page Form Content - from itext 1_1.pdf,1,1,1.3,786608,0,0,0,ok
scanner+form,corpus,Single Page Hyperlinks - from open office.pdf,1,1,0.8,405992,0,0,0,ok
scanner+form,corpus,Single Page Images - from libre office.pdf,1,1,0.6,384496,0,0,0,ok
scanner+form,corpus,Single Page Non Latin - from acrobat distiller.pdf,1,1,0.9,416480,0,0,0,ok
scanner+form,corpus,Single Page Simple - from google drive.pdf,1,1,1.2,604816,0,0,0,ok
scanner+form,corpus,Single Page Simple - from inkscape.pdf,1,1,0.5,167272,0,0,0,ok
scanner+form,corpus,Single Page Simple - from open office.pdf,1,1,0.6,292960,0,0,0,ok
scanner+form,corpus,Single Page Type 1 Font.pdf,1,1,0.3,85776,0,0,0,ok
scanner+form,corpus,SinglePage180ClockwiseRotation - from PdfPig.pdf,1,1,0.5,248056,0,0,0,ok
scanner+form,corpus,SinglePage270ClockwiseRotation - from PdfPig.pdf,1,1,0.5,247984,0,0,0,ok
scanner+form,corpus,SinglePage90ClockwiseRotation - from PdfPig.pdf,1,1,0.5,247984,0,0,0,ok
scanner+form,corpus,SmallCropbox.pdf,1,1,1.8,1618472,0,0,0,ok
scanner+form,corpus,TIKA-1552-0.pdf,1,5,24.8,23365064,0,0,0,ok
scanner+form,corpus,TIKA-2054-0.pdf,1,5,26.2,20482192,0,0,0,ok
scanner+form,corpus,TIKA-469-0.pdf,1,2,8.0,4687672,0,0,0,ok
scanner+form,corpus,Test.Doc.pdf,1,1,3.1,1738664,0,0,0,ok
scanner+form,corpus,TrueTypeTablesGlyphDataTableReadGlyphsError.pdf,1,1,8.6,4530472,0,0,0,ok
scanner+form,corpus,Two Page Text Only - from libre office.pdf,1,2,2.5,1735016,0,0,0,ok
scanner+form,corpus,Type0 Font.pdf,1,1,11.9,10340584,0,0,0,ok
scanner+form,corpus,Type0_CJK_Font.pdf,1,5,63.0,4864144,0,0,0,ok
scanner+form,corpus,Type3Test.pdf,1,1,0.7,156688,0,0,0,ok
scanner+form,corpus,Various Content Types.pdf,1,1,1.0,271872,0,0,0,ok
scanner+form,corpus,Why.does.this.not.work.pdf,1,1,2.1,1050240,0,0,0,ok
scanner+form,corpus,_citUR2jB1_ay56u6vELzk.pdf,1,2,3.0,2369096,0,0,0,ok
scanner+form,corpus,annotation-comments.pdf,1,1,0.7,296088,0,0,0,ok
scanner+form,corpus,bold-italic.pdf,1,1,3.0,1898496,0,0,0,ok
scanner+form,corpus,bookmarks-with-accented-characters.pdf,1,1,0.7,331280,0,0,0,ok
scanner+form,corpus,byz.pdf,1,1,4.1,2271152,0,0,0,ok
scanner+form,corpus,capas.pdf,1,5,10.6,8262632,0,0,0,ok
scanner+form,corpus,cat-genetics.pdf,1,1,9.2,6762936,0,0,0,ok
scanner+form,corpus,cat-genetics_bobld.pdf,1,1,9.1,7031448,0,0,0,ok
scanner+form,corpus,cmap-parsing-exception.pdf,1,1,47.9,13352352,1,1,0,ok
scanner+form,corpus,cropped-and-rotated.pdf,1,1,1.5,775280,0,0,0,ok
scanner+form,corpus,data.pdf,1,3,5.7,4032720,0,0,0,ok
scanner+form,corpus,dotnet-ai.pdf,1,5,28.6,32244688,1,1,1,ok
scanner+form,corpus,felltypes-test.pdf,1,1,12.8,4976128,0,0,0,ok
scanner+form,corpus,hex_0x0006.pdf,1,1,1.2,659648,0,0,0,ok
scanner+form,corpus,inherited_mediabox.pdf,1,1,0.2,54912,0,0,0,ok
scanner+form,corpus,iron-ore-q2-q3-2013.pdf,1,5,53.6,36004328,2,2,2,ok
scanner+form,corpus,issue_1163.pdf,1,2,0.5,183640,0,0,0,ok
scanner+form,corpus,issue_1330.pdf,1,1,0.2,57040,0,0,0,ok
scanner+form,corpus,issue_1331.pdf,1,1,1.9,1527488,0,0,0,ok
scanner+form,corpus,issue_671.pdf,1,2,20.0,18270696,0,0,0,ok
scanner+form,corpus,issue_881.pdf,1,1,1.2,778096,0,0,0,ok
scanner+form,corpus,issues-1176-1.pdf,1,1,2.4,2142192,0,0,0,ok
scanner+form,corpus,issues-1176.pdf,1,1,2.9,7145400,0,0,0,ok
scanner+form,corpus,journal.pone.0196757.pdf,1,5,54.8,35352544,1,1,1,ok
scanner+form,corpus,jtehm-melillo-2679746.pdf,1,5,59.8,52742736,0,0,0,ok
scanner+form,corpus,little-pig-in-armenian.pdf,1,1,0.9,318080,0,0,0,ok
scanner+form,corpus,odwriteex.pdf,1,1,1.0,715480,0,0,0,ok
scanner+form,corpus,outline.pdf,1,3,2.3,1121432,0,0,0,ok
scanner+form,corpus,output_w3c_csswg_drafts_issues2023.pdf,1,1,0.6,235744,0,0,0,ok
scanner+form,corpus,path_ext_oddeven.pdf,1,1,1.7,1155504,0,0,0,ok
scanner+form,corpus,pop-bugzilla37292.pdf,1,4,8.6,7958672,0,0,0,ok
scanner+form,corpus,reference-2-numeric-error.pdf,1,1,15.6,7150632,0,0,0,ok
scanner+form,corpus,soundandvision.pdf,1,1,2.4,2022672,0,0,0,ok
scanner+form,corpus,ssm2163.pdf,1,5,37.5,10912832,1,1,1,ok
scanner+form,corpus,steam_in_page_dict.pdf,1,1,3.0,103816,0,0,0,ok
scanner+form,corpus,test-2_so_74165171.pdf,1,1,64.9,41138416,1,1,1,ok
scanner+form,corpus,testPdf-1.pdf,1,2,5.6,5924632,0,0,0,ok
scanner+form,corpus,test_a-5.pdf,1,5,75.6,69147544,0,0,0,ok
scanner+form,corpus,test_a.pdf,1,5,110.1,69147112,1,0,0,ok
scanner+form,corpus,toc.pdf,1,5,7.1,7517448,0,0,0,ok
scanner+form,corpus,type3-font-zero-height.pdf,1,1,13.6,7005200,0,0,0,ok
scanner+form,corpus,0000851.pdf,2,5,324.1,118360464,1,0,0,ok
scanner+form,corpus,11194059_2017-11_de_s.pdf,2,2,28.2,27469856,0,0,0,ok
scanner+form,corpus,2006_Swedish_Touring_Car_Championship.pdf,2,4,8.0,7844424,0,0,0,ok
scanner+form,corpus,2108.11480.pdf,2,5,124.7,75377328,1,1,1,ok
scanner+form,corpus,22060_A1_01_Plans-1.pdf,2,1,5.3,9374736,0,0,0,ok
scanner+form,corpus,6.Secrets.to.Startup.Success.PDFDrive.pdf,2,5,22.9,24670936,0,0,0,ok
scanner+form,corpus,68-1990-01_A.pdf,2,5,57.3,44580360,1,1,1,ok
scanner+form,corpus,AcroFormsBasicFields.pdf,2,1,0.8,594216,0,0,0,ok
scanner+form,corpus,Approved_Document_B__fire_safety__volume_2_-_Buildings_other_than_dwellings__2019_edition_incorporating_2020_and_2022_amendments.pdf,2,5,50.4,51971408,2,2,2,ok
scanner+form,corpus,Arve.nr.1615.17.04.2026.pdf,2,1,1.6,1269696,0,0,0,ok
scanner+form,corpus,ClipPathLetterFilter-Test1.pdf,2,5,11.1,12254944,0,0,0,ok
scanner+form,corpus,ClipPathLetterFilter-Test2.pdf,2,1,7.0,8370160,0,0,0,ok
scanner+form,corpus,ColorIssue.pdf,2,1,27.6,31877568,0,0,0,ok
scanner+form,corpus,DeviceN_CS_test.pdf,2,5,14.1,21474288,0,0,0,ok
scanner+form,corpus,Diacritics_export.pdf,2,1,2.0,2350552,0,0,0,ok
scanner+form,corpus,EmptyPdf.pdf,2,1,0.2,37712,0,0,0,ok
scanner+form,corpus,ErcotFacts.pdf,2,2,31.5,13361136,1,1,0,ok
scanner+form,corpus,FICTIF_TABLE_INDEX.pdf,2,5,12.7,14807696,0,0,0,ok
scanner+form,corpus,FarmerMac.pdf,2,5,12.3,13703640,0,0,0,ok
scanner+form,corpus,Font Size Test - from google chrome print pdf.pdf,2,1,0.9,480120,0,0,0,ok
scanner+form,corpus,Font Size Test - from libre office.pdf,2,1,0.6,188328,0,0,0,ok
scanner+form,corpus,FontMatrix-1.pdf,2,1,0.4,216408,0,0,0,ok
scanner+form,corpus,FontMatrix-concat.pdf,2,1,0.2,134320,0,0,0,ok
scanner+form,corpus,FontMatrix-otf-bad-hmtx.pdf,2,1,1.1,738432,0,0,0,ok
scanner+form,corpus,FontMatrix-otf.pdf,2,1,1.1,742712,0,0,0,ok
scanner+form,corpus,FontMatrix-raw.pdf,2,1,1.3,683312,0,0,0,ok
scanner+form,corpus,GHOSTSCRIPT-692564-0.pdf,2,1,0.8,547400,0,0,0,ok
scanner+form,corpus,GHOSTSCRIPT-695513-0.pdf,2,1,2.7,3521032,0,0,0,ok
scanner+form,corpus,GHOSTSCRIPT-696171-0.pdf,2,5,9.1,11336200,0,0,0,ok
scanner+form,corpus,GHOSTSCRIPT-696547-0.zip-7.pdf,2,1,3.8,7354664,0,0,0,ok
scanner+form,corpus,GHOSTSCRIPT-696547-0.zip-9.pdf,2,1,4.0,7354704,0,0,0,ok
scanner+form,corpus,GHOSTSCRIPT-697234-0.pdf,2,3,21.6,22678008,0,0,0,ok
scanner+form,corpus,GHOSTSCRIPT-697507-0.pdf,2,1,26.1,7908144,1,1,1,ok
scanner+form,corpus,GHOSTSCRIPT-697984-3.pdf,2,1,3.1,1620160,0,0,0,ok
scanner+form,corpus,GHOSTSCRIPT-698168-0.pdf,2,1,2.1,2816360,0,0,0,ok
scanner+form,corpus,GHOSTSCRIPT-698363-0.pdf,2,1,1.8,466576,0,0,0,ok
scanner+form,corpus,GHOSTSCRIPT-698721-0.zip-6.pdf,2,2,6.1,7317912,0,0,0,ok
scanner+form,corpus,GHOSTSCRIPT-698721-1.pdf,2,1,1.6,2032432,0,0,0,ok
scanner+form,corpus,GHOSTSCRIPT-699035-0.pdf,2,5,33.4,38283312,0,0,0,ok
scanner+form,corpus,GHOSTSCRIPT-699178-0.pdf,2,3,7.6,8419928,0,0,0,ok
scanner+form,corpus,GHOSTSCRIPT-699375-5.pdf,2,1,16.3,3069184,1,0,0,ok
scanner+form,corpus,GHOSTSCRIPT-699488-0.pdf,2,1,6.8,8121056,0,0,0,ok
scanner+form,corpus,GHOSTSCRIPT-699554-0.zip-4.pdf,2,1,1.3,1650272,0,0,0,ok
scanner+form,corpus,GHOSTSCRIPT-700125-1.pdf,2,5,12.3,16342112,0,0,0,ok
scanner+form,corpus,GHOSTSCRIPT-700139-0.pdf,2,2,148.7,116153040,3,2,2,ok
scanner+form,corpus,GHOSTSCRIPT-700236-1.pdf,2,5,12.4,13418640,0,0,0,ok
scanner+form,corpus,GHOSTSCRIPT-700288-1.pdf,2,1,4.6,4618240,0,0,0,ok
scanner+form,corpus,GHOSTSCRIPT-700370-2.pdf,2,1,1.7,1531200,0,0,0,ok
scanner+form,corpus,GHOSTSCRIPT-700931-0.7z-5.pdf,2,2,1.5,1222352,0,0,0,ok
scanner+form,corpus,GHOSTSCRIPT-702013-1.pdf,2,1,3.7,3792848,0,0,0,ok
scanner+form,corpus,Gamebook.pdf,2,5,13.4,9354160,0,0,0,ok
scanner+form,corpus,GlyphDataTableReadCompositeGlyphError.pdf,2,1,4.0,2885752,0,0,0,ok
scanner+form,corpus,Grapheme clusters emoji.pdf,2,1,0.4,149704,0,0,0,ok
scanner+form,corpus,ICML03-081.pdf,2,5,16.8,17261672,0,0,0,ok
scanner+form,corpus,Indexed-DeviceRGB-JPXDecode-0-.0.0.255.0.-Font-F1_1_missing_char_255-1.pdf,2,1,27.7,16977632,0,0,0,ok
scanner+form,corpus,IndexedCS_negative_and_high.pdf,2,1,0.5,81920,0,0,0,ok
scanner+form,corpus,Judgement Document.pdf,2,5,9.2,9128784,0,0,0,ok
scanner+form,corpus,LKR824191.pdf,2,1,4.0,4164840,0,0,0,ok
scanner+form,corpus,Layer pdf - 322_High_Holborn_building_Brochure.pdf,2,3,48.7,37064696,1,0,0,ok
scanner+form,corpus,MOZILLA-10084-0.pdf,2,1,3.3,3208472,0,0,0,ok
scanner+form,corpus,MOZILLA-10225-0.pdf,2,5,12.9,22997688,0,0,0,ok
scanner+form,corpus,MOZILLA-10372-2.pdf,2,5,24.4,12997080,1,1,1,ok
scanner+form,corpus,MOZILLA-2775-1.pdf,2,5,18.6,17666528,1,0,0,ok
scanner+form,corpus,MOZILLA-3136-0.pdf,2,4,210.2,217567880,1,1,1,ok
scanner+form,corpus,MOZILLA-7375-0.pdf,2,5,34.4,15738104,1,1,0,ok
scanner+form,corpus,MOZILLA-9176-2.pdf,2,5,3.9,9938768,0,0,0,ok
scanner+form,corpus,MOZILLA-LINK-3264-0.pdf,2,5,2.9,3312216,0,0,0,ok
scanner+form,corpus,MOZILLA-LINK-5251-1.pdf,2,2,2.6,2202384,0,0,0,ok
scanner+form,corpus,Math119FakingData.pdf,2,5,15.0,9252832,1,1,0,ok
scanner+form,corpus,Motor Insurance claim form.pdf,2,3,96.8,67262504,2,2,2,ok
scanner+form,corpus,Multiple Page - from Mortality Statistics.pdf,2,5,6.9,8201568,0,0,0,ok
scanner+form,corpus,OPEN.RABBIT.ENGLISH.LOP.pdf,2,5,22.5,27515312,0,0,0,ok
scanner+form,corpus,Old Gutnish Internet Explorer.pdf,2,3,29.3,14271136,1,0,0,ok
scanner+form,corpus,P2P-33713919.pdf,2,5,27.4,23003640,1,1,1,ok
scanner+form,corpus,PDFBOX-1869-4-1.pdf,2,1,1.3,411024,0,0,0,ok
scanner+form,corpus,PDFBOX-492-4.jar-8.pdf,2,2,18.3,16856176,0,0,0,ok
scanner+form,corpus,PDFBOX-624-2.pdf,2,5,9.4,11332232,0,0,0,ok
scanner+form,corpus,Pig Production Handbook.pdf,2,5,8.5,11474112,0,0,0,ok
scanner+form,corpus,Pig Reproduction Powerpoint.pdf,2,5,4.3,9119832,0,0,0,ok
scanner+form,corpus,Publication_of_award_of_Bids_for_Transport_Sector__August_2016.pdf,2,5,7.2,8292128,0,0,0,ok
scanner+form,corpus,Rotated Text Libre Office.pdf,2,1,0.6,238400,0,0,0,ok
scanner+form,corpus,Rotation 45.pdf,2,4,35.3,9901544,1,1,1,ok
scanner+form,corpus,SPARC - v9 Architecture Manual.pdf,2,5,58.9,73964168,1,1,1,ok
scanner+form,corpus,SPE8EF26T0545.pdf,2,5,9.0,11430472,0,0,0,ok
scanner+form,corpus,ShowTextOpWithUnbalancedRoundBrackets.pdf,2,1,5.1,4626032,0,0,0,ok
scanner+form,corpus,Single Page Broken Offsets - from google drive.pdf,2,1,1.5,590416,0,0,0,ok
scanner+form,corpus,Single Page Form Content - from itext 1_1.pdf,2,1,0.9,786440,0,0,0,ok
scanner+form,corpus,Single Page Hyperlinks - from open office.pdf,2,1,29.9,360968,1,1,0,ok
scanner+form,corpus,Single Page Images - from libre office.pdf,2,1,0.6,378848,0,0,0,ok
scanner+form,corpus,Single Page Non Latin - from acrobat distiller.pdf,2,1,0.8,396512,0,0,0,ok
scanner+form,corpus,Single Page Simple - from google drive.pdf,2,1,1.0,583432,0,0,0,ok
scanner+form,corpus,Single Page Simple - from inkscape.pdf,2,1,0.5,150184,0,0,0,ok
scanner+form,corpus,Single Page Simple - from open office.pdf,2,1,0.5,269584,0,0,0,ok
scanner+form,corpus,Single Page Type 1 Font.pdf,2,1,0.3,85752,0,0,0,ok
scanner+form,corpus,SinglePage180ClockwiseRotation - from PdfPig.pdf,2,1,0.4,201784,0,0,0,ok
scanner+form,corpus,SinglePage270ClockwiseRotation - from PdfPig.pdf,2,1,0.4,201784,0,0,0,ok
scanner+form,corpus,SinglePage90ClockwiseRotation - from PdfPig.pdf,2,1,0.4,201784,0,0,0,ok
scanner+form,corpus,SmallCropbox.pdf,2,1,1.5,1618304,0,0,0,ok
scanner+form,corpus,TIKA-1552-0.pdf,2,5,19.7,23346496,0,0,0,ok
scanner+form,corpus,TIKA-2054-0.pdf,2,5,17.2,20478608,0,0,0,ok
scanner+form,corpus,TIKA-469-0.pdf,2,2,4.2,4679104,0,0,0,ok
scanner+form,corpus,Test.Doc.pdf,2,1,1.8,1679744,0,0,0,ok
scanner+form,corpus,TrueTypeTablesGlyphDataTableReadGlyphsError.pdf,2,1,4.8,3649216,0,0,0,ok
scanner+form,corpus,Two Page Text Only - from libre office.pdf,2,2,1.5,1572176,0,0,0,ok
scanner+form,corpus,Type0 Font.pdf,2,1,8.5,9722152,0,0,0,ok
scanner+form,corpus,Type0_CJK_Font.pdf,2,5,11.2,3216968,0,0,0,ok
scanner+form,corpus,Type3Test.pdf,2,1,0.8,155296,0,0,0,ok
scanner+form,corpus,Various Content Types.pdf,2,1,0.6,257232,0,0,0,ok
scanner+form,corpus,Why.does.this.not.work.pdf,2,1,1.6,1035984,0,0,0,ok
scanner+form,corpus,_citUR2jB1_ay56u6vELzk.pdf,2,2,1.8,2256656,0,0,0,ok
scanner+form,corpus,annotation-comments.pdf,2,1,0.5,283416,0,0,0,ok
scanner+form,corpus,bold-italic.pdf,2,1,2.2,1617504,0,0,0,ok
scanner+form,corpus,bookmarks-with-accented-characters.pdf,2,1,0.5,331256,0,0,0,ok
scanner+form,corpus,byz.pdf,2,1,2.5,2271056,0,0,0,ok
scanner+form,corpus,capas.pdf,2,5,8.1,8008880,0,0,0,ok
scanner+form,corpus,cat-genetics.pdf,2,1,6.8,6761976,0,0,0,ok
scanner+form,corpus,cat-genetics_bobld.pdf,2,1,7.8,7030992,0,0,0,ok
scanner+form,corpus,cmap-parsing-exception.pdf,2,1,44.2,13118784,1,1,1,ok
scanner+form,corpus,cropped-and-rotated.pdf,2,1,1.2,744440,0,0,0,ok
scanner+form,corpus,data.pdf,2,3,4.0,4032504,0,0,0,ok
scanner+form,corpus,dotnet-ai.pdf,2,5,25.7,31554784,1,1,1,ok
scanner+form,corpus,felltypes-test.pdf,2,1,8.0,4975168,0,0,0,ok
scanner+form,corpus,hex_0x0006.pdf,2,1,1.2,658904,0,0,0,ok
scanner+form,corpus,inherited_mediabox.pdf,2,1,0.3,54816,0,0,0,ok
scanner+form,corpus,iron-ore-q2-q3-2013.pdf,2,5,25.7,35959192,0,0,0,ok
scanner+form,corpus,issue_1163.pdf,2,2,0.5,183384,0,0,0,ok
scanner+form,corpus,issue_1330.pdf,2,1,0.2,57016,0,0,0,ok
scanner+form,corpus,issue_1331.pdf,2,1,1.8,1351064,0,0,0,ok
scanner+form,corpus,issue_671.pdf,2,2,20.6,17840064,0,0,0,ok
scanner+form,corpus,issue_881.pdf,2,1,1.2,617520,0,0,0,ok
scanner+form,corpus,issues-1176-1.pdf,2,1,11.6,2142184,1,0,0,ok
scanner+form,corpus,issues-1176.pdf,2,1,3.4,7145248,0,0,0,ok
scanner+form,corpus,journal.pone.0196757.pdf,2,5,40.2,35325496,1,1,0,ok
scanner+form,corpus,jtehm-melillo-2679746.pdf,2,5,57.0,52740400,0,0,0,ok
scanner+form,corpus,little-pig-in-armenian.pdf,2,1,0.9,307208,0,0,0,ok
scanner+form,corpus,odwriteex.pdf,2,1,1.3,715384,0,0,0,ok
scanner+form,corpus,outline.pdf,2,3,2.3,1088096,0,0,0,ok
scanner+form,corpus,output_w3c_csswg_drafts_issues2023.pdf,2,1,0.8,235512,0,0,0,ok
scanner+form,corpus,path_ext_oddeven.pdf,2,1,1.8,1040040,0,0,0,ok
scanner+form,corpus,pop-bugzilla37292.pdf,2,4,9.8,7592600,0,0,0,ok
scanner+form,corpus,reference-2-numeric-error.pdf,2,1,11.3,7148160,0,0,0,ok
scanner+form,corpus,soundandvision.pdf,2,1,3.2,1856832,0,0,0,ok
scanner+form,corpus,ssm2163.pdf,2,5,12.3,10260736,0,0,0,ok
scanner+form,corpus,steam_in_page_dict.pdf,2,1,0.8,103512,0,0,0,ok
scanner+form,corpus,test-2_so_74165171.pdf,2,1,88.4,39104616,1,1,1,ok
scanner+form,corpus,testPdf-1.pdf,2,2,5.8,5702072,0,0,0,ok
scanner+form,corpus,test_a-5.pdf,2,5,73.0,68793520,1,1,1,ok
scanner+form,corpus,test_a.pdf,2,5,55.2,68792048,0,0,0,ok
scanner+form,corpus,toc.pdf,2,5,5.5,7517120,0,0,0,ok
scanner+form,corpus,type3-font-zero-height.pdf,2,1,31.5,7001376,1,1,1,ok
scanner+form,corpus,0000851.pdf,3,5,175.2,118360440,1,0,0,ok
scanner+form,corpus,11194059_2017-11_de_s.pdf,3,2,24.1,27417152,0,0,0,ok
scanner+form,corpus,2006_Swedish_Touring_Car_Championship.pdf,3,4,8.5,7628184,0,0,0,ok
scanner+form,corpus,2108.11480.pdf,3,5,81.0,74774496,2,2,1,ok
scanner+form,corpus,22060_A1_01_Plans-1.pdf,3,1,4.8,9374736,0,0,0,ok
scanner+form,corpus,6.Secrets.to.Startup.Success.PDFDrive.pdf,3,5,37.4,24670936,1,1,0,ok
scanner+form,corpus,68-1990-01_A.pdf,3,5,54.1,44330680,1,1,1,ok
scanner+form,corpus,AcroFormsBasicFields.pdf,3,1,1.0,594216,0,0,0,ok
scanner+form,corpus,Approved_Document_B__fire_safety__volume_2_-_Buildings_other_than_dwellings__2019_edition_incorporating_2020_and_2022_amendments.pdf,3,5,41.9,51969728,1,1,1,ok
scanner+form,corpus,Arve.nr.1615.17.04.2026.pdf,3,1,1.7,1192464,0,0,0,ok
scanner+form,corpus,ClipPathLetterFilter-Test1.pdf,3,5,21.6,12126584,1,1,1,ok
scanner+form,corpus,ClipPathLetterFilter-Test2.pdf,3,1,6.6,8370368,0,0,0,ok
scanner+form,corpus,ColorIssue.pdf,3,1,36.9,31879248,1,1,1,ok
scanner+form,corpus,DeviceN_CS_test.pdf,3,5,12.9,21474496,0,0,0,ok
scanner+form,corpus,Diacritics_export.pdf,3,1,2.0,2350552,0,0,0,ok
scanner+form,corpus,EmptyPdf.pdf,3,1,0.2,37712,0,0,0,ok
scanner+form,corpus,ErcotFacts.pdf,3,2,23.4,13362816,1,1,1,ok
scanner+form,corpus,FICTIF_TABLE_INDEX.pdf,3,5,13.6,14807696,0,0,0,ok
scanner+form,corpus,FarmerMac.pdf,3,5,12.5,13703640,0,0,0,ok
scanner+form,corpus,Font Size Test - from google chrome print pdf.pdf,3,1,0.9,480120,0,0,0,ok
scanner+form,corpus,Font Size Test - from libre office.pdf,3,1,0.4,188328,0,0,0,ok
scanner+form,corpus,FontMatrix-1.pdf,3,1,0.3,216408,0,0,0,ok
scanner+form,corpus,FontMatrix-concat.pdf,3,1,0.2,134320,0,0,0,ok
scanner+form,corpus,FontMatrix-otf-bad-hmtx.pdf,3,1,1.1,738432,0,0,0,ok
scanner+form,corpus,FontMatrix-otf.pdf,3,1,1.2,742712,0,0,0,ok
scanner+form,corpus,FontMatrix-raw.pdf,3,1,1.1,683312,0,0,0,ok
scanner+form,corpus,GHOSTSCRIPT-692564-0.pdf,3,1,0.9,547400,0,0,0,ok
scanner+form,corpus,GHOSTSCRIPT-695513-0.pdf,3,1,2.1,3521032,0,0,0,ok
scanner+form,corpus,GHOSTSCRIPT-696171-0.pdf,3,5,12.3,11336200,1,0,0,ok
scanner+form,corpus,GHOSTSCRIPT-696547-0.zip-7.pdf,3,1,3.8,7354872,0,0,0,ok
scanner+form,corpus,GHOSTSCRIPT-696547-0.zip-9.pdf,3,1,4.8,7354704,1,0,0,ok
scanner+form,corpus,GHOSTSCRIPT-697234-0.pdf,3,3,30.8,22678216,1,1,0,ok
scanner+form,corpus,GHOSTSCRIPT-697507-0.pdf,3,1,8.5,7906672,0,0,0,ok
scanner+form,corpus,GHOSTSCRIPT-697984-3.pdf,3,1,2.3,1619952,0,0,0,ok
scanner+form,corpus,GHOSTSCRIPT-698168-0.pdf,3,1,2.0,2816360,0,0,0,ok
scanner+form,corpus,GHOSTSCRIPT-698363-0.pdf,3,1,1.5,466168,0,0,0,ok
scanner+form,corpus,GHOSTSCRIPT-698721-0.zip-6.pdf,3,2,6.1,7317912,0,0,0,ok
scanner+form,corpus,GHOSTSCRIPT-698721-1.pdf,3,1,1.6,2032432,0,0,0,ok
scanner+form,corpus,GHOSTSCRIPT-699035-0.pdf,3,5,50.5,38284992,1,1,1,ok
scanner+form,corpus,GHOSTSCRIPT-699178-0.pdf,3,3,6.8,8420136,0,0,0,ok
scanner+form,corpus,GHOSTSCRIPT-699375-5.pdf,3,1,3.6,3069184,0,0,0,ok
scanner+form,corpus,GHOSTSCRIPT-699488-0.pdf,3,1,7.2,8120848,0,0,0,ok
scanner+form,corpus,GHOSTSCRIPT-699554-0.zip-4.pdf,3,1,1.4,1650272,0,0,0,ok
scanner+form,corpus,GHOSTSCRIPT-700125-1.pdf,3,5,27.9,16342112,1,1,0,ok
scanner+form,corpus,GHOSTSCRIPT-700139-0.pdf,3,2,136.2,116151568,2,2,1,ok
scanner+form,corpus,GHOSTSCRIPT-700236-1.pdf,3,5,13.0,13418640,0,0,0,ok
scanner+form,corpus,GHOSTSCRIPT-700288-1.pdf,3,1,4.3,4618240,0,0,0,ok
scanner+form,corpus,GHOSTSCRIPT-700370-2.pdf,3,1,1.7,1531200,0,0,0,ok
scanner+form,corpus,GHOSTSCRIPT-700931-0.7z-5.pdf,3,2,1.3,1222352,0,0,0,ok
scanner+form,corpus,GHOSTSCRIPT-702013-1.pdf,3,1,3.4,3792848,0,0,0,ok
scanner+form,corpus,Gamebook.pdf,3,5,9.3,9354160,0,0,0,ok
scanner+form,corpus,GlyphDataTableReadCompositeGlyphError.pdf,3,1,3.7,2885752,0,0,0,ok
scanner+form,corpus,Grapheme clusters emoji.pdf,3,1,0.4,149704,0,0,0,ok
scanner+form,corpus,ICML03-081.pdf,3,5,14.8,17261672,0,0,0,ok
scanner+form,corpus,Indexed-DeviceRGB-JPXDecode-0-.0.0.255.0.-Font-F1_1_missing_char_255-1.pdf,3,1,28.2,16977632,0,0,0,ok
scanner+form,corpus,IndexedCS_negative_and_high.pdf,3,1,0.6,81920,0,0,0,ok
scanner+form,corpus,Judgement Document.pdf,3,5,9.2,9128784,0,0,0,ok
scanner+form,corpus,LKR824191.pdf,3,1,4.3,4164840,0,0,0,ok
scanner+form,corpus,Layer pdf - 322_High_Holborn_building_Brochure.pdf,3,3,58.2,37066376,1,1,1,ok
scanner+form,corpus,MOZILLA-10084-0.pdf,3,1,3.3,3208472,0,0,0,ok
scanner+form,corpus,MOZILLA-10225-0.pdf,3,5,14.6,22997688,0,0,0,ok
scanner+form,corpus,MOZILLA-10372-2.pdf,3,5,25.7,12997080,1,1,1,ok
scanner+form,corpus,MOZILLA-2775-1.pdf,3,5,20.1,17666528,1,0,0,ok
scanner+form,corpus,MOZILLA-3136-0.pdf,3,4,212.0,217567880,1,1,1,ok
scanner+form,corpus,MOZILLA-7375-0.pdf,3,5,44.0,15738104,1,1,0,ok
scanner+form,corpus,MOZILLA-9176-2.pdf,3,5,9.0,9940448,1,1,1,ok
scanner+form,corpus,MOZILLA-LINK-3264-0.pdf,3,5,1.9,3312424,0,0,0,ok
scanner+form,corpus,MOZILLA-LINK-5251-1.pdf,3,2,2.0,2202384,0,0,0,ok
scanner+form,corpus,Math119FakingData.pdf,3,5,7.3,9252832,0,0,0,ok
scanner+form,corpus,Motor Insurance claim form.pdf,3,3,84.5,67260616,1,1,1,ok
scanner+form,corpus,Multiple Page - from Mortality Statistics.pdf,3,5,6.2,8201568,0,0,0,ok
scanner+form,corpus,OPEN.RABBIT.ENGLISH.LOP.pdf,3,5,20.8,27515312,0,0,0,ok
scanner+form,corpus,Old Gutnish Internet Explorer.pdf,3,3,34.0,14272816,1,1,1,ok
scanner+form,corpus,P2P-33713919.pdf,3,5,17.3,23001960,1,0,0,ok
scanner+form,corpus,PDFBOX-1869-4-1.pdf,3,1,0.8,411024,0,0,0,ok
scanner+form,corpus,PDFBOX-492-4.jar-8.pdf,3,2,19.4,16856176,0,0,0,ok
scanner+form,corpus,PDFBOX-624-2.pdf,3,5,10.7,11332232,0,0,0,ok
scanner+form,corpus,Pig Production Handbook.pdf,3,5,8.9,11474112,0,0,0,ok
scanner+form,corpus,Pig Reproduction Powerpoint.pdf,3,5,4.5,9119832,0,0,0,ok
scanner+form,corpus,Publication_of_award_of_Bids_for_Transport_Sector__August_2016.pdf,3,5,19.6,8293808,1,1,1,ok
scanner+form,corpus,Rotated Text Libre Office.pdf,3,1,0.6,238608,0,0,0,ok
scanner+form,corpus,Rotation 45.pdf,3,4,12.6,9899864,0,0,0,ok
scanner+form,corpus,SPARC - v9 Architecture Manual.pdf,3,5,91.8,73963960,2,1,1,ok
scanner+form,corpus,SPE8EF26T0545.pdf,3,5,8.8,11430472,0,0,0,ok
scanner+form,corpus,ShowTextOpWithUnbalancedRoundBrackets.pdf,3,1,4.5,4626032,0,0,0,ok
scanner+form,corpus,Single Page Broken Offsets - from google drive.pdf,3,1,1.5,590416,0,0,0,ok
scanner+form,corpus,Single Page Form Content - from itext 1_1.pdf,3,1,0.9,786440,0,0,0,ok
scanner+form,corpus,Single Page Hyperlinks - from open office.pdf,3,1,0.6,360968,0,0,0,ok
scanner+form,corpus,Single Page Images - from libre office.pdf,3,1,0.5,378640,0,0,0,ok
scanner+form,corpus,Single Page Non Latin - from acrobat distiller.pdf,3,1,0.8,396512,0,0,0,ok
scanner+form,corpus,Single Page Simple - from google drive.pdf,3,1,1.0,583432,0,0,0,ok
scanner+form,corpus,Single Page Simple - from inkscape.pdf,3,1,0.4,150184,0,0,0,ok
scanner+form,corpus,Single Page Simple - from open office.pdf,3,1,0.4,269584,0,0,0,ok
scanner+form,corpus,Single Page Type 1 Font.pdf,3,1,0.3,85752,0,0,0,ok
scanner+form,corpus,SinglePage180ClockwiseRotation - from PdfPig.pdf,3,1,0.4,201784,0,0,0,ok
scanner+form,corpus,SinglePage270ClockwiseRotation - from PdfPig.pdf,3,1,0.4,201784,0,0,0,ok
scanner+form,corpus,SinglePage90ClockwiseRotation - from PdfPig.pdf,3,1,0.4,201784,0,0,0,ok
scanner+form,corpus,SmallCropbox.pdf,3,1,1.5,1618304,0,0,0,ok
scanner+form,corpus,TIKA-1552-0.pdf,3,5,19.0,23346496,0,0,0,ok
scanner+form,corpus,TIKA-2054-0.pdf,3,5,23.6,20478608,0,0,0,ok
scanner+form,corpus,TIKA-469-0.pdf,3,2,6.6,4679104,0,0,0,ok
scanner+form,corpus,Test.Doc.pdf,3,1,2.3,1679744,0,0,0,ok
scanner+form,corpus,TrueTypeTablesGlyphDataTableReadGlyphsError.pdf,3,1,5.8,3649216,0,0,0,ok
scanner+form,corpus,Two Page Text Only - from libre office.pdf,3,2,2.0,1572176,0,0,0,ok
scanner+form,corpus,Type0 Font.pdf,3,1,30.5,9723832,1,1,1,ok
scanner+form,corpus,Type0_CJK_Font.pdf,3,5,9.0,3217176,0,0,0,ok
scanner+form,corpus,Type3Test.pdf,3,1,0.5,155296,0,0,0,ok
scanner+form,corpus,Various Content Types.pdf,3,1,0.4,257232,0,0,0,ok
scanner+form,corpus,Why.does.this.not.work.pdf,3,1,1.8,1035984,0,0,0,ok
scanner+form,corpus,_citUR2jB1_ay56u6vELzk.pdf,3,2,1.8,2256656,0,0,0,ok
scanner+form,corpus,annotation-comments.pdf,3,1,0.5,283416,0,0,0,ok
scanner+form,corpus,bold-italic.pdf,3,1,2.1,1617504,0,0,0,ok
scanner+form,corpus,bookmarks-with-accented-characters.pdf,3,1,0.6,331256,0,0,0,ok
scanner+form,corpus,byz.pdf,3,1,2.0,2271056,0,0,0,ok
scanner+form,corpus,capas.pdf,3,5,5.9,8008880,0,0,0,ok
scanner+form,corpus,cat-genetics.pdf,3,1,5.2,6761976,0,0,0,ok
scanner+form,corpus,cat-genetics_bobld.pdf,3,1,5.1,7030992,0,0,0,ok
scanner+form,corpus,cmap-parsing-exception.pdf,3,1,15.9,13117104,0,0,0,ok
scanner+form,corpus,cropped-and-rotated.pdf,3,1,1.1,744232,0,0,0,ok
scanner+form,corpus,data.pdf,3,3,4.1,4032504,0,0,0,ok
scanner+form,corpus,dotnet-ai.pdf,3,5,36.6,31554784,1,1,1,ok
scanner+form,corpus,felltypes-test.pdf,3,1,7.5,4975168,0,0,0,ok
scanner+form,corpus,hex_0x0006.pdf,3,1,1.0,658904,0,0,0,ok
scanner+form,corpus,inherited_mediabox.pdf,3,1,0.2,54816,0,0,0,ok
scanner+form,corpus,iron-ore-q2-q3-2013.pdf,3,5,19.9,35959192,0,0,0,ok
scanner+form,corpus,issue_1163.pdf,3,2,0.4,183384,0,0,0,ok
scanner+form,corpus,issue_1330.pdf,3,1,0.2,57016,0,0,0,ok
scanner+form,corpus,issue_1331.pdf,3,1,3.4,1351064,1,0,0,ok
scanner+form,corpus,issue_671.pdf,3,2,27.8,17841952,1,1,1,ok
scanner+form,corpus,issue_881.pdf,3,1,1.0,617728,0,0,0,ok
scanner+form,corpus,issues-1176-1.pdf,3,1,2.3,2142184,0,0,0,ok
scanner+form,corpus,issues-1176.pdf,3,1,2.7,7145040,0,0,0,ok
scanner+form,corpus,journal.pone.0196757.pdf,3,5,33.1,35325496,1,1,0,ok
scanner+form,corpus,jtehm-melillo-2679746.pdf,3,5,69.3,52742080,1,1,1,ok
scanner+form,corpus,little-pig-in-armenian.pdf,3,1,0.8,307416,0,0,0,ok
scanner+form,corpus,odwriteex.pdf,3,1,0.9,715384,0,0,0,ok
scanner+form,corpus,outline.pdf,3,3,1.8,1088096,0,0,0,ok
scanner+form,corpus,output_w3c_csswg_drafts_issues2023.pdf,3,1,0.8,235512,0,0,0,ok
scanner+form,corpus,path_ext_oddeven.pdf,3,1,1.8,1040040,0,0,0,ok
scanner+form,corpus,pop-bugzilla37292.pdf,3,4,6.8,7592600,0,0,0,ok
scanner+form,corpus,reference-2-numeric-error.pdf,3,1,8.2,7148160,0,0,0,ok
scanner+form,corpus,soundandvision.pdf,3,1,2.0,1856832,0,0,0,ok
scanner+form,corpus,ssm2163.pdf,3,5,9.3,10260736,0,0,0,ok
scanner+form,corpus,steam_in_page_dict.pdf,3,1,0.4,103512,0,0,0,ok
scanner+form,corpus,test-2_so_74165171.pdf,3,1,71.3,39104616,1,1,1,ok
scanner+form,corpus,testPdf-1.pdf,3,2,5.7,5702072,0,0,0,ok
scanner+form,corpus,test_a-5.pdf,3,5,73.5,68793520,1,1,1,ok
scanner+form,corpus,test_a.pdf,3,5,57.7,68792048,0,0,0,ok
scanner+form,corpus,toc.pdf,3,5,7.1,7517120,0,0,0,ok
scanner+form,corpus,type3-font-zero-height.pdf,3,1,32.1,7001376,1,1,1,ok
a-plus-b,corpus,0000851.pdf,1,5,1107.4,165456960,4,2,2,ok
a-plus-b,corpus,11194059_2017-11_de_s.pdf,1,2,117.2,27619136,0,0,0,ok
a-plus-b,corpus,2006_Swedish_Touring_Car_Championship.pdf,1,4,36.4,7845616,0,0,0,ok
a-plus-b,corpus,2108.11480.pdf,1,5,213.9,76444448,1,1,1,ok
a-plus-b,corpus,22060_A1_01_Plans-1.pdf,1,1,27.9,9376568,1,1,1,ok
a-plus-b,corpus,6.Secrets.to.Startup.Success.PDFDrive.pdf,1,5,67.8,24667872,0,0,0,ok
a-plus-b,corpus,68-1990-01_A.pdf,1,5,202.3,64717008,3,2,2,ok
a-plus-b,corpus,AcroFormsBasicFields.pdf,1,1,1.5,595864,0,0,0,ok
a-plus-b,corpus,Approved_Document_B__fire_safety__volume_2_-_Buildings_other_than_dwellings__2019_edition_incorporating_2020_and_2022_amendments.pdf,1,5,105.6,51992704,2,2,2,ok
a-plus-b,corpus,Arve.nr.1615.17.04.2026.pdf,1,1,3.8,1269448,0,0,0,ok
a-plus-b,corpus,ClipPathLetterFilter-Test1.pdf,1,5,93.7,41274136,1,0,0,ok
a-plus-b,corpus,ClipPathLetterFilter-Test2.pdf,1,1,22.8,8781480,0,0,0,ok
a-plus-b,corpus,ColorIssue.pdf,1,1,79.6,33568832,0,0,0,ok
a-plus-b,corpus,DeviceN_CS_test.pdf,1,5,60.6,22007752,1,1,1,ok
a-plus-b,corpus,Diacritics_export.pdf,1,1,6.8,2353408,0,0,0,ok
a-plus-b,corpus,EmptyPdf.pdf,1,1,0.4,38360,0,0,0,ok
a-plus-b,corpus,ErcotFacts.pdf,1,2,47.7,13764600,0,0,0,ok
a-plus-b,corpus,FICTIF_TABLE_INDEX.pdf,1,5,56.0,15507320,1,1,1,ok
a-plus-b,corpus,FarmerMac.pdf,1,5,51.2,14093000,0,0,0,ok
a-plus-b,corpus,Font Size Test - from google chrome print pdf.pdf,1,1,1.7,504952,0,0,0,ok
a-plus-b,corpus,Font Size Test - from libre office.pdf,1,1,1.2,201728,0,0,0,ok
a-plus-b,corpus,FontMatrix-1.pdf,1,1,0.9,216624,0,0,0,ok
a-plus-b,corpus,FontMatrix-concat.pdf,1,1,0.3,134464,0,0,0,ok
a-plus-b,corpus,FontMatrix-otf-bad-hmtx.pdf,1,1,4.5,741744,0,0,0,ok
a-plus-b,corpus,FontMatrix-otf.pdf,1,1,2.6,742080,0,0,0,ok
a-plus-b,corpus,FontMatrix-raw.pdf,1,1,2.5,682752,0,0,0,ok
a-plus-b,corpus,GHOSTSCRIPT-692564-0.pdf,1,1,4.3,547584,0,0,0,ok
a-plus-b,corpus,GHOSTSCRIPT-695513-0.pdf,1,1,10.6,3521400,0,0,0,ok
a-plus-b,corpus,GHOSTSCRIPT-696171-0.pdf,1,5,41.2,11332056,0,0,0,ok
a-plus-b,corpus,GHOSTSCRIPT-696547-0.zip-7.pdf,1,1,22.6,7354720,0,0,0,ok
a-plus-b,corpus,GHOSTSCRIPT-696547-0.zip-9.pdf,1,1,19.8,7354408,0,0,0,ok
a-plus-b,corpus,GHOSTSCRIPT-697234-0.pdf,1,3,102.6,22678576,0,0,0,ok
a-plus-b,corpus,GHOSTSCRIPT-697507-0.pdf,1,1,27.3,7905648,0,0,0,ok
a-plus-b,corpus,GHOSTSCRIPT-697984-3.pdf,1,1,6.7,1697576,0,0,0,ok
a-plus-b,corpus,GHOSTSCRIPT-698168-0.pdf,1,1,7.5,2816232,0,0,0,ok
a-plus-b,corpus,GHOSTSCRIPT-698363-0.pdf,1,1,11.3,476912,0,0,0,ok
a-plus-b,corpus,GHOSTSCRIPT-698721-0.zip-6.pdf,1,2,35.6,7316800,1,1,1,ok
a-plus-b,corpus,GHOSTSCRIPT-698721-1.pdf,1,1,3.8,2031448,0,0,0,ok
a-plus-b,corpus,GHOSTSCRIPT-699035-0.pdf,1,5,173.9,38280952,1,0,0,ok
a-plus-b,corpus,GHOSTSCRIPT-699178-0.pdf,1,3,22.6,8588640,0,0,0,ok
a-plus-b,corpus,GHOSTSCRIPT-699375-5.pdf,1,1,8.7,3265168,0,0,0,ok
a-plus-b,corpus,GHOSTSCRIPT-699488-0.pdf,1,1,22.2,8120800,0,0,0,ok
a-plus-b,corpus,GHOSTSCRIPT-699554-0.zip-4.pdf,1,1,4.0,1649736,0,0,0,ok
a-plus-b,corpus,GHOSTSCRIPT-700125-1.pdf,1,5,49.3,17734176,0,0,0,ok
a-plus-b,corpus,GHOSTSCRIPT-700139-0.pdf,1,2,403.9,117735752,3,2,2,ok
a-plus-b,corpus,GHOSTSCRIPT-700236-1.pdf,1,5,32.2,13413248,0,0,0,ok
a-plus-b,corpus,GHOSTSCRIPT-700288-1.pdf,1,1,13.2,4617680,0,0,0,ok
a-plus-b,corpus,GHOSTSCRIPT-700370-2.pdf,1,1,4.0,1668512,0,0,0,ok
a-plus-b,corpus,GHOSTSCRIPT-700931-0.7z-5.pdf,1,2,3.3,1220952,0,0,0,ok
a-plus-b,corpus,GHOSTSCRIPT-702013-1.pdf,1,1,10.2,3790912,0,0,0,ok
a-plus-b,corpus,Gamebook.pdf,1,5,115.3,150677744,8,8,8,ok
a-plus-b,corpus,GlyphDataTableReadCompositeGlyphError.pdf,1,1,15.8,3791432,0,0,0,ok
a-plus-b,corpus,Grapheme clusters emoji.pdf,1,1,0.8,149432,0,0,0,ok
a-plus-b,corpus,ICML03-081.pdf,1,5,35.9,17259168,0,0,0,ok
a-plus-b,corpus,Indexed-DeviceRGB-JPXDecode-0-.0.0.255.0.-Font-F1_1_missing_char_255-1.pdf,1,1,43.4,16993712,0,0,0,ok
a-plus-b,corpus,IndexedCS_negative_and_high.pdf,1,1,0.9,81672,0,0,0,ok
a-plus-b,corpus,Judgement Document.pdf,1,5,33.0,10861312,1,1,1,ok
a-plus-b,corpus,LKR824191.pdf,1,1,9.8,4164824,0,0,0,ok
a-plus-b,corpus,Layer pdf - 322_High_Holborn_building_Brochure.pdf,1,3,77.9,37442712,0,0,0,ok
a-plus-b,corpus,MOZILLA-10084-0.pdf,1,1,7.3,3208320,0,0,0,ok
a-plus-b,corpus,MOZILLA-10225-0.pdf,1,5,39.0,23473440,1,1,1,ok
a-plus-b,corpus,MOZILLA-10372-2.pdf,1,5,24.7,12995328,0,0,0,ok
a-plus-b,corpus,MOZILLA-2775-1.pdf,1,5,43.8,17662056,1,0,0,ok
a-plus-b,corpus,MOZILLA-3136-0.pdf,1,4,506.3,219612320,2,1,1,ok
a-plus-b,corpus,MOZILLA-7375-0.pdf,1,5,24.7,15745168,0,0,0,ok
a-plus-b,corpus,MOZILLA-9176-2.pdf,1,5,2.5,9936016,0,0,0,ok
a-plus-b,corpus,MOZILLA-LINK-3264-0.pdf,1,5,3.9,3410760,0,0,0,ok
a-plus-b,corpus,MOZILLA-LINK-5251-1.pdf,1,2,5.6,2279824,0,0,0,ok
a-plus-b,corpus,Math119FakingData.pdf,1,5,17.2,9249712,0,0,0,ok
a-plus-b,corpus,Motor Insurance claim form.pdf,1,3,151.0,67895992,2,2,2,ok
a-plus-b,corpus,Multiple Page - from Mortality Statistics.pdf,1,5,25.7,15740144,0,0,0,ok
a-plus-b,corpus,OPEN.RABBIT.ENGLISH.LOP.pdf,1,5,54.6,27701848,1,0,0,ok
a-plus-b,corpus,Old Gutnish Internet Explorer.pdf,1,3,26.4,14915624,1,1,1,ok
a-plus-b,corpus,P2P-33713919.pdf,1,5,22.5,23033448,0,0,0,ok
a-plus-b,corpus,PDFBOX-1869-4-1.pdf,1,1,1.6,410336,0,0,0,ok
a-plus-b,corpus,PDFBOX-492-4.jar-8.pdf,1,2,28.4,16854136,0,0,0,ok
a-plus-b,corpus,PDFBOX-624-2.pdf,1,5,14.4,11326984,0,0,0,ok
a-plus-b,corpus,Pig Production Handbook.pdf,1,5,11.3,11469120,0,0,0,ok
a-plus-b,corpus,Pig Reproduction Powerpoint.pdf,1,5,5.8,9119280,0,0,0,ok
a-plus-b,corpus,Publication_of_award_of_Bids_for_Transport_Sector__August_2016.pdf,1,5,24.6,8526016,1,1,1,ok
a-plus-b,corpus,Rotated Text Libre Office.pdf,1,1,0.7,271224,0,0,0,ok
a-plus-b,corpus,Rotation 45.pdf,1,4,37.2,17582800,0,0,0,ok
a-plus-b,corpus,SPARC - v9 Architecture Manual.pdf,1,5,143.5,73959960,1,1,1,ok
a-plus-b,corpus,SPE8EF26T0545.pdf,1,5,38.8,11429912,1,0,0,ok
a-plus-b,corpus,ShowTextOpWithUnbalancedRoundBrackets.pdf,1,1,7.0,4625960,0,0,0,ok
a-plus-b,corpus,Single Page Broken Offsets - from google drive.pdf,1,1,1.7,611456,0,0,0,ok
a-plus-b,corpus,Single Page Form Content - from itext 1_1.pdf,1,1,1.4,786208,0,0,0,ok
a-plus-b,corpus,Single Page Hyperlinks - from open office.pdf,1,1,0.8,405176,0,0,0,ok
a-plus-b,corpus,Single Page Images - from libre office.pdf,1,1,0.6,383296,0,0,0,ok
a-plus-b,corpus,Single Page Non Latin - from acrobat distiller.pdf,1,1,0.9,416064,0,0,0,ok
a-plus-b,corpus,Single Page Simple - from google drive.pdf,1,1,1.1,604400,0,0,0,ok
a-plus-b,corpus,Single Page Simple - from inkscape.pdf,1,1,0.4,166856,0,0,0,ok
a-plus-b,corpus,Single Page Simple - from open office.pdf,1,1,0.5,293328,0,0,0,ok
a-plus-b,corpus,Single Page Type 1 Font.pdf,1,1,0.3,85552,0,0,0,ok
a-plus-b,corpus,SinglePage180ClockwiseRotation - from PdfPig.pdf,1,1,0.5,247832,0,0,0,ok
a-plus-b,corpus,SinglePage270ClockwiseRotation - from PdfPig.pdf,1,1,0.5,247760,0,0,0,ok
a-plus-b,corpus,SinglePage90ClockwiseRotation - from PdfPig.pdf,1,1,0.4,247760,0,0,0,ok
a-plus-b,corpus,SmallCropbox.pdf,1,1,1.7,1617808,0,0,0,ok
a-plus-b,corpus,TIKA-1552-0.pdf,1,5,23.0,23360768,0,0,0,ok
a-plus-b,corpus,TIKA-2054-0.pdf,1,5,23.1,21141672,0,0,0,ok
a-plus-b,corpus,TIKA-469-0.pdf,1,2,6.8,4685520,0,0,0,ok
a-plus-b,corpus,Test.Doc.pdf,1,1,2.3,1738192,0,0,0,ok
a-plus-b,corpus,TrueTypeTablesGlyphDataTableReadGlyphsError.pdf,1,1,26.4,4531232,1,1,1,ok
a-plus-b,corpus,Two Page Text Only - from libre office.pdf,1,2,1.9,1732456,0,0,0,ok
a-plus-b,corpus,Type0 Font.pdf,1,1,9.0,10339584,0,0,0,ok
a-plus-b,corpus,Type0_CJK_Font.pdf,1,5,75.3,4858696,0,0,0,ok
a-plus-b,corpus,Type3Test.pdf,1,1,0.6,156464,0,0,0,ok
a-plus-b,corpus,Various Content Types.pdf,1,1,0.8,270672,0,0,0,ok
a-plus-b,corpus,Why.does.this.not.work.pdf,1,1,1.8,1050016,0,0,0,ok
a-plus-b,corpus,_citUR2jB1_ay56u6vELzk.pdf,1,2,2.3,2366288,0,0,0,ok
a-plus-b,corpus,annotation-comments.pdf,1,1,0.6,295864,0,0,0,ok
a-plus-b,corpus,bold-italic.pdf,1,1,2.3,1897832,0,0,0,ok
a-plus-b,corpus,bookmarks-with-accented-characters.pdf,1,1,0.5,331424,0,0,0,ok
a-plus-b,corpus,byz.pdf,1,1,3.1,2270488,0,0,0,ok
a-plus-b,corpus,capas.pdf,1,5,6.7,8258888,0,0,0,ok
a-plus-b,corpus,cat-genetics.pdf,1,1,6.0,6761144,0,0,0,ok
a-plus-b,corpus,cat-genetics_bobld.pdf,1,1,7.1,7029656,0,0,0,ok
a-plus-b,corpus,cmap-parsing-exception.pdf,1,1,19.7,13351512,0,0,0,ok
a-plus-b,corpus,cropped-and-rotated.pdf,1,1,1.4,774656,0,0,0,ok
a-plus-b,corpus,data.pdf,1,3,5.4,4031152,0,0,0,ok
a-plus-b,corpus,dotnet-ai.pdf,1,5,30.5,32270576,1,1,1,ok
a-plus-b,corpus,felltypes-test.pdf,1,1,14.3,4975656,0,0,0,ok
a-plus-b,corpus,hex_0x0006.pdf,1,1,1.2,658792,0,0,0,ok
a-plus-b,corpus,inherited_mediabox.pdf,1,1,0.3,54688,0,0,0,ok
a-plus-b,corpus,iron-ore-q2-q3-2013.pdf,1,5,43.2,35994176,1,1,1,ok
a-plus-b,corpus,issue_1163.pdf,1,2,0.5,182744,0,0,0,ok
a-plus-b,corpus,issue_1330.pdf,1,1,0.2,57008,0,0,0,ok
a-plus-b,corpus,issue_1331.pdf,1,1,1.8,1527088,0,0,0,ok
a-plus-b,corpus,issue_671.pdf,1,2,28.7,18316544,1,1,1,ok
a-plus-b,corpus,issue_881.pdf,1,1,1.4,777888,0,0,0,ok
a-plus-b,corpus,issues-1176-1.pdf,1,1,2.8,2142296,0,0,0,ok
a-plus-b,corpus,issues-1176.pdf,1,1,2.8,7144984,0,0,0,ok
a-plus-b,corpus,journal.pone.0196757.pdf,1,5,57.0,35344768,1,0,0,ok
a-plus-b,corpus,jtehm-melillo-2679746.pdf,1,5,78.6,52737664,1,1,1,ok
a-plus-b,corpus,little-pig-in-armenian.pdf,1,1,0.8,317472,0,0,0,ok
a-plus-b,corpus,odwriteex.pdf,1,1,0.8,715064,0,0,0,ok
a-plus-b,corpus,outline.pdf,1,3,1.8,1119864,0,0,0,ok
a-plus-b,corpus,output_w3c_csswg_drafts_issues2023.pdf,1,1,0.6,234744,0,0,0,ok
a-plus-b,corpus,path_ext_oddeven.pdf,1,1,1.4,1155088,0,0,0,ok
a-plus-b,corpus,pop-bugzilla37292.pdf,1,4,7.7,7954896,0,0,0,ok
a-plus-b,corpus,reference-2-numeric-error.pdf,1,1,15.2,7149440,0,0,0,ok
a-plus-b,corpus,soundandvision.pdf,1,1,2.4,2021816,0,0,0,ok
a-plus-b,corpus,ssm2163.pdf,1,5,16.4,10904584,0,0,0,ok
a-plus-b,corpus,steam_in_page_dict.pdf,1,1,0.5,103192,0,0,0,ok
a-plus-b,corpus,test-2_so_74165171.pdf,1,1,125.0,41138192,1,1,1,ok
a-plus-b,corpus,testPdf-1.pdf,1,2,6.1,5923736,0,0,0,ok
a-plus-b,corpus,test_a-5.pdf,1,5,82.2,69145600,1,1,1,ok
a-plus-b,corpus,test_a.pdf,1,5,101.9,69145376,2,1,1,ok
a-plus-b,corpus,toc.pdf,1,5,5.8,7514784,0,0,0,ok
a-plus-b,corpus,type3-font-zero-height.pdf,1,1,14.3,7005144,0,0,0,ok
a-plus-b,corpus,0000851.pdf,2,5,250.6,118345960,1,1,1,ok
a-plus-b,corpus,11194059_2017-11_de_s.pdf,2,2,24.5,27463792,0,0,0,ok
a-plus-b,corpus,2006_Swedish_Touring_Car_Championship.pdf,2,4,6.6,7841032,0,0,0,ok
a-plus-b,corpus,2108.11480.pdf,2,5,131.4,76351192,1,0,0,ok
a-plus-b,corpus,22060_A1_01_Plans-1.pdf,2,1,18.8,9373680,1,1,1,ok
a-plus-b,corpus,6.Secrets.to.Startup.Success.PDFDrive.pdf,2,5,18.9,24664192,0,0,0,ok
a-plus-b,corpus,68-1990-01_A.pdf,2,5,41.3,44568632,0,0,0,ok
a-plus-b,corpus,AcroFormsBasicFields.pdf,2,1,0.8,593784,0,0,0,ok
a-plus-b,corpus,Approved_Document_B__fire_safety__volume_2_-_Buildings_other_than_dwellings__2019_edition_incorporating_2020_and_2022_amendments.pdf,2,5,48.0,51963736,2,2,2,ok
a-plus-b,corpus,Arve.nr.1615.17.04.2026.pdf,2,1,1.6,1269088,0,0,0,ok
a-plus-b,corpus,ClipPathLetterFilter-Test1.pdf,2,5,10.8,12250344,0,0,0,ok
a-plus-b,corpus,ClipPathLetterFilter-Test2.pdf,2,1,6.6,8369936,0,0,0,ok
a-plus-b,corpus,ColorIssue.pdf,2,1,40.9,31877696,1,1,1,ok
a-plus-b,corpus,DeviceN_CS_test.pdf,2,5,29.1,21469152,1,1,1,ok
a-plus-b,corpus,Diacritics_export.pdf,2,1,2.1,2350344,0,0,0,ok
a-plus-b,corpus,EmptyPdf.pdf,2,1,0.2,37856,0,0,0,ok
a-plus-b,corpus,ErcotFacts.pdf,2,2,13.8,13356912,0,0,0,ok
a-plus-b,corpus,FICTIF_TABLE_INDEX.pdf,2,5,12.7,14801192,0,0,0,ok
a-plus-b,corpus,FarmerMac.pdf,2,5,14.2,13699024,1,1,0,ok
a-plus-b,corpus,Font Size Test - from google chrome print pdf.pdf,2,1,1.4,479912,0,0,0,ok
a-plus-b,corpus,Font Size Test - from libre office.pdf,2,1,0.7,187512,0,0,0,ok
a-plus-b,corpus,FontMatrix-1.pdf,2,1,0.6,216552,0,0,0,ok
a-plus-b,corpus,FontMatrix-concat.pdf,2,1,0.3,134464,0,0,0,ok
a-plus-b,corpus,FontMatrix-otf-bad-hmtx.pdf,2,1,1.7,737800,0,0,0,ok
a-plus-b,corpus,FontMatrix-otf.pdf,2,1,1.8,742080,0,0,0,ok
a-plus-b,corpus,FontMatrix-raw.pdf,2,1,1.2,682680,0,0,0,ok
a-plus-b,corpus,GHOSTSCRIPT-692564-0.pdf,2,1,0.8,546984,0,0,0,ok
a-plus-b,corpus,GHOSTSCRIPT-695513-0.pdf,2,1,2.2,3520176,0,0,0,ok
a-plus-b,corpus,GHOSTSCRIPT-696171-0.pdf,2,5,10.0,11331048,0,0,0,ok
a-plus-b,corpus,GHOSTSCRIPT-696547-0.zip-7.pdf,2,1,3.7,7354224,0,0,0,ok
a-plus-b,corpus,GHOSTSCRIPT-696547-0.zip-9.pdf,2,1,3.6,7354264,0,0,0,ok
a-plus-b,corpus,GHOSTSCRIPT-697234-0.pdf,2,3,26.8,22672960,1,1,0,ok
a-plus-b,corpus,GHOSTSCRIPT-697507-0.pdf,2,1,21.6,7904656,1,1,1,ok
a-plus-b,corpus,GHOSTSCRIPT-697984-3.pdf,2,1,3.4,1619496,0,0,0,ok
a-plus-b,corpus,GHOSTSCRIPT-698168-0.pdf,2,1,2.0,2815944,0,0,0,ok
a-plus-b,corpus,GHOSTSCRIPT-698363-0.pdf,2,1,4.4,466352,0,0,0,ok
a-plus-b,corpus,GHOSTSCRIPT-698721-0.zip-6.pdf,2,2,11.0,7314336,0,0,0,ok
a-plus-b,corpus,GHOSTSCRIPT-698721-1.pdf,2,1,2.2,2031240,0,0,0,ok
a-plus-b,corpus,GHOSTSCRIPT-699035-0.pdf,2,5,44.1,38279192,1,0,0,ok
a-plus-b,corpus,GHOSTSCRIPT-699178-0.pdf,2,3,7.0,8416296,0,0,0,ok
a-plus-b,corpus,GHOSTSCRIPT-699375-5.pdf,2,1,3.4,3067552,0,0,0,ok
a-plus-b,corpus,GHOSTSCRIPT-699488-0.pdf,2,1,7.2,8119216,0,0,0,ok
a-plus-b,corpus,GHOSTSCRIPT-699554-0.zip-4.pdf,2,1,1.4,1649664,0,0,0,ok
a-plus-b,corpus,GHOSTSCRIPT-700125-1.pdf,2,5,13.4,17733928,0,0,0,ok
a-plus-b,corpus,GHOSTSCRIPT-700139-0.pdf,2,2,158.8,116150376,2,2,1,ok
a-plus-b,corpus,GHOSTSCRIPT-700236-1.pdf,2,5,12.4,13412504,0,0,0,ok
a-plus-b,corpus,GHOSTSCRIPT-700288-1.pdf,2,1,4.8,4617608,0,0,0,ok
a-plus-b,corpus,GHOSTSCRIPT-700370-2.pdf,2,1,1.7,1530320,0,0,0,ok
a-plus-b,corpus,GHOSTSCRIPT-700931-0.7z-5.pdf,2,2,1.3,1220880,0,0,0,ok
a-plus-b,corpus,GHOSTSCRIPT-702013-1.pdf,2,1,3.4,3790264,0,0,0,ok
a-plus-b,corpus,Gamebook.pdf,2,5,9.3,9351496,0,0,0,ok
a-plus-b,corpus,GlyphDataTableReadCompositeGlyphError.pdf,2,1,4.3,2885120,0,0,0,ok
a-plus-b,corpus,Grapheme clusters emoji.pdf,2,1,0.5,149288,0,0,0,ok
a-plus-b,corpus,ICML03-081.pdf,2,5,23.4,17255608,0,0,0,ok
a-plus-b,corpus,Indexed-DeviceRGB-JPXDecode-0-.0.0.255.0.-Font-F1_1_missing_char_255-1.pdf,2,1,50.7,16977464,1,1,1,ok
a-plus-b,corpus,IndexedCS_negative_and_high.pdf,2,1,0.4,81880,0,0,0,ok
a-plus-b,corpus,Judgement Document.pdf,2,5,6.4,9125184,0,0,0,ok
a-plus-b,corpus,LKR824191.pdf,2,1,2.9,4164616,0,0,0,ok
a-plus-b,corpus,Layer pdf - 322_High_Holborn_building_Brochure.pdf,2,3,31.3,37060224,0,0,0,ok
a-plus-b,corpus,MOZILLA-10084-0.pdf,2,1,3.3,3207384,0,0,0,ok
a-plus-b,corpus,MOZILLA-10225-0.pdf,2,5,14.2,22992544,0,0,0,ok
a-plus-b,corpus,MOZILLA-10372-2.pdf,2,5,28.3,12994784,1,1,1,ok
a-plus-b,corpus,MOZILLA-2775-1.pdf,2,5,19.7,17661472,1,0,0,ok
a-plus-b,corpus,MOZILLA-3136-0.pdf,2,4,229.8,217561280,1,1,1,ok
a-plus-b,corpus,MOZILLA-7375-0.pdf,2,5,19.7,15743824,0,0,0,ok
a-plus-b,corpus,MOZILLA-9176-2.pdf,2,5,36.0,9937576,1,1,1,ok
a-plus-b,corpus,MOZILLA-LINK-3264-0.pdf,2,5,2.0,3290248,0,0,0,ok
a-plus-b,corpus,MOZILLA-LINK-5251-1.pdf,2,2,2.4,2200992,0,0,0,ok
a-plus-b,corpus,Math119FakingData.pdf,2,5,8.0,9247936,0,0,0,ok
a-plus-b,corpus,Motor Insurance claim form.pdf,2,3,89.5,67256032,2,1,1,ok
a-plus-b,corpus,Multiple Page - from Mortality Statistics.pdf,2,5,17.9,8197104,1,0,0,ok
a-plus-b,corpus,OPEN.RABBIT.ENGLISH.LOP.pdf,2,5,20.9,27512120,0,0,0,ok
a-plus-b,corpus,Old Gutnish Internet Explorer.pdf,2,3,27.0,14270560,1,1,1,ok
a-plus-b,corpus,P2P-33713919.pdf,2,5,12.9,22991704,0,0,0,ok
a-plus-b,corpus,PDFBOX-1869-4-1.pdf,2,1,0.6,410184,0,0,0,ok
a-plus-b,corpus,PDFBOX-492-4.jar-8.pdf,2,2,18.0,16852504,0,0,0,ok
a-plus-b,corpus,PDFBOX-624-2.pdf,2,5,9.0,11325496,0,0,0,ok
a-plus-b,corpus,Pig Production Handbook.pdf,2,5,8.3,11468496,0,0,0,ok
a-plus-b,corpus,Pig Reproduction Powerpoint.pdf,2,5,5.7,9116784,0,0,0,ok
a-plus-b,corpus,Publication_of_award_of_Bids_for_Transport_Sector__August_2016.pdf,2,5,26.6,8288944,1,1,1,ok
a-plus-b,corpus,Rotated Text Libre Office.pdf,2,1,0.7,237792,0,0,0,ok
a-plus-b,corpus,Rotation 45.pdf,2,4,13.1,9927200,0,0,0,ok
a-plus-b,corpus,SPARC - v9 Architecture Manual.pdf,2,5,86.5,73959840,2,1,1,ok
a-plus-b,corpus,SPE8EF26T0545.pdf,2,5,11.8,11423168,0,0,0,ok
a-plus-b,corpus,ShowTextOpWithUnbalancedRoundBrackets.pdf,2,1,4.8,4625368,0,0,0,ok
a-plus-b,corpus,Single Page Broken Offsets - from google drive.pdf,2,1,1.8,590000,0,0,0,ok
a-plus-b,corpus,Single Page Form Content - from itext 1_1.pdf,2,1,0.9,786040,0,0,0,ok
a-plus-b,corpus,Single Page Hyperlinks - from open office.pdf,2,1,0.8,360152,0,0,0,ok
a-plus-b,corpus,Single Page Images - from libre office.pdf,2,1,0.6,377440,0,0,0,ok
a-plus-b,corpus,Single Page Non Latin - from acrobat distiller.pdf,2,1,1.0,396096,0,0,0,ok
a-plus-b,corpus,Single Page Simple - from google drive.pdf,2,1,1.3,583016,0,0,0,ok
a-plus-b,corpus,Single Page Simple - from inkscape.pdf,2,1,0.4,149768,0,0,0,ok
a-plus-b,corpus,Single Page Simple - from open office.pdf,2,1,0.5,269952,0,0,0,ok
a-plus-b,corpus,Single Page Type 1 Font.pdf,2,1,0.3,85528,0,0,0,ok
a-plus-b,corpus,SinglePage180ClockwiseRotation - from PdfPig.pdf,2,1,0.5,201560,0,0,0,ok
a-plus-b,corpus,SinglePage270ClockwiseRotation - from PdfPig.pdf,2,1,0.7,201560,0,0,0,ok
a-plus-b,corpus,SinglePage90ClockwiseRotation - from PdfPig.pdf,2,1,0.5,201560,0,0,0,ok
a-plus-b,corpus,SmallCropbox.pdf,2,1,1.9,1617640,0,0,0,ok
a-plus-b,corpus,TIKA-1552-0.pdf,2,5,20.2,23342200,0,0,0,ok
a-plus-b,corpus,TIKA-2054-0.pdf,2,5,20.9,21138088,0,0,0,ok
a-plus-b,corpus,TIKA-469-0.pdf,2,2,7.0,4676952,0,0,0,ok
a-plus-b,corpus,Test.Doc.pdf,2,1,3.0,1679272,0,0,0,ok
a-plus-b,corpus,TrueTypeTablesGlyphDataTableReadGlyphsError.pdf,2,1,5.9,3648296,0,0,0,ok
a-plus-b,corpus,Two Page Text Only - from libre office.pdf,2,2,2.1,1569408,0,0,0,ok
a-plus-b,corpus,Type0 Font.pdf,2,1,30.6,9722832,1,1,1,ok
a-plus-b,corpus,Type0_CJK_Font.pdf,2,5,11.8,3211728,0,0,0,ok
a-plus-b,corpus,Type3Test.pdf,2,1,0.4,155072,0,0,0,ok
a-plus-b,corpus,Various Content Types.pdf,2,1,0.4,256032,0,0,0,ok
a-plus-b,corpus,Why.does.this.not.work.pdf,2,1,1.5,1035760,0,0,0,ok
a-plus-b,corpus,_citUR2jB1_ay56u6vELzk.pdf,2,2,1.9,2253848,0,0,0,ok
a-plus-b,corpus,annotation-comments.pdf,2,1,0.6,283192,0,0,0,ok
a-plus-b,corpus,bold-italic.pdf,2,1,2.6,1616840,0,0,0,ok
a-plus-b,corpus,bookmarks-with-accented-characters.pdf,2,1,0.8,331400,0,0,0,ok
a-plus-b,corpus,byz.pdf,2,1,3.5,2270392,0,0,0,ok
a-plus-b,corpus,capas.pdf,2,5,7.2,8005136,0,0,0,ok
a-plus-b,corpus,cat-genetics.pdf,2,1,5.5,6760184,0,0,0,ok
a-plus-b,corpus,cat-genetics_bobld.pdf,2,1,5.7,7029200,0,0,0,ok
a-plus-b,corpus,cmap-parsing-exception.pdf,2,1,17.4,13116264,0,0,0,ok
a-plus-b,corpus,cropped-and-rotated.pdf,2,1,1.4,743816,0,0,0,ok
a-plus-b,corpus,data.pdf,2,3,4.5,4030936,0,0,0,ok
a-plus-b,corpus,dotnet-ai.pdf,2,5,33.5,31580672,1,1,1,ok
a-plus-b,corpus,felltypes-test.pdf,2,1,8.5,4974696,0,0,0,ok
a-plus-b,corpus,hex_0x0006.pdf,2,1,0.9,658048,0,0,0,ok
a-plus-b,corpus,inherited_mediabox.pdf,2,1,0.3,54592,0,0,0,ok
a-plus-b,corpus,iron-ore-q2-q3-2013.pdf,2,5,23.6,35952384,1,0,0,ok
a-plus-b,corpus,issue_1163.pdf,2,2,0.4,182696,0,0,0,ok
a-plus-b,corpus,issue_1330.pdf,2,1,0.2,56984,0,0,0,ok
a-plus-b,corpus,issue_1331.pdf,2,1,1.6,1350664,0,0,0,ok
a-plus-b,corpus,issue_671.pdf,2,2,31.0,17885912,1,1,1,ok
a-plus-b,corpus,issue_881.pdf,2,1,1.6,617312,0,0,0,ok
a-plus-b,corpus,issues-1176-1.pdf,2,1,2.2,2141768,0,0,0,ok
a-plus-b,corpus,issues-1176.pdf,2,1,3.4,7144624,0,0,0,ok
a-plus-b,corpus,journal.pone.0196757.pdf,2,5,36.1,35319400,0,0,0,ok
a-plus-b,corpus,jtehm-melillo-2679746.pdf,2,5,74.8,52735120,1,1,1,ok
a-plus-b,corpus,little-pig-in-armenian.pdf,2,1,1.0,306600,0,0,0,ok
a-plus-b,corpus,odwriteex.pdf,2,1,1.1,714968,0,0,0,ok
a-plus-b,corpus,outline.pdf,2,3,2.1,1086528,0,0,0,ok
a-plus-b,corpus,output_w3c_csswg_drafts_issues2023.pdf,2,1,1.1,234512,0,0,0,ok
a-plus-b,corpus,path_ext_oddeven.pdf,2,1,2.0,1039624,0,0,0,ok
a-plus-b,corpus,pop-bugzilla37292.pdf,2,4,8.2,7588824,0,0,0,ok
a-plus-b,corpus,reference-2-numeric-error.pdf,2,1,10.8,7146968,0,0,0,ok
a-plus-b,corpus,soundandvision.pdf,2,1,2.7,1855976,0,0,0,ok
a-plus-b,corpus,ssm2163.pdf,2,5,10.7,10254168,0,0,0,ok
a-plus-b,corpus,steam_in_page_dict.pdf,2,1,0.5,103096,0,0,0,ok
a-plus-b,corpus,test-2_so_74165171.pdf,2,1,84.8,39104392,1,1,1,ok
a-plus-b,corpus,testPdf-1.pdf,2,2,7.1,5701176,0,0,0,ok
a-plus-b,corpus,test_a-5.pdf,2,5,86.3,68789896,1,1,1,ok
a-plus-b,corpus,test_a.pdf,2,5,62.5,68788424,0,0,0,ok
a-plus-b,corpus,toc.pdf,2,5,8.9,7514456,0,0,0,ok
a-plus-b,corpus,type3-font-zero-height.pdf,2,1,30.8,7001320,1,1,1,ok
a-plus-b,corpus,0000851.pdf,3,5,193.2,118344368,1,0,0,ok
a-plus-b,corpus,11194059_2017-11_de_s.pdf,3,2,34.3,27410976,0,0,0,ok
a-plus-b,corpus,2006_Swedish_Touring_Car_Championship.pdf,3,4,20.1,7624792,1,1,0,ok
a-plus-b,corpus,2108.11480.pdf,3,5,61.8,75750248,1,1,1,ok
a-plus-b,corpus,22060_A1_01_Plans-1.pdf,3,1,4.5,9372000,0,0,0,ok
a-plus-b,corpus,6.Secrets.to.Startup.Success.PDFDrive.pdf,3,5,17.9,24663984,0,0,0,ok
a-plus-b,corpus,68-1990-01_A.pdf,3,5,64.9,44320424,1,1,1,ok
a-plus-b,corpus,AcroFormsBasicFields.pdf,3,1,0.9,593992,0,0,0,ok
a-plus-b,corpus,Approved_Document_B__fire_safety__volume_2_-_Buildings_other_than_dwellings__2019_edition_incorporating_2020_and_2022_amendments.pdf,3,5,44.0,51962056,1,1,1,ok
a-plus-b,corpus,Arve.nr.1615.17.04.2026.pdf,3,1,1.6,1191856,0,0,0,ok
a-plus-b,corpus,ClipPathLetterFilter-Test1.pdf,3,5,23.6,12121984,1,1,1,ok
a-plus-b,corpus,ClipPathLetterFilter-Test2.pdf,3,1,6.7,8370144,0,0,0,ok
a-plus-b,corpus,ColorIssue.pdf,3,1,37.9,31877696,1,1,1,ok
a-plus-b,corpus,DeviceN_CS_test.pdf,3,5,20.5,21467472,1,0,0,ok
a-plus-b,corpus,Diacritics_export.pdf,3,1,1.8,2350344,0,0,0,ok
a-plus-b,corpus,EmptyPdf.pdf,3,1,0.2,37856,0,0,0,ok
a-plus-b,corpus,ErcotFacts.pdf,3,2,12.4,13356912,0,0,0,ok
a-plus-b,corpus,FICTIF_TABLE_INDEX.pdf,3,5,14.8,14801192,0,0,0,ok
a-plus-b,corpus,FarmerMac.pdf,3,5,25.0,13700704,1,1,1,ok
a-plus-b,corpus,Font Size Test - from google chrome print pdf.pdf,3,1,1.0,479912,0,0,0,ok
a-plus-b,corpus,Font Size Test - from libre office.pdf,3,1,0.5,187512,0,0,0,ok
a-plus-b,corpus,FontMatrix-1.pdf,3,1,0.4,216552,0,0,0,ok
a-plus-b,corpus,FontMatrix-concat.pdf,3,1,0.3,134464,0,0,0,ok
a-plus-b,corpus,FontMatrix-otf-bad-hmtx.pdf,3,1,1.1,737800,0,0,0,ok
a-plus-b,corpus,FontMatrix-otf.pdf,3,1,1.1,742080,0,0,0,ok
a-plus-b,corpus,FontMatrix-raw.pdf,3,1,1.2,682680,0,0,0,ok
a-plus-b,corpus,GHOSTSCRIPT-692564-0.pdf,3,1,0.9,546984,0,0,0,ok
a-plus-b,corpus,GHOSTSCRIPT-695513-0.pdf,3,1,2.1,3520176,0,0,0,ok
a-plus-b,corpus,GHOSTSCRIPT-696171-0.pdf,3,5,9.3,11331048,0,0,0,ok
a-plus-b,corpus,GHOSTSCRIPT-696547-0.zip-7.pdf,3,1,3.8,7354224,0,0,0,ok
a-plus-b,corpus,GHOSTSCRIPT-696547-0.zip-9.pdf,3,1,3.8,7354264,0,0,0,ok
a-plus-b,corpus,GHOSTSCRIPT-697234-0.pdf,3,3,23.7,22672960,0,0,0,ok
a-plus-b,corpus,GHOSTSCRIPT-697507-0.pdf,3,1,7.9,7902768,0,0,0,ok
a-plus-b,corpus,GHOSTSCRIPT-697984-3.pdf,3,1,2.8,1619288,0,0,0,ok
a-plus-b,corpus,GHOSTSCRIPT-698168-0.pdf,3,1,2.0,2815944,0,0,0,ok
a-plus-b,corpus,GHOSTSCRIPT-698363-0.pdf,3,1,1.5,465944,0,0,0,ok
a-plus-b,corpus,GHOSTSCRIPT-698721-0.zip-6.pdf,3,2,8.1,7314336,0,0,0,ok
a-plus-b,corpus,GHOSTSCRIPT-698721-1.pdf,3,1,2.2,2031240,0,0,0,ok
a-plus-b,corpus,GHOSTSCRIPT-699035-0.pdf,3,5,54.2,38280872,3,2,1,ok
a-plus-b,corpus,GHOSTSCRIPT-699178-0.pdf,3,3,7.4,8416296,0,0,0,ok
a-plus-b,corpus,GHOSTSCRIPT-699375-5.pdf,3,1,3.5,3067552,0,0,0,ok
a-plus-b,corpus,GHOSTSCRIPT-699488-0.pdf,3,1,6.8,8119216,0,0,0,ok
a-plus-b,corpus,GHOSTSCRIPT-699554-0.zip-4.pdf,3,1,1.4,1649664,0,0,0,ok
a-plus-b,corpus,GHOSTSCRIPT-700125-1.pdf,3,5,13.1,17733928,0,0,0,ok
a-plus-b,corpus,GHOSTSCRIPT-700139-0.pdf,3,2,145.6,116150376,2,2,1,ok
a-plus-b,corpus,GHOSTSCRIPT-700236-1.pdf,3,5,12.3,13412504,0,0,0,ok
a-plus-b,corpus,GHOSTSCRIPT-700288-1.pdf,3,1,4.6,4617608,0,0,0,ok
a-plus-b,corpus,GHOSTSCRIPT-700370-2.pdf,3,1,1.8,1530320,0,0,0,ok
a-plus-b,corpus,GHOSTSCRIPT-700931-0.7z-5.pdf,3,2,1.5,1220880,0,0,0,ok
a-plus-b,corpus,GHOSTSCRIPT-702013-1.pdf,3,1,3.5,3790264,0,0,0,ok
a-plus-b,corpus,Gamebook.pdf,3,5,9.3,9351496,0,0,0,ok
a-plus-b,corpus,GlyphDataTableReadCompositeGlyphError.pdf,3,1,4.1,2885120,0,0,0,ok
a-plus-b,corpus,Grapheme clusters emoji.pdf,3,1,0.5,149288,0,0,0,ok
a-plus-b,corpus,ICML03-081.pdf,3,5,15.4,17255608,0,0,0,ok
a-plus-b,corpus,Indexed-DeviceRGB-JPXDecode-0-.0.0.255.0.-Font-F1_1_missing_char_255-1.pdf,3,1,26.6,16975784,0,0,0,ok
a-plus-b,corpus,IndexedCS_negative_and_high.pdf,3,1,0.5,81672,0,0,0,ok
a-plus-b,corpus,Judgement Document.pdf,3,5,9.7,9125184,0,0,0,ok
a-plus-b,corpus,LKR824191.pdf,3,1,4.8,4164616,0,0,0,ok
a-plus-b,corpus,Layer pdf - 322_High_Holborn_building_Brochure.pdf,3,3,41.5,37060224,0,0,0,ok
a-plus-b,corpus,MOZILLA-10084-0.pdf,3,1,4.7,3207384,0,0,0,ok
a-plus-b,corpus,MOZILLA-10225-0.pdf,3,5,39.3,22994224,1,1,1,ok
a-plus-b,corpus,MOZILLA-10372-2.pdf,3,5,10.5,12993312,0,0,0,ok
a-plus-b,corpus,MOZILLA-2775-1.pdf,3,5,18.9,17661264,1,0,0,ok
a-plus-b,corpus,MOZILLA-3136-0.pdf,3,4,259.0,217562960,3,2,2,ok
a-plus-b,corpus,MOZILLA-7375-0.pdf,3,5,12.6,15743824,0,0,0,ok
a-plus-b,corpus,MOZILLA-9176-2.pdf,3,5,2.6,9935896,0,0,0,ok
a-plus-b,corpus,MOZILLA-LINK-3264-0.pdf,3,5,1.9,3290040,0,0,0,ok
a-plus-b,corpus,MOZILLA-LINK-5251-1.pdf,3,2,2.2,2200992,0,0,0,ok
a-plus-b,corpus,Math119FakingData.pdf,3,5,9.6,9247936,0,0,0,ok
a-plus-b,corpus,Motor Insurance claim form.pdf,3,3,111.5,67256032,1,1,1,ok
a-plus-b,corpus,Multiple Page - from Mortality Statistics.pdf,3,5,6.5,8196584,0,0,0,ok
a-plus-b,corpus,OPEN.RABBIT.ENGLISH.LOP.pdf,3,5,21.2,27511912,0,0,0,ok
a-plus-b,corpus,Old Gutnish Internet Explorer.pdf,3,3,27.8,14270560,1,1,1,ok
a-plus-b,corpus,P2P-33713919.pdf,3,5,13.1,22991704,0,0,0,ok
a-plus-b,corpus,PDFBOX-1869-4-1.pdf,3,1,0.7,410184,0,0,0,ok
a-plus-b,corpus,PDFBOX-492-4.jar-8.pdf,3,2,18.1,16852504,0,0,0,ok
a-plus-b,corpus,PDFBOX-624-2.pdf,3,5,9.0,11325496,0,0,0,ok
a-plus-b,corpus,Pig Production Handbook.pdf,3,5,8.4,11468496,0,0,0,ok
a-plus-b,corpus,Pig Reproduction Powerpoint.pdf,3,5,4.5,9116784,0,0,0,ok
a-plus-b,corpus,Publication_of_award_of_Bids_for_Transport_Sector__August_2016.pdf,3,5,6.8,8287264,0,0,0,ok
a-plus-b,corpus,Rotated Text Libre Office.pdf,3,1,0.7,237584,0,0,0,ok
a-plus-b,corpus,Rotation 45.pdf,3,4,40.0,9929400,2,1,1,ok
a-plus-b,corpus,SPARC - v9 Architecture Manual.pdf,3,5,49.1,73958368,0,0,0,ok
a-plus-b,corpus,SPE8EF26T0545.pdf,3,5,8.8,11422960,0,0,0,ok
a-plus-b,corpus,ShowTextOpWithUnbalancedRoundBrackets.pdf,3,1,4.7,4625368,0,0,0,ok
a-plus-b,corpus,Single Page Broken Offsets - from google drive.pdf,3,1,1.9,590000,0,0,0,ok
a-plus-b,corpus,Single Page Form Content - from itext 1_1.pdf,3,1,1.2,786040,0,0,0,ok
a-plus-b,corpus,Single Page Hyperlinks - from open office.pdf,3,1,0.7,360152,0,0,0,ok
a-plus-b,corpus,Single Page Images - from libre office.pdf,3,1,0.5,377440,0,0,0,ok
a-plus-b,corpus,Single Page Non Latin - from acrobat distiller.pdf,3,1,0.8,396096,0,0,0,ok
a-plus-b,corpus,Single Page Simple - from google drive.pdf,3,1,0.9,583016,0,0,0,ok
a-plus-b,corpus,Single Page Simple - from inkscape.pdf,3,1,0.4,149768,0,0,0,ok
a-plus-b,corpus,Single Page Simple - from open office.pdf,3,1,0.4,269952,0,0,0,ok
a-plus-b,corpus,Single Page Type 1 Font.pdf,3,1,0.2,85528,0,0,0,ok
a-plus-b,corpus,SinglePage180ClockwiseRotation - from PdfPig.pdf,3,1,0.5,201560,0,0,0,ok
a-plus-b,corpus,SinglePage270ClockwiseRotation - from PdfPig.pdf,3,1,0.4,201560,0,0,0,ok
a-plus-b,corpus,SinglePage90ClockwiseRotation - from PdfPig.pdf,3,1,0.4,201560,0,0,0,ok
a-plus-b,corpus,SmallCropbox.pdf,3,1,1.5,1617640,0,0,0,ok
a-plus-b,corpus,TIKA-1552-0.pdf,3,5,38.8,23343880,1,1,1,ok
a-plus-b,corpus,TIKA-2054-0.pdf,3,5,18.3,21138296,0,0,0,ok
a-plus-b,corpus,TIKA-469-0.pdf,3,2,4.4,4676952,0,0,0,ok
a-plus-b,corpus,Test.Doc.pdf,3,1,1.9,1679272,0,0,0,ok
a-plus-b,corpus,TrueTypeTablesGlyphDataTableReadGlyphsError.pdf,3,1,4.9,3648296,0,0,0,ok
a-plus-b,corpus,Two Page Text Only - from libre office.pdf,3,2,1.5,1569408,0,0,0,ok
a-plus-b,corpus,Type0 Font.pdf,3,1,8.5,9721152,0,0,0,ok
a-plus-b,corpus,Type0_CJK_Font.pdf,3,5,9.3,3211520,0,0,0,ok
a-plus-b,corpus,Type3Test.pdf,3,1,0.6,155072,0,0,0,ok
a-plus-b,corpus,Various Content Types.pdf,3,1,0.5,256032,0,0,0,ok
a-plus-b,corpus,Why.does.this.not.work.pdf,3,1,1.7,1035760,0,0,0,ok
a-plus-b,corpus,_citUR2jB1_ay56u6vELzk.pdf,3,2,2.5,2253848,0,0,0,ok
a-plus-b,corpus,annotation-comments.pdf,3,1,0.7,283192,0,0,0,ok
a-plus-b,corpus,bold-italic.pdf,3,1,2.7,1616840,0,0,0,ok
a-plus-b,corpus,bookmarks-with-accented-characters.pdf,3,1,0.6,331400,0,0,0,ok
a-plus-b,corpus,byz.pdf,3,1,2.2,2270392,0,0,0,ok
a-plus-b,corpus,capas.pdf,3,5,13.2,8005136,1,0,0,ok
a-plus-b,corpus,cat-genetics.pdf,3,1,4.8,6760392,0,0,0,ok
a-plus-b,corpus,cat-genetics_bobld.pdf,3,1,5.3,7029200,0,0,0,ok
a-plus-b,corpus,cmap-parsing-exception.pdf,3,1,16.3,13116264,0,0,0,ok
a-plus-b,corpus,cropped-and-rotated.pdf,3,1,1.1,743816,0,0,0,ok
a-plus-b,corpus,data.pdf,3,3,3.6,4030936,0,0,0,ok
a-plus-b,corpus,dotnet-ai.pdf,3,5,31.5,31580672,1,1,1,ok
a-plus-b,corpus,felltypes-test.pdf,3,1,8.0,4974696,0,0,0,ok
a-plus-b,corpus,hex_0x0006.pdf,3,1,0.8,658048,0,0,0,ok
a-plus-b,corpus,inherited_mediabox.pdf,3,1,0.2,54592,0,0,0,ok
a-plus-b,corpus,iron-ore-q2-q3-2013.pdf,3,5,32.3,35953960,2,1,1,ok
a-plus-b,corpus,issue_1163.pdf,3,2,0.9,182696,0,0,0,ok
a-plus-b,corpus,issue_1330.pdf,3,1,0.4,56984,0,0,0,ok
a-plus-b,corpus,issue_1331.pdf,3,1,1.9,1350664,0,0,0,ok
a-plus-b,corpus,issue_671.pdf,3,2,19.6,17884232,0,0,0,ok
a-plus-b,corpus,issue_881.pdf,3,1,1.1,617104,0,0,0,ok
a-plus-b,corpus,issues-1176-1.pdf,3,1,2.1,2141248,0,0,0,ok
a-plus-b,corpus,issues-1176.pdf,3,1,2.7,7144624,0,0,0,ok
a-plus-b,corpus,journal.pone.0196757.pdf,3,5,34.5,35319400,1,0,0,ok
a-plus-b,corpus,jtehm-melillo-2679746.pdf,3,5,65.1,52735328,1,1,1,ok
a-plus-b,corpus,little-pig-in-armenian.pdf,3,1,0.8,306600,0,0,0,ok
a-plus-b,corpus,odwriteex.pdf,3,1,0.8,714968,0,0,0,ok
a-plus-b,corpus,outline.pdf,3,3,1.6,1086528,0,0,0,ok
a-plus-b,corpus,output_w3c_csswg_drafts_issues2023.pdf,3,1,0.5,234512,0,0,0,ok
a-plus-b,corpus,path_ext_oddeven.pdf,3,1,1.3,1039624,0,0,0,ok
a-plus-b,corpus,pop-bugzilla37292.pdf,3,4,6.9,7588824,0,0,0,ok
a-plus-b,corpus,reference-2-numeric-error.pdf,3,1,8.8,7146968,0,0,0,ok
a-plus-b,corpus,soundandvision.pdf,3,1,2.2,1855976,0,0,0,ok
a-plus-b,corpus,ssm2163.pdf,3,5,8.3,10254168,0,0,0,ok
a-plus-b,corpus,steam_in_page_dict.pdf,3,1,0.4,103096,0,0,0,ok
a-plus-b,corpus,test-2_so_74165171.pdf,3,1,69.2,39104392,1,1,1,ok
a-plus-b,corpus,testPdf-1.pdf,3,2,5.7,5701176,0,0,0,ok
a-plus-b,corpus,test_a-5.pdf,3,5,55.1,68788216,0,0,0,ok
a-plus-b,corpus,test_a.pdf,3,5,76.1,68789896,1,1,1,ok
a-plus-b,corpus,toc.pdf,3,5,5.4,7514664,0,0,0,ok
a-plus-b,corpus,type3-font-zero-height.pdf,3,1,9.3,6999640,0,0,0,ok
full,corpus,0000851.pdf,1,5,1089.5,165466984,4,2,2,ok
full,corpus,11194059_2017-11_de_s.pdf,1,2,113.0,27619760,0,0,0,ok
full,corpus,2006_Swedish_Touring_Car_Championship.pdf,1,4,34.6,7846320,0,0,0,ok
full,corpus,2108.11480.pdf,1,5,209.4,75465408,1,1,1,ok
full,corpus,22060_A1_01_Plans-1.pdf,1,1,26.0,9378568,1,1,1,ok
full,corpus,6.Secrets.to.Startup.Success.PDFDrive.pdf,1,5,68.0,24668752,0,0,0,ok
full,corpus,68-1990-01_A.pdf,1,5,197.1,64719248,3,2,2,ok
full,corpus,AcroFormsBasicFields.pdf,1,1,1.6,596040,0,0,0,ok
full,corpus,Approved_Document_B__fire_safety__volume_2_-_Buildings_other_than_dwellings__2019_edition_incorporating_2020_and_2022_amendments.pdf,1,5,101.8,51972304,2,2,2,ok
full,corpus,Arve.nr.1615.17.04.2026.pdf,1,1,4.1,1269624,0,0,0,ok
full,corpus,ClipPathLetterFilter-Test1.pdf,1,5,92.6,41275288,1,0,0,ok
full,corpus,ClipPathLetterFilter-Test2.pdf,1,1,22.6,8806280,0,0,0,ok
full,corpus,ColorIssue.pdf,1,1,78.7,33569280,0,0,0,ok
full,corpus,DeviceN_CS_test.pdf,1,5,58.7,22009992,1,1,1,ok
full,corpus,Diacritics_export.pdf,1,1,6.4,2353584,0,0,0,ok
full,corpus,EmptyPdf.pdf,1,1,0.4,38360,0,0,0,ok
full,corpus,ErcotFacts.pdf,1,2,47.5,13765496,0,0,0,ok
full,corpus,FICTIF_TABLE_INDEX.pdf,1,5,43.0,15507880,0,0,0,ok
full,corpus,FarmerMac.pdf,1,5,58.5,14095352,1,1,1,ok
full,corpus,Font Size Test - from google chrome print pdf.pdf,1,1,1.7,505336,0,0,0,ok
full,corpus,Font Size Test - from libre office.pdf,1,1,1.3,201904,0,0,0,ok
full,corpus,FontMatrix-1.pdf,1,1,1.0,216624,0,0,0,ok
full,corpus,FontMatrix-concat.pdf,1,1,0.3,134464,0,0,0,ok
full,corpus,FontMatrix-otf-bad-hmtx.pdf,1,1,4.4,741920,0,0,0,ok
full,corpus,FontMatrix-otf.pdf,1,1,2.1,742256,0,0,0,ok
full,corpus,FontMatrix-raw.pdf,1,1,2.1,682928,0,0,0,ok
full,corpus,GHOSTSCRIPT-692564-0.pdf,1,1,3.7,547760,0,0,0,ok
full,corpus,GHOSTSCRIPT-695513-0.pdf,1,1,10.0,3521576,0,0,0,ok
full,corpus,GHOSTSCRIPT-696171-0.pdf,1,5,40.9,11332936,0,0,0,ok
full,corpus,GHOSTSCRIPT-696547-0.zip-7.pdf,1,1,22.7,7354896,0,0,0,ok
full,corpus,GHOSTSCRIPT-696547-0.zip-9.pdf,1,1,20.1,7354584,0,0,0,ok
full,corpus,GHOSTSCRIPT-697234-0.pdf,1,3,102.7,22679104,0,0,0,ok
full,corpus,GHOSTSCRIPT-697507-0.pdf,1,1,23.6,7906592,0,0,0,ok
full,corpus,GHOSTSCRIPT-697984-3.pdf,1,1,6.5,1697752,0,0,0,ok
full,corpus,GHOSTSCRIPT-698168-0.pdf,1,1,7.5,2816408,0,0,0,ok
full,corpus,GHOSTSCRIPT-698363-0.pdf,1,1,11.4,477088,0,0,0,ok
full,corpus,GHOSTSCRIPT-698721-0.zip-6.pdf,1,2,34.9,7317696,1,1,1,ok
full,corpus,GHOSTSCRIPT-698721-1.pdf,1,1,4.0,2031896,0,0,0,ok
full,corpus,GHOSTSCRIPT-699035-0.pdf,1,5,173.9,38281832,1,0,0,ok
full,corpus,GHOSTSCRIPT-699178-0.pdf,1,3,22.6,8589984,0,0,0,ok
full,corpus,GHOSTSCRIPT-699375-5.pdf,1,1,8.2,3265344,0,0,0,ok
full,corpus,GHOSTSCRIPT-699488-0.pdf,1,1,23.7,8120976,0,0,0,ok
full,corpus,GHOSTSCRIPT-699554-0.zip-4.pdf,1,1,3.8,1649912,0,0,0,ok
full,corpus,GHOSTSCRIPT-700125-1.pdf,1,5,42.7,16241368,0,0,0,ok
full,corpus,GHOSTSCRIPT-700139-0.pdf,1,2,367.0,117760328,3,2,2,ok
full,corpus,GHOSTSCRIPT-700236-1.pdf,1,5,37.9,13414128,0,0,0,ok
full,corpus,GHOSTSCRIPT-700288-1.pdf,1,1,18.5,4617856,0,0,0,ok
full,corpus,GHOSTSCRIPT-700370-2.pdf,1,1,5.2,1668688,0,0,0,ok
full,corpus,GHOSTSCRIPT-700931-0.7z-5.pdf,1,2,3.7,1221304,0,0,0,ok
full,corpus,GHOSTSCRIPT-702013-1.pdf,1,1,11.3,3792912,0,0,0,ok
full,corpus,Gamebook.pdf,1,5,131.4,150678624,8,8,8,ok
full,corpus,GlyphDataTableReadCompositeGlyphError.pdf,1,1,17.3,3791608,0,0,0,ok
full,corpus,Grapheme clusters emoji.pdf,1,1,0.8,149608,0,0,0,ok
full,corpus,ICML03-081.pdf,1,5,44.5,17260816,0,0,0,ok
full,corpus,Indexed-DeviceRGB-JPXDecode-0-.0.0.255.0.-Font-F1_1_missing_char_255-1.pdf,1,1,43.9,16993888,0,0,0,ok
full,corpus,IndexedCS_negative_and_high.pdf,1,1,1.0,81848,0,0,0,ok
full,corpus,Judgement Document.pdf,1,5,39.6,10862192,1,1,1,ok
full,corpus,LKR824191.pdf,1,1,13.8,4165000,0,0,0,ok
full,corpus,Layer pdf - 322_High_Holborn_building_Brochure.pdf,1,3,139.8,37443240,0,0,0,ok
full,corpus,MOZILLA-10084-0.pdf,1,1,8.0,3208496,0,0,0,ok
full,corpus,MOZILLA-10225-0.pdf,1,5,41.2,23474320,1,1,1,ok
full,corpus,MOZILLA-10372-2.pdf,1,5,30.7,12996032,0,0,0,ok
full,corpus,MOZILLA-2775-1.pdf,1,5,48.4,17662936,1,0,0,ok
full,corpus,MOZILLA-3136-0.pdf,1,4,603.5,219638648,2,1,1,ok
full,corpus,MOZILLA-7375-0.pdf,1,5,37.2,15735656,0,0,0,ok
full,corpus,MOZILLA-9176-2.pdf,1,5,3.0,9936776,0,0,0,ok
full,corpus,MOZILLA-LINK-3264-0.pdf,1,5,24.0,3413200,1,1,1,ok
full,corpus,MOZILLA-LINK-5251-1.pdf,1,2,5.7,2280336,0,0,0,ok
full,corpus,Math119FakingData.pdf,1,5,22.6,9250472,0,0,0,ok
full,corpus,Motor Insurance claim form.pdf,1,3,186.8,67894768,1,1,1,ok
full,corpus,Multiple Page - from Mortality Statistics.pdf,1,5,32.5,15741024,0,0,0,ok
full,corpus,OPEN.RABBIT.ENGLISH.LOP.pdf,1,5,57.9,27704952,1,1,1,ok
full,corpus,Old Gutnish Internet Explorer.pdf,1,3,23.6,14914472,0,0,0,ok
full,corpus,P2P-33713919.pdf,1,5,30.4,23035480,0,0,0,ok
full,corpus,PDFBOX-1869-4-1.pdf,1,1,1.6,410512,0,0,0,ok
full,corpus,PDFBOX-492-4.jar-8.pdf,1,2,35.1,16854760,0,0,0,ok
full,corpus,PDFBOX-624-2.pdf,1,5,29.6,11327864,1,0,0,ok
full,corpus,Pig Production Handbook.pdf,1,5,14.2,11470304,0,0,0,ok
full,corpus,Pig Reproduction Powerpoint.pdf,1,5,6.9,9120160,0,0,0,ok
full,corpus,Publication_of_award_of_Bids_for_Transport_Sector__August_2016.pdf,1,5,25.9,8526896,1,1,1,ok
full,corpus,Rotated Text Libre Office.pdf,1,1,0.8,271400,0,0,0,ok
full,corpus,Rotation 45.pdf,1,4,40.5,17550640,0,0,0,ok
full,corpus,SPARC - v9 Architecture Manual.pdf,1,5,165.3,73960840,1,1,1,ok
full,corpus,SPE8EF26T0545.pdf,1,5,15.9,11460488,0,0,0,ok
full,corpus,ShowTextOpWithUnbalancedRoundBrackets.pdf,1,1,6.8,4625928,0,0,0,ok
full,corpus,Single Page Broken Offsets - from google drive.pdf,1,1,1.8,611632,0,0,0,ok
full,corpus,Single Page Form Content - from itext 1_1.pdf,1,1,1.3,786656,0,0,0,ok
full,corpus,Single Page Hyperlinks - from open office.pdf,1,1,0.8,405352,0,0,0,ok
full,corpus,Single Page Images - from libre office.pdf,1,1,0.6,383472,0,0,0,ok
full,corpus,Single Page Non Latin - from acrobat distiller.pdf,1,1,1.1,416240,0,0,0,ok
full,corpus,Single Page Simple - from google drive.pdf,1,1,1.3,604576,0,0,0,ok
full,corpus,Single Page Simple - from inkscape.pdf,1,1,0.5,167032,0,0,0,ok
full,corpus,Single Page Simple - from open office.pdf,1,1,0.6,293504,0,0,0,ok
full,corpus,Single Page Type 1 Font.pdf,1,1,0.3,85728,0,0,0,ok
full,corpus,SinglePage180ClockwiseRotation - from PdfPig.pdf,1,1,0.5,248008,0,0,0,ok
full,corpus,SinglePage270ClockwiseRotation - from PdfPig.pdf,1,1,0.5,247936,0,0,0,ok
full,corpus,SinglePage90ClockwiseRotation - from PdfPig.pdf,1,1,0.5,247936,0,0,0,ok
full,corpus,SmallCropbox.pdf,1,1,2.1,1617984,0,0,0,ok
full,corpus,TIKA-1552-0.pdf,1,5,26.1,23361472,0,0,0,ok
full,corpus,TIKA-2054-0.pdf,1,5,53.4,20453264,1,0,0,ok
full,corpus,TIKA-469-0.pdf,1,2,6.4,4686080,0,0,0,ok
full,corpus,Test.Doc.pdf,1,1,2.4,1738368,0,0,0,ok
full,corpus,TrueTypeTablesGlyphDataTableReadGlyphsError.pdf,1,1,10.7,4531552,0,0,0,ok
full,corpus,Two Page Text Only - from libre office.pdf,1,2,2.1,1732600,0,0,0,ok
full,corpus,Type0 Font.pdf,1,1,23.9,10341440,1,1,1,ok
full,corpus,Type0_CJK_Font.pdf,1,5,59.0,4859784,0,0,0,ok
full,corpus,Type3Test.pdf,1,1,0.6,156640,0,0,0,ok
full,corpus,Various Content Types.pdf,1,1,0.8,270848,0,0,0,ok
full,corpus,Why.does.this.not.work.pdf,1,1,1.8,1050192,0,0,0,ok
full,corpus,_citUR2jB1_ay56u6vELzk.pdf,1,2,2.5,2366640,0,0,0,ok
full,corpus,annotation-comments.pdf,1,1,0.6,296040,0,0,0,ok
full,corpus,bold-italic.pdf,1,1,3.7,1898008,0,0,0,ok
full,corpus,bookmarks-with-accented-characters.pdf,1,1,0.6,331424,0,0,0,ok
full,corpus,byz.pdf,1,1,3.4,2270664,0,0,0,ok
full,corpus,capas.pdf,1,5,7.4,8259768,0,0,0,ok
full,corpus,cat-genetics.pdf,1,1,7.6,6761320,0,0,0,ok
full,corpus,cat-genetics_bobld.pdf,1,1,7.0,7029832,0,0,0,ok
full,corpus,cmap-parsing-exception.pdf,1,1,21.8,13351960,0,0,0,ok
full,corpus,cropped-and-rotated.pdf,1,1,1.7,774832,0,0,0,ok
full,corpus,data.pdf,1,3,5.6,4031680,0,0,0,ok
full,corpus,dotnet-ai.pdf,1,5,30.2,32238592,1,1,1,ok
full,corpus,felltypes-test.pdf,1,1,13.1,4975832,0,0,0,ok
full,corpus,hex_0x0006.pdf,1,1,1.1,658968,0,0,0,ok
full,corpus,inherited_mediabox.pdf,1,1,0.2,54864,0,0,0,ok
full,corpus,iron-ore-q2-q3-2013.pdf,1,5,41.6,35996144,1,1,1,ok
full,corpus,issue_1163.pdf,1,2,0.5,183096,0,0,0,ok
full,corpus,issue_1330.pdf,1,1,0.2,57184,0,0,0,ok
full,corpus,issue_1331.pdf,1,1,2.0,1527536,0,0,0,ok
full,corpus,issue_671.pdf,1,2,31.8,18269688,1,1,1,ok
full,corpus,issue_881.pdf,1,1,1.4,778064,0,0,0,ok
full,corpus,issues-1176-1.pdf,1,1,3.6,2142472,0,0,0,ok
full,corpus,issues-1176.pdf,1,1,3.5,7145160,0,0,0,ok
full,corpus,journal.pone.0196757.pdf,1,5,40.3,35345920,0,0,0,ok
full,corpus,jtehm-melillo-2679746.pdf,1,5,92.4,52739696,2,1,1,ok
full,corpus,little-pig-in-armenian.pdf,1,1,1.0,317648,0,0,0,ok
full,corpus,odwriteex.pdf,1,1,1.2,715240,0,0,0,ok
full,corpus,outline.pdf,1,3,3.0,1120392,0,0,0,ok
full,corpus,output_w3c_csswg_drafts_issues2023.pdf,1,1,0.9,235192,0,0,0,ok
full,corpus,path_ext_oddeven.pdf,1,1,2.4,1155264,0,0,0,ok
full,corpus,pop-bugzilla37292.pdf,1,4,8.9,7955600,0,0,0,ok
full,corpus,reference-2-numeric-error.pdf,1,1,16.3,7149616,0,0,0,ok
full,corpus,soundandvision.pdf,1,1,3.0,2021992,0,0,0,ok
full,corpus,ssm2163.pdf,1,5,18.2,10905464,0,0,0,ok
full,corpus,steam_in_page_dict.pdf,1,1,3.1,103368,0,0,0,ok
full,corpus,test-2_so_74165171.pdf,1,1,88.9,41138368,1,1,1,ok
full,corpus,testPdf-1.pdf,1,2,6.2,5924088,0,0,0,ok
full,corpus,test_a-5.pdf,1,5,95.7,69146480,1,1,1,ok
full,corpus,test_a.pdf,1,5,75.7,69144576,0,0,0,ok
full,corpus,toc.pdf,1,5,37.7,7515456,1,0,0,ok
full,corpus,type3-font-zero-height.pdf,1,1,30.6,7007480,1,1,1,ok
full,corpus,0000851.pdf,2,5,247.5,118354600,0,0,0,ok
full,corpus,11194059_2017-11_de_s.pdf,2,2,56.4,27465728,1,1,1,ok
full,corpus,2006_Swedish_Touring_Car_Championship.pdf,2,4,7.5,7841848,0,0,0,ok
full,corpus,2108.11480.pdf,2,5,87.6,75372056,1,1,0,ok
full,corpus,22060_A1_01_Plans-1.pdf,2,1,5.1,9374000,0,0,0,ok
full,corpus,6.Secrets.to.Startup.Success.PDFDrive.pdf,2,5,21.1,24664864,0,0,0,ok
full,corpus,68-1990-01_A.pdf,2,5,60.8,44322664,1,1,1,ok
full,corpus,AcroFormsBasicFields.pdf,2,1,0.9,594168,0,0,0,ok
full,corpus,Approved_Document_B__fire_safety__volume_2_-_Buildings_other_than_dwellings__2019_edition_incorporating_2020_and_2022_amendments.pdf,2,5,44.7,51966280,1,1,1,ok
full,corpus,Arve.nr.1615.17.04.2026.pdf,2,1,1.9,1192032,0,0,0,ok
full,corpus,ClipPathLetterFilter-Test1.pdf,2,5,27.8,12123136,1,1,1,ok
full,corpus,ClipPathLetterFilter-Test2.pdf,2,1,7.1,8370320,0,0,0,ok
full,corpus,ColorIssue.pdf,2,1,36.0,31878144,1,1,1,ok
full,corpus,DeviceN_CS_test.pdf,2,5,15.1,21469712,0,0,0,ok
full,corpus,Diacritics_export.pdf,2,1,2.0,2350312,0,0,0,ok
full,corpus,EmptyPdf.pdf,2,1,0.2,37856,0,0,0,ok
full,corpus,ErcotFacts.pdf,2,2,26.7,13359488,1,1,1,ok
full,corpus,FICTIF_TABLE_INDEX.pdf,2,5,13.7,14803640,0,0,0,ok
full,corpus,FarmerMac.pdf,2,5,15.5,13699904,1,0,0,ok
full,corpus,Font Size Test - from google chrome print pdf.pdf,2,1,1.1,480088,0,0,0,ok
full,corpus,Font Size Test - from libre office.pdf,2,1,0.6,187688,0,0,0,ok
full,corpus,FontMatrix-1.pdf,2,1,0.4,216552,0,0,0,ok
full,corpus,FontMatrix-concat.pdf,2,1,0.2,134464,0,0,0,ok
full,corpus,FontMatrix-otf-bad-hmtx.pdf,2,1,1.2,737976,0,0,0,ok
full,corpus,FontMatrix-otf.pdf,2,1,1.4,742256,0,0,0,ok
full,corpus,FontMatrix-raw.pdf,2,1,1.2,682856,0,0,0,ok
full,corpus,GHOSTSCRIPT-692564-0.pdf,2,1,1.0,547160,0,0,0,ok
full,corpus,GHOSTSCRIPT-695513-0.pdf,2,1,2.6,3520352,0,0,0,ok
full,corpus,GHOSTSCRIPT-696171-0.pdf,2,5,14.1,11331928,1,0,0,ok
full,corpus,GHOSTSCRIPT-696547-0.zip-7.pdf,2,1,4.2,7354608,0,0,0,ok
full,corpus,GHOSTSCRIPT-696547-0.zip-9.pdf,2,1,3.8,7354440,0,0,0,ok
full,corpus,GHOSTSCRIPT-697234-0.pdf,2,3,25.0,22673488,1,0,0,ok
full,corpus,GHOSTSCRIPT-697507-0.pdf,2,1,9.0,7903920,0,0,0,ok
full,corpus,GHOSTSCRIPT-697984-3.pdf,2,1,3.3,1619464,0,0,0,ok
full,corpus,GHOSTSCRIPT-698168-0.pdf,2,1,2.2,2816120,0,0,0,ok
full,corpus,GHOSTSCRIPT-698363-0.pdf,2,1,1.8,466528,0,0,0,ok
full,corpus,GHOSTSCRIPT-698721-0.zip-6.pdf,2,2,6.4,7315232,0,0,0,ok
full,corpus,GHOSTSCRIPT-698721-1.pdf,2,1,1.6,2031688,0,0,0,ok
full,corpus,GHOSTSCRIPT-699035-0.pdf,2,5,46.8,38281752,1,1,1,ok
full,corpus,GHOSTSCRIPT-699178-0.pdf,2,3,7.3,8417640,0,0,0,ok
full,corpus,GHOSTSCRIPT-699375-5.pdf,2,1,4.3,3067728,0,0,0,ok
full,corpus,GHOSTSCRIPT-699488-0.pdf,2,1,7.4,8119392,0,0,0,ok
full,corpus,GHOSTSCRIPT-699554-0.zip-4.pdf,2,1,1.6,1649840,0,0,0,ok
full,corpus,GHOSTSCRIPT-700125-1.pdf,2,5,27.8,16241120,1,1,0,ok
full,corpus,GHOSTSCRIPT-700139-0.pdf,2,2,152.1,116175160,1,1,1,ok
full,corpus,GHOSTSCRIPT-700236-1.pdf,2,5,16.7,13413384,1,1,0,ok
full,corpus,GHOSTSCRIPT-700288-1.pdf,2,1,4.5,4617992,0,0,0,ok
full,corpus,GHOSTSCRIPT-700370-2.pdf,2,1,1.7,1530496,0,0,0,ok
full,corpus,GHOSTSCRIPT-700931-0.7z-5.pdf,2,2,1.4,1221232,0,0,0,ok
full,corpus,GHOSTSCRIPT-702013-1.pdf,2,1,3.9,3792264,1,0,0,ok
full,corpus,Gamebook.pdf,2,5,13.6,9352584,0,0,0,ok
full,corpus,GlyphDataTableReadCompositeGlyphError.pdf,2,1,4.2,2885296,0,0,0,ok
full,corpus,Grapheme clusters emoji.pdf,2,1,0.4,149464,0,0,0,ok
full,corpus,ICML03-081.pdf,2,5,19.7,17257256,1,1,0,ok
full,corpus,Indexed-DeviceRGB-JPXDecode-0-.0.0.255.0.-Font-F1_1_missing_char_255-1.pdf,2,1,23.7,16976168,0,0,0,ok
full,corpus,IndexedCS_negative_and_high.pdf,2,1,0.6,81848,0,0,0,ok
full,corpus,Judgement Document.pdf,2,5,7.1,9126064,0,0,0,ok
full,corpus,LKR824191.pdf,2,1,2.9,4164792,0,0,0,ok
full,corpus,Layer pdf - 322_High_Holborn_building_Brochure.pdf,2,3,46.0,37062432,1,1,1,ok
full,corpus,MOZILLA-10084-0.pdf,2,1,3.4,3207768,0,0,0,ok
full,corpus,MOZILLA-10225-0.pdf,2,5,23.5,22995104,1,1,1,ok
full,corpus,MOZILLA-10372-2.pdf,2,5,16.5,12994016,1,0,0,ok
full,corpus,MOZILLA-2775-1.pdf,2,5,15.3,17662352,0,0,0,ok
full,corpus,MOZILLA-3136-0.pdf,2,4,273.0,217585792,2,2,0,ok
full,corpus,MOZILLA-7375-0.pdf,2,5,12.3,15734432,0,0,0,ok
full,corpus,MOZILLA-9176-2.pdf,2,5,3.1,9936776,0,0,0,ok
full,corpus,MOZILLA-LINK-3264-0.pdf,2,5,2.2,3290920,0,0,0,ok
full,corpus,MOZILLA-LINK-5251-1.pdf,2,2,2.2,2201344,0,0,0,ok
full,corpus,Math119FakingData.pdf,2,5,7.4,9248816,0,0,0,ok
full,corpus,Motor Insurance claim form.pdf,2,3,100.7,67256560,1,1,1,ok
full,corpus,Multiple Page - from Mortality Statistics.pdf,2,5,7.3,8197464,0,0,0,ok
full,corpus,OPEN.RABBIT.ENGLISH.LOP.pdf,2,5,20.9,27513336,0,0,0,ok
full,corpus,Old Gutnish Internet Explorer.pdf,2,3,11.7,14269408,0,0,0,ok
full,corpus,P2P-33713919.pdf,2,5,13.1,22993736,0,0,0,ok
full,corpus,PDFBOX-1869-4-1.pdf,2,1,0.6,410360,0,0,0,ok
full,corpus,PDFBOX-492-4.jar-8.pdf,2,2,19.8,16853128,0,0,0,ok
full,corpus,PDFBOX-624-2.pdf,2,5,10.4,11326376,0,0,0,ok
full,corpus,Pig Production Handbook.pdf,2,5,28.8,11471152,1,1,1,ok
full,corpus,Pig Reproduction Powerpoint.pdf,2,5,4.7,9117872,0,0,0,ok
full,corpus,Publication_of_award_of_Bids_for_Transport_Sector__August_2016.pdf,2,5,6.8,8288144,0,0,0,ok
full,corpus,Rotated Text Libre Office.pdf,2,1,1.6,237760,1,0,0,ok
full,corpus,Rotation 45.pdf,2,4,13.3,9895248,0,0,0,ok
full,corpus,SPARC - v9 Architecture Manual.pdf,2,5,66.6,73960720,2,2,1,ok
full,corpus,SPE8EF26T0545.pdf,2,5,9.9,11453744,0,0,0,ok
full,corpus,ShowTextOpWithUnbalancedRoundBrackets.pdf,2,1,4.2,4625544,0,0,0,ok
full,corpus,Single Page Broken Offsets - from google drive.pdf,2,1,1.5,590176,0,0,0,ok
full,corpus,Single Page Form Content - from itext 1_1.pdf,2,1,0.9,786488,0,0,0,ok
full,corpus,Single Page Hyperlinks - from open office.pdf,2,1,1.1,360328,0,0,0,ok
full,corpus,Single Page Images - from libre office.pdf,2,1,0.5,377616,0,0,0,ok
full,corpus,Single Page Non Latin - from acrobat distiller.pdf,2,1,0.8,396272,0,0,0,ok
full,corpus,Single Page Simple - from google drive.pdf,2,1,1.0,583192,0,0,0,ok
full,corpus,Single Page Simple - from inkscape.pdf,2,1,0.4,149944,0,0,0,ok
full,corpus,Single Page Simple - from open office.pdf,2,1,0.5,270128,0,0,0,ok
full,corpus,Single Page Type 1 Font.pdf,2,1,0.2,85704,0,0,0,ok
full,corpus,SinglePage180ClockwiseRotation - from PdfPig.pdf,2,1,0.4,201736,0,0,0,ok
full,corpus,SinglePage270ClockwiseRotation - from PdfPig.pdf,2,1,0.4,201736,0,0,0,ok
full,corpus,SinglePage90ClockwiseRotation - from PdfPig.pdf,2,1,0.4,201736,0,0,0,ok
full,corpus,SmallCropbox.pdf,2,1,1.4,1617816,0,0,0,ok
full,corpus,TIKA-1552-0.pdf,2,5,36.9,23344584,1,1,1,ok
full,corpus,TIKA-2054-0.pdf,2,5,17.3,20449888,0,0,0,ok
full,corpus,TIKA-469-0.pdf,2,2,4.1,4677304,0,0,0,ok
full,corpus,Test.Doc.pdf,2,1,1.8,1679448,0,0,0,ok
full,corpus,TrueTypeTablesGlyphDataTableReadGlyphsError.pdf,2,1,5.2,3650296,0,0,0,ok
full,corpus,Two Page Text Only - from libre office.pdf,2,2,1.7,1569760,0,0,0,ok
full,corpus,Type0 Font.pdf,2,1,8.4,9721328,0,0,0,ok
full,corpus,Type0_CJK_Font.pdf,2,5,9.7,3212400,0,0,0,ok
full,corpus,Type3Test.pdf,2,1,0.4,155248,0,0,0,ok
full,corpus,Various Content Types.pdf,2,1,0.4,256208,0,0,0,ok
full,corpus,Why.does.this.not.work.pdf,2,1,1.4,1035936,0,0,0,ok
full,corpus,_citUR2jB1_ay56u6vELzk.pdf,2,2,1.8,2254200,0,0,0,ok
full,corpus,annotation-comments.pdf,2,1,0.6,283368,0,0,0,ok
full,corpus,bold-italic.pdf,2,1,5.3,1617016,1,0,0,ok
full,corpus,bookmarks-with-accented-characters.pdf,2,1,0.7,331608,0,0,0,ok
full,corpus,byz.pdf,2,1,2.5,2270568,0,0,0,ok
full,corpus,capas.pdf,2,5,6.7,8006016,0,0,0,ok
full,corpus,cat-genetics.pdf,2,1,5.0,6760360,0,0,0,ok
full,corpus,cat-genetics_bobld.pdf,2,1,5.0,7029376,0,0,0,ok
full,corpus,cmap-parsing-exception.pdf,2,1,28.4,13118392,1,1,1,ok
full,corpus,cropped-and-rotated.pdf,2,1,1.3,744200,0,0,0,ok
full,corpus,data.pdf,2,3,3.8,4031464,0,0,0,ok
full,corpus,dotnet-ai.pdf,2,5,28.4,31548688,1,1,1,ok
full,corpus,felltypes-test.pdf,2,1,8.3,4974872,0,0,0,ok
full,corpus,hex_0x0006.pdf,2,1,0.9,658224,0,0,0,ok
full,corpus,inherited_mediabox.pdf,2,1,0.3,54768,0,0,0,ok
full,corpus,iron-ore-q2-q3-2013.pdf,2,5,20.7,35953832,1,0,0,ok
full,corpus,issue_1163.pdf,2,2,0.5,183048,0,0,0,ok
full,corpus,issue_1330.pdf,2,1,0.3,57160,0,0,0,ok
full,corpus,issue_1331.pdf,2,1,1.7,1351112,0,0,0,ok
full,corpus,issue_671.pdf,2,2,18.8,17837376,0,0,0,ok
full,corpus,issue_881.pdf,2,1,1.3,617280,0,0,0,ok
full,corpus,issues-1176-1.pdf,2,1,2.5,2141424,0,0,0,ok
full,corpus,issues-1176.pdf,2,1,14.4,7144800,1,1,0,ok
full,corpus,journal.pone.0196757.pdf,2,5,24.9,35320760,0,0,0,ok
full,corpus,jtehm-melillo-2679746.pdf,2,5,62.9,52735680,1,1,0,ok
full,corpus,little-pig-in-armenian.pdf,2,1,0.8,306776,0,0,0,ok
full,corpus,odwriteex.pdf,2,1,0.9,715144,0,0,0,ok
full,corpus,outline.pdf,2,3,1.7,1087056,0,0,0,ok
full,corpus,output_w3c_csswg_drafts_issues2023.pdf,2,1,0.5,234960,0,0,0,ok
full,corpus,path_ext_oddeven.pdf,2,1,1.4,1039800,0,0,0,ok
full,corpus,pop-bugzilla37292.pdf,2,4,6.7,7589528,0,0,0,ok
full,corpus,reference-2-numeric-error.pdf,2,1,9.3,7147144,0,0,0,ok
full,corpus,soundandvision.pdf,2,1,2.4,1856152,0,0,0,ok
full,corpus,ssm2163.pdf,2,5,10.4,10255048,0,0,0,ok
full,corpus,steam_in_page_dict.pdf,2,1,0.6,103272,0,0,0,ok
full,corpus,test-2_so_74165171.pdf,2,1,66.8,39104568,1,1,1,ok
full,corpus,testPdf-1.pdf,2,2,5.9,5701528,0,0,0,ok
full,corpus,test_a-5.pdf,2,5,70.5,68790776,1,1,1,ok
full,corpus,test_a.pdf,2,5,84.8,68789304,1,0,0,ok
full,corpus,toc.pdf,2,5,4.9,7515544,0,0,0,ok
full,corpus,type3-font-zero-height.pdf,2,1,23.8,7001768,1,1,1,ok
full,corpus,0000851.pdf,3,5,203.4,118356048,1,1,1,ok
full,corpus,11194059_2017-11_de_s.pdf,3,2,21.8,27411600,0,0,0,ok
full,corpus,2006_Swedish_Touring_Car_Championship.pdf,3,4,6.7,7625496,0,0,0,ok
full,corpus,2108.11480.pdf,3,5,64.8,74769320,0,0,0,ok
full,corpus,22060_A1_01_Plans-1.pdf,3,1,6.1,9373792,0,0,0,ok
full,corpus,6.Secrets.to.Startup.Success.PDFDrive.pdf,3,5,47.7,24664864,1,1,0,ok
full,corpus,68-1990-01_A.pdf,3,5,50.1,44322872,1,1,1,ok
full,corpus,AcroFormsBasicFields.pdf,3,1,0.8,594168,0,0,0,ok
full,corpus,Approved_Document_B__fire_safety__volume_2_-_Buildings_other_than_dwellings__2019_edition_incorporating_2020_and_2022_amendments.pdf,3,5,41.3,51966280,1,1,1,ok
full,corpus,Arve.nr.1615.17.04.2026.pdf,3,1,1.4,1192032,0,0,0,ok
full,corpus,ClipPathLetterFilter-Test1.pdf,3,5,20.5,12123136,1,1,1,ok
full,corpus,ClipPathLetterFilter-Test2.pdf,3,1,7.1,8370320,0,0,0,ok
full,corpus,ColorIssue.pdf,3,1,35.5,31878144,1,1,1,ok
full,corpus,DeviceN_CS_test.pdf,3,5,13.0,21469712,0,0,0,ok
full,corpus,Diacritics_export.pdf,3,1,2.0,2350312,0,0,0,ok
full,corpus,EmptyPdf.pdf,3,1,0.2,37856,0,0,0,ok
full,corpus,ErcotFacts.pdf,3,2,13.1,13357808,0,0,0,ok
full,corpus,FICTIF_TABLE_INDEX.pdf,3,5,13.2,14803432,0,0,0,ok
full,corpus,FarmerMac.pdf,3,5,26.6,13701584,1,1,1,ok
full,corpus,Font Size Test - from google chrome print pdf.pdf,3,1,1.0,480088,0,0,0,ok
full,corpus,Font Size Test - from libre office.pdf,3,1,0.4,187688,0,0,0,ok
full,corpus,FontMatrix-1.pdf,3,1,0.3,216552,0,0,0,ok
full,corpus,FontMatrix-concat.pdf,3,1,0.2,134464,0,0,0,ok
full,corpus,FontMatrix-otf-bad-hmtx.pdf,3,1,1.1,737976,0,0,0,ok
full,corpus,FontMatrix-otf.pdf,3,1,1.1,742256,0,0,0,ok
full,corpus,FontMatrix-raw.pdf,3,1,1.1,682856,0,0,0,ok
full,corpus,GHOSTSCRIPT-692564-0.pdf,3,1,1.0,547160,0,0,0,ok
full,corpus,GHOSTSCRIPT-695513-0.pdf,3,1,2.2,3520352,0,0,0,ok
full,corpus,GHOSTSCRIPT-696171-0.pdf,3,5,13.1,11331928,1,1,0,ok
full,corpus,GHOSTSCRIPT-696547-0.zip-7.pdf,3,1,4.0,7354608,0,0,0,ok
full,corpus,GHOSTSCRIPT-696547-0.zip-9.pdf,3,1,3.8,7354440,0,0,0,ok
full,corpus,GHOSTSCRIPT-697234-0.pdf,3,3,23.1,22673488,0,0,0,ok
full,corpus,GHOSTSCRIPT-697507-0.pdf,3,1,7.8,7903712,0,0,0,ok
full,corpus,GHOSTSCRIPT-697984-3.pdf,3,1,2.3,1619464,0,0,0,ok
full,corpus,GHOSTSCRIPT-698168-0.pdf,3,1,2.4,2816120,1,1,0,ok
full,corpus,GHOSTSCRIPT-698363-0.pdf,3,1,1.4,466328,0,0,0,ok
full,corpus,GHOSTSCRIPT-698721-0.zip-6.pdf,3,2,5.6,7315232,0,0,0,ok
full,corpus,GHOSTSCRIPT-698721-1.pdf,3,1,1.4,2031688,0,0,0,ok
full,corpus,GHOSTSCRIPT-699035-0.pdf,3,5,51.5,38281752,2,1,1,ok
full,corpus,GHOSTSCRIPT-699178-0.pdf,3,3,7.2,8417640,0,0,0,ok
full,corpus,GHOSTSCRIPT-699375-5.pdf,3,1,3.4,3067728,0,0,0,ok
full,corpus,GHOSTSCRIPT-699488-0.pdf,3,1,7.0,8119392,0,0,0,ok
full,corpus,GHOSTSCRIPT-699554-0.zip-4.pdf,3,1,1.4,1649840,0,0,0,ok
full,corpus,GHOSTSCRIPT-700125-1.pdf,3,5,12.1,16241120,0,0,0,ok
full,corpus,GHOSTSCRIPT-700139-0.pdf,3,2,131.2,116174952,3,2,1,ok
full,corpus,GHOSTSCRIPT-700236-1.pdf,3,5,16.4,13413384,0,0,0,ok
full,corpus,GHOSTSCRIPT-700288-1.pdf,3,1,5.9,4617784,0,0,0,ok
full,corpus,GHOSTSCRIPT-700370-2.pdf,3,1,2.1,1530496,0,0,0,ok
full,corpus,GHOSTSCRIPT-700931-0.7z-5.pdf,3,2,1.6,1221232,0,0,0,ok
full,corpus,GHOSTSCRIPT-702013-1.pdf,3,1,5.3,3792264,0,0,0,ok
full,corpus,Gamebook.pdf,3,5,11.4,9352376,0,0,0,ok
full,corpus,GlyphDataTableReadCompositeGlyphError.pdf,3,1,4.7,2885296,0,0,0,ok
full,corpus,Grapheme clusters emoji.pdf,3,1,0.4,149464,0,0,0,ok
full,corpus,ICML03-081.pdf,3,5,19.4,17257256,0,0,0,ok
full,corpus,Indexed-DeviceRGB-JPXDecode-0-.0.0.255.0.-Font-F1_1_missing_char_255-1.pdf,3,1,28.7,16975960,0,0,0,ok
full,corpus,IndexedCS_negative_and_high.pdf,3,1,0.5,81848,0,0,0,ok
full,corpus,Judgement Document.pdf,3,5,9.3,9126064,0,0,0,ok
full,corpus,LKR824191.pdf,3,1,20.4,4164792,1,0,0,ok
full,corpus,Layer pdf - 322_High_Holborn_building_Brochure.pdf,3,3,30.0,37060960,0,0,0,ok
full,corpus,MOZILLA-10084-0.pdf,3,1,3.3,3207560,0,0,0,ok
full,corpus,MOZILLA-10225-0.pdf,3,5,14.1,22993424,0,0,0,ok
full,corpus,MOZILLA-10372-2.pdf,3,5,24.7,12995488,1,1,1,ok
full,corpus,MOZILLA-2775-1.pdf,3,5,14.0,17662352,0,0,0,ok
full,corpus,MOZILLA-3136-0.pdf,3,4,208.0,217587472,2,1,1,ok
full,corpus,MOZILLA-7375-0.pdf,3,5,15.9,15734432,0,0,0,ok
full,corpus,MOZILLA-9176-2.pdf,3,5,28.0,9938456,1,1,1,ok
full,corpus,MOZILLA-LINK-3264-0.pdf,3,5,1.9,3291128,0,0,0,ok
full,corpus,MOZILLA-LINK-5251-1.pdf,3,2,2.2,2201344,0,0,0,ok
full,corpus,Math119FakingData.pdf,3,5,8.2,9248816,0,0,0,ok
full,corpus,Motor Insurance claim form.pdf,3,3,84.5,67256560,2,1,1,ok
full,corpus,Multiple Page - from Mortality Statistics.pdf,3,5,6.5,8197464,0,0,0,ok
full,corpus,OPEN.RABBIT.ENGLISH.LOP.pdf,3,5,20.9,27513336,0,0,0,ok
full,corpus,Old Gutnish Internet Explorer.pdf,3,3,29.6,14271088,1,1,1,ok
full,corpus,P2P-33713919.pdf,3,5,12.5,22993944,0,0,0,ok
full,corpus,PDFBOX-1869-4-1.pdf,3,1,0.7,410360,0,0,0,ok
full,corpus,PDFBOX-492-4.jar-8.pdf,3,2,24.8,16853128,1,0,0,ok
full,corpus,PDFBOX-624-2.pdf,3,5,8.5,11326584,0,0,0,ok
full,corpus,Pig Production Handbook.pdf,3,5,8.8,11469472,0,0,0,ok
full,corpus,Pig Reproduction Powerpoint.pdf,3,5,5.0,9117664,0,0,0,ok
full,corpus,Publication_of_award_of_Bids_for_Transport_Sector__August_2016.pdf,3,5,6.8,8288144,0,0,0,ok
full,corpus,Rotated Text Libre Office.pdf,3,1,0.6,237760,0,0,0,ok
full,corpus,Rotation 45.pdf,3,4,25.1,9896720,1,1,1,ok
full,corpus,SPARC - v9 Architecture Manual.pdf,3,5,68.9,73960928,1,1,1,ok
full,corpus,SPE8EF26T0545.pdf,3,5,8.3,11453744,0,0,0,ok
full,corpus,ShowTextOpWithUnbalancedRoundBrackets.pdf,3,1,4.3,4625544,0,0,0,ok
full,corpus,Single Page Broken Offsets - from google drive.pdf,3,1,1.4,590176,0,0,0,ok
full,corpus,Single Page Form Content - from itext 1_1.pdf,3,1,0.8,786488,0,0,0,ok
full,corpus,Single Page Hyperlinks - from open office.pdf,3,1,0.6,360328,0,0,0,ok
full,corpus,Single Page Images - from libre office.pdf,3,1,0.4,377616,0,0,0,ok
full,corpus,Single Page Non Latin - from acrobat distiller.pdf,3,1,1.0,396272,0,0,0,ok
full,corpus,Single Page Simple - from google drive.pdf,3,1,0.9,583192,0,0,0,ok
full,corpus,Single Page Simple - from inkscape.pdf,3,1,0.4,149944,0,0,0,ok
full,corpus,Single Page Simple - from open office.pdf,3,1,0.4,270128,0,0,0,ok
full,corpus,Single Page Type 1 Font.pdf,3,1,0.2,85704,0,0,0,ok
full,corpus,SinglePage180ClockwiseRotation - from PdfPig.pdf,3,1,0.3,201736,0,0,0,ok
full,corpus,SinglePage270ClockwiseRotation - from PdfPig.pdf,3,1,0.3,201736,0,0,0,ok
full,corpus,SinglePage90ClockwiseRotation - from PdfPig.pdf,3,1,0.3,201736,0,0,0,ok
full,corpus,SmallCropbox.pdf,3,1,1.4,1617816,0,0,0,ok
full,corpus,TIKA-1552-0.pdf,3,5,19.1,23342904,0,0,0,ok
full,corpus,TIKA-2054-0.pdf,3,5,19.7,20449680,0,0,0,ok
full,corpus,TIKA-469-0.pdf,3,2,5.5,4677304,0,0,0,ok
full,corpus,Test.Doc.pdf,3,1,2.2,1679448,0,0,0,ok
full,corpus,TrueTypeTablesGlyphDataTableReadGlyphsError.pdf,3,1,5.6,3650296,0,0,0,ok
full,corpus,Two Page Text Only - from libre office.pdf,3,2,2.0,1569760,0,0,0,ok
full,corpus,Type0 Font.pdf,3,1,9.9,9721328,0,0,0,ok
full,corpus,Type0_CJK_Font.pdf,3,5,10.0,3212400,0,0,0,ok
full,corpus,Type3Test.pdf,3,1,0.7,155248,0,0,0,ok
full,corpus,Various Content Types.pdf,3,1,0.6,256208,0,0,0,ok
full,corpus,Why.does.this.not.work.pdf,3,1,31.7,1035936,1,1,0,ok
full,corpus,_citUR2jB1_ay56u6vELzk.pdf,3,2,1.9,2254408,0,0,0,ok
full,corpus,annotation-comments.pdf,3,1,0.7,283368,0,0,0,ok
full,corpus,bold-italic.pdf,3,1,2.2,1617016,0,0,0,ok
full,corpus,bookmarks-with-accented-characters.pdf,3,1,0.4,331400,0,0,0,ok
full,corpus,byz.pdf,3,1,2.0,2270568,0,0,0,ok
full,corpus,capas.pdf,3,5,5.6,8006016,0,0,0,ok
full,corpus,cat-genetics.pdf,3,1,4.8,6760360,0,0,0,ok
full,corpus,cat-genetics_bobld.pdf,3,1,4.9,7029376,0,0,0,ok
full,corpus,cmap-parsing-exception.pdf,3,1,30.9,13118392,1,1,1,ok
full,corpus,cropped-and-rotated.pdf,3,1,1.2,744200,0,0,0,ok
full,corpus,data.pdf,3,3,3.6,4031464,0,0,0,ok
full,corpus,dotnet-ai.pdf,3,5,25.6,31548688,1,1,1,ok
full,corpus,felltypes-test.pdf,3,1,8.4,4974872,0,0,0,ok
full,corpus,hex_0x0006.pdf,3,1,0.8,658224,0,0,0,ok
full,corpus,inherited_mediabox.pdf,3,1,0.2,54768,0,0,0,ok
full,corpus,iron-ore-q2-q3-2013.pdf,3,5,20.8,35953416,0,0,0,ok
full,corpus,issue_1163.pdf,3,2,0.4,182840,0,0,0,ok
full,corpus,issue_1330.pdf,3,1,0.2,57160,0,0,0,ok
full,corpus,issue_1331.pdf,3,1,1.5,1351112,0,0,0,ok
full,corpus,issue_671.pdf,3,2,18.3,17837376,0,0,0,ok
full,corpus,issue_881.pdf,3,1,1.1,617280,0,0,0,ok
full,corpus,issues-1176-1.pdf,3,1,2.0,2141424,0,0,0,ok
full,corpus,issues-1176.pdf,3,1,2.9,7144800,0,0,0,ok
full,corpus,journal.pone.0196757.pdf,3,5,23.8,35320552,0,0,0,ok
full,corpus,jtehm-melillo-2679746.pdf,3,5,61.9,52735680,1,0,0,ok
full,corpus,little-pig-in-armenian.pdf,3,1,1.1,306776,0,0,0,ok
full,corpus,odwriteex.pdf,3,1,0.9,715144,0,0,0,ok
full,corpus,outline.pdf,3,3,1.6,1087056,0,0,0,ok
full,corpus,output_w3c_csswg_drafts_issues2023.pdf,3,1,0.5,234960,0,0,0,ok
full,corpus,path_ext_oddeven.pdf,3,1,1.6,1039800,0,0,0,ok
full,corpus,pop-bugzilla37292.pdf,3,4,7.2,7589528,0,0,0,ok
full,corpus,reference-2-numeric-error.pdf,3,1,8.2,7147144,0,0,0,ok
full,corpus,soundandvision.pdf,3,1,2.4,1856152,0,0,0,ok
full,corpus,ssm2163.pdf,3,5,8.0,10255048,0,0,0,ok
full,corpus,steam_in_page_dict.pdf,3,1,0.3,103272,0,0,0,ok
full,corpus,test-2_so_74165171.pdf,3,1,62.8,39104568,1,1,1,ok
full,corpus,testPdf-1.pdf,3,2,5.1,5701528,0,0,0,ok
full,corpus,test_a-5.pdf,3,5,66.8,68790776,1,1,1,ok
full,corpus,test_a.pdf,3,5,75.1,68789304,1,0,0,ok
full,corpus,toc.pdf,3,5,5.1,7515544,0,0,0,ok
full,corpus,type3-font-zero-height.pdf,3,1,21.6,7001768,1,1,1,ok
baseline,corpus,0000851.pdf,1,5,1211.3,169559104,4,2,2,ok
baseline,corpus,11194059_2017-11_de_s.pdf,1,2,114.2,27624688,0,0,0,ok
baseline,corpus,2006_Swedish_Touring_Car_Championship.pdf,1,4,28.5,7884680,0,0,0,ok
baseline,corpus,2108.11480.pdf,1,5,200.1,76772864,2,1,1,ok
baseline,corpus,22060_A1_01_Plans-1.pdf,1,1,17.9,9438416,1,1,1,ok
baseline,corpus,6.Secrets.to.Startup.Success.PDFDrive.pdf,1,5,79.3,24673944,0,0,0,ok
baseline,corpus,68-1990-01_A.pdf,1,5,209.3,64724816,2,2,2,ok
baseline,corpus,AcroFormsBasicFields.pdf,1,1,1.7,595912,0,0,0,ok
baseline,corpus,Approved_Document_B__fire_safety__volume_2_-_Buildings_other_than_dwellings__2019_edition_incorporating_2020_and_2022_amendments.pdf,1,5,100.5,52380448,1,1,1,ok
baseline,corpus,Arve.nr.1615.17.04.2026.pdf,1,1,3.6,1270224,0,0,0,ok
baseline,corpus,ClipPathLetterFilter-Test1.pdf,1,5,101.5,41330768,2,2,2,ok
baseline,corpus,ClipPathLetterFilter-Test2.pdf,1,1,22.0,8781736,0,0,0,ok
baseline,corpus,ColorIssue.pdf,1,1,86.5,33902192,2,2,2,ok
baseline,corpus,DeviceN_CS_test.pdf,1,5,55.9,22168616,1,1,1,ok
baseline,corpus,Diacritics_export.pdf,1,1,6.2,2353648,0,0,0,ok
baseline,corpus,EmptyPdf.pdf,1,1,0.4,38080,0,0,0,ok
baseline,corpus,ErcotFacts.pdf,1,2,40.1,14125208,0,0,0,ok
baseline,corpus,FICTIF_TABLE_INDEX.pdf,1,5,38.4,15509696,0,0,0,ok
baseline,corpus,FarmerMac.pdf,1,5,40.1,14125848,0,0,0,ok
baseline,corpus,Font Size Test - from google chrome print pdf.pdf,1,1,1.5,505536,0,0,0,ok
baseline,corpus,Font Size Test - from libre office.pdf,1,1,1.5,207720,0,0,0,ok
baseline,corpus,FontMatrix-1.pdf,1,1,0.7,216480,0,0,0,ok
baseline,corpus,FontMatrix-concat.pdf,1,1,0.3,134184,0,0,0,ok
baseline,corpus,FontMatrix-otf-bad-hmtx.pdf,1,1,9.2,749136,0,0,0,ok
baseline,corpus,FontMatrix-otf.pdf,1,1,7.1,749472,0,0,0,ok
baseline,corpus,FontMatrix-raw.pdf,1,1,6.5,690144,0,0,0,ok
baseline,corpus,GHOSTSCRIPT-692564-0.pdf,1,1,3.5,553296,0,0,0,ok
baseline,corpus,GHOSTSCRIPT-695513-0.pdf,1,1,9.6,3542728,0,0,0,ok
baseline,corpus,GHOSTSCRIPT-696171-0.pdf,1,5,57.8,11352408,1,1,1,ok
baseline,corpus,GHOSTSCRIPT-696547-0.zip-7.pdf,1,1,17.0,7366984,0,0,0,ok
baseline,corpus,GHOSTSCRIPT-696547-0.zip-9.pdf,1,1,13.6,7366464,0,0,0,ok
baseline,corpus,GHOSTSCRIPT-697234-0.pdf,1,3,84.5,22757248,1,0,0,ok
baseline,corpus,GHOSTSCRIPT-697507-0.pdf,1,1,40.4,8001144,0,0,0,ok
baseline,corpus,GHOSTSCRIPT-697984-3.pdf,1,1,5.6,1730680,0,0,0,ok
baseline,corpus,GHOSTSCRIPT-698168-0.pdf,1,1,7.9,2819256,0,0,0,ok
baseline,corpus,GHOSTSCRIPT-698363-0.pdf,1,1,11.4,476048,0,0,0,ok
baseline,corpus,GHOSTSCRIPT-698721-0.zip-6.pdf,1,2,25.8,7741856,0,0,0,ok
baseline,corpus,GHOSTSCRIPT-698721-1.pdf,1,1,5.0,2153192,0,0,0,ok
baseline,corpus,GHOSTSCRIPT-699035-0.pdf,1,5,153.5,38285872,1,1,1,ok
baseline,corpus,GHOSTSCRIPT-699178-0.pdf,1,3,27.3,8609352,0,0,0,ok
baseline,corpus,GHOSTSCRIPT-699375-5.pdf,1,1,9.2,3272424,0,0,0,ok
baseline,corpus,GHOSTSCRIPT-699488-0.pdf,1,1,44.6,8127440,1,0,0,ok
baseline,corpus,GHOSTSCRIPT-699554-0.zip-4.pdf,1,1,5.5,1656304,0,0,0,ok
baseline,corpus,GHOSTSCRIPT-700125-1.pdf,1,5,43.7,17640504,0,0,0,ok
baseline,corpus,GHOSTSCRIPT-700139-0.pdf,1,2,317.9,117712160,3,2,2,ok
baseline,corpus,GHOSTSCRIPT-700236-1.pdf,1,5,46.7,13568120,0,0,0,ok
baseline,corpus,GHOSTSCRIPT-700288-1.pdf,1,1,12.8,4643008,0,0,0,ok
baseline,corpus,GHOSTSCRIPT-700370-2.pdf,1,1,3.5,1668688,0,0,0,ok
baseline,corpus,GHOSTSCRIPT-700931-0.7z-5.pdf,1,2,5.3,1230648,0,0,0,ok
baseline,corpus,GHOSTSCRIPT-702013-1.pdf,1,1,11.3,3953664,0,0,0,ok
baseline,corpus,Gamebook.pdf,1,5,112.4,150693360,8,8,8,ok
baseline,corpus,GlyphDataTableReadCompositeGlyphError.pdf,1,1,11.4,3808000,0,0,0,ok
baseline,corpus,Grapheme clusters emoji.pdf,1,1,0.7,155368,0,0,0,ok
baseline,corpus,ICML03-081.pdf,1,5,34.5,17286888,0,0,0,ok
baseline,corpus,Indexed-DeviceRGB-JPXDecode-0-.0.0.255.0.-Font-F1_1_missing_char_255-1.pdf,1,1,176.7,17083080,0,0,0,ok
baseline,corpus,IndexedCS_negative_and_high.pdf,1,1,0.9,85056,0,0,0,ok
baseline,corpus,Judgement Document.pdf,1,5,32.5,10864032,1,1,1,ok
baseline,corpus,LKR824191.pdf,1,1,9.4,4163960,0,0,0,ok
baseline,corpus,Layer pdf - 322_High_Holborn_building_Brochure.pdf,1,3,79.1,37446656,0,0,0,ok
baseline,corpus,MOZILLA-10084-0.pdf,1,1,13.0,3228872,0,0,0,ok
baseline,corpus,MOZILLA-10225-0.pdf,1,5,59.2,23543496,1,1,1,ok
baseline,corpus,MOZILLA-10372-2.pdf,1,5,24.0,12996920,0,0,0,ok
baseline,corpus,MOZILLA-2775-1.pdf,1,5,51.8,17747464,0,0,0,ok
baseline,corpus,MOZILLA-3136-0.pdf,1,4,634.6,219592624,3,1,1,ok
baseline,corpus,MOZILLA-7375-0.pdf,1,5,42.7,15735624,0,0,0,ok
baseline,corpus,MOZILLA-9176-2.pdf,1,5,2.8,9937800,0,0,0,ok
baseline,corpus,MOZILLA-LINK-3264-0.pdf,1,5,23.0,3569608,1,1,1,ok
baseline,corpus,MOZILLA-LINK-5251-1.pdf,1,2,6.0,2289072,0,0,0,ok
baseline,corpus,Math119FakingData.pdf,1,5,28.9,9332600,0,0,0,ok
baseline,corpus,Motor Insurance claim form.pdf,1,3,181.2,67996576,1,1,1,ok
baseline,corpus,Multiple Page - from Mortality Statistics.pdf,1,5,28.4,15768088,0,0,0,ok
baseline,corpus,OPEN.RABBIT.ENGLISH.LOP.pdf,1,5,62.6,27703504,1,1,1,ok
baseline,corpus,Old Gutnish Internet Explorer.pdf,1,3,20.0,14922056,0,0,0,ok
baseline,corpus,P2P-33713919.pdf,1,5,25.0,23096496,0,0,0,ok
baseline,corpus,PDFBOX-1869-4-1.pdf,1,1,1.9,487480,0,0,0,ok
baseline,corpus,PDFBOX-492-4.jar-8.pdf,1,2,49.3,16923736,1,0,0,ok
baseline,corpus,PDFBOX-624-2.pdf,1,5,17.1,11353496,0,0,0,ok
baseline,corpus,Pig Production Handbook.pdf,1,5,14.3,11661096,0,0,0,ok
baseline,corpus,Pig Reproduction Powerpoint.pdf,1,5,6.9,9184104,0,0,0,ok
baseline,corpus,Publication_of_award_of_Bids_for_Transport_Sector__August_2016.pdf,1,5,23.3,8530000,1,1,1,ok
baseline,corpus,Rotated Text Libre Office.pdf,1,1,1.0,277192,0,0,0,ok
baseline,corpus,Rotation 45.pdf,1,4,32.6,17674168,0,0,0,ok
baseline,corpus,SPARC - v9 Architecture Manual.pdf,1,5,179.4,108579784,1,1,1,ok
baseline,corpus,SPE8EF26T0545.pdf,1,5,29.7,11406640,1,0,0,ok
baseline,corpus,ShowTextOpWithUnbalancedRoundBrackets.pdf,1,1,7.7,4634688,0,0,0,ok
baseline,corpus,Single Page Broken Offsets - from google drive.pdf,1,1,1.7,611696,0,0,0,ok
baseline,corpus,Single Page Form Content - from itext 1_1.pdf,1,1,1.4,785248,0,0,0,ok
baseline,corpus,Single Page Hyperlinks - from open office.pdf,1,1,0.8,411544,0,0,0,ok
baseline,corpus,Single Page Images - from libre office.pdf,1,1,0.6,392976,0,0,0,ok
baseline,corpus,Single Page Non Latin - from acrobat distiller.pdf,1,1,0.9,417528,0,0,0,ok
baseline,corpus,Single Page Simple - from google drive.pdf,1,1,1.1,604640,0,0,0,ok
baseline,corpus,Single Page Simple - from inkscape.pdf,1,1,0.5,171088,0,0,0,ok
baseline,corpus,Single Page Simple - from open office.pdf,1,1,0.5,291872,0,0,0,ok
baseline,corpus,Single Page Type 1 Font.pdf,1,1,0.3,85216,0,0,0,ok
baseline,corpus,SinglePage180ClockwiseRotation - from PdfPig.pdf,1,1,0.5,248640,0,0,0,ok
baseline,corpus,SinglePage270ClockwiseRotation - from PdfPig.pdf,1,1,0.5,248568,0,0,0,ok
baseline,corpus,SinglePage90ClockwiseRotation - from PdfPig.pdf,1,1,0.5,248568,0,0,0,ok
baseline,corpus,SmallCropbox.pdf,1,1,2.1,1617768,0,0,0,ok
baseline,corpus,TIKA-1552-0.pdf,1,5,26.2,23364360,0,0,0,ok
baseline,corpus,TIKA-2054-0.pdf,1,5,25.5,23324936,0,0,0,ok
baseline,corpus,TIKA-469-0.pdf,1,2,6.1,4753424,0,0,0,ok
baseline,corpus,Test.Doc.pdf,1,1,5.9,1738488,1,0,0,ok
baseline,corpus,TrueTypeTablesGlyphDataTableReadGlyphsError.pdf,1,1,7.9,4528680,0,0,0,ok
baseline,corpus,Two Page Text Only - from libre office.pdf,1,2,2.6,1750352,0,0,0,ok
baseline,corpus,Type0 Font.pdf,1,1,19.0,10342656,1,1,1,ok
baseline,corpus,Type0_CJK_Font.pdf,1,5,85.1,4918120,0,0,0,ok
baseline,corpus,Type3Test.pdf,1,1,0.6,158096,0,0,0,ok
baseline,corpus,Various Content Types.pdf,1,1,0.8,279952,0,0,0,ok
baseline,corpus,Why.does.this.not.work.pdf,1,1,1.8,1050064,0,0,0,ok
baseline,corpus,_citUR2jB1_ay56u6vELzk.pdf,1,2,2.0,2368744,0,0,0,ok
baseline,corpus,annotation-comments.pdf,1,1,0.6,295912,0,0,0,ok
baseline,corpus,bold-italic.pdf,1,1,3.1,1899280,0,0,0,ok
baseline,corpus,bookmarks-with-accented-characters.pdf,1,1,0.5,331280,0,0,0,ok
baseline,corpus,byz.pdf,1,1,3.4,2270064,0,0,0,ok
baseline,corpus,capas.pdf,1,5,8.5,8295872,1,0,0,ok
baseline,corpus,cat-genetics.pdf,1,1,7.9,6779192,0,0,0,ok
baseline,corpus,cat-genetics_bobld.pdf,1,1,7.4,7025704,0,0,0,ok
baseline,corpus,cmap-parsing-exception.pdf,1,1,19.4,13349904,0,0,0,ok
baseline,corpus,cropped-and-rotated.pdf,1,1,1.3,774896,0,0,0,ok
baseline,corpus,data.pdf,1,3,4.9,4039992,0,0,0,ok
baseline,corpus,dotnet-ai.pdf,1,5,28.7,32442560,1,1,1,ok
baseline,corpus,felltypes-test.pdf,1,1,16.3,4975952,0,0,0,ok
baseline,corpus,hex_0x0006.pdf,1,1,1.1,659472,0,0,0,ok
baseline,corpus,inherited_mediabox.pdf,1,1,0.3,54600,0,0,0,ok
baseline,corpus,iron-ore-q2-q3-2013.pdf,1,5,44.0,35999952,1,1,1,ok
baseline,corpus,issue_1163.pdf,1,2,0.4,182904,0,0,0,ok
baseline,corpus,issue_1330.pdf,1,1,0.3,56480,0,0,0,ok
baseline,corpus,issue_1331.pdf,1,1,1.8,1528968,0,0,0,ok
baseline,corpus,issue_671.pdf,1,2,33.8,18334224,2,1,1,ok
baseline,corpus,issue_881.pdf,1,1,1.3,777600,0,0,0,ok
baseline,corpus,issues-1176-1.pdf,1,1,2.4,2143416,0,0,0,ok
baseline,corpus,issues-1176.pdf,1,1,2.8,7144312,0,0,0,ok
baseline,corpus,journal.pone.0196757.pdf,1,5,43.3,35589544,0,0,0,ok
baseline,corpus,jtehm-melillo-2679746.pdf,1,5,85.1,52898584,1,1,1,ok
baseline,corpus,little-pig-in-armenian.pdf,1,1,1.0,323840,0,0,0,ok
baseline,corpus,odwriteex.pdf,1,1,0.9,718800,0,0,0,ok
baseline,corpus,outline.pdf,1,3,1.9,1120904,0,0,0,ok
baseline,corpus,output_w3c_csswg_drafts_issues2023.pdf,1,1,0.6,262144,0,0,0,ok
baseline,corpus,path_ext_oddeven.pdf,1,1,1.5,1157376,0,0,0,ok
baseline,corpus,pop-bugzilla37292.pdf,1,4,9.1,7984864,0,0,0,ok
baseline,corpus,reference-2-numeric-error.pdf,1,1,17.6,7196176,0,0,0,ok
baseline,corpus,soundandvision.pdf,1,1,3.0,2022840,0,0,0,ok
baseline,corpus,ssm2163.pdf,1,5,15.8,11263072,0,0,0,ok
baseline,corpus,steam_in_page_dict.pdf,1,1,3.5,103048,0,0,0,ok
baseline,corpus,test-2_so_74165171.pdf,1,1,133.7,41138672,1,1,1,ok
baseline,corpus,testPdf-1.pdf,1,2,6.3,5927400,0,0,0,ok
baseline,corpus,test_a-5.pdf,1,5,86.7,69185776,1,1,1,ok
baseline,corpus,test_a.pdf,1,5,68.3,69183872,0,0,0,ok
baseline,corpus,toc.pdf,1,5,36.3,7514360,1,0,0,ok
baseline,corpus,type3-font-zero-height.pdf,1,1,28.8,7014280,1,1,1,ok
baseline,corpus,0000851.pdf,2,5,272.2,122446680,0,0,0,ok
baseline,corpus,11194059_2017-11_de_s.pdf,2,2,52.0,27470704,1,1,1,ok
baseline,corpus,2006_Swedish_Touring_Car_Championship.pdf,2,4,6.6,7880304,0,0,0,ok
baseline,corpus,2108.11480.pdf,2,5,83.0,76679648,1,0,0,ok
baseline,corpus,22060_A1_01_Plans-1.pdf,2,1,6.8,9433848,0,0,0,ok
baseline,corpus,6.Secrets.to.Startup.Success.PDFDrive.pdf,2,5,28.3,24670056,0,0,0,ok
baseline,corpus,68-1990-01_A.pdf,2,5,65.4,44578120,1,1,1,ok
baseline,corpus,AcroFormsBasicFields.pdf,2,1,0.8,594040,0,0,0,ok
baseline,corpus,Approved_Document_B__fire_safety__volume_2_-_Buildings_other_than_dwellings__2019_edition_incorporating_2020_and_2022_amendments.pdf,2,5,46.1,52376104,1,1,1,ok
baseline,corpus,Arve.nr.1615.17.04.2026.pdf,2,1,1.6,1269864,0,0,0,ok
baseline,corpus,ClipPathLetterFilter-Test1.pdf,2,5,25.5,12731192,1,1,1,ok
baseline,corpus,ClipPathLetterFilter-Test2.pdf,2,1,6.8,8519280,0,0,0,ok
baseline,corpus,ColorIssue.pdf,2,1,41.7,32301824,1,1,1,ok
baseline,corpus,DeviceN_CS_test.pdf,2,5,34.0,22020816,2,1,1,ok
baseline,corpus,Diacritics_export.pdf,2,1,2.0,2350584,0,0,0,ok
baseline,corpus,EmptyPdf.pdf,2,1,0.2,37576,0,0,0,ok
baseline,corpus,ErcotFacts.pdf,2,2,16.9,13717520,0,0,0,ok
baseline,corpus,FICTIF_TABLE_INDEX.pdf,2,5,14.1,14805248,0,0,0,ok
baseline,corpus,FarmerMac.pdf,2,5,12.2,13732080,0,0,0,ok
baseline,corpus,Font Size Test - from google chrome print pdf.pdf,2,1,1.0,480288,0,0,0,ok
baseline,corpus,Font Size Test - from libre office.pdf,2,1,0.5,193480,0,0,0,ok
baseline,corpus,FontMatrix-1.pdf,2,1,0.4,216408,0,0,0,ok
baseline,corpus,FontMatrix-concat.pdf,2,1,0.3,134184,0,0,0,ok
baseline,corpus,FontMatrix-otf-bad-hmtx.pdf,2,1,1.2,745192,0,0,0,ok
baseline,corpus,FontMatrix-otf.pdf,2,1,1.2,749472,0,0,0,ok
baseline,corpus,FontMatrix-raw.pdf,2,1,1.3,690072,0,0,0,ok
baseline,corpus,GHOSTSCRIPT-692564-0.pdf,2,1,0.8,552696,0,0,0,ok
baseline,corpus,GHOSTSCRIPT-695513-0.pdf,2,1,2.2,3541504,0,0,0,ok
baseline,corpus,GHOSTSCRIPT-696171-0.pdf,2,5,11.0,11349720,0,0,0,ok
baseline,corpus,GHOSTSCRIPT-696547-0.zip-7.pdf,2,1,5.3,7366280,0,0,0,ok
baseline,corpus,GHOSTSCRIPT-696547-0.zip-9.pdf,2,1,6.1,7366320,0,0,0,ok
baseline,corpus,GHOSTSCRIPT-697234-0.pdf,2,3,32.2,22751632,0,0,0,ok
baseline,corpus,GHOSTSCRIPT-697507-0.pdf,2,1,10.8,7998056,0,0,0,ok
baseline,corpus,GHOSTSCRIPT-697984-3.pdf,2,1,3.3,1652392,0,0,0,ok
baseline,corpus,GHOSTSCRIPT-698168-0.pdf,2,1,8.5,2818968,1,0,0,ok
baseline,corpus,GHOSTSCRIPT-698363-0.pdf,2,1,1.8,465696,0,0,0,ok
baseline,corpus,GHOSTSCRIPT-698721-0.zip-6.pdf,2,2,6.5,7741072,0,0,0,ok
baseline,corpus,GHOSTSCRIPT-698721-1.pdf,2,1,1.9,2153192,0,0,0,ok
baseline,corpus,GHOSTSCRIPT-699035-0.pdf,2,5,44.7,38284112,1,1,1,ok
baseline,corpus,GHOSTSCRIPT-699178-0.pdf,2,3,17.4,8437008,1,1,0,ok
baseline,corpus,GHOSTSCRIPT-699375-5.pdf,2,1,4.1,3075016,0,0,0,ok
baseline,corpus,GHOSTSCRIPT-699488-0.pdf,2,1,8.8,8125856,0,0,0,ok
baseline,corpus,GHOSTSCRIPT-699554-0.zip-4.pdf,2,1,1.6,1656024,0,0,0,ok
baseline,corpus,GHOSTSCRIPT-700125-1.pdf,2,5,13.4,17640256,0,0,0,ok
baseline,corpus,GHOSTSCRIPT-700139-0.pdf,2,2,158.8,116126784,2,2,1,ok
baseline,corpus,GHOSTSCRIPT-700236-1.pdf,2,5,17.9,13567376,0,0,0,ok
baseline,corpus,GHOSTSCRIPT-700288-1.pdf,2,1,5.4,4642936,0,0,0,ok
baseline,corpus,GHOSTSCRIPT-700370-2.pdf,2,1,2.5,1530496,0,0,0,ok
baseline,corpus,GHOSTSCRIPT-700931-0.7z-5.pdf,2,2,1.6,1230576,0,0,0,ok
baseline,corpus,GHOSTSCRIPT-702013-1.pdf,2,1,4.0,3953016,0,0,0,ok
baseline,corpus,Gamebook.pdf,2,5,9.8,9367112,0,0,0,ok
baseline,corpus,GlyphDataTableReadCompositeGlyphError.pdf,2,1,4.5,2901688,0,0,0,ok
baseline,corpus,Grapheme clusters emoji.pdf,2,1,0.7,155224,0,0,0,ok
baseline,corpus,ICML03-081.pdf,2,5,16.6,17283328,0,0,0,ok
baseline,corpus,Indexed-DeviceRGB-JPXDecode-0-.0.0.255.0.-Font-F1_1_missing_char_255-1.pdf,2,1,30.1,17065152,0,0,0,ok
baseline,corpus,IndexedCS_negative_and_high.pdf,2,1,0.5,85056,0,0,0,ok
baseline,corpus,Judgement Document.pdf,2,5,10.4,9127904,0,0,0,ok
baseline,corpus,LKR824191.pdf,2,1,4.3,4163752,0,0,0,ok
baseline,corpus,Layer pdf - 322_High_Holborn_building_Brochure.pdf,2,3,56.7,37065848,1,1,1,ok
baseline,corpus,MOZILLA-10084-0.pdf,2,1,3.2,3228144,0,0,0,ok
baseline,corpus,MOZILLA-10225-0.pdf,2,5,24.3,23064280,1,1,1,ok
baseline,corpus,MOZILLA-10372-2.pdf,2,5,10.3,12994904,0,0,0,ok
baseline,corpus,MOZILLA-2775-1.pdf,2,5,17.1,17746672,1,0,0,ok
baseline,corpus,MOZILLA-3136-0.pdf,2,4,249.1,217539800,2,1,0,ok
baseline,corpus,MOZILLA-7375-0.pdf,2,5,12.8,15734280,0,0,0,ok
baseline,corpus,MOZILLA-9176-2.pdf,2,5,3.2,9937680,0,0,0,ok
baseline,corpus,MOZILLA-LINK-3264-0.pdf,2,5,2.4,3447208,0,0,0,ok
baseline,corpus,MOZILLA-LINK-5251-1.pdf,2,2,2.2,2210032,0,0,0,ok
baseline,corpus,Math119FakingData.pdf,2,5,8.8,9330824,0,0,0,ok
baseline,corpus,Motor Insurance claim form.pdf,2,3,104.6,67358296,1,1,1,ok
baseline,corpus,Multiple Page - from Mortality Statistics.pdf,2,5,6.9,8224528,0,0,0,ok
baseline,corpus,OPEN.RABBIT.ENGLISH.LOP.pdf,2,5,21.3,27511888,0,0,0,ok
baseline,corpus,Old Gutnish Internet Explorer.pdf,2,3,12.0,14276992,0,0,0,ok
baseline,corpus,P2P-33713919.pdf,2,5,13.2,23054752,0,0,0,ok
baseline,corpus,PDFBOX-1869-4-1.pdf,2,1,0.7,487328,0,0,0,ok
baseline,corpus,PDFBOX-492-4.jar-8.pdf,2,2,44.9,16923784,1,1,1,ok
baseline,corpus,PDFBOX-624-2.pdf,2,5,9.8,11352008,0,0,0,ok
baseline,corpus,Pig Production Handbook.pdf,2,5,8.1,11660472,0,0,0,ok
baseline,corpus,Pig Reproduction Powerpoint.pdf,2,5,4.2,9181608,0,0,0,ok
baseline,corpus,Publication_of_award_of_Bids_for_Transport_Sector__August_2016.pdf,2,5,6.8,8291248,0,0,0,ok
baseline,corpus,Rotated Text Libre Office.pdf,2,1,0.5,243552,0,0,0,ok
baseline,corpus,Rotation 45.pdf,2,4,12.3,10018568,0,0,0,ok
baseline,corpus,SPARC - v9 Architecture Manual.pdf,2,5,104.5,108579664,3,2,1,ok
baseline,corpus,SPE8EF26T0545.pdf,2,5,10.6,11399896,1,0,0,ok
baseline,corpus,ShowTextOpWithUnbalancedRoundBrackets.pdf,2,1,4.3,4634304,0,0,0,ok
baseline,corpus,Single Page Broken Offsets - from google drive.pdf,2,1,1.4,590240,0,0,0,ok
baseline,corpus,Single Page Form Content - from itext 1_1.pdf,2,1,0.8,785080,0,0,0,ok
baseline,corpus,Single Page Hyperlinks - from open office.pdf,2,1,0.8,366520,0,0,0,ok
baseline,corpus,Single Page Images - from libre office.pdf,2,1,0.5,387120,0,0,0,ok
baseline,corpus,Single Page Non Latin - from acrobat distiller.pdf,2,1,0.8,397560,0,0,0,ok
baseline,corpus,Single Page Simple - from google drive.pdf,2,1,1.0,583256,0,0,0,ok
baseline,corpus,Single Page Simple - from inkscape.pdf,2,1,0.5,154000,0,0,0,ok
baseline,corpus,Single Page Simple - from open office.pdf,2,1,0.5,268496,0,0,0,ok
baseline,corpus,Single Page Type 1 Font.pdf,2,1,0.3,85192,0,0,0,ok
baseline,corpus,SinglePage180ClockwiseRotation - from PdfPig.pdf,2,1,0.5,202368,0,0,0,ok
baseline,corpus,SinglePage270ClockwiseRotation - from PdfPig.pdf,2,1,0.5,202368,0,0,0,ok
baseline,corpus,SinglePage90ClockwiseRotation - from PdfPig.pdf,2,1,0.5,202368,0,0,0,ok
baseline,corpus,SmallCropbox.pdf,2,1,1.5,1617600,0,0,0,ok
baseline,corpus,TIKA-1552-0.pdf,2,5,27.8,23345792,1,1,0,ok
baseline,corpus,TIKA-2054-0.pdf,2,5,31.8,23323240,1,1,1,ok
baseline,corpus,TIKA-469-0.pdf,2,2,4.8,4745064,0,0,0,ok
baseline,corpus,Test.Doc.pdf,2,1,2.2,1679568,0,0,0,ok
baseline,corpus,TrueTypeTablesGlyphDataTableReadGlyphsError.pdf,2,1,5.2,3647216,0,0,0,ok
baseline,corpus,Two Page Text Only - from libre office.pdf,2,2,1.7,1587512,0,0,0,ok
baseline,corpus,Type0 Font.pdf,2,1,9.0,9722544,0,0,0,ok
baseline,corpus,Type0_CJK_Font.pdf,2,5,12.3,3270736,0,0,0,ok
baseline,corpus,Type3Test.pdf,2,1,0.5,156704,0,0,0,ok
baseline,corpus,Various Content Types.pdf,2,1,0.5,265312,0,0,0,ok
baseline,corpus,Why.does.this.not.work.pdf,2,1,1.8,1035808,0,0,0,ok
baseline,corpus,_citUR2jB1_ay56u6vELzk.pdf,2,2,1.9,2256304,0,0,0,ok
baseline,corpus,annotation-comments.pdf,2,1,0.6,283240,0,0,0,ok
baseline,corpus,bold-italic.pdf,2,1,2.5,1618288,0,0,0,ok
baseline,corpus,bookmarks-with-accented-characters.pdf,2,1,0.5,331256,0,0,0,ok
baseline,corpus,byz.pdf,2,1,3.3,2269968,1,0,0,ok
baseline,corpus,capas.pdf,2,5,6.1,8042328,0,0,0,ok
baseline,corpus,cat-genetics.pdf,2,1,5.0,6778024,0,0,0,ok
baseline,corpus,cat-genetics_bobld.pdf,2,1,7.3,7025248,1,0,0,ok
baseline,corpus,cmap-parsing-exception.pdf,2,1,16.8,13114864,0,0,0,ok
baseline,corpus,cropped-and-rotated.pdf,2,1,1.3,744056,0,0,0,ok
baseline,corpus,data.pdf,2,3,4.2,4039776,0,0,0,ok
baseline,corpus,dotnet-ai.pdf,2,5,34.5,31752656,1,1,1,ok
baseline,corpus,felltypes-test.pdf,2,1,8.6,4974992,0,0,0,ok
baseline,corpus,hex_0x0006.pdf,2,1,1.0,658728,0,0,0,ok
baseline,corpus,inherited_mediabox.pdf,2,1,0.2,54504,0,0,0,ok
baseline,corpus,iron-ore-q2-q3-2013.pdf,2,5,28.3,35959736,2,1,1,ok
baseline,corpus,issue_1163.pdf,2,2,0.6,182856,0,0,0,ok
baseline,corpus,issue_1330.pdf,2,1,0.2,56456,0,0,0,ok
baseline,corpus,issue_1331.pdf,2,1,1.8,1352544,0,0,0,ok
baseline,corpus,issue_671.pdf,2,2,19.3,17901912,0,0,0,ok
baseline,corpus,issue_881.pdf,2,1,1.1,616816,0,0,0,ok
baseline,corpus,issues-1176-1.pdf,2,1,2.1,2142368,0,0,0,ok
baseline,corpus,issues-1176.pdf,2,1,15.6,7145632,1,1,1,ok
baseline,corpus,journal.pone.0196757.pdf,2,5,39.1,35564384,1,0,0,ok
baseline,corpus,jtehm-melillo-2679746.pdf,2,5,52.4,52894776,0,0,0,ok
baseline,corpus,little-pig-in-armenian.pdf,2,1,1.3,312760,0,0,0,ok
baseline,corpus,odwriteex.pdf,2,1,1.4,718704,0,0,0,ok
baseline,corpus,outline.pdf,2,3,2.4,1087568,0,0,0,ok
baseline,corpus,output_w3c_csswg_drafts_issues2023.pdf,2,1,1.0,261912,0,0,0,ok
baseline,corpus,path_ext_oddeven.pdf,2,1,1.6,1041912,0,0,0,ok
baseline,corpus,pop-bugzilla37292.pdf,2,4,9.6,7618792,0,0,0,ok
baseline,corpus,reference-2-numeric-error.pdf,2,1,11.2,7193704,0,0,0,ok
baseline,corpus,soundandvision.pdf,2,1,2.6,1857000,0,0,0,ok
baseline,corpus,ssm2163.pdf,2,5,26.6,10614336,1,1,1,ok
baseline,corpus,steam_in_page_dict.pdf,2,1,0.4,103160,0,0,0,ok
baseline,corpus,test-2_so_74165171.pdf,2,1,67.1,39104872,1,1,1,ok
baseline,corpus,testPdf-1.pdf,2,2,6.1,5704840,0,0,0,ok
baseline,corpus,test_a-5.pdf,2,5,52.7,68828392,0,0,0,ok
baseline,corpus,test_a.pdf,2,5,112.9,68828392,1,1,0,ok
baseline,corpus,toc.pdf,2,5,4.9,7514448,0,0,0,ok
baseline,corpus,type3-font-zero-height.pdf,2,1,22.0,7008568,1,1,1,ok
baseline,corpus,0000851.pdf,3,5,207.3,122448240,1,1,1,ok
baseline,corpus,11194059_2017-11_de_s.pdf,3,2,21.7,27416528,0,0,0,ok
baseline,corpus,2006_Swedish_Touring_Car_Championship.pdf,3,4,6.6,7663856,0,0,0,ok
baseline,corpus,2108.11480.pdf,3,5,62.4,76076776,0,0,0,ok
baseline,corpus,22060_A1_01_Plans-1.pdf,3,1,6.3,9433640,0,0,0,ok
baseline,corpus,6.Secrets.to.Startup.Success.PDFDrive.pdf,3,5,52.2,24670056,1,0,0,ok
baseline,corpus,68-1990-01_A.pdf,3,5,56.7,44328440,1,1,1,ok
baseline,corpus,AcroFormsBasicFields.pdf,3,1,1.1,594040,0,0,0,ok
baseline,corpus,Approved_Document_B__fire_safety__volume_2_-_Buildings_other_than_dwellings__2019_edition_incorporating_2020_and_2022_amendments.pdf,3,5,48.9,52376104,1,1,1,ok
baseline,corpus,Arve.nr.1615.17.04.2026.pdf,3,1,2.0,1192632,0,0,0,ok
baseline,corpus,ClipPathLetterFilter-Test1.pdf,3,5,27.4,12175256,1,1,1,ok
baseline,corpus,ClipPathLetterFilter-Test2.pdf,3,1,7.8,8370192,0,0,0,ok
baseline,corpus,ColorIssue.pdf,3,1,40.9,32183072,1,1,1,ok
baseline,corpus,DeviceN_CS_test.pdf,3,5,17.1,21628128,0,0,0,ok
baseline,corpus,Diacritics_export.pdf,3,1,2.3,2350376,0,0,0,ok
baseline,corpus,EmptyPdf.pdf,3,1,0.3,37576,0,0,0,ok
baseline,corpus,ErcotFacts.pdf,3,2,13.8,13717520,0,0,0,ok
baseline,corpus,FICTIF_TABLE_INDEX.pdf,3,5,13.7,14805248,0,0,0,ok
baseline,corpus,FarmerMac.pdf,3,5,29.2,13732080,1,0,0,ok
baseline,corpus,Font Size Test - from google chrome print pdf.pdf,3,1,1.1,480496,0,0,0,ok
baseline,corpus,Font Size Test - from libre office.pdf,3,1,0.7,193480,0,0,0,ok
baseline,corpus,FontMatrix-1.pdf,3,1,0.4,216408,0,0,0,ok
baseline,corpus,FontMatrix-concat.pdf,3,1,0.2,134184,0,0,0,ok
baseline,corpus,FontMatrix-otf-bad-hmtx.pdf,3,1,1.5,745192,0,0,0,ok
baseline,corpus,FontMatrix-otf.pdf,3,1,1.4,749472,0,0,0,ok
baseline,corpus,FontMatrix-raw.pdf,3,1,1.4,690072,0,0,0,ok
baseline,corpus,GHOSTSCRIPT-692564-0.pdf,3,1,0.8,552696,0,0,0,ok
baseline,corpus,GHOSTSCRIPT-695513-0.pdf,3,1,13.2,3543184,1,1,1,ok
baseline,corpus,GHOSTSCRIPT-696171-0.pdf,3,5,10.3,11349928,0,0,0,ok
baseline,corpus,GHOSTSCRIPT-696547-0.zip-7.pdf,3,1,3.9,7366280,0,0,0,ok
baseline,corpus,GHOSTSCRIPT-696547-0.zip-9.pdf,3,1,4.2,7366320,0,0,0,ok
baseline,corpus,GHOSTSCRIPT-697234-0.pdf,3,3,26.1,22751632,0,0,0,ok
baseline,corpus,GHOSTSCRIPT-697507-0.pdf,3,1,9.2,7998056,0,0,0,ok
baseline,corpus,GHOSTSCRIPT-697984-3.pdf,3,1,2.5,1652392,0,0,0,ok
baseline,corpus,GHOSTSCRIPT-698168-0.pdf,3,1,2.1,2818968,0,0,0,ok
baseline,corpus,GHOSTSCRIPT-698363-0.pdf,3,1,1.6,465080,0,0,0,ok
baseline,corpus,GHOSTSCRIPT-698721-0.zip-6.pdf,3,2,10.0,7741072,1,0,0,ok
baseline,corpus,GHOSTSCRIPT-698721-1.pdf,3,1,1.7,2153400,0,0,0,ok
baseline,corpus,GHOSTSCRIPT-699035-0.pdf,3,5,41.5,38282432,1,0,0,ok
baseline,corpus,GHOSTSCRIPT-699178-0.pdf,3,3,7.6,8437008,0,0,0,ok
baseline,corpus,GHOSTSCRIPT-699375-5.pdf,3,1,3.8,3074808,0,0,0,ok
baseline,corpus,GHOSTSCRIPT-699488-0.pdf,3,1,22.3,8127536,1,1,1,ok
baseline,corpus,GHOSTSCRIPT-699554-0.zip-4.pdf,3,1,1.8,1656232,0,0,0,ok
baseline,corpus,GHOSTSCRIPT-700125-1.pdf,3,5,14.0,17640256,0,0,0,ok
baseline,corpus,GHOSTSCRIPT-700139-0.pdf,3,2,131.4,116126784,2,1,1,ok
baseline,corpus,GHOSTSCRIPT-700236-1.pdf,3,5,11.3,13567376,0,0,0,ok
baseline,corpus,GHOSTSCRIPT-700288-1.pdf,3,1,4.4,4642936,0,0,0,ok
baseline,corpus,GHOSTSCRIPT-700370-2.pdf,3,1,1.7,1530496,0,0,0,ok
baseline,corpus,GHOSTSCRIPT-700931-0.7z-5.pdf,3,2,1.3,1230576,0,0,0,ok
baseline,corpus,GHOSTSCRIPT-702013-1.pdf,3,1,3.8,3953016,0,0,0,ok
baseline,corpus,Gamebook.pdf,3,5,8.8,9367112,0,0,0,ok
baseline,corpus,GlyphDataTableReadCompositeGlyphError.pdf,3,1,4.0,2901688,0,0,0,ok
baseline,corpus,Grapheme clusters emoji.pdf,3,1,0.4,155224,0,0,0,ok
baseline,corpus,ICML03-081.pdf,3,5,15.7,17283328,0,0,0,ok
baseline,corpus,Indexed-DeviceRGB-JPXDecode-0-.0.0.255.0.-Font-F1_1_missing_char_255-1.pdf,3,1,27.8,17065152,0,0,0,ok
baseline,corpus,IndexedCS_negative_and_high.pdf,3,1,0.4,85056,0,0,0,ok
baseline,corpus,Judgement Document.pdf,3,5,9.1,9127904,0,0,0,ok
baseline,corpus,LKR824191.pdf,3,1,3.9,4163752,0,0,0,ok
baseline,corpus,Layer pdf - 322_High_Holborn_building_Brochure.pdf,3,3,55.2,37064168,2,2,0,ok
baseline,corpus,MOZILLA-10084-0.pdf,3,1,3.0,3228144,0,0,0,ok
baseline,corpus,MOZILLA-10225-0.pdf,3,5,13.8,23062600,0,0,0,ok
baseline,corpus,MOZILLA-10372-2.pdf,3,5,19.7,12996376,1,1,1,ok
baseline,corpus,MOZILLA-2775-1.pdf,3,5,13.9,17746880,0,0,0,ok
baseline,corpus,MOZILLA-3136-0.pdf,3,4,207.8,217541272,2,1,1,ok
baseline,corpus,MOZILLA-7375-0.pdf,3,5,16.4,15734280,0,0,0,ok
baseline,corpus,MOZILLA-9176-2.pdf,3,5,29.1,9939360,1,1,1,ok
baseline,corpus,MOZILLA-LINK-3264-0.pdf,3,5,2.7,3447416,0,0,0,ok
baseline,corpus,MOZILLA-LINK-5251-1.pdf,3,2,2.5,2210032,0,0,0,ok
baseline,corpus,Math119FakingData.pdf,3,5,7.7,9330824,0,0,0,ok
baseline,corpus,Motor Insurance claim form.pdf,3,3,83.7,67358296,2,1,1,ok
baseline,corpus,Multiple Page - from Mortality Statistics.pdf,3,5,6.7,8224528,0,0,0,ok
baseline,corpus,OPEN.RABBIT.ENGLISH.LOP.pdf,3,5,21.6,27511888,0,0,0,ok
baseline,corpus,Old Gutnish Internet Explorer.pdf,3,3,29.9,14278672,1,1,1,ok
baseline,corpus,P2P-33713919.pdf,3,5,12.9,23054960,0,0,0,ok
baseline,corpus,PDFBOX-1869-4-1.pdf,3,1,0.7,487328,0,0,0,ok
baseline,corpus,PDFBOX-492-4.jar-8.pdf,3,2,26.7,16922104,1,1,0,ok
baseline,corpus,PDFBOX-624-2.pdf,3,5,9.1,11352008,0,0,0,ok
baseline,corpus,Pig Production Handbook.pdf,3,5,8.8,11660472,0,0,0,ok
baseline,corpus,Pig Reproduction Powerpoint.pdf,3,5,4.8,9181608,0,0,0,ok
baseline,corpus,Publication_of_award_of_Bids_for_Transport_Sector__August_2016.pdf,3,5,18.6,8292928,1,1,1,ok
baseline,corpus,Rotated Text Libre Office.pdf,3,1,1.1,243760,0,0,0,ok
baseline,corpus,Rotation 45.pdf,3,4,12.9,10018568,0,0,0,ok
baseline,corpus,SPARC - v9 Architecture Manual.pdf,3,5,93.8,108579664,2,1,1,ok
baseline,corpus,SPE8EF26T0545.pdf,3,5,9.1,11399896,0,0,0,ok
baseline,corpus,ShowTextOpWithUnbalancedRoundBrackets.pdf,3,1,4.1,4634096,0,0,0,ok
baseline,corpus,Single Page Broken Offsets - from google drive.pdf,3,1,1.4,590240,0,0,0,ok
baseline,corpus,Single Page Form Content - from itext 1_1.pdf,3,1,0.8,785080,0,0,0,ok
baseline,corpus,Single Page Hyperlinks - from open office.pdf,3,1,0.6,366520,0,0,0,ok
baseline,corpus,Single Page Images - from libre office.pdf,3,1,0.4,387120,0,0,0,ok
baseline,corpus,Single Page Non Latin - from acrobat distiller.pdf,3,1,1.1,397560,0,0,0,ok
baseline,corpus,Single Page Simple - from google drive.pdf,3,1,0.9,583256,0,0,0,ok
baseline,corpus,Single Page Simple - from inkscape.pdf,3,1,0.4,154000,0,0,0,ok
baseline,corpus,Single Page Simple - from open office.pdf,3,1,0.4,268496,0,0,0,ok
baseline,corpus,Single Page Type 1 Font.pdf,3,1,0.2,85192,0,0,0,ok
baseline,corpus,SinglePage180ClockwiseRotation - from PdfPig.pdf,3,1,0.4,202368,0,0,0,ok
baseline,corpus,SinglePage270ClockwiseRotation - from PdfPig.pdf,3,1,0.4,202368,0,0,0,ok
baseline,corpus,SinglePage90ClockwiseRotation - from PdfPig.pdf,3,1,0.3,202368,0,0,0,ok
baseline,corpus,SmallCropbox.pdf,3,1,1.3,1617600,0,0,0,ok
baseline,corpus,TIKA-1552-0.pdf,3,5,28.9,23345792,2,1,0,ok
baseline,corpus,TIKA-2054-0.pdf,3,5,18.3,23321560,0,0,0,ok
baseline,corpus,TIKA-469-0.pdf,3,2,4.1,4744856,0,0,0,ok
baseline,corpus,Test.Doc.pdf,3,1,1.7,1679568,0,0,0,ok
baseline,corpus,TrueTypeTablesGlyphDataTableReadGlyphsError.pdf,3,1,4.6,3647216,0,0,0,ok
baseline,corpus,Two Page Text Only - from libre office.pdf,3,2,1.7,1587512,0,0,0,ok
baseline,corpus,Type0 Font.pdf,3,1,7.9,9722544,0,0,0,ok
baseline,corpus,Type0_CJK_Font.pdf,3,5,8.9,3270736,0,0,0,ok
baseline,corpus,Type3Test.pdf,3,1,0.3,156704,0,0,0,ok
baseline,corpus,Various Content Types.pdf,3,1,0.4,265312,0,0,0,ok
baseline,corpus,Why.does.this.not.work.pdf,3,1,1.2,1035808,0,0,0,ok
baseline,corpus,_citUR2jB1_ay56u6vELzk.pdf,3,2,1.7,2256304,0,0,0,ok
baseline,corpus,annotation-comments.pdf,3,1,0.7,283240,0,0,0,ok
baseline,corpus,bold-italic.pdf,3,1,2.2,1618288,0,0,0,ok
baseline,corpus,bookmarks-with-accented-characters.pdf,3,1,0.5,331256,0,0,0,ok
baseline,corpus,byz.pdf,3,1,1.9,2269968,0,0,0,ok
baseline,corpus,capas.pdf,3,5,5.8,8042120,0,0,0,ok
baseline,corpus,cat-genetics.pdf,3,1,6.4,6778024,0,0,0,ok
baseline,corpus,cat-genetics_bobld.pdf,3,1,6.5,7025248,0,0,0,ok
baseline,corpus,cmap-parsing-exception.pdf,3,1,29.6,13116336,1,1,1,ok
baseline,corpus,cropped-and-rotated.pdf,3,1,1.2,744264,0,0,0,ok
baseline,corpus,data.pdf,3,3,3.9,4039776,0,0,0,ok
baseline,corpus,dotnet-ai.pdf,3,5,23.9,31752656,1,1,1,ok
baseline,corpus,felltypes-test.pdf,3,1,7.9,4974992,0,0,0,ok
baseline,corpus,hex_0x0006.pdf,3,1,0.9,658728,0,0,0,ok
baseline,corpus,inherited_mediabox.pdf,3,1,0.2,54504,0,0,0,ok
baseline,corpus,iron-ore-q2-q3-2013.pdf,3,5,18.3,35957224,0,0,0,ok
baseline,corpus,issue_1163.pdf,3,2,0.3,182648,0,0,0,ok
baseline,corpus,issue_1330.pdf,3,1,0.2,56456,0,0,0,ok
baseline,corpus,issue_1331.pdf,3,1,1.4,1352544,0,0,0,ok
baseline,corpus,issue_671.pdf,3,2,17.4,17901912,0,0,0,ok
baseline,corpus,issue_881.pdf,3,1,1.0,616816,0,0,0,ok
baseline,corpus,issues-1176-1.pdf,3,1,1.9,2142368,0,0,0,ok
baseline,corpus,issues-1176.pdf,3,1,2.9,7143952,0,0,0,ok
baseline,corpus,journal.pone.0196757.pdf,3,5,31.8,35564176,1,0,0,ok
baseline,corpus,jtehm-melillo-2679746.pdf,3,5,63.8,52894776,1,0,0,ok
baseline,corpus,little-pig-in-armenian.pdf,3,1,0.8,312968,0,0,0,ok
baseline,corpus,odwriteex.pdf,3,1,0.8,718704,0,0,0,ok
baseline,corpus,outline.pdf,3,3,1.6,1087568,0,0,0,ok
baseline,corpus,output_w3c_csswg_drafts_issues2023.pdf,3,1,0.6,261912,0,0,0,ok
baseline,corpus,path_ext_oddeven.pdf,3,1,1.3,1041912,0,0,0,ok
baseline,corpus,pop-bugzilla37292.pdf,3,4,6.2,7618792,0,0,0,ok
baseline,corpus,reference-2-numeric-error.pdf,3,1,8.3,7193704,0,0,0,ok
baseline,corpus,soundandvision.pdf,3,1,1.9,1857000,0,0,0,ok
baseline,corpus,ssm2163.pdf,3,5,8.9,10612656,0,0,0,ok
baseline,corpus,steam_in_page_dict.pdf,3,1,0.3,102952,0,0,0,ok
baseline,corpus,test-2_so_74165171.pdf,3,1,48.3,39103192,0,0,0,ok
baseline,corpus,testPdf-1.pdf,3,2,6.4,5704632,0,0,0,ok
baseline,corpus,test_a-5.pdf,3,5,85.9,68830072,1,1,1,ok
baseline,corpus,test_a.pdf,3,5,81.7,68828600,1,1,0,ok
baseline,corpus,toc.pdf,3,5,4.7,7514448,0,0,0,ok
baseline,corpus,type3-font-zero-height.pdf,3,1,21.7,7008568,1,1,1,ok
scanner-only,corpus,0000851.pdf,1,5,1094.3,165462984,4,2,2,ok
scanner-only,corpus,11194059_2017-11_de_s.pdf,1,2,111.1,27624688,0,0,0,ok
scanner-only,corpus,2006_Swedish_Touring_Car_Championship.pdf,1,4,30.7,7848304,0,0,0,ok
scanner-only,corpus,2108.11480.pdf,1,5,199.9,76447944,1,1,1,ok
scanner-only,corpus,22060_A1_01_Plans-1.pdf,1,1,25.2,9377304,1,1,1,ok
scanner-only,corpus,6.Secrets.to.Startup.Success.PDFDrive.pdf,1,5,69.8,24673944,0,0,0,ok
scanner-only,corpus,68-1990-01_A.pdf,1,5,194.9,64724816,3,2,2,ok
scanner-only,corpus,AcroFormsBasicFields.pdf,1,1,1.6,595912,0,0,0,ok
scanner-only,corpus,Approved_Document_B__fire_safety__volume_2_-_Buildings_other_than_dwellings__2019_edition_incorporating_2020_and_2022_amendments.pdf,1,5,103.5,51996152,2,2,2,ok
scanner-only,corpus,Arve.nr.1615.17.04.2026.pdf,1,1,4.0,1269880,0,0,0,ok
scanner-only,corpus,ClipPathLetterFilter-Test1.pdf,1,5,99.3,41277584,1,0,0,ok
scanner-only,corpus,ClipPathLetterFilter-Test2.pdf,1,1,24.0,8781528,0,0,0,ok
scanner-only,corpus,ColorIssue.pdf,1,1,87.7,33569936,0,0,0,ok
scanner-only,corpus,DeviceN_CS_test.pdf,1,5,67.1,22012536,1,1,1,ok
scanner-only,corpus,Diacritics_export.pdf,1,1,7.3,2353648,0,0,0,ok
scanner-only,corpus,EmptyPdf.pdf,1,1,0.4,38216,0,0,0,ok
scanner-only,corpus,ErcotFacts.pdf,1,2,52.0,13767928,0,0,0,ok
scanner-only,corpus,FICTIF_TABLE_INDEX.pdf,1,5,54.6,15511376,1,1,1,ok
scanner-only,corpus,FarmerMac.pdf,1,5,50.4,14096736,0,0,0,ok
scanner-only,corpus,Font Size Test - from google chrome print pdf.pdf,1,1,1.6,505192,0,0,0,ok
scanner-only,corpus,Font Size Test - from libre office.pdf,1,1,1.2,202368,0,0,0,ok
scanner-only,corpus,FontMatrix-1.pdf,1,1,0.8,216480,0,0,0,ok
scanner-only,corpus,FontMatrix-concat.pdf,1,1,0.3,134320,0,0,0,ok
scanner-only,corpus,FontMatrix-otf-bad-hmtx.pdf,1,1,4.4,742200,0,0,0,ok
scanner-only,corpus,FontMatrix-otf.pdf,1,1,2.3,742536,0,0,0,ok
scanner-only,corpus,FontMatrix-raw.pdf,1,1,2.0,683208,0,0,0,ok
scanner-only,corpus,GHOSTSCRIPT-692564-0.pdf,1,1,3.8,547824,0,0,0,ok
scanner-only,corpus,GHOSTSCRIPT-695513-0.pdf,1,1,10.8,3522080,0,0,0,ok
scanner-only,corpus,GHOSTSCRIPT-696171-0.pdf,1,5,40.4,11336328,0,0,0,ok
scanner-only,corpus,GHOSTSCRIPT-696547-0.zip-7.pdf,1,1,21.5,7354984,0,0,0,ok
scanner-only,corpus,GHOSTSCRIPT-696547-0.zip-9.pdf,1,1,20.0,7354672,0,0,0,ok
scanner-only,corpus,GHOSTSCRIPT-697234-0.pdf,1,3,102.2,22683096,0,0,0,ok
scanner-only,corpus,GHOSTSCRIPT-697507-0.pdf,1,1,36.8,7908400,1,0,0,ok
scanner-only,corpus,GHOSTSCRIPT-697984-3.pdf,1,1,6.5,1698272,0,0,0,ok
scanner-only,corpus,GHOSTSCRIPT-698168-0.pdf,1,1,7.1,2816472,0,0,0,ok
scanner-only,corpus,GHOSTSCRIPT-698363-0.pdf,1,1,11.3,476960,0,0,0,ok
scanner-only,corpus,GHOSTSCRIPT-698721-0.zip-6.pdf,1,2,26.4,7319480,1,1,1,ok
scanner-only,corpus,GHOSTSCRIPT-698721-1.pdf,1,1,3.9,2032192,0,0,0,ok
scanner-only,corpus,GHOSTSCRIPT-699035-0.pdf,1,5,163.8,38284192,0,0,0,ok
scanner-only,corpus,GHOSTSCRIPT-699178-0.pdf,1,3,34.0,8590928,1,0,0,ok
scanner-only,corpus,GHOSTSCRIPT-699375-5.pdf,1,1,8.1,3266832,0,0,0,ok
scanner-only,corpus,GHOSTSCRIPT-699488-0.pdf,1,1,20.8,8122256,0,0,0,ok
scanner-only,corpus,GHOSTSCRIPT-699554-0.zip-4.pdf,1,1,3.6,1650168,0,0,0,ok
scanner-only,corpus,GHOSTSCRIPT-700125-1.pdf,1,5,49.3,17688520,0,0,0,ok
scanner-only,corpus,GHOSTSCRIPT-700139-0.pdf,1,2,372.7,117712160,3,2,2,ok
scanner-only,corpus,GHOSTSCRIPT-700236-1.pdf,1,5,38.1,13418504,0,0,0,ok
scanner-only,corpus,GHOSTSCRIPT-700288-1.pdf,1,1,17.6,4618136,0,0,0,ok
scanner-only,corpus,GHOSTSCRIPT-700370-2.pdf,1,1,4.1,1669216,0,0,0,ok
scanner-only,corpus,GHOSTSCRIPT-700931-0.7z-5.pdf,1,2,3.3,1222072,0,0,0,ok
scanner-only,corpus,GHOSTSCRIPT-702013-1.pdf,1,1,10.1,3791496,0,0,0,ok
scanner-only,corpus,Gamebook.pdf,1,5,120.5,150679528,8,8,8,ok
scanner-only,corpus,GlyphDataTableReadCompositeGlyphError.pdf,1,1,12.9,3791888,0,0,0,ok
scanner-only,corpus,Grapheme clusters emoji.pdf,1,1,0.7,149672,0,0,0,ok
scanner-only,corpus,ICML03-081.pdf,1,5,49.3,17263584,0,0,0,ok
scanner-only,corpus,Indexed-DeviceRGB-JPXDecode-0-.0.0.255.0.-Font-F1_1_missing_char_255-1.pdf,1,1,48.5,16995384,0,0,0,ok
scanner-only,corpus,IndexedCS_negative_and_high.pdf,1,1,1.4,81744,0,0,0,ok
scanner-only,corpus,Judgement Document.pdf,1,5,44.4,10864032,1,1,1,ok
scanner-only,corpus,LKR824191.pdf,1,1,13.4,4164872,0,0,0,ok
scanner-only,corpus,Layer pdf - 322_High_Holborn_building_Brochure.pdf,1,3,134.8,37446656,0,0,0,ok
scanner-only,corpus,MOZILLA-10084-0.pdf,1,1,9.9,3209024,0,0,0,ok
scanner-only,corpus,MOZILLA-10225-0.pdf,1,5,49.9,23477704,1,1,1,ok
scanner-only,corpus,MOZILLA-10372-2.pdf,1,5,34.5,12996920,0,0,0,ok
scanner-only,corpus,MOZILLA-2775-1.pdf,1,5,52.9,17666232,1,0,0,ok
scanner-only,corpus,MOZILLA-3136-0.pdf,1,4,719.4,219592448,2,1,1,ok
scanner-only,corpus,MOZILLA-7375-0.pdf,1,5,51.7,15747624,0,0,0,ok
scanner-only,corpus,MOZILLA-9176-2.pdf,1,5,3.3,9937680,0,0,0,ok
scanner-only,corpus,MOZILLA-LINK-3264-0.pdf,1,5,6.4,3431936,0,0,0,ok
scanner-only,corpus,MOZILLA-LINK-5251-1.pdf,1,2,10.6,2280816,0,0,0,ok
scanner-only,corpus,Math119FakingData.pdf,1,5,32.3,9253608,0,0,0,ok
scanner-only,corpus,Motor Insurance claim form.pdf,1,3,263.6,67899976,2,2,2,ok
scanner-only,corpus,Multiple Page - from Mortality Statistics.pdf,1,5,35.1,15744248,0,0,0,ok
scanner-only,corpus,OPEN.RABBIT.ENGLISH.LOP.pdf,1,5,72.4,27703824,1,0,0,ok
scanner-only,corpus,Old Gutnish Internet Explorer.pdf,1,3,35.4,14917352,1,1,1,ok
scanner-only,corpus,P2P-33713919.pdf,1,5,34.3,23041464,0,0,0,ok
scanner-only,corpus,PDFBOX-1869-4-1.pdf,1,1,2.0,410792,0,0,0,ok
scanner-only,corpus,PDFBOX-492-4.jar-8.pdf,1,2,44.0,16857184,0,0,0,ok
scanner-only,corpus,PDFBOX-624-2.pdf,1,5,20.2,11332840,0,0,0,ok
scanner-only,corpus,Pig Production Handbook.pdf,1,5,17.4,11473760,0,0,0,ok
scanner-only,corpus,Pig Reproduction Powerpoint.pdf,1,5,7.2,9121448,0,0,0,ok
scanner-only,corpus,Publication_of_award_of_Bids_for_Transport_Sector__August_2016.pdf,1,5,30.2,8530000,1,1,1,ok
scanner-only,corpus,Rotated Text Libre Office.pdf,1,1,0.9,271864,0,0,0,ok
scanner-only,corpus,Rotation 45.pdf,1,4,38.4,17584984,0,0,0,ok
scanner-only,corpus,SPARC - v9 Architecture Manual.pdf,1,5,178.0,73963200,1,1,1,ok
scanner-only,corpus,SPE8EF26T0545.pdf,1,5,40.7,11406640,1,0,0,ok
scanner-only,corpus,ShowTextOpWithUnbalancedRoundBrackets.pdf,1,1,7.3,4626448,0,0,0,ok
scanner-only,corpus,Single Page Broken Offsets - from google drive.pdf,1,1,1.7,611696,0,0,0,ok
scanner-only,corpus,Single Page Form Content - from itext 1_1.pdf,1,1,1.4,786160,0,0,0,ok
scanner-only,corpus,Single Page Hyperlinks - from open office.pdf,1,1,0.9,405816,0,0,0,ok
scanner-only,corpus,Single Page Images - from libre office.pdf,1,1,0.6,384320,0,0,0,ok
scanner-only,corpus,Single Page Non Latin - from acrobat distiller.pdf,1,1,1.3,416304,0,0,0,ok
scanner-only,corpus,Single Page Simple - from google drive.pdf,1,1,1.7,604640,0,0,0,ok
scanner-only,corpus,Single Page Simple - from inkscape.pdf,1,1,0.7,167096,0,0,0,ok
scanner-only,corpus,Single Page Simple - from open office.pdf,1,1,0.7,292784,0,0,0,ok
scanner-only,corpus,Single Page Type 1 Font.pdf,1,1,0.3,85600,0,0,0,ok
scanner-only,corpus,SinglePage180ClockwiseRotation - from PdfPig.pdf,1,1,0.5,247880,0,0,0,ok
scanner-only,corpus,SinglePage270ClockwiseRotation - from PdfPig.pdf,1,1,0.6,247808,0,0,0,ok
scanner-only,corpus,SinglePage90ClockwiseRotation - from PdfPig.pdf,1,1,0.6,247808,0,0,0,ok
scanner-only,corpus,SmallCropbox.pdf,1,1,2.2,1618296,0,0,0,ok
scanner-only,corpus,TIKA-1552-0.pdf,1,5,27.0,23364360,0,0,0,ok
scanner-only,corpus,TIKA-2054-0.pdf,1,5,38.7,21137952,1,1,1,ok
scanner-only,corpus,TIKA-469-0.pdf,1,2,7.5,4687528,0,0,0,ok
scanner-only,corpus,Test.Doc.pdf,1,1,2.9,1738488,0,0,0,ok
scanner-only,corpus,TrueTypeTablesGlyphDataTableReadGlyphsError.pdf,1,1,7.8,4528472,0,0,0,ok
scanner-only,corpus,Two Page Text Only - from libre office.pdf,1,2,2.1,1734664,0,0,0,ok
scanner-only,corpus,Type0 Font.pdf,1,1,9.3,10340408,0,0,0,ok
scanner-only,corpus,Type0_CJK_Font.pdf,1,5,61.3,4863264,0,0,0,ok
scanner-only,corpus,Type3Test.pdf,1,1,0.6,156512,0,0,0,ok
scanner-only,corpus,Various Content Types.pdf,1,1,0.8,271696,0,0,0,ok
scanner-only,corpus,Why.does.this.not.work.pdf,1,1,1.9,1050064,0,0,0,ok
scanner-only,corpus,_citUR2jB1_ay56u6vELzk.pdf,1,2,2.0,2368744,0,0,0,ok
scanner-only,corpus,annotation-comments.pdf,1,1,0.6,295912,0,0,0,ok
scanner-only,corpus,bold-italic.pdf,1,1,2.7,1898320,0,0,0,ok
scanner-only,corpus,bookmarks-with-accented-characters.pdf,1,1,0.5,331280,0,0,0,ok
scanner-only,corpus,byz.pdf,1,1,3.6,2270976,0,0,0,ok
scanner-only,corpus,capas.pdf,1,5,6.9,8261752,0,0,0,ok
scanner-only,corpus,cat-genetics.pdf,1,1,6.8,6762760,0,0,0,ok
scanner-only,corpus,cat-genetics_bobld.pdf,1,1,6.7,7031272,0,0,0,ok
scanner-only,corpus,cmap-parsing-exception.pdf,1,1,33.7,13353584,1,1,1,ok
scanner-only,corpus,cropped-and-rotated.pdf,1,1,1.4,775104,0,0,0,ok
scanner-only,corpus,data.pdf,1,3,4.9,4032192,0,0,0,ok
scanner-only,corpus,dotnet-ai.pdf,1,5,26.7,32274608,1,1,1,ok
scanner-only,corpus,felltypes-test.pdf,1,1,16.0,4975952,0,0,0,ok
scanner-only,corpus,hex_0x0006.pdf,1,1,1.2,659472,0,0,0,ok
scanner-only,corpus,inherited_mediabox.pdf,1,1,0.5,54736,0,0,0,ok
scanner-only,corpus,iron-ore-q2-q3-2013.pdf,1,5,34.1,35997856,0,0,0,ok
scanner-only,corpus,issue_1163.pdf,1,2,0.4,183080,0,0,0,ok
scanner-only,corpus,issue_1330.pdf,1,1,0.2,56864,0,0,0,ok
scanner-only,corpus,issue_1331.pdf,1,1,1.8,1527040,0,0,0,ok
scanner-only,corpus,issue_671.pdf,1,2,20.4,18314960,1,0,0,ok
scanner-only,corpus,issue_881.pdf,1,1,2.2,778128,0,0,0,ok
scanner-only,corpus,issues-1176-1.pdf,1,1,3.2,2142536,0,0,0,ok
scanner-only,corpus,issues-1176.pdf,1,1,3.1,7145224,0,0,0,ok
scanner-only,corpus,journal.pone.0196757.pdf,1,5,52.1,35349712,1,0,0,ok
scanner-only,corpus,jtehm-melillo-2679746.pdf,1,5,66.8,52740496,0,0,0,ok
scanner-only,corpus,little-pig-in-armenian.pdf,1,1,1.0,317904,0,0,0,ok
scanner-only,corpus,odwriteex.pdf,1,1,1.1,715304,0,0,0,ok
scanner-only,corpus,outline.pdf,1,3,2.1,1120904,0,0,0,ok
scanner-only,corpus,output_w3c_csswg_drafts_issues2023.pdf,1,1,1.1,235296,0,0,0,ok
scanner-only,corpus,path_ext_oddeven.pdf,1,1,2.2,1155328,0,0,0,ok
scanner-only,corpus,pop-bugzilla37292.pdf,1,4,9.1,7957968,0,0,0,ok
scanner-only,corpus,reference-2-numeric-error.pdf,1,1,16.6,7150456,0,0,0,ok
scanner-only,corpus,soundandvision.pdf,1,1,2.6,2022496,0,0,0,ok
scanner-only,corpus,ssm2163.pdf,1,5,17.8,10910272,0,0,0,ok
scanner-only,corpus,steam_in_page_dict.pdf,1,1,0.5,103432,0,0,0,ok
scanner-only,corpus,test-2_so_74165171.pdf,1,1,164.3,41138240,2,1,1,ok
scanner-only,corpus,testPdf-1.pdf,1,2,6.3,5924280,0,0,0,ok
scanner-only,corpus,test_a-5.pdf,1,5,82.2,69148344,1,1,1,ok
scanner-only,corpus,test_a.pdf,1,5,87.3,69148120,1,1,1,ok
scanner-only,corpus,toc.pdf,1,5,6.9,7516568,0,0,0,ok
scanner-only,corpus,type3-font-zero-height.pdf,1,1,19.9,7004752,0,0,0,ok
scanner-only,corpus,0000851.pdf,2,5,299.0,118352120,2,1,1,ok
scanner-only,corpus,11194059_2017-11_de_s.pdf,2,2,23.2,27416528,0,0,0,ok
scanner-only,corpus,2006_Swedish_Touring_Car_Championship.pdf,2,4,7.5,7627480,0,0,0,ok
scanner-only,corpus,2108.11480.pdf,2,5,95.9,75751856,1,0,0,ok
scanner-only,corpus,22060_A1_01_Plans-1.pdf,2,1,24.3,9374416,1,1,1,ok
scanner-only,corpus,6.Secrets.to.Startup.Success.PDFDrive.pdf,2,5,19.0,24670264,0,0,0,ok
scanner-only,corpus,68-1990-01_A.pdf,2,5,43.2,44326552,0,0,0,ok
scanner-only,corpus,AcroFormsBasicFields.pdf,2,1,1.1,593832,0,0,0,ok
scanner-only,corpus,Approved_Document_B__fire_safety__volume_2_-_Buildings_other_than_dwellings__2019_edition_incorporating_2020_and_2022_amendments.pdf,2,5,55.0,51967184,2,2,2,ok
scanner-only,corpus,Arve.nr.1615.17.04.2026.pdf,2,1,2.0,1192288,0,0,0,ok
scanner-only,corpus,ClipPathLetterFilter-Test1.pdf,2,5,12.6,12123232,0,0,0,ok
scanner-only,corpus,ClipPathLetterFilter-Test2.pdf,2,1,10.0,8369984,1,1,0,ok
scanner-only,corpus,ColorIssue.pdf,2,1,34.5,31879008,1,1,1,ok
scanner-only,corpus,DeviceN_CS_test.pdf,2,5,31.4,21473936,1,1,1,ok
scanner-only,corpus,Diacritics_export.pdf,2,1,2.3,2350584,0,0,0,ok
scanner-only,corpus,EmptyPdf.pdf,2,1,0.3,37712,0,0,0,ok
scanner-only,corpus,ErcotFacts.pdf,2,2,15.4,13360240,0,0,0,ok
scanner-only,corpus,FICTIF_TABLE_INDEX.pdf,2,5,13.9,14805248,0,0,0,ok
scanner-only,corpus,FarmerMac.pdf,2,5,15.5,13702760,1,1,0,ok
scanner-only,corpus,Font Size Test - from google chrome print pdf.pdf,2,1,1.2,480152,0,0,0,ok
scanner-only,corpus,Font Size Test - from libre office.pdf,2,1,0.7,188152,0,0,0,ok
scanner-only,corpus,FontMatrix-1.pdf,2,1,0.5,216408,0,0,0,ok
scanner-only,corpus,FontMatrix-concat.pdf,2,1,0.3,134320,0,0,0,ok
scanner-only,corpus,FontMatrix-otf-bad-hmtx.pdf,2,1,1.4,738256,0,0,0,ok
scanner-only,corpus,FontMatrix-otf.pdf,2,1,1.5,742536,0,0,0,ok
scanner-only,corpus,FontMatrix-raw.pdf,2,1,1.4,683136,0,0,0,ok
scanner-only,corpus,GHOSTSCRIPT-692564-0.pdf,2,1,1.0,547224,0,0,0,ok
scanner-only,corpus,GHOSTSCRIPT-695513-0.pdf,2,1,2.5,3520856,0,0,0,ok
scanner-only,corpus,GHOSTSCRIPT-696171-0.pdf,2,5,11.0,11335320,0,0,0,ok
scanner-only,corpus,GHOSTSCRIPT-696547-0.zip-7.pdf,2,1,4.0,7354488,0,0,0,ok
scanner-only,corpus,GHOSTSCRIPT-696547-0.zip-9.pdf,2,1,4.3,7354528,0,0,0,ok
scanner-only,corpus,GHOSTSCRIPT-697234-0.pdf,2,3,24.3,22677480,0,0,0,ok
scanner-only,corpus,GHOSTSCRIPT-697507-0.pdf,2,1,28.4,7907200,1,1,1,ok
scanner-only,corpus,GHOSTSCRIPT-697984-3.pdf,2,1,3.2,1619984,0,0,0,ok
scanner-only,corpus,GHOSTSCRIPT-698168-0.pdf,2,1,2.1,2816184,0,0,0,ok
scanner-only,corpus,GHOSTSCRIPT-698363-0.pdf,2,1,1.7,466400,0,0,0,ok
scanner-only,corpus,GHOSTSCRIPT-698721-0.zip-6.pdf,2,2,10.9,7317016,0,0,0,ok
scanner-only,corpus,GHOSTSCRIPT-698721-1.pdf,2,1,1.5,2031984,0,0,0,ok
scanner-only,corpus,GHOSTSCRIPT-699035-0.pdf,2,5,35.9,38282432,1,0,0,ok
scanner-only,corpus,GHOSTSCRIPT-699178-0.pdf,2,3,7.5,8418792,0,0,0,ok
scanner-only,corpus,GHOSTSCRIPT-699375-5.pdf,2,1,4.2,3069008,0,0,0,ok
scanner-only,corpus,GHOSTSCRIPT-699488-0.pdf,2,1,19.5,8120672,1,1,0,ok
scanner-only,corpus,GHOSTSCRIPT-699554-0.zip-4.pdf,2,1,1.5,1650304,0,0,0,ok
scanner-only,corpus,GHOSTSCRIPT-700125-1.pdf,2,5,13.4,17688272,0,0,0,ok
scanner-only,corpus,GHOSTSCRIPT-700139-0.pdf,2,2,153.2,116126784,2,2,1,ok
scanner-only,corpus,GHOSTSCRIPT-700236-1.pdf,2,5,12.7,13417760,0,0,0,ok
scanner-only,corpus,GHOSTSCRIPT-700288-1.pdf,2,1,6.7,4618064,0,0,0,ok
scanner-only,corpus,GHOSTSCRIPT-700370-2.pdf,2,1,2.2,1531024,0,0,0,ok
scanner-only,corpus,GHOSTSCRIPT-700931-0.7z-5.pdf,2,2,2.0,1222000,0,0,0,ok
scanner-only,corpus,GHOSTSCRIPT-702013-1.pdf,2,1,4.9,3790848,0,0,0,ok
scanner-only,corpus,Gamebook.pdf,2,5,12.6,9353280,0,0,0,ok
scanner-only,corpus,GlyphDataTableReadCompositeGlyphError.pdf,2,1,4.5,2885576,0,0,0,ok
scanner-only,corpus,Grapheme clusters emoji.pdf,2,1,0.5,149528,0,0,0,ok
scanner-only,corpus,ICML03-081.pdf,2,5,21.9,17260024,0,0,0,ok
scanner-only,corpus,Indexed-DeviceRGB-JPXDecode-0-.0.0.255.0.-Font-F1_1_missing_char_255-1.pdf,2,1,46.2,16979136,1,1,1,ok
scanner-only,corpus,IndexedCS_negative_and_high.pdf,2,1,0.4,81952,0,0,0,ok
scanner-only,corpus,Judgement Document.pdf,2,5,6.7,9127904,0,0,0,ok
scanner-only,corpus,LKR824191.pdf,2,1,2.8,4164664,0,0,0,ok
scanner-only,corpus,Layer pdf - 322_High_Holborn_building_Brochure.pdf,2,3,46.3,37064168,1,0,0,ok
scanner-only,corpus,MOZILLA-10084-0.pdf,2,1,3.1,3208296,0,0,0,ok
scanner-only,corpus,MOZILLA-10225-0.pdf,2,5,11.6,22996808,0,0,0,ok
scanner-only,corpus,MOZILLA-10372-2.pdf,2,5,21.8,12996376,1,1,1,ok
scanner-only,corpus,MOZILLA-2775-1.pdf,2,5,14.2,17665648,0,0,0,ok
scanner-only,corpus,MOZILLA-3136-0.pdf,2,4,221.7,217541272,1,1,1,ok
scanner-only,corpus,MOZILLA-7375-0.pdf,2,5,16.9,15746400,0,0,0,ok
scanner-only,corpus,MOZILLA-9176-2.pdf,2,5,32.9,9939360,1,1,1,ok
scanner-only,corpus,MOZILLA-LINK-3264-0.pdf,2,5,2.0,3311544,0,0,0,ok
scanner-only,corpus,MOZILLA-LINK-5251-1.pdf,2,2,2.3,2202032,0,0,0,ok
scanner-only,corpus,Math119FakingData.pdf,2,5,7.9,9251952,0,0,0,ok
scanner-only,corpus,Motor Insurance claim form.pdf,2,3,89.9,67260088,2,1,1,ok
scanner-only,corpus,Multiple Page - from Mortality Statistics.pdf,2,5,26.8,8201208,1,0,0,ok
scanner-only,corpus,OPEN.RABBIT.ENGLISH.LOP.pdf,2,5,33.7,27515776,1,1,1,ok
scanner-only,corpus,Old Gutnish Internet Explorer.pdf,2,3,11.5,14270816,0,0,0,ok
scanner-only,corpus,P2P-33713919.pdf,2,5,14.5,22999512,0,0,0,ok
scanner-only,corpus,PDFBOX-1869-4-1.pdf,2,1,0.7,410640,0,0,0,ok
scanner-only,corpus,PDFBOX-492-4.jar-8.pdf,2,2,18.3,16855552,0,0,0,ok
scanner-only,corpus,PDFBOX-624-2.pdf,2,5,9.3,11331352,0,0,0,ok
scanner-only,corpus,Pig Production Handbook.pdf,2,5,8.1,11473136,0,0,0,ok
scanner-only,corpus,Pig Reproduction Powerpoint.pdf,2,5,4.7,9118952,0,0,0,ok
scanner-only,corpus,Publication_of_award_of_Bids_for_Transport_Sector__August_2016.pdf,2,5,26.9,8292928,1,1,1,ok
scanner-only,corpus,Rotated Text Libre Office.pdf,2,1,0.9,238432,0,0,0,ok
scanner-only,corpus,Rotation 45.pdf,2,4,12.4,9929384,0,0,0,ok
scanner-only,corpus,SPARC - v9 Architecture Manual.pdf,2,5,82.4,73963080,2,1,1,ok
scanner-only,corpus,SPE8EF26T0545.pdf,2,5,9.5,11399896,0,0,0,ok
scanner-only,corpus,ShowTextOpWithUnbalancedRoundBrackets.pdf,2,1,4.3,4625856,0,0,0,ok
scanner-only,corpus,Single Page Broken Offsets - from google drive.pdf,2,1,1.5,590240,0,0,0,ok
scanner-only,corpus,Single Page Form Content - from itext 1_1.pdf,2,1,0.9,785992,0,0,0,ok
scanner-only,corpus,Single Page Hyperlinks - from open office.pdf,2,1,0.6,360792,0,0,0,ok
scanner-only,corpus,Single Page Images - from libre office.pdf,2,1,0.4,378464,0,0,0,ok
scanner-only,corpus,Single Page Non Latin - from acrobat distiller.pdf,2,1,0.8,396336,0,0,0,ok
scanner-only,corpus,Single Page Simple - from google drive.pdf,2,1,0.9,583256,0,0,0,ok
scanner-only,corpus,Single Page Simple - from inkscape.pdf,2,1,0.5,150008,0,0,0,ok
scanner-only,corpus,Single Page Simple - from open office.pdf,2,1,0.7,269408,0,0,0,ok
scanner-only,corpus,Single Page Type 1 Font.pdf,2,1,0.3,85576,0,0,0,ok
scanner-only,corpus,SinglePage180ClockwiseRotation - from PdfPig.pdf,2,1,0.4,201608,0,0,0,ok
scanner-only,corpus,SinglePage270ClockwiseRotation - from PdfPig.pdf,2,1,0.4,201608,0,0,0,ok
scanner-only,corpus,SinglePage90ClockwiseRotation - from PdfPig.pdf,2,1,0.4,201608,0,0,0,ok
scanner-only,corpus,SmallCropbox.pdf,2,1,1.5,1618128,0,0,0,ok
scanner-only,corpus,TIKA-1552-0.pdf,2,5,19.3,23345792,0,0,0,ok
scanner-only,corpus,TIKA-2054-0.pdf,2,5,17.7,21132688,0,0,0,ok
scanner-only,corpus,TIKA-469-0.pdf,2,2,4.1,4678752,0,0,0,ok
scanner-only,corpus,Test.Doc.pdf,2,1,1.8,1679568,0,0,0,ok
scanner-only,corpus,TrueTypeTablesGlyphDataTableReadGlyphsError.pdf,2,1,4.8,3647216,0,0,0,ok
scanner-only,corpus,Two Page Text Only - from libre office.pdf,2,2,1.7,1571824,0,0,0,ok
scanner-only,corpus,Type0 Font.pdf,2,1,29.3,9723656,1,1,1,ok
scanner-only,corpus,Type0_CJK_Font.pdf,2,5,10.6,3216296,0,0,0,ok
scanner-only,corpus,Type3Test.pdf,2,1,0.4,155120,0,0,0,ok
scanner-only,corpus,Various Content Types.pdf,2,1,0.4,257056,0,0,0,ok
scanner-only,corpus,Why.does.this.not.work.pdf,2,1,1.3,1035808,0,0,0,ok
scanner-only,corpus,_citUR2jB1_ay56u6vELzk.pdf,2,2,2.2,2256304,0,0,0,ok
scanner-only,corpus,annotation-comments.pdf,2,1,0.8,283240,0,0,0,ok
scanner-only,corpus,bold-italic.pdf,2,1,2.3,1617328,0,0,0,ok
scanner-only,corpus,bookmarks-with-accented-characters.pdf,2,1,0.4,331256,0,0,0,ok
scanner-only,corpus,byz.pdf,2,1,2.3,2270880,0,0,0,ok
scanner-only,corpus,capas.pdf,2,5,5.3,8008000,0,0,0,ok
scanner-only,corpus,cat-genetics.pdf,2,1,5.0,6761800,0,0,0,ok
scanner-only,corpus,cat-genetics_bobld.pdf,2,1,5.6,7030816,0,0,0,ok
scanner-only,corpus,cmap-parsing-exception.pdf,2,1,16.6,13116656,0,0,0,ok
scanner-only,corpus,cropped-and-rotated.pdf,2,1,1.2,744056,0,0,0,ok
scanner-only,corpus,data.pdf,2,3,4.2,4031976,0,0,0,ok
scanner-only,corpus,dotnet-ai.pdf,2,5,29.4,31584704,1,1,1,ok
scanner-only,corpus,felltypes-test.pdf,2,1,8.2,4974992,0,0,0,ok
scanner-only,corpus,hex_0x0006.pdf,2,1,0.8,658728,0,0,0,ok
scanner-only,corpus,inherited_mediabox.pdf,2,1,0.2,54640,0,0,0,ok
scanner-only,corpus,iron-ore-q2-q3-2013.pdf,2,5,21.7,35958160,1,0,0,ok
scanner-only,corpus,issue_1163.pdf,2,2,0.4,183240,0,0,0,ok
scanner-only,corpus,issue_1330.pdf,2,1,0.2,56840,0,0,0,ok
scanner-only,corpus,issue_1331.pdf,2,1,1.5,1350616,0,0,0,ok
scanner-only,corpus,issue_671.pdf,2,2,26.4,17886008,1,1,1,ok
scanner-only,corpus,issue_881.pdf,2,1,1.2,617552,0,0,0,ok
scanner-only,corpus,issues-1176-1.pdf,2,1,1.9,2142008,0,0,0,ok
scanner-only,corpus,issues-1176.pdf,2,1,3.3,7144864,0,0,0,ok
scanner-only,corpus,journal.pone.0196757.pdf,2,5,23.9,35324344,0,0,0,ok
scanner-only,corpus,jtehm-melillo-2679746.pdf,2,5,61.3,52739632,1,1,1,ok
scanner-only,corpus,little-pig-in-armenian.pdf,2,1,0.7,307240,0,0,0,ok
scanner-only,corpus,odwriteex.pdf,2,1,0.8,715208,0,0,0,ok
scanner-only,corpus,outline.pdf,2,3,1.7,1087568,0,0,0,ok
scanner-only,corpus,output_w3c_csswg_drafts_issues2023.pdf,2,1,0.5,235064,0,0,0,ok
scanner-only,corpus,path_ext_oddeven.pdf,2,1,1.3,1039864,0,0,0,ok
scanner-only,corpus,pop-bugzilla37292.pdf,2,4,6.7,7591896,0,0,0,ok
scanner-only,corpus,reference-2-numeric-error.pdf,2,1,8.0,7147984,0,0,0,ok
scanner-only,corpus,soundandvision.pdf,2,1,1.9,1856656,0,0,0,ok
scanner-only,corpus,ssm2163.pdf,2,5,7.8,10259856,0,0,0,ok
scanner-only,corpus,steam_in_page_dict.pdf,2,1,0.3,103336,0,0,0,ok
scanner-only,corpus,test-2_so_74165171.pdf,2,1,67.8,39104440,1,1,1,ok
scanner-only,corpus,testPdf-1.pdf,2,2,6.2,5701720,0,0,0,ok
scanner-only,corpus,test_a-5.pdf,2,5,68.4,68792640,1,1,1,ok
scanner-only,corpus,test_a.pdf,2,5,49.1,68791168,0,0,0,ok
scanner-only,corpus,toc.pdf,2,5,6.9,7516240,0,0,0,ok
scanner-only,corpus,type3-font-zero-height.pdf,2,1,28.3,7000928,1,1,1,ok
scanner-only,corpus,0000851.pdf,3,5,194.9,118350440,2,1,0,ok
scanner-only,corpus,11194059_2017-11_de_s.pdf,3,2,20.8,27416528,0,0,0,ok
scanner-only,corpus,2006_Swedish_Touring_Car_Championship.pdf,3,4,6.3,7627480,0,0,0,ok
scanner-only,corpus,2108.11480.pdf,3,5,63.8,75753536,1,1,1,ok
scanner-only,corpus,22060_A1_01_Plans-1.pdf,3,1,5.0,9372736,0,0,0,ok
scanner-only,corpus,6.Secrets.to.Startup.Success.PDFDrive.pdf,3,5,18.7,24670056,0,0,0,ok
scanner-only,corpus,68-1990-01_A.pdf,3,5,74.7,44328232,2,1,1,ok
scanner-only,corpus,AcroFormsBasicFields.pdf,3,1,0.8,594040,0,0,0,ok
scanner-only,corpus,Approved_Document_B__fire_safety__volume_2_-_Buildings_other_than_dwellings__2019_edition_incorporating_2020_and_2022_amendments.pdf,3,5,38.0,51965504,1,1,1,ok
scanner-only,corpus,Arve.nr.1615.17.04.2026.pdf,3,1,1.5,1192288,0,0,0,ok
scanner-only,corpus,ClipPathLetterFilter-Test1.pdf,3,5,21.6,12125432,1,1,1,ok
scanner-only,corpus,ClipPathLetterFilter-Test2.pdf,3,1,6.2,8370192,0,0,0,ok
scanner-only,corpus,ColorIssue.pdf,3,1,34.6,31878800,1,1,1,ok
scanner-only,corpus,DeviceN_CS_test.pdf,3,5,12.2,21472256,0,0,0,ok
scanner-only,corpus,Diacritics_export.pdf,3,1,1.8,2350376,0,0,0,ok
scanner-only,corpus,EmptyPdf.pdf,3,1,0.2,37712,0,0,0,ok
scanner-only,corpus,ErcotFacts.pdf,3,2,12.4,13360240,0,0,0,ok
scanner-only,corpus,FICTIF_TABLE_INDEX.pdf,3,5,12.1,14805248,0,0,0,ok
scanner-only,corpus,FarmerMac.pdf,3,5,29.9,13704440,1,1,1,ok
scanner-only,corpus,Font Size Test - from google chrome print pdf.pdf,3,1,1.0,480152,0,0,0,ok
scanner-only,corpus,Font Size Test - from libre office.pdf,3,1,0.4,188152,0,0,0,ok
scanner-only,corpus,FontMatrix-1.pdf,3,1,0.5,216408,0,0,0,ok
scanner-only,corpus,FontMatrix-concat.pdf,3,1,0.2,134320,0,0,0,ok
scanner-only,corpus,FontMatrix-otf-bad-hmtx.pdf,3,1,1.1,738256,0,0,0,ok
scanner-only,corpus,FontMatrix-otf.pdf,3,1,1.2,742536,0,0,0,ok
scanner-only,corpus,FontMatrix-raw.pdf,3,1,1.1,683136,0,0,0,ok
scanner-only,corpus,GHOSTSCRIPT-692564-0.pdf,3,1,0.7,547224,0,0,0,ok
scanner-only,corpus,GHOSTSCRIPT-695513-0.pdf,3,1,1.9,3520856,0,0,0,ok
scanner-only,corpus,GHOSTSCRIPT-696171-0.pdf,3,5,8.9,11335320,0,0,0,ok
scanner-only,corpus,GHOSTSCRIPT-696547-0.zip-7.pdf,3,1,3.9,7354488,0,0,0,ok
scanner-only,corpus,GHOSTSCRIPT-696547-0.zip-9.pdf,3,1,3.5,7354528,0,0,0,ok
scanner-only,corpus,GHOSTSCRIPT-697234-0.pdf,3,3,30.0,22677480,1,1,0,ok
scanner-only,corpus,GHOSTSCRIPT-697507-0.pdf,3,1,7.9,7905728,0,0,0,ok
scanner-only,corpus,GHOSTSCRIPT-697984-3.pdf,3,1,2.0,1619776,0,0,0,ok
scanner-only,corpus,GHOSTSCRIPT-698168-0.pdf,3,1,1.8,2816184,0,0,0,ok
scanner-only,corpus,GHOSTSCRIPT-698363-0.pdf,3,1,1.3,465992,0,0,0,ok
scanner-only,corpus,GHOSTSCRIPT-698721-0.zip-6.pdf,3,2,5.2,7317016,0,0,0,ok
scanner-only,corpus,GHOSTSCRIPT-698721-1.pdf,3,1,1.4,2031984,0,0,0,ok
scanner-only,corpus,GHOSTSCRIPT-699035-0.pdf,3,5,48.4,38284112,1,1,1,ok
scanner-only,corpus,GHOSTSCRIPT-699178-0.pdf,3,3,6.3,8418792,0,0,0,ok
scanner-only,corpus,GHOSTSCRIPT-699375-5.pdf,3,1,3.0,3069008,0,0,0,ok
scanner-only,corpus,GHOSTSCRIPT-699488-0.pdf,3,1,7.2,8120672,0,0,0,ok
scanner-only,corpus,GHOSTSCRIPT-699554-0.zip-4.pdf,3,1,1.2,1650096,0,0,0,ok
scanner-only,corpus,GHOSTSCRIPT-700125-1.pdf,3,5,12.0,17688272,0,0,0,ok
scanner-only,corpus,GHOSTSCRIPT-700139-0.pdf,3,2,123.3,116126784,2,2,1,ok
scanner-only,corpus,GHOSTSCRIPT-700236-1.pdf,3,5,11.7,13417760,0,0,0,ok
scanner-only,corpus,GHOSTSCRIPT-700288-1.pdf,3,1,4.2,4618064,0,0,0,ok
scanner-only,corpus,GHOSTSCRIPT-700370-2.pdf,3,1,1.6,1531024,0,0,0,ok
scanner-only,corpus,GHOSTSCRIPT-700931-0.7z-5.pdf,3,2,1.5,1222000,0,0,0,ok
scanner-only,corpus,GHOSTSCRIPT-702013-1.pdf,3,1,3.1,3790848,0,0,0,ok
scanner-only,corpus,Gamebook.pdf,3,5,8.4,9353280,0,0,0,ok
scanner-only,corpus,GlyphDataTableReadCompositeGlyphError.pdf,3,1,3.8,2885576,0,0,0,ok
scanner-only,corpus,Grapheme clusters emoji.pdf,3,1,0.5,149528,0,0,0,ok
scanner-only,corpus,ICML03-081.pdf,3,5,19.7,17260024,0,0,0,ok
scanner-only,corpus,Indexed-DeviceRGB-JPXDecode-0-.0.0.255.0.-Font-F1_1_missing_char_255-1.pdf,3,1,26.6,16977456,0,0,0,ok
scanner-only,corpus,IndexedCS_negative_and_high.pdf,3,1,0.4,81744,0,0,0,ok
scanner-only,corpus,Judgement Document.pdf,3,5,9.2,9127904,0,0,0,ok
scanner-only,corpus,LKR824191.pdf,3,1,5.2,4164664,1,0,0,ok
scanner-only,corpus,Layer pdf - 322_High_Holborn_building_Brochure.pdf,3,3,34.4,37064376,1,0,0,ok
scanner-only,corpus,MOZILLA-10084-0.pdf,3,1,3.0,3208296,0,0,0,ok
scanner-only,corpus,MOZILLA-10225-0.pdf,3,5,24.2,22998488,1,1,1,ok
scanner-only,corpus,MOZILLA-10372-2.pdf,3,5,9.5,12994904,0,0,0,ok
scanner-only,corpus,MOZILLA-2775-1.pdf,3,5,13.4,17665440,0,0,0,ok
scanner-only,corpus,MOZILLA-3136-0.pdf,3,4,222.6,217542952,3,2,2,ok
scanner-only,corpus,MOZILLA-7375-0.pdf,3,5,16.4,15746400,0,0,0,ok
scanner-only,corpus,MOZILLA-9176-2.pdf,3,5,2.2,9937680,0,0,0,ok
scanner-only,corpus,MOZILLA-LINK-3264-0.pdf,3,5,2.0,3311336,0,0,0,ok
scanner-only,corpus,MOZILLA-LINK-5251-1.pdf,3,2,2.4,2202032,0,0,0,ok
scanner-only,corpus,Math119FakingData.pdf,3,5,10.0,9251952,0,0,0,ok
scanner-only,corpus,Motor Insurance claim form.pdf,3,3,131.3,67260088,2,1,1,ok
scanner-only,corpus,Multiple Page - from Mortality Statistics.pdf,3,5,6.2,8200688,0,0,0,ok
scanner-only,corpus,OPEN.RABBIT.ENGLISH.LOP.pdf,3,5,18.8,27513888,0,0,0,ok
scanner-only,corpus,Old Gutnish Internet Explorer.pdf,3,3,29.1,14272288,1,1,1,ok
scanner-only,corpus,P2P-33713919.pdf,3,5,11.0,22999720,0,0,0,ok
scanner-only,corpus,PDFBOX-1869-4-1.pdf,3,1,0.6,410640,0,0,0,ok
scanner-only,corpus,PDFBOX-492-4.jar-8.pdf,3,2,15.9,16855552,0,0,0,ok
scanner-only,corpus,PDFBOX-624-2.pdf,3,5,8.1,11331352,0,0,0,ok
scanner-only,corpus,Pig Production Handbook.pdf,3,5,7.4,11473136,0,0,0,ok
scanner-only,corpus,Pig Reproduction Powerpoint.pdf,3,5,4.0,9118952,0,0,0,ok
scanner-only,corpus,Publication_of_award_of_Bids_for_Transport_Sector__August_2016.pdf,3,5,6.5,8291248,0,0,0,ok
scanner-only,corpus,Rotated Text Libre Office.pdf,3,1,0.6,238224,0,0,0,ok
scanner-only,corpus,Rotation 45.pdf,3,4,28.5,9931064,1,1,1,ok
scanner-only,corpus,SPARC - v9 Architecture Manual.pdf,3,5,81.9,73963288,2,1,1,ok
scanner-only,corpus,SPE8EF26T0545.pdf,3,5,8.3,11399896,0,0,0,ok
scanner-only,corpus,ShowTextOpWithUnbalancedRoundBrackets.pdf,3,1,4.0,4625856,0,0,0,ok
scanner-only,corpus,Single Page Broken Offsets - from google drive.pdf,3,1,1.3,590240,0,0,0,ok
scanner-only,corpus,Single Page Form Content - from itext 1_1.pdf,3,1,0.8,785992,0,0,0,ok
scanner-only,corpus,Single Page Hyperlinks - from open office.pdf,3,1,0.6,360792,0,0,0,ok
scanner-only,corpus,Single Page Images - from libre office.pdf,3,1,0.4,378464,0,0,0,ok
scanner-only,corpus,Single Page Non Latin - from acrobat distiller.pdf,3,1,0.7,396336,0,0,0,ok
scanner-only,corpus,Single Page Simple - from google drive.pdf,3,1,0.8,583256,0,0,0,ok
scanner-only,corpus,Single Page Simple - from inkscape.pdf,3,1,0.4,150008,0,0,0,ok
scanner-only,corpus,Single Page Simple - from open office.pdf,3,1,0.4,269408,0,0,0,ok
scanner-only,corpus,Single Page Type 1 Font.pdf,3,1,0.3,85576,0,0,0,ok
scanner-only,corpus,SinglePage180ClockwiseRotation - from PdfPig.pdf,3,1,0.3,201608,0,0,0,ok
scanner-only,corpus,SinglePage270ClockwiseRotation - from PdfPig.pdf,3,1,0.3,201608,0,0,0,ok
scanner-only,corpus,SinglePage90ClockwiseRotation - from PdfPig.pdf,3,1,0.4,201608,0,0,0,ok
scanner-only,corpus,SmallCropbox.pdf,3,1,1.4,1618128,0,0,0,ok
scanner-only,corpus,TIKA-1552-0.pdf,3,5,17.1,23345792,0,0,0,ok
scanner-only,corpus,TIKA-2054-0.pdf,3,5,16.2,21132688,0,0,0,ok
scanner-only,corpus,TIKA-469-0.pdf,3,2,4.0,4678752,0,0,0,ok
scanner-only,corpus,Test.Doc.pdf,3,1,1.9,1679568,0,0,0,ok
scanner-only,corpus,TrueTypeTablesGlyphDataTableReadGlyphsError.pdf,3,1,4.6,3647216,0,0,0,ok
scanner-only,corpus,Two Page Text Only - from libre office.pdf,3,2,1.4,1571824,0,0,0,ok
scanner-only,corpus,Type0 Font.pdf,3,1,8.1,9721976,0,0,0,ok
scanner-only,corpus,Type0_CJK_Font.pdf,3,5,8.0,3216088,0,0,0,ok
scanner-only,corpus,Type3Test.pdf,3,1,0.5,155120,0,0,0,ok
scanner-only,corpus,Various Content Types.pdf,3,1,0.5,257056,0,0,0,ok
scanner-only,corpus,Why.does.this.not.work.pdf,3,1,1.4,1035808,0,0,0,ok
scanner-only,corpus,_citUR2jB1_ay56u6vELzk.pdf,3,2,1.8,2256304,0,0,0,ok
scanner-only,corpus,annotation-comments.pdf,3,1,0.5,283240,0,0,0,ok
scanner-only,corpus,bold-italic.pdf,3,1,2.1,1617328,0,0,0,ok
scanner-only,corpus,bookmarks-with-accented-characters.pdf,3,1,0.4,331256,0,0,0,ok
scanner-only,corpus,byz.pdf,3,1,1.9,2270880,0,0,0,ok
scanner-only,corpus,capas.pdf,3,5,5.3,8008000,0,0,0,ok
scanner-only,corpus,cat-genetics.pdf,3,1,4.7,6761800,0,0,0,ok
scanner-only,corpus,cat-genetics_bobld.pdf,3,1,4.8,7030816,0,0,0,ok
scanner-only,corpus,cmap-parsing-exception.pdf,3,1,17.4,13116656,0,0,0,ok
scanner-only,corpus,cropped-and-rotated.pdf,3,1,1.2,744056,0,0,0,ok
scanner-only,corpus,data.pdf,3,3,21.9,4031976,1,0,0,ok
scanner-only,corpus,dotnet-ai.pdf,3,5,27.1,31584912,1,1,1,ok
scanner-only,corpus,felltypes-test.pdf,3,1,8.0,4974992,0,0,0,ok
scanner-only,corpus,hex_0x0006.pdf,3,1,1.0,658728,0,0,0,ok
scanner-only,corpus,inherited_mediabox.pdf,3,1,0.3,54640,0,0,0,ok
scanner-only,corpus,iron-ore-q2-q3-2013.pdf,3,5,30.9,35959320,1,1,1,ok
scanner-only,corpus,issue_1163.pdf,3,2,0.4,183240,0,0,0,ok
scanner-only,corpus,issue_1330.pdf,3,1,0.2,56840,0,0,0,ok
scanner-only,corpus,issue_1331.pdf,3,1,1.5,1350616,0,0,0,ok
scanner-only,corpus,issue_671.pdf,3,2,17.3,17884328,0,0,0,ok
scanner-only,corpus,issue_881.pdf,3,1,1.1,617344,0,0,0,ok
scanner-only,corpus,issues-1176-1.pdf,3,1,1.9,2141488,0,0,0,ok
scanner-only,corpus,issues-1176.pdf,3,1,2.5,7144864,0,0,0,ok
scanner-only,corpus,journal.pone.0196757.pdf,3,5,40.3,35326024,1,1,1,ok
scanner-only,corpus,jtehm-melillo-2679746.pdf,3,5,43.1,52738160,0,0,0,ok
scanner-only,corpus,little-pig-in-armenian.pdf,3,1,1.0,307032,0,0,0,ok
scanner-only,corpus,odwriteex.pdf,3,1,0.9,715208,0,0,0,ok
scanner-only,corpus,outline.pdf,3,3,1.9,1087568,0,0,0,ok
scanner-only,corpus,output_w3c_csswg_drafts_issues2023.pdf,3,1,0.5,235064,0,0,0,ok
scanner-only,corpus,path_ext_oddeven.pdf,3,1,1.4,1039864,0,0,0,ok
scanner-only,corpus,pop-bugzilla37292.pdf,3,4,6.5,7591896,0,0,0,ok
scanner-only,corpus,reference-2-numeric-error.pdf,3,1,8.1,7147984,0,0,0,ok
scanner-only,corpus,soundandvision.pdf,3,1,2.2,1856656,0,0,0,ok
scanner-only,corpus,ssm2163.pdf,3,5,7.9,10259856,0,0,0,ok
scanner-only,corpus,steam_in_page_dict.pdf,3,1,0.3,103336,0,0,0,ok
scanner-only,corpus,test-2_so_74165171.pdf,3,1,68.4,39104440,1,1,1,ok
scanner-only,corpus,testPdf-1.pdf,3,2,6.3,5701720,0,0,0,ok
scanner-only,corpus,test_a-5.pdf,3,5,102.1,68792640,2,2,1,ok
scanner-only,corpus,test_a.pdf,3,5,54.1,68791168,0,0,0,ok
scanner-only,corpus,toc.pdf,3,5,7.0,7516240,0,0,0,ok
scanner-only,corpus,type3-font-zero-height.pdf,3,1,9.0,6999248,0,0,0,ok
scanner+form,corpus,0000851.pdf,1,5,1208.6,165497632,4,2,2,ok
scanner+form,corpus,11194059_2017-11_de_s.pdf,1,2,121.2,27625312,0,0,0,ok
scanner+form,corpus,2006_Swedish_Touring_Car_Championship.pdf,1,4,31.5,7849008,0,0,0,ok
scanner+form,corpus,2108.11480.pdf,1,5,197.9,75468904,1,1,1,ok
scanner+form,corpus,22060_A1_01_Plans-1.pdf,1,1,28.2,9379304,1,1,1,ok
scanner+form,corpus,6.Secrets.to.Startup.Success.PDFDrive.pdf,1,5,85.8,24674824,0,0,0,ok
scanner+form,corpus,68-1990-01_A.pdf,1,5,251.5,64727056,3,2,2,ok
scanner+form,corpus,AcroFormsBasicFields.pdf,1,1,1.7,596088,0,0,0,ok
scanner+form,corpus,Approved_Document_B__fire_safety__volume_2_-_Buildings_other_than_dwellings__2019_edition_incorporating_2020_and_2022_amendments.pdf,1,5,106.3,51975752,2,2,2,ok
scanner+form,corpus,Arve.nr.1615.17.04.2026.pdf,1,1,4.4,1270056,0,0,0,ok
scanner+form,corpus,ClipPathLetterFilter-Test1.pdf,1,5,91.3,41278736,1,0,0,ok
scanner+form,corpus,ClipPathLetterFilter-Test2.pdf,1,1,21.3,8781704,0,0,0,ok
scanner+form,corpus,ColorIssue.pdf,1,1,78.4,33570384,0,0,0,ok
scanner+form,corpus,DeviceN_CS_test.pdf,1,5,58.2,22014776,1,1,1,ok
scanner+form,corpus,Diacritics_export.pdf,1,1,7.5,2353824,0,0,0,ok
scanner+form,corpus,EmptyPdf.pdf,1,1,0.3,38216,0,0,0,ok
scanner+form,corpus,ErcotFacts.pdf,1,2,48.4,13768824,0,0,0,ok
scanner+form,corpus,FICTIF_TABLE_INDEX.pdf,1,5,53.2,15513616,1,1,1,ok
scanner+form,corpus,FarmerMac.pdf,1,5,50.4,14097616,0,0,0,ok
scanner+form,corpus,Font Size Test - from google chrome print pdf.pdf,1,1,1.8,505368,0,0,0,ok
scanner+form,corpus,Font Size Test - from libre office.pdf,1,1,1.2,202544,0,0,0,ok
scanner+form,corpus,FontMatrix-1.pdf,1,1,0.8,216480,0,0,0,ok
scanner+form,corpus,FontMatrix-concat.pdf,1,1,0.3,134320,0,0,0,ok
scanner+form,corpus,FontMatrix-otf-bad-hmtx.pdf,1,1,8.7,742376,0,0,0,ok
scanner+form,corpus,FontMatrix-otf.pdf,1,1,6.3,742712,0,0,0,ok
scanner+form,corpus,FontMatrix-raw.pdf,1,1,6.3,683384,0,0,0,ok
scanner+form,corpus,GHOSTSCRIPT-692564-0.pdf,1,1,4.3,548000,0,0,0,ok
scanner+form,corpus,GHOSTSCRIPT-695513-0.pdf,1,1,11.6,3522256,0,0,0,ok
scanner+form,corpus,GHOSTSCRIPT-696171-0.pdf,1,5,50.5,11337208,0,0,0,ok
scanner+form,corpus,GHOSTSCRIPT-696547-0.zip-7.pdf,1,1,22.8,7355160,0,0,0,ok
scanner+form,corpus,GHOSTSCRIPT-696547-0.zip-9.pdf,1,1,19.0,7354848,0,0,0,ok
scanner+form,corpus,GHOSTSCRIPT-697234-0.pdf,1,3,108.3,22683624,0,0,0,ok
scanner+form,corpus,GHOSTSCRIPT-697507-0.pdf,1,1,52.0,7909344,1,0,0,ok
scanner+form,corpus,GHOSTSCRIPT-697984-3.pdf,1,1,7.6,1698448,0,0,0,ok
scanner+form,corpus,GHOSTSCRIPT-698168-0.pdf,1,1,10.7,2816648,0,0,0,ok
scanner+form,corpus,GHOSTSCRIPT-698363-0.pdf,1,1,13.0,477136,0,0,0,ok
scanner+form,corpus,GHOSTSCRIPT-698721-0.zip-6.pdf,1,2,36.3,7320376,1,1,1,ok
scanner+form,corpus,GHOSTSCRIPT-698721-1.pdf,1,1,7.3,2032640,0,0,0,ok
scanner+form,corpus,GHOSTSCRIPT-699035-0.pdf,1,5,202.9,38285072,1,0,0,ok
scanner+form,corpus,GHOSTSCRIPT-699178-0.pdf,1,3,31.5,8592480,0,0,0,ok
scanner+form,corpus,GHOSTSCRIPT-699375-5.pdf,1,1,10.6,3266800,0,0,0,ok
scanner+form,corpus,GHOSTSCRIPT-699488-0.pdf,1,1,37.8,8122432,0,0,0,ok
scanner+form,corpus,GHOSTSCRIPT-699554-0.zip-4.pdf,1,1,5.7,1650344,0,0,0,ok
scanner+form,corpus,GHOSTSCRIPT-700125-1.pdf,1,5,49.7,16342360,0,0,0,ok
scanner+form,corpus,GHOSTSCRIPT-700139-0.pdf,1,2,389.5,117736736,3,2,2,ok
scanner+form,corpus,GHOSTSCRIPT-700236-1.pdf,1,5,51.3,13419384,0,0,0,ok
scanner+form,corpus,GHOSTSCRIPT-700288-1.pdf,1,1,20.4,4618312,0,0,0,ok
scanner+form,corpus,GHOSTSCRIPT-700370-2.pdf,1,1,5.3,1669392,0,0,0,ok
scanner+form,corpus,GHOSTSCRIPT-700931-0.7z-5.pdf,1,2,5.9,1222424,0,0,0,ok
scanner+form,corpus,GHOSTSCRIPT-702013-1.pdf,1,1,14.5,3793496,0,0,0,ok
scanner+form,corpus,Gamebook.pdf,1,5,140.5,150680408,8,8,8,ok
scanner+form,corpus,GlyphDataTableReadCompositeGlyphError.pdf,1,1,14.7,3792064,0,0,0,ok
scanner+form,corpus,Grapheme clusters emoji.pdf,1,1,0.7,149848,0,0,0,ok
scanner+form,corpus,ICML03-081.pdf,1,5,50.9,17265232,0,0,0,ok
scanner+form,corpus,Indexed-DeviceRGB-JPXDecode-0-.0.0.255.0.-Font-F1_1_missing_char_255-1.pdf,1,1,186.3,16995560,0,0,0,ok
scanner+form,corpus,IndexedCS_negative_and_high.pdf,1,1,1.1,81920,0,0,0,ok
scanner+form,corpus,Judgement Document.pdf,1,5,45.6,10864912,1,1,1,ok
scanner+form,corpus,LKR824191.pdf,1,1,15.4,4165048,0,0,0,ok
scanner+form,corpus,Layer pdf - 322_High_Holborn_building_Brochure.pdf,1,3,136.9,37447184,0,0,0,ok
scanner+form,corpus,MOZILLA-10084-0.pdf,1,1,14.8,3209200,0,0,0,ok
scanner+form,corpus,MOZILLA-10225-0.pdf,1,5,63.9,23478584,1,1,1,ok
scanner+form,corpus,MOZILLA-10372-2.pdf,1,5,35.4,12997624,0,0,0,ok
scanner+form,corpus,MOZILLA-2775-1.pdf,1,5,65.0,17667112,1,0,0,ok
scanner+form,corpus,MOZILLA-3136-0.pdf,1,4,768.7,219618848,2,1,1,ok
scanner+form,corpus,MOZILLA-7375-0.pdf,1,5,62.2,15739328,0,0,0,ok
scanner+form,corpus,MOZILLA-9176-2.pdf,1,5,3.0,9938560,0,0,0,ok
scanner+form,corpus,MOZILLA-LINK-3264-0.pdf,1,5,6.1,3432816,0,0,0,ok
scanner+form,corpus,MOZILLA-LINK-5251-1.pdf,1,2,10.4,2281168,0,0,0,ok
scanner+form,corpus,Math119FakingData.pdf,1,5,43.0,9254488,0,0,0,ok
scanner+form,corpus,Motor Insurance claim form.pdf,1,3,302.5,67900504,2,2,2,ok
scanner+form,corpus,Multiple Page - from Mortality Statistics.pdf,1,5,36.1,15745128,0,0,0,ok
scanner+form,corpus,OPEN.RABBIT.ENGLISH.LOP.pdf,1,5,69.5,27705248,1,0,0,ok
scanner+form,corpus,Old Gutnish Internet Explorer.pdf,1,3,34.5,14917880,1,1,1,ok
scanner+form,corpus,P2P-33713919.pdf,1,5,34.0,23043704,0,0,0,ok
scanner+form,corpus,PDFBOX-1869-4-1.pdf,1,1,1.7,410968,0,0,0,ok
scanner+form,corpus,PDFBOX-492-4.jar-8.pdf,1,2,39.3,16857808,0,0,0,ok
scanner+form,corpus,PDFBOX-624-2.pdf,1,5,17.9,11333720,0,0,0,ok
scanner+form,corpus,Pig Production Handbook.pdf,1,5,14.1,11474736,0,0,0,ok
scanner+form,corpus,Pig Reproduction Powerpoint.pdf,1,5,7.5,9122328,0,0,0,ok
scanner+form,corpus,Publication_of_award_of_Bids_for_Transport_Sector__August_2016.pdf,1,5,35.9,8530880,1,1,1,ok
scanner+form,corpus,Rotated Text Libre Office.pdf,1,1,0.9,272040,0,0,0,ok
scanner+form,corpus,Rotation 45.pdf,1,4,33.9,17555464,0,0,0,ok
scanner+form,corpus,SPARC - v9 Architecture Manual.pdf,1,5,172.4,73964080,1,1,1,ok
scanner+form,corpus,SPE8EF26T0545.pdf,1,5,42.8,11437216,1,0,0,ok
scanner+form,corpus,ShowTextOpWithUnbalancedRoundBrackets.pdf,1,1,7.6,4626624,0,0,0,ok
scanner+form,corpus,Single Page Broken Offsets - from google drive.pdf,1,1,1.8,611872,0,0,0,ok
scanner+form,corpus,Single Page Form Content - from itext 1_1.pdf,1,1,1.3,786608,0,0,0,ok
scanner+form,corpus,Single Page Hyperlinks - from open office.pdf,1,1,0.8,405992,0,0,0,ok
scanner+form,corpus,Single Page Images - from libre office.pdf,1,1,0.6,384496,0,0,0,ok
scanner+form,corpus,Single Page Non Latin - from acrobat distiller.pdf,1,1,1.0,416480,0,0,0,ok
scanner+form,corpus,Single Page Simple - from google drive.pdf,1,1,1.4,604816,0,0,0,ok
scanner+form,corpus,Single Page Simple - from inkscape.pdf,1,1,0.5,167272,0,0,0,ok
scanner+form,corpus,Single Page Simple - from open office.pdf,1,1,0.6,292960,0,0,0,ok
scanner+form,corpus,Single Page Type 1 Font.pdf,1,1,0.3,85776,0,0,0,ok
scanner+form,corpus,SinglePage180ClockwiseRotation - from PdfPig.pdf,1,1,0.5,248056,0,0,0,ok
scanner+form,corpus,SinglePage270ClockwiseRotation - from PdfPig.pdf,1,1,0.5,247984,0,0,0,ok
scanner+form,corpus,SinglePage90ClockwiseRotation - from PdfPig.pdf,1,1,0.5,247984,0,0,0,ok
scanner+form,corpus,SmallCropbox.pdf,1,1,2.0,1618472,0,0,0,ok
scanner+form,corpus,TIKA-1552-0.pdf,1,5,24.6,23365064,0,0,0,ok
scanner+form,corpus,TIKA-2054-0.pdf,1,5,24.5,20482192,0,0,0,ok
scanner+form,corpus,TIKA-469-0.pdf,1,2,6.7,4687672,0,0,0,ok
scanner+form,corpus,Test.Doc.pdf,1,1,2.5,1738664,0,0,0,ok
scanner+form,corpus,TrueTypeTablesGlyphDataTableReadGlyphsError.pdf,1,1,24.6,4532152,1,1,1,ok
scanner+form,corpus,Two Page Text Only - from libre office.pdf,1,2,2.2,1735224,0,0,0,ok
scanner+form,corpus,Type0 Font.pdf,1,1,9.4,10340584,0,0,0,ok
scanner+form,corpus,Type0_CJK_Font.pdf,1,5,60.9,4864144,0,0,0,ok
scanner+form,corpus,Type3Test.pdf,1,1,0.9,156688,0,0,0,ok
scanner+form,corpus,Various Content Types.pdf,1,1,0.9,271872,0,0,0,ok
scanner+form,corpus,Why.does.this.not.work.pdf,1,1,1.9,1050240,0,0,0,ok
scanner+form,corpus,_citUR2jB1_ay56u6vELzk.pdf,1,2,2.1,2369096,0,0,0,ok
scanner+form,corpus,annotation-comments.pdf,1,1,0.7,296088,0,0,0,ok
scanner+form,corpus,bold-italic.pdf,1,1,2.7,1898496,0,0,0,ok
scanner+form,corpus,bookmarks-with-accented-characters.pdf,1,1,0.6,331280,0,0,0,ok
scanner+form,corpus,byz.pdf,1,1,3.6,2271152,0,0,0,ok
scanner+form,corpus,capas.pdf,1,5,9.2,8262632,0,0,0,ok
scanner+form,corpus,cat-genetics.pdf,1,1,7.9,6762936,0,0,0,ok
scanner+form,corpus,cat-genetics_bobld.pdf,1,1,8.2,7031448,0,0,0,ok
scanner+form,corpus,cmap-parsing-exception.pdf,1,1,19.1,13352352,0,0,0,ok
scanner+form,corpus,cropped-and-rotated.pdf,1,1,12.8,776752,1,1,1,ok
scanner+form,corpus,data.pdf,1,3,5.4,4032928,0,0,0,ok
scanner+form,corpus,dotnet-ai.pdf,1,5,25.4,32244688,1,1,1,ok
scanner+form,corpus,felltypes-test.pdf,1,1,16.7,4976128,0,0,0,ok
scanner+form,corpus,hex_0x0006.pdf,1,1,1.4,659648,0,0,0,ok
scanner+form,corpus,inherited_mediabox.pdf,1,1,0.3,54912,0,0,0,ok
scanner+form,corpus,iron-ore-q2-q3-2013.pdf,1,5,37.2,35999824,0,0,0,ok
scanner+form,corpus,issue_1163.pdf,1,2,0.5,183432,0,0,0,ok
scanner+form,corpus,issue_1330.pdf,1,1,0.4,57040,0,0,0,ok
scanner+form,corpus,issue_1331.pdf,1,1,2.3,1527488,0,0,0,ok
scanner+form,corpus,issue_671.pdf,1,2,24.0,18270696,1,1,0,ok
scanner+form,corpus,issue_881.pdf,1,1,1.3,778304,0,0,0,ok
scanner+form,corpus,issues-1176-1.pdf,1,1,3.3,2142712,0,0,0,ok
scanner+form,corpus,issues-1176.pdf,1,1,3.2,7145400,0,0,0,ok
scanner+form,corpus,journal.pone.0196757.pdf,1,5,56.0,35350864,1,0,0,ok
scanner+form,corpus,jtehm-melillo-2679746.pdf,1,5,67.4,52742736,0,0,0,ok
scanner+form,corpus,little-pig-in-armenian.pdf,1,1,0.9,318080,0,0,0,ok
scanner+form,corpus,odwriteex.pdf,1,1,1.0,715480,0,0,0,ok
scanner+form,corpus,outline.pdf,1,3,2.1,1121432,0,0,0,ok
scanner+form,corpus,output_w3c_csswg_drafts_issues2023.pdf,1,1,0.7,235744,0,0,0,ok
scanner+form,corpus,path_ext_oddeven.pdf,1,1,1.7,1155504,0,0,0,ok
scanner+form,corpus,pop-bugzilla37292.pdf,1,4,8.2,7958672,0,0,0,ok
scanner+form,corpus,reference-2-numeric-error.pdf,1,1,46.9,7150632,1,0,0,ok
scanner+form,corpus,soundandvision.pdf,1,1,2.8,2022880,0,0,0,ok
scanner+form,corpus,ssm2163.pdf,1,5,18.9,10911152,0,0,0,ok
scanner+form,corpus,steam_in_page_dict.pdf,1,1,3.5,103608,0,0,0,ok
scanner+form,corpus,test-2_so_74165171.pdf,1,1,151.5,41138416,1,1,1,ok
scanner+form,corpus,testPdf-1.pdf,1,2,7.4,5924632,0,0,0,ok
scanner+form,corpus,test_a-5.pdf,1,5,66.8,69147544,0,0,0,ok
scanner+form,corpus,test_a.pdf,1,5,85.7,69148792,1,1,1,ok
scanner+form,corpus,toc.pdf,1,5,6.5,7517448,0,0,0,ok
scanner+form,corpus,type3-font-zero-height.pdf,1,1,17.7,7005200,0,0,0,ok
scanner+form,corpus,0000851.pdf,2,5,301.6,118362120,2,1,1,ok
scanner+form,corpus,11194059_2017-11_de_s.pdf,2,2,33.8,27417152,0,0,0,ok
scanner+form,corpus,2006_Swedish_Touring_Car_Championship.pdf,2,4,10.0,7628184,0,0,0,ok
scanner+form,corpus,2108.11480.pdf,2,5,113.0,74774496,2,1,1,ok
scanner+form,corpus,22060_A1_01_Plans-1.pdf,2,1,4.7,9374736,0,0,0,ok
scanner+form,corpus,6.Secrets.to.Startup.Success.PDFDrive.pdf,2,5,20.4,24670936,0,0,0,ok
scanner+form,corpus,68-1990-01_A.pdf,2,5,62.4,44330472,1,1,1,ok
scanner+form,corpus,AcroFormsBasicFields.pdf,2,1,0.9,594216,0,0,0,ok
scanner+form,corpus,Approved_Document_B__fire_safety__volume_2_-_Buildings_other_than_dwellings__2019_edition_incorporating_2020_and_2022_amendments.pdf,2,5,46.6,51969728,1,1,1,ok
scanner+form,corpus,Arve.nr.1615.17.04.2026.pdf,2,1,2.0,1192464,0,0,0,ok
scanner+form,corpus,ClipPathLetterFilter-Test1.pdf,2,5,23.9,12126584,1,1,1,ok
scanner+form,corpus,ClipPathLetterFilter-Test2.pdf,2,1,7.5,8370368,0,0,0,ok
scanner+form,corpus,ColorIssue.pdf,2,1,39.5,31879248,1,1,1,ok
scanner+form,corpus,DeviceN_CS_test.pdf,2,5,25.4,21476176,1,1,1,ok
scanner+form,corpus,Diacritics_export.pdf,2,1,1.9,2350760,0,0,0,ok
scanner+form,corpus,EmptyPdf.pdf,2,1,0.3,37712,0,0,0,ok
scanner+form,corpus,ErcotFacts.pdf,2,2,15.0,13361136,0,0,0,ok
scanner+form,corpus,FICTIF_TABLE_INDEX.pdf,2,5,13.3,14807488,0,0,0,ok
scanner+form,corpus,FarmerMac.pdf,2,5,14.0,13703640,1,1,0,ok
scanner+form,corpus,Font Size Test - from google chrome print pdf.pdf,2,1,1.0,480328,0,0,0,ok
scanner+form,corpus,Font Size Test - from libre office.pdf,2,1,0.5,188328,0,0,0,ok
scanner+form,corpus,FontMatrix-1.pdf,2,1,0.4,216408,0,0,0,ok
scanner+form,corpus,FontMatrix-concat.pdf,2,1,0.2,134320,0,0,0,ok
scanner+form,corpus,FontMatrix-otf-bad-hmtx.pdf,2,1,1.1,738432,0,0,0,ok
scanner+form,corpus,FontMatrix-otf.pdf,2,1,1.2,742712,0,0,0,ok
scanner+form,corpus,FontMatrix-raw.pdf,2,1,1.1,683312,0,0,0,ok
scanner+form,corpus,GHOSTSCRIPT-692564-0.pdf,2,1,0.8,547400,0,0,0,ok
scanner+form,corpus,GHOSTSCRIPT-695513-0.pdf,2,1,2.2,3521032,0,0,0,ok
scanner+form,corpus,GHOSTSCRIPT-696171-0.pdf,2,5,10.4,11336200,1,0,0,ok
scanner+form,corpus,GHOSTSCRIPT-696547-0.zip-7.pdf,2,1,3.6,7354872,0,0,0,ok
scanner+form,corpus,GHOSTSCRIPT-696547-0.zip-9.pdf,2,1,3.9,7354704,1,1,0,ok
scanner+form,corpus,GHOSTSCRIPT-697234-0.pdf,2,3,24.3,22678216,1,0,0,ok
scanner+form,corpus,GHOSTSCRIPT-697507-0.pdf,2,1,8.2,7906672,0,0,0,ok
scanner+form,corpus,GHOSTSCRIPT-697984-3.pdf,2,1,2.7,1619952,0,0,0,ok
scanner+form,corpus,GHOSTSCRIPT-698168-0.pdf,2,1,2.1,2816360,0,0,0,ok
scanner+form,corpus,GHOSTSCRIPT-698363-0.pdf,2,1,1.6,466576,0,0,0,ok
scanner+form,corpus,GHOSTSCRIPT-698721-0.zip-6.pdf,2,2,6.2,7317912,0,0,0,ok
scanner+form,corpus,GHOSTSCRIPT-698721-1.pdf,2,1,1.5,2032432,0,0,0,ok
scanner+form,corpus,GHOSTSCRIPT-699035-0.pdf,2,5,44.1,38284992,1,1,1,ok
scanner+form,corpus,GHOSTSCRIPT-699178-0.pdf,2,3,6.5,8420136,0,0,0,ok
scanner+form,corpus,GHOSTSCRIPT-699375-5.pdf,2,1,4.1,3069184,0,0,0,ok
scanner+form,corpus,GHOSTSCRIPT-699488-0.pdf,2,1,17.1,8120848,1,0,0,ok
scanner+form,corpus,GHOSTSCRIPT-699554-0.zip-4.pdf,2,1,1.5,1650480,0,0,0,ok
scanner+form,corpus,GHOSTSCRIPT-700125-1.pdf,2,5,11.5,16342112,0,0,0,ok
scanner+form,corpus,GHOSTSCRIPT-700139-0.pdf,2,2,152.9,116151360,2,2,1,ok
scanner+form,corpus,GHOSTSCRIPT-700236-1.pdf,2,5,11.5,13418640,0,0,0,ok
scanner+form,corpus,GHOSTSCRIPT-700288-1.pdf,2,1,4.3,4618240,0,0,0,ok
scanner+form,corpus,GHOSTSCRIPT-700370-2.pdf,2,1,1.8,1531200,0,0,0,ok
scanner+form,corpus,GHOSTSCRIPT-700931-0.7z-5.pdf,2,2,1.8,1222352,0,0,0,ok
scanner+form,corpus,GHOSTSCRIPT-702013-1.pdf,2,1,3.6,3792848,0,0,0,ok
scanner+form,corpus,Gamebook.pdf,2,5,15.6,9354160,0,0,0,ok
scanner+form,corpus,GlyphDataTableReadCompositeGlyphError.pdf,2,1,4.5,2885752,0,0,0,ok
scanner+form,corpus,Grapheme clusters emoji.pdf,2,1,0.4,149704,0,0,0,ok
scanner+form,corpus,ICML03-081.pdf,2,5,21.0,17261672,0,0,0,ok
scanner+form,corpus,Indexed-DeviceRGB-JPXDecode-0-.0.0.255.0.-Font-F1_1_missing_char_255-1.pdf,2,1,27.9,16977632,0,0,0,ok
scanner+form,corpus,IndexedCS_negative_and_high.pdf,2,1,0.5,81920,0,0,0,ok
scanner+form,corpus,Judgement Document.pdf,2,5,10.0,9128784,0,0,0,ok
scanner+form,corpus,LKR824191.pdf,2,1,4.1,4164840,0,0,0,ok
scanner+form,corpus,Layer pdf - 322_High_Holborn_building_Brochure.pdf,2,3,59.5,37066376,2,1,1,ok
scanner+form,corpus,MOZILLA-10084-0.pdf,2,1,3.0,3208472,0,0,0,ok
scanner+form,corpus,MOZILLA-10225-0.pdf,2,5,27.7,22999368,1,1,1,ok
scanner+form,corpus,MOZILLA-10372-2.pdf,2,5,9.3,12995608,0,0,0,ok
scanner+form,corpus,MOZILLA-2775-1.pdf,2,5,13.2,17666320,0,0,0,ok
scanner+form,corpus,MOZILLA-3136-0.pdf,2,4,198.3,217565992,2,1,0,ok
scanner+form,corpus,MOZILLA-7375-0.pdf,2,5,16.4,15738104,0,0,0,ok
scanner+form,corpus,MOZILLA-9176-2.pdf,2,5,3.8,9938560,0,0,0,ok
scanner+form,corpus,MOZILLA-LINK-3264-0.pdf,2,5,2.4,3312216,0,0,0,ok
scanner+form,corpus,MOZILLA-LINK-5251-1.pdf,2,2,2.9,2202384,0,0,0,ok
scanner+form,corpus,Math119FakingData.pdf,2,5,66.7,9252832,1,1,0,ok
scanner+form,corpus,Motor Insurance claim form.pdf,2,3,91.0,67260824,1,1,1,ok
scanner+form,corpus,Multiple Page - from Mortality Statistics.pdf,2,5,6.7,8201568,0,0,0,ok
scanner+form,corpus,OPEN.RABBIT.ENGLISH.LOP.pdf,2,5,19.5,27515312,0,0,0,ok
scanner+form,corpus,Old Gutnish Internet Explorer.pdf,2,3,10.9,14271136,0,0,0,ok
scanner+form,corpus,P2P-33713919.pdf,2,5,28.7,23003432,1,1,1,ok
scanner+form,corpus,PDFBOX-1869-4-1.pdf,2,1,0.7,411024,0,0,0,ok
scanner+form,corpus,PDFBOX-492-4.jar-8.pdf,2,2,17.2,16856176,0,0,0,ok
scanner+form,corpus,PDFBOX-624-2.pdf,2,5,9.1,11332232,0,0,0,ok
scanner+form,corpus,Pig Production Handbook.pdf,2,5,8.0,11474112,0,0,0,ok
scanner+form,corpus,Pig Reproduction Powerpoint.pdf,2,5,4.5,9119832,0,0,0,ok
scanner+form,corpus,Publication_of_award_of_Bids_for_Transport_Sector__August_2016.pdf,2,5,6.8,8292128,0,0,0,ok
scanner+form,corpus,Rotated Text Libre Office.pdf,2,1,0.5,238400,0,0,0,ok
scanner+form,corpus,Rotation 45.pdf,2,4,35.3,9902064,1,1,1,ok
scanner+form,corpus,SPARC - v9 Architecture Manual.pdf,2,5,70.4,73964168,2,1,1,ok
scanner+form,corpus,SPE8EF26T0545.pdf,2,5,9.4,11430472,0,0,0,ok
scanner+form,corpus,ShowTextOpWithUnbalancedRoundBrackets.pdf,2,1,3.9,4626032,0,0,0,ok
scanner+form,corpus,Single Page Broken Offsets - from google drive.pdf,2,1,1.3,590416,0,0,0,ok
scanner+form,corpus,Single Page Form Content - from itext 1_1.pdf,2,1,0.8,786440,0,0,0,ok
scanner+form,corpus,Single Page Hyperlinks - from open office.pdf,2,1,0.6,360968,0,0,0,ok
scanner+form,corpus,Single Page Images - from libre office.pdf,2,1,0.4,378640,0,0,0,ok
scanner+form,corpus,Single Page Non Latin - from acrobat distiller.pdf,2,1,0.9,396512,0,0,0,ok
scanner+form,corpus,Single Page Simple - from google drive.pdf,2,1,0.8,583432,0,0,0,ok
scanner+form,corpus,Single Page Simple - from inkscape.pdf,2,1,0.3,150184,0,0,0,ok
scanner+form,corpus,Single Page Simple - from open office.pdf,2,1,0.5,269584,0,0,0,ok
scanner+form,corpus,Single Page Type 1 Font.pdf,2,1,0.2,85752,0,0,0,ok
scanner+form,corpus,SinglePage180ClockwiseRotation - from PdfPig.pdf,2,1,0.3,201784,0,0,0,ok
scanner+form,corpus,SinglePage270ClockwiseRotation - from PdfPig.pdf,2,1,0.4,201784,0,0,0,ok
scanner+form,corpus,SinglePage90ClockwiseRotation - from PdfPig.pdf,2,1,0.3,201784,0,0,0,ok
scanner+form,corpus,SmallCropbox.pdf,2,1,1.3,1618304,0,0,0,ok
scanner+form,corpus,TIKA-1552-0.pdf,2,5,18.0,23346496,0,0,0,ok
scanner+form,corpus,TIKA-2054-0.pdf,2,5,15.6,20478608,0,0,0,ok
scanner+form,corpus,TIKA-469-0.pdf,2,2,4.1,4679104,0,0,0,ok
scanner+form,corpus,Test.Doc.pdf,2,1,1.8,1679744,0,0,0,ok
scanner+form,corpus,TrueTypeTablesGlyphDataTableReadGlyphsError.pdf,2,1,4.4,3649216,0,0,0,ok
scanner+form,corpus,Two Page Text Only - from libre office.pdf,2,2,1.8,1572176,0,0,0,ok
scanner+form,corpus,Type0 Font.pdf,2,1,8.0,9722152,0,0,0,ok
scanner+form,corpus,Type0_CJK_Font.pdf,2,5,10.0,3216968,0,0,0,ok
scanner+form,corpus,Type3Test.pdf,2,1,0.9,155296,0,0,0,ok
scanner+form,corpus,Various Content Types.pdf,2,1,0.5,257232,0,0,0,ok
scanner+form,corpus,Why.does.this.not.work.pdf,2,1,1.4,1035984,0,0,0,ok
scanner+form,corpus,_citUR2jB1_ay56u6vELzk.pdf,2,2,2.2,2256656,0,0,0,ok
scanner+form,corpus,annotation-comments.pdf,2,1,0.7,283416,0,0,0,ok
scanner+form,corpus,bold-italic.pdf,2,1,2.3,1617504,0,0,0,ok
scanner+form,corpus,bookmarks-with-accented-characters.pdf,2,1,0.5,331256,0,0,0,ok
scanner+form,corpus,byz.pdf,2,1,2.8,2271056,0,0,0,ok
scanner+form,corpus,capas.pdf,2,5,33.0,8008880,1,0,0,ok
scanner+form,corpus,cat-genetics.pdf,2,1,5.4,6762184,0,0,0,ok
scanner+form,corpus,cat-genetics_bobld.pdf,2,1,5.1,7030992,0,0,0,ok
scanner+form,corpus,cmap-parsing-exception.pdf,2,1,15.2,13117104,0,0,0,ok
scanner+form,corpus,cropped-and-rotated.pdf,2,1,1.1,744232,0,0,0,ok
scanner+form,corpus,data.pdf,2,3,3.4,4032504,0,0,0,ok
scanner+form,corpus,dotnet-ai.pdf,2,5,31.4,31554784,1,1,1,ok
scanner+form,corpus,felltypes-test.pdf,2,1,7.6,4975168,0,0,0,ok
scanner+form,corpus,hex_0x0006.pdf,2,1,1.0,658904,0,0,0,ok
scanner+form,corpus,inherited_mediabox.pdf,2,1,0.3,54816,0,0,0,ok
scanner+form,corpus,iron-ore-q2-q3-2013.pdf,2,5,34.1,35961288,1,1,1,ok
scanner+form,corpus,issue_1163.pdf,2,2,0.4,183592,0,0,0,ok
scanner+form,corpus,issue_1330.pdf,2,1,0.2,57016,0,0,0,ok
scanner+form,corpus,issue_1331.pdf,2,1,1.6,1351064,0,0,0,ok
scanner+form,corpus,issue_671.pdf,2,2,16.8,17840064,0,0,0,ok
scanner+form,corpus,issue_881.pdf,2,1,0.9,617520,0,0,0,ok
scanner+form,corpus,issues-1176-1.pdf,2,1,2.3,2141664,0,0,0,ok
scanner+form,corpus,issues-1176.pdf,2,1,16.9,7146720,1,1,1,ok
scanner+form,corpus,journal.pone.0196757.pdf,2,5,22.6,35325704,0,0,0,ok
scanner+form,corpus,jtehm-melillo-2679746.pdf,2,5,45.0,52740192,0,0,0,ok
scanner+form,corpus,little-pig-in-armenian.pdf,2,1,0.7,307208,0,0,0,ok
scanner+form,corpus,odwriteex.pdf,2,1,0.8,715384,0,0,0,ok
scanner+form,corpus,outline.pdf,2,3,1.6,1088096,0,0,0,ok
scanner+form,corpus,output_w3c_csswg_drafts_issues2023.pdf,2,1,0.5,235512,0,0,0,ok
scanner+form,corpus,path_ext_oddeven.pdf,2,1,1.3,1040040,0,0,0,ok
scanner+form,corpus,pop-bugzilla37292.pdf,2,4,23.7,7592600,1,0,0,ok
scanner+form,corpus,reference-2-numeric-error.pdf,2,1,7.9,7148368,0,0,0,ok
scanner+form,corpus,soundandvision.pdf,2,1,1.9,1856832,0,0,0,ok
scanner+form,corpus,ssm2163.pdf,2,5,8.1,10260736,0,0,0,ok
scanner+form,corpus,steam_in_page_dict.pdf,2,1,0.3,103512,0,0,0,ok
scanner+form,corpus,test-2_so_74165171.pdf,2,1,53.8,39104616,1,1,1,ok
scanner+form,corpus,testPdf-1.pdf,2,2,20.4,5703752,1,1,1,ok
scanner+form,corpus,test_a-5.pdf,2,5,49.9,68792048,0,0,0,ok
scanner+form,corpus,test_a.pdf,2,5,89.1,68793520,2,1,1,ok
scanner+form,corpus,toc.pdf,2,5,5.4,7517328,0,0,0,ok
scanner+form,corpus,type3-font-zero-height.pdf,2,1,8.9,6999696,0,0,0,ok
scanner+form,corpus,0000851.pdf,3,5,180.3,118361912,1,1,1,ok
scanner+form,corpus,11194059_2017-11_de_s.pdf,3,2,21.4,27417152,0,0,0,ok
scanner+form,corpus,2006_Swedish_Touring_Car_Championship.pdf,3,4,6.1,7628184,0,0,0,ok
scanner+form,corpus,2108.11480.pdf,3,5,85.2,74772816,1,1,0,ok
scanner+form,corpus,22060_A1_01_Plans-1.pdf,3,1,5.1,9374736,0,0,0,ok
scanner+form,corpus,6.Secrets.to.Startup.Success.PDFDrive.pdf,3,5,31.8,24672616,1,1,1,ok
scanner+form,corpus,68-1990-01_A.pdf,3,5,38.7,44329000,0,0,0,ok
scanner+form,corpus,AcroFormsBasicFields.pdf,3,1,0.8,594008,0,0,0,ok
scanner+form,corpus,Approved_Document_B__fire_safety__volume_2_-_Buildings_other_than_dwellings__2019_edition_incorporating_2020_and_2022_amendments.pdf,3,5,51.7,51971408,2,2,2,ok
scanner+form,corpus,Arve.nr.1615.17.04.2026.pdf,3,1,1.5,1192464,0,0,0,ok
scanner+form,corpus,ClipPathLetterFilter-Test1.pdf,3,5,10.4,12124384,0,0,0,ok
scanner+form,corpus,ClipPathLetterFilter-Test2.pdf,3,1,6.3,8370160,0,0,0,ok
scanner+form,corpus,ColorIssue.pdf,3,1,25.8,31877568,0,0,0,ok
scanner+form,corpus,DeviceN_CS_test.pdf,3,5,29.0,21475968,1,1,1,ok
scanner+form,corpus,Diacritics_export.pdf,3,1,1.8,2350760,0,0,0,ok
scanner+form,corpus,EmptyPdf.pdf,3,1,0.2,37712,0,0,0,ok
scanner+form,corpus,ErcotFacts.pdf,3,2,12.3,13361136,0,0,0,ok
scanner+form,corpus,FICTIF_TABLE_INDEX.pdf,3,5,15.3,14807488,1,1,0,ok
scanner+form,corpus,FarmerMac.pdf,3,5,12.4,13703848,1,0,0,ok
scanner+form,corpus,Font Size Test - from google chrome print pdf.pdf,3,1,0.8,480328,0,0,0,ok
scanner+form,corpus,Font Size Test - from libre office.pdf,3,1,0.4,188328,0,0,0,ok
scanner+form,corpus,FontMatrix-1.pdf,3,1,0.4,216408,0,0,0,ok
scanner+form,corpus,FontMatrix-concat.pdf,3,1,0.2,134320,0,0,0,ok
scanner+form,corpus,FontMatrix-otf-bad-hmtx.pdf,3,1,1.1,738432,0,0,0,ok
scanner+form,corpus,FontMatrix-otf.pdf,3,1,1.2,742712,0,0,0,ok
scanner+form,corpus,FontMatrix-raw.pdf,3,1,1.0,683312,0,0,0,ok
scanner+form,corpus,GHOSTSCRIPT-692564-0.pdf,3,1,0.7,547400,0,0,0,ok
scanner+form,corpus,GHOSTSCRIPT-695513-0.pdf,3,1,1.9,3521032,0,0,0,ok
scanner+form,corpus,GHOSTSCRIPT-696171-0.pdf,3,5,8.8,11336200,0,0,0,ok
scanner+form,corpus,GHOSTSCRIPT-696547-0.zip-7.pdf,3,1,3.9,7354664,0,0,0,ok
scanner+form,corpus,GHOSTSCRIPT-696547-0.zip-9.pdf,3,1,3.7,7354704,0,0,0,ok
scanner+form,corpus,GHOSTSCRIPT-697234-0.pdf,3,3,29.2,22678008,1,1,0,ok
scanner+form,corpus,GHOSTSCRIPT-697507-0.pdf,3,1,19.3,7908352,1,1,1,ok
scanner+form,corpus,GHOSTSCRIPT-697984-3.pdf,3,1,2.1,1620160,0,0,0,ok
scanner+form,corpus,GHOSTSCRIPT-698168-0.pdf,3,1,1.9,2816360,0,0,0,ok
scanner+form,corpus,GHOSTSCRIPT-698363-0.pdf,3,1,1.5,466168,0,0,0,ok
scanner+form,corpus,GHOSTSCRIPT-698721-0.zip-6.pdf,3,2,5.9,7317912,0,0,0,ok
scanner+form,corpus,GHOSTSCRIPT-698721-1.pdf,3,1,1.5,2032432,0,0,0,ok
scanner+form,corpus,GHOSTSCRIPT-699035-0.pdf,3,5,31.0,38283312,0,0,0,ok
scanner+form,corpus,GHOSTSCRIPT-699178-0.pdf,3,3,21.9,8419928,1,1,0,ok
scanner+form,corpus,GHOSTSCRIPT-699375-5.pdf,3,1,3.1,3069392,0,0,0,ok
scanner+form,corpus,GHOSTSCRIPT-699488-0.pdf,3,1,6.5,8120848,0,0,0,ok
scanner+form,corpus,GHOSTSCRIPT-699554-0.zip-4.pdf,3,1,1.4,1650272,0,0,0,ok
scanner+form,corpus,GHOSTSCRIPT-700125-1.pdf,3,5,11.0,16342112,0,0,0,ok
scanner+form,corpus,GHOSTSCRIPT-700139-0.pdf,3,2,110.5,116151360,1,1,1,ok
scanner+form,corpus,GHOSTSCRIPT-700236-1.pdf,3,5,15.0,13418640,0,0,0,ok
scanner+form,corpus,GHOSTSCRIPT-700288-1.pdf,3,1,7.8,4618240,1,1,0,ok
scanner+form,corpus,GHOSTSCRIPT-700370-2.pdf,3,1,1.6,1531408,0,0,0,ok
scanner+form,corpus,GHOSTSCRIPT-700931-0.7z-5.pdf,3,2,1.3,1222352,0,0,0,ok
scanner+form,corpus,GHOSTSCRIPT-702013-1.pdf,3,1,3.0,3792848,0,0,0,ok
scanner+form,corpus,Gamebook.pdf,3,5,8.1,9354160,0,0,0,ok
scanner+form,corpus,GlyphDataTableReadCompositeGlyphError.pdf,3,1,4.2,2885752,1,0,0,ok
scanner+form,corpus,Grapheme clusters emoji.pdf,3,1,0.3,149912,0,0,0,ok
scanner+form,corpus,ICML03-081.pdf,3,5,20.3,17261672,1,1,0,ok
scanner+form,corpus,Indexed-DeviceRGB-JPXDecode-0-.0.0.255.0.-Font-F1_1_missing_char_255-1.pdf,3,1,21.1,16977840,0,0,0,ok
scanner+form,corpus,IndexedCS_negative_and_high.pdf,3,1,0.4,81920,0,0,0,ok
scanner+form,corpus,Judgement Document.pdf,3,5,6.2,9128784,0,0,0,ok
scanner+form,corpus,LKR824191.pdf,3,1,2.8,4164840,0,0,0,ok
scanner+form,corpus,Layer pdf - 322_High_Holborn_building_Brochure.pdf,3,3,45.8,37066376,1,1,1,ok
scanner+form,corpus,MOZILLA-10084-0.pdf,3,1,3.4,3208472,0,0,0,ok
scanner+form,corpus,MOZILLA-10225-0.pdf,3,5,14.4,22997688,0,0,0,ok
scanner+form,corpus,MOZILLA-10372-2.pdf,3,5,22.1,12997080,1,1,1,ok
scanner+form,corpus,MOZILLA-2775-1.pdf,3,5,13.4,17666528,0,0,0,ok
scanner+form,corpus,MOZILLA-3136-0.pdf,3,4,216.0,217567672,2,1,1,ok
scanner+form,corpus,MOZILLA-7375-0.pdf,3,5,37.9,15739784,1,1,1,ok
scanner+form,corpus,MOZILLA-9176-2.pdf,3,5,2.5,9938768,0,0,0,ok
scanner+form,corpus,MOZILLA-LINK-3264-0.pdf,3,5,2.5,3312216,0,0,0,ok
scanner+form,corpus,MOZILLA-LINK-5251-1.pdf,3,2,2.1,2202384,0,0,0,ok
scanner+form,corpus,Math119FakingData.pdf,3,5,7.1,9252832,0,0,0,ok
scanner+form,corpus,Motor Insurance claim form.pdf,3,3,90.0,67260616,2,1,1,ok
scanner+form,corpus,Multiple Page - from Mortality Statistics.pdf,3,5,6.3,8201568,0,0,0,ok
scanner+form,corpus,OPEN.RABBIT.ENGLISH.LOP.pdf,3,5,30.9,27516992,1,1,1,ok
scanner+form,corpus,Old Gutnish Internet Explorer.pdf,3,3,11.4,14271344,0,0,0,ok
scanner+form,corpus,P2P-33713919.pdf,3,5,12.6,23001752,0,0,0,ok
scanner+form,corpus,PDFBOX-1869-4-1.pdf,3,1,0.7,410816,0,0,0,ok
scanner+form,corpus,PDFBOX-492-4.jar-8.pdf,3,2,18.0,16856176,0,0,0,ok
scanner+form,corpus,PDFBOX-624-2.pdf,3,5,9.6,11332232,0,0,0,ok
scanner+form,corpus,Pig Production Handbook.pdf,3,5,7.8,11474112,0,0,0,ok
scanner+form,corpus,Pig Reproduction Powerpoint.pdf,3,5,4.7,9119832,0,0,0,ok
scanner+form,corpus,Publication_of_award_of_Bids_for_Transport_Sector__August_2016.pdf,3,5,25.1,8293808,1,1,1,ok
scanner+form,corpus,Rotated Text Libre Office.pdf,3,1,0.5,238608,0,0,0,ok
scanner+form,corpus,Rotation 45.pdf,3,4,12.0,9899864,0,0,0,ok
scanner+form,corpus,SPARC - v9 Architecture Manual.pdf,3,5,78.6,73963960,2,1,1,ok
scanner+form,corpus,SPE8EF26T0545.pdf,3,5,9.2,11430472,0,0,0,ok
scanner+form,corpus,ShowTextOpWithUnbalancedRoundBrackets.pdf,3,1,4.2,4626032,0,0,0,ok
scanner+form,corpus,Single Page Broken Offsets - from google drive.pdf,3,1,1.5,590416,0,0,0,ok
scanner+form,corpus,Single Page Form Content - from itext 1_1.pdf,3,1,0.8,786440,0,0,0,ok
scanner+form,corpus,Single Page Hyperlinks - from open office.pdf,3,1,0.5,360968,0,0,0,ok
scanner+form,corpus,Single Page Images - from libre office.pdf,3,1,0.4,378640,0,0,0,ok
scanner+form,corpus,Single Page Non Latin - from acrobat distiller.pdf,3,1,0.7,396512,0,0,0,ok
scanner+form,corpus,Single Page Simple - from google drive.pdf,3,1,0.8,583432,0,0,0,ok
scanner+form,corpus,Single Page Simple - from inkscape.pdf,3,1,0.3,150184,0,0,0,ok
scanner+form,corpus,Single Page Simple - from open office.pdf,3,1,0.4,269584,0,0,0,ok
scanner+form,corpus,Single Page Type 1 Font.pdf,3,1,0.2,85752,0,0,0,ok
scanner+form,corpus,SinglePage180ClockwiseRotation - from PdfPig.pdf,3,1,0.3,201784,0,0,0,ok
scanner+form,corpus,SinglePage270ClockwiseRotation - from PdfPig.pdf,3,1,0.3,201784,0,0,0,ok
scanner+form,corpus,SinglePage90ClockwiseRotation - from PdfPig.pdf,3,1,0.4,201784,0,0,0,ok
scanner+form,corpus,SmallCropbox.pdf,3,1,1.5,1618304,0,0,0,ok
scanner+form,corpus,TIKA-1552-0.pdf,3,5,17.1,23346496,0,0,0,ok
scanner+form,corpus,TIKA-2054-0.pdf,3,5,15.9,20478608,0,0,0,ok
scanner+form,corpus,TIKA-469-0.pdf,3,2,3.7,4679104,0,0,0,ok
scanner+form,corpus,Test.Doc.pdf,3,1,1.6,1679744,0,0,0,ok
scanner+form,corpus,TrueTypeTablesGlyphDataTableReadGlyphsError.pdf,3,1,4.4,3649216,0,0,0,ok
scanner+form,corpus,Two Page Text Only - from libre office.pdf,3,2,1.5,1572176,0,0,0,ok
scanner+form,corpus,Type0 Font.pdf,3,1,8.8,9722152,0,0,0,ok
scanner+form,corpus,Type0_CJK_Font.pdf,3,5,9.2,3216968,0,0,0,ok
scanner+form,corpus,Type3Test.pdf,3,1,0.4,155296,0,0,0,ok
scanner+form,corpus,Various Content Types.pdf,3,1,0.7,257232,0,0,0,ok
scanner+form,corpus,Why.does.this.not.work.pdf,3,1,1.5,1035984,0,0,0,ok
scanner+form,corpus,_citUR2jB1_ay56u6vELzk.pdf,3,2,2.3,2256656,0,0,0,ok
scanner+form,corpus,annotation-comments.pdf,3,1,0.6,283416,0,0,0,ok
scanner+form,corpus,bold-italic.pdf,3,1,2.2,1617504,0,0,0,ok
scanner+form,corpus,bookmarks-with-accented-characters.pdf,3,1,0.5,331256,0,0,0,ok
scanner+form,corpus,byz.pdf,3,1,2.6,2271056,0,0,0,ok
scanner+form,corpus,capas.pdf,3,5,8.0,8008880,0,0,0,ok
scanner+form,corpus,cat-genetics.pdf,3,1,6.5,6761976,0,0,0,ok
scanner+form,corpus,cat-genetics_bobld.pdf,3,1,33.0,7032672,1,1,1,ok
scanner+form,corpus,cmap-parsing-exception.pdf,3,1,15.3,13117312,0,0,0,ok
scanner+form,corpus,cropped-and-rotated.pdf,3,1,1.1,744232,0,0,0,ok
scanner+form,corpus,data.pdf,3,3,3.4,4032504,0,0,0,ok
scanner+form,corpus,dotnet-ai.pdf,3,5,26.0,31554784,1,1,1,ok
scanner+form,corpus,felltypes-test.pdf,3,1,7.7,4975168,0,0,0,ok
scanner+form,corpus,hex_0x0006.pdf,3,1,0.9,658904,0,0,0,ok
scanner+form,corpus,inherited_mediabox.pdf,3,1,0.2,54816,0,0,0,ok
scanner+form,corpus,iron-ore-q2-q3-2013.pdf,3,5,17.3,35959192,0,0,0,ok
scanner+form,corpus,issue_1163.pdf,3,2,0.5,183384,0,0,0,ok
scanner+form,corpus,issue_1330.pdf,3,1,0.2,57016,0,0,0,ok
scanner+form,corpus,issue_1331.pdf,3,1,1.4,1351064,0,0,0,ok
scanner+form,corpus,issue_671.pdf,3,2,18.5,17840064,1,0,0,ok
scanner+form,corpus,issue_881.pdf,3,1,0.9,617728,0,0,0,ok
scanner+form,corpus,issues-1176-1.pdf,3,1,1.8,2142184,0,0,0,ok
scanner+form,corpus,issues-1176.pdf,3,1,3.4,7145040,0,0,0,ok
scanner+form,corpus,journal.pone.0196757.pdf,3,5,31.1,35325496,1,0,0,ok
scanner+form,corpus,jtehm-melillo-2679746.pdf,3,5,47.9,52740400,0,0,0,ok
scanner+form,corpus,little-pig-in-armenian.pdf,3,1,0.9,307208,0,0,0,ok
scanner+form,corpus,odwriteex.pdf,3,1,1.0,715384,0,0,0,ok
scanner+form,corpus,outline.pdf,3,3,1.9,1088096,0,0,0,ok
scanner+form,corpus,output_w3c_csswg_drafts_issues2023.pdf,3,1,0.6,235512,0,0,0,ok
scanner+form,corpus,path_ext_oddeven.pdf,3,1,1.6,1040040,0,0,0,ok
scanner+form,corpus,pop-bugzilla37292.pdf,3,4,9.3,7592600,0,0,0,ok
scanner+form,corpus,reference-2-numeric-error.pdf,3,1,32.0,7148160,1,0,0,ok
scanner+form,corpus,soundandvision.pdf,3,1,2.1,1857040,0,0,0,ok
scanner+form,corpus,ssm2163.pdf,3,5,7.9,10260736,0,0,0,ok
scanner+form,corpus,steam_in_page_dict.pdf,3,1,0.3,103512,0,0,0,ok
scanner+form,corpus,test-2_so_74165171.pdf,3,1,44.0,39102936,0,0,0,ok
scanner+form,corpus,testPdf-1.pdf,3,2,6.2,5701864,0,0,0,ok
scanner+form,corpus,test_a-5.pdf,3,5,73.9,68793520,1,1,1,ok
scanner+form,corpus,test_a.pdf,3,5,53.2,68792048,0,0,0,ok
scanner+form,corpus,toc.pdf,3,5,5.5,7517120,0,0,0,ok
scanner+form,corpus,type3-font-zero-height.pdf,3,1,32.4,7001376,1,1,1,ok
a-plus-b,corpus,0000851.pdf,1,5,1094.4,165456960,4,2,2,ok
a-plus-b,corpus,11194059_2017-11_de_s.pdf,1,2,118.2,27619136,0,0,0,ok
a-plus-b,corpus,2006_Swedish_Touring_Car_Championship.pdf,1,4,32.4,7845616,0,0,0,ok
a-plus-b,corpus,2108.11480.pdf,1,5,211.1,76444448,1,1,1,ok
a-plus-b,corpus,22060_A1_01_Plans-1.pdf,1,1,28.8,9376568,1,1,1,ok
a-plus-b,corpus,6.Secrets.to.Startup.Success.PDFDrive.pdf,1,5,71.5,24667872,0,0,0,ok
a-plus-b,corpus,68-1990-01_A.pdf,1,5,209.2,64717008,3,2,2,ok
a-plus-b,corpus,AcroFormsBasicFields.pdf,1,1,1.6,595864,0,0,0,ok
a-plus-b,corpus,Approved_Document_B__fire_safety__volume_2_-_Buildings_other_than_dwellings__2019_edition_incorporating_2020_and_2022_amendments.pdf,1,5,112.9,51968080,2,2,2,ok
a-plus-b,corpus,Arve.nr.1615.17.04.2026.pdf,1,1,5.1,1294072,0,0,0,ok
a-plus-b,corpus,ClipPathLetterFilter-Test1.pdf,1,5,101.7,41274136,1,0,0,ok
a-plus-b,corpus,ClipPathLetterFilter-Test2.pdf,1,1,26.2,8781480,0,0,0,ok
a-plus-b,corpus,ColorIssue.pdf,1,1,102.6,33568832,0,0,0,ok
a-plus-b,corpus,DeviceN_CS_test.pdf,1,5,76.5,22007752,1,1,1,ok
a-plus-b,corpus,Diacritics_export.pdf,1,1,8.4,2353408,0,0,0,ok
a-plus-b,corpus,EmptyPdf.pdf,1,1,0.8,38360,0,0,0,ok
a-plus-b,corpus,ErcotFacts.pdf,1,2,57.0,13764600,0,0,0,ok
a-plus-b,corpus,FICTIF_TABLE_INDEX.pdf,1,5,60.2,15507320,1,1,1,ok
a-plus-b,corpus,FarmerMac.pdf,1,5,54.8,14093000,0,0,0,ok
a-plus-b,corpus,Font Size Test - from google chrome print pdf.pdf,1,1,2.0,504952,0,0,0,ok
a-plus-b,corpus,Font Size Test - from libre office.pdf,1,1,1.2,201728,0,0,0,ok
a-plus-b,corpus,FontMatrix-1.pdf,1,1,0.9,216624,0,0,0,ok
a-plus-b,corpus,FontMatrix-concat.pdf,1,1,0.3,134464,0,0,0,ok
a-plus-b,corpus,FontMatrix-otf-bad-hmtx.pdf,1,1,4.3,741744,0,0,0,ok
a-plus-b,corpus,FontMatrix-otf.pdf,1,1,2.2,742080,0,0,0,ok
a-plus-b,corpus,FontMatrix-raw.pdf,1,1,2.2,682752,0,0,0,ok
a-plus-b,corpus,GHOSTSCRIPT-692564-0.pdf,1,1,4.1,547584,0,0,0,ok
a-plus-b,corpus,GHOSTSCRIPT-695513-0.pdf,1,1,12.3,3521400,0,0,0,ok
a-plus-b,corpus,GHOSTSCRIPT-696171-0.pdf,1,5,42.2,11332056,0,0,0,ok
a-plus-b,corpus,GHOSTSCRIPT-696547-0.zip-7.pdf,1,1,26.7,7354720,0,0,0,ok
a-plus-b,corpus,GHOSTSCRIPT-696547-0.zip-9.pdf,1,1,21.3,7354408,0,0,0,ok
a-plus-b,corpus,GHOSTSCRIPT-697234-0.pdf,1,3,112.5,22678576,0,0,0,ok
a-plus-b,corpus,GHOSTSCRIPT-697507-0.pdf,1,1,28.5,7905648,0,0,0,ok
a-plus-b,corpus,GHOSTSCRIPT-697984-3.pdf,1,1,7.5,1697576,0,0,0,ok
a-plus-b,corpus,GHOSTSCRIPT-698168-0.pdf,1,1,8.4,2816232,0,0,0,ok
a-plus-b,corpus,GHOSTSCRIPT-698363-0.pdf,1,1,12.4,476912,0,0,0,ok
a-plus-b,corpus,GHOSTSCRIPT-698721-0.zip-6.pdf,1,2,43.5,7316800,1,1,1,ok
a-plus-b,corpus,GHOSTSCRIPT-698721-1.pdf,1,1,4.3,2031448,0,0,0,ok
a-plus-b,corpus,GHOSTSCRIPT-699035-0.pdf,1,5,192.0,38280952,1,0,0,ok
a-plus-b,corpus,GHOSTSCRIPT-699178-0.pdf,1,3,24.5,8588640,0,0,0,ok
a-plus-b,corpus,GHOSTSCRIPT-699375-5.pdf,1,1,10.6,3265168,0,0,0,ok
a-plus-b,corpus,GHOSTSCRIPT-699488-0.pdf,1,1,24.9,8120800,0,0,0,ok
a-plus-b,corpus,GHOSTSCRIPT-699554-0.zip-4.pdf,1,1,4.6,1649736,0,0,0,ok
a-plus-b,corpus,GHOSTSCRIPT-700125-1.pdf,1,5,59.5,17734176,0,0,0,ok
a-plus-b,corpus,GHOSTSCRIPT-700139-0.pdf,1,2,427.3,117735752,3,2,2,ok
a-plus-b,corpus,GHOSTSCRIPT-700236-1.pdf,1,5,48.4,13413248,0,0,0,ok
a-plus-b,corpus,GHOSTSCRIPT-700288-1.pdf,1,1,21.2,4617680,0,0,0,ok
a-plus-b,corpus,GHOSTSCRIPT-700370-2.pdf,1,1,5.5,1668512,0,0,0,ok
a-plus-b,corpus,GHOSTSCRIPT-700931-0.7z-5.pdf,1,2,5.0,1220952,0,0,0,ok
a-plus-b,corpus,GHOSTSCRIPT-702013-1.pdf,1,1,13.3,3790912,0,0,0,ok
a-plus-b,corpus,Gamebook.pdf,1,5,153.7,150677744,8,8,8,ok
a-plus-b,corpus,GlyphDataTableReadCompositeGlyphError.pdf,1,1,16.3,3791432,0,0,0,ok
a-plus-b,corpus,Grapheme clusters emoji.pdf,1,1,0.8,149432,0,0,0,ok
a-plus-b,corpus,ICML03-081.pdf,1,5,51.4,17259168,0,0,0,ok
a-plus-b,corpus,Indexed-DeviceRGB-JPXDecode-0-.0.0.255.0.-Font-F1_1_missing_char_255-1.pdf,1,1,50.4,16993712,0,0,0,ok
a-plus-b,corpus,IndexedCS_negative_and_high.pdf,1,1,1.2,81672,0,0,0,ok
a-plus-b,corpus,Judgement Document.pdf,1,5,49.3,10861312,1,1,1,ok
a-plus-b,corpus,LKR824191.pdf,1,1,16.4,4164824,0,0,0,ok
a-plus-b,corpus,Layer pdf - 322_High_Holborn_building_Brochure.pdf,1,3,153.3,37442712,0,0,0,ok
a-plus-b,corpus,MOZILLA-10084-0.pdf,1,1,23.1,3208320,1,0,0,ok
a-plus-b,corpus,MOZILLA-10225-0.pdf,1,5,44.3,23473648,1,1,1,ok
a-plus-b,corpus,MOZILLA-10372-2.pdf,1,5,40.6,12995328,0,0,0,ok
a-plus-b,corpus,MOZILLA-2775-1.pdf,1,5,47.0,17662056,0,0,0,ok
a-plus-b,corpus,MOZILLA-3136-0.pdf,1,4,622.7,219612112,2,1,1,ok
a-plus-b,corpus,MOZILLA-7375-0.pdf,1,5,28.0,15745168,0,0,0,ok
a-plus-b,corpus,MOZILLA-9176-2.pdf,1,5,24.6,9937696,1,1,1,ok
a-plus-b,corpus,MOZILLA-LINK-3264-0.pdf,1,5,3.7,3410968,0,0,0,ok
a-plus-b,corpus,MOZILLA-LINK-5251-1.pdf,1,2,5.2,2279824,0,0,0,ok
a-plus-b,corpus,Math119FakingData.pdf,1,5,16.6,9249712,0,0,0,ok
a-plus-b,corpus,Motor Insurance claim form.pdf,1,3,151.2,67895992,2,2,2,ok
a-plus-b,corpus,Multiple Page - from Mortality Statistics.pdf,1,5,27.9,15740144,0,0,0,ok
a-plus-b,corpus,OPEN.RABBIT.ENGLISH.LOP.pdf,1,5,36.1,27701848,0,0,0,ok
a-plus-b,corpus,Old Gutnish Internet Explorer.pdf,1,3,18.8,14913736,0,0,0,ok
a-plus-b,corpus,P2P-33713919.pdf,1,5,24.2,23033240,0,0,0,ok
a-plus-b,corpus,PDFBOX-1869-4-1.pdf,1,1,1.6,410336,0,0,0,ok
a-plus-b,corpus,PDFBOX-492-4.jar-8.pdf,1,2,55.9,16855816,1,1,1,ok
a-plus-b,corpus,PDFBOX-624-2.pdf,1,5,15.1,11327192,0,0,0,ok
a-plus-b,corpus,Pig Production Handbook.pdf,1,5,20.0,11469120,1,0,0,ok
a-plus-b,corpus,Pig Reproduction Powerpoint.pdf,1,5,6.8,9119488,0,0,0,ok
a-plus-b,corpus,Publication_of_award_of_Bids_for_Transport_Sector__August_2016.pdf,1,5,12.2,8524336,0,0,0,ok
a-plus-b,corpus,Rotated Text Libre Office.pdf,1,1,1.3,271016,0,0,0,ok
a-plus-b,corpus,Rotation 45.pdf,1,4,48.2,17585000,1,1,1,ok
a-plus-b,corpus,SPARC - v9 Architecture Manual.pdf,1,5,164.9,73960168,1,1,1,ok
a-plus-b,corpus,SPE8EF26T0545.pdf,1,5,13.0,11429912,0,0,0,ok
a-plus-b,corpus,ShowTextOpWithUnbalancedRoundBrackets.pdf,1,1,6.1,4625752,0,0,0,ok
a-plus-b,corpus,Single Page Broken Offsets - from google drive.pdf,1,1,1.8,611456,0,0,0,ok
a-plus-b,corpus,Single Page Form Content - from itext 1_1.pdf,1,1,1.4,786208,0,0,0,ok
a-plus-b,corpus,Single Page Hyperlinks - from open office.pdf,1,1,0.9,405176,0,0,0,ok
a-plus-b,corpus,Single Page Images - from libre office.pdf,1,1,0.6,383296,0,0,0,ok
a-plus-b,corpus,Single Page Non Latin - from acrobat distiller.pdf,1,1,1.0,416064,0,0,0,ok
a-plus-b,corpus,Single Page Simple - from google drive.pdf,1,1,1.1,604400,0,0,0,ok
a-plus-b,corpus,Single Page Simple - from inkscape.pdf,1,1,0.5,166856,0,0,0,ok
a-plus-b,corpus,Single Page Simple - from open office.pdf,1,1,0.6,293328,0,0,0,ok
a-plus-b,corpus,Single Page Type 1 Font.pdf,1,1,0.3,85552,0,0,0,ok
a-plus-b,corpus,SinglePage180ClockwiseRotation - from PdfPig.pdf,1,1,0.5,247832,0,0,0,ok
a-plus-b,corpus,SinglePage270ClockwiseRotation - from PdfPig.pdf,1,1,0.5,247760,0,0,0,ok
a-plus-b,corpus,SinglePage90ClockwiseRotation - from PdfPig.pdf,1,1,0.5,247760,0,0,0,ok
a-plus-b,corpus,SmallCropbox.pdf,1,1,1.9,1617808,0,0,0,ok
a-plus-b,corpus,TIKA-1552-0.pdf,1,5,28.2,23360768,0,0,0,ok
a-plus-b,corpus,TIKA-2054-0.pdf,1,5,31.6,21141672,0,0,0,ok
a-plus-b,corpus,TIKA-469-0.pdf,1,2,8.2,4685520,0,0,0,ok
a-plus-b,corpus,Test.Doc.pdf,1,1,2.7,1738192,0,0,0,ok
a-plus-b,corpus,TrueTypeTablesGlyphDataTableReadGlyphsError.pdf,1,1,9.5,4529552,0,0,0,ok
a-plus-b,corpus,Two Page Text Only - from libre office.pdf,1,2,2.9,1732248,0,0,0,ok
a-plus-b,corpus,Type0 Font.pdf,1,1,12.6,10339584,0,0,0,ok
a-plus-b,corpus,Type0_CJK_Font.pdf,1,5,86.1,4860376,1,1,1,ok
a-plus-b,corpus,Type3Test.pdf,1,1,0.6,156672,0,0,0,ok
a-plus-b,corpus,Various Content Types.pdf,1,1,0.9,270672,0,0,0,ok
a-plus-b,corpus,Why.does.this.not.work.pdf,1,1,1.7,1050016,0,0,0,ok
a-plus-b,corpus,_citUR2jB1_ay56u6vELzk.pdf,1,2,2.0,2366288,0,0,0,ok
a-plus-b,corpus,annotation-comments.pdf,1,1,0.6,295864,0,0,0,ok
a-plus-b,corpus,bold-italic.pdf,1,1,2.5,1897832,0,0,0,ok
a-plus-b,corpus,bookmarks-with-accented-characters.pdf,1,1,0.5,331424,0,0,0,ok
a-plus-b,corpus,byz.pdf,1,1,3.4,2270488,0,0,0,ok
a-plus-b,corpus,capas.pdf,1,5,6.7,8258888,0,0,0,ok
a-plus-b,corpus,cat-genetics.pdf,1,1,6.6,6761144,0,0,0,ok
a-plus-b,corpus,cat-genetics_bobld.pdf,1,1,8.7,7029656,1,1,0,ok
a-plus-b,corpus,cmap-parsing-exception.pdf,1,1,17.7,13351720,0,0,0,ok
a-plus-b,corpus,cropped-and-rotated.pdf,1,1,1.2,774656,0,0,0,ok
a-plus-b,corpus,data.pdf,1,3,6.9,4031152,1,0,0,ok
a-plus-b,corpus,dotnet-ai.pdf,1,5,21.4,32270784,1,1,1,ok
a-plus-b,corpus,felltypes-test.pdf,1,1,12.8,4975656,0,0,0,ok
a-plus-b,corpus,hex_0x0006.pdf,1,1,1.4,658792,0,0,0,ok
a-plus-b,corpus,inherited_mediabox.pdf,1,1,0.3,54688,0,0,0,ok
a-plus-b,corpus,iron-ore-q2-q3-2013.pdf,1,5,45.3,35994696,1,1,1,ok
a-plus-b,corpus,issue_1163.pdf,1,2,0.5,182744,0,0,0,ok
a-plus-b,corpus,issue_1330.pdf,1,1,0.2,57008,0,0,0,ok
a-plus-b,corpus,issue_1331.pdf,1,1,1.8,1527088,0,0,0,ok
a-plus-b,corpus,issue_671.pdf,1,2,21.1,18314864,0,0,0,ok
a-plus-b,corpus,issue_881.pdf,1,1,1.3,777680,0,0,0,ok
a-plus-b,corpus,issues-1176-1.pdf,1,1,2.4,2141776,0,0,0,ok
a-plus-b,corpus,issues-1176.pdf,1,1,3.0,7144984,0,0,0,ok
a-plus-b,corpus,journal.pone.0196757.pdf,1,5,57.6,35346448,1,1,1,ok
a-plus-b,corpus,jtehm-melillo-2679746.pdf,1,5,70.2,52735984,0,0,0,ok
a-plus-b,corpus,little-pig-in-armenian.pdf,1,1,0.9,317264,0,0,0,ok
a-plus-b,corpus,odwriteex.pdf,1,1,1.1,715064,0,0,0,ok
a-plus-b,corpus,outline.pdf,1,3,2.1,1119864,0,0,0,ok
a-plus-b,corpus,output_w3c_csswg_drafts_issues2023.pdf,1,1,0.8,234744,0,0,0,ok
a-plus-b,corpus,path_ext_oddeven.pdf,1,1,2.0,1155088,0,0,0,ok
a-plus-b,corpus,pop-bugzilla37292.pdf,1,4,10.0,7954896,0,0,0,ok
a-plus-b,corpus,reference-2-numeric-error.pdf,1,1,16.7,7149440,0,0,0,ok
a-plus-b,corpus,soundandvision.pdf,1,1,3.0,2021816,0,0,0,ok
a-plus-b,corpus,ssm2163.pdf,1,5,20.1,10904584,0,0,0,ok
a-plus-b,corpus,steam_in_page_dict.pdf,1,1,3.5,103192,0,0,0,ok
a-plus-b,corpus,test-2_so_74165171.pdf,1,1,123.0,41138192,1,1,1,ok
a-plus-b,corpus,testPdf-1.pdf,1,2,18.3,5925416,1,1,1,ok
a-plus-b,corpus,test_a-5.pdf,1,5,92.0,69144128,1,1,0,ok
a-plus-b,corpus,test_a.pdf,1,5,81.4,69145376,1,1,1,ok
a-plus-b,corpus,toc.pdf,1,5,7.8,7514784,0,0,0,ok
a-plus-b,corpus,type3-font-zero-height.pdf,1,1,14.4,7005144,0,0,0,ok
a-plus-b,corpus,0000851.pdf,2,5,253.4,118346072,2,1,1,ok
a-plus-b,corpus,11194059_2017-11_de_s.pdf,2,2,25.4,27463632,0,0,0,ok
a-plus-b,corpus,2006_Swedish_Touring_Car_Championship.pdf,2,4,9.4,7840936,0,0,0,ok
a-plus-b,corpus,2108.11480.pdf,2,5,90.1,76352776,1,1,1,ok
a-plus-b,corpus,22060_A1_01_Plans-1.pdf,2,1,5.0,9372000,0,0,0,ok
a-plus-b,corpus,6.Secrets.to.Startup.Success.PDFDrive.pdf,2,5,19.1,24663984,0,0,0,ok
a-plus-b,corpus,68-1990-01_A.pdf,2,5,64.6,44570312,2,1,1,ok
a-plus-b,corpus,AcroFormsBasicFields.pdf,2,1,0.9,593992,0,0,0,ok
a-plus-b,corpus,Approved_Document_B__fire_safety__volume_2_-_Buildings_other_than_dwellings__2019_edition_incorporating_2020_and_2022_amendments.pdf,2,5,47.8,51963736,2,2,2,ok
a-plus-b,corpus,Arve.nr.1615.17.04.2026.pdf,2,1,1.6,1269088,0,0,0,ok
a-plus-b,corpus,ClipPathLetterFilter-Test1.pdf,2,5,10.8,12250344,0,0,0,ok
a-plus-b,corpus,ClipPathLetterFilter-Test2.pdf,2,1,7.8,8369936,0,0,0,ok
a-plus-b,corpus,ColorIssue.pdf,2,1,28.0,31876016,0,0,0,ok
a-plus-b,corpus,DeviceN_CS_test.pdf,2,5,13.6,21467264,0,0,0,ok
a-plus-b,corpus,Diacritics_export.pdf,2,1,1.8,2350136,0,0,0,ok
a-plus-b,corpus,EmptyPdf.pdf,2,1,0.2,37856,0,0,0,ok
a-plus-b,corpus,ErcotFacts.pdf,2,2,13.7,13356912,0,0,0,ok
a-plus-b,corpus,FICTIF_TABLE_INDEX.pdf,2,5,25.6,14801192,1,1,0,ok
a-plus-b,corpus,FarmerMac.pdf,2,5,12.3,13699232,0,0,0,ok
a-plus-b,corpus,Font Size Test - from google chrome print pdf.pdf,2,1,1.1,479704,0,0,0,ok
a-plus-b,corpus,Font Size Test - from libre office.pdf,2,1,0.5,187512,0,0,0,ok
a-plus-b,corpus,FontMatrix-1.pdf,2,1,0.4,216552,0,0,0,ok
a-plus-b,corpus,FontMatrix-concat.pdf,2,1,0.2,134464,0,0,0,ok
a-plus-b,corpus,FontMatrix-otf-bad-hmtx.pdf,2,1,1.1,737800,0,0,0,ok
a-plus-b,corpus,FontMatrix-otf.pdf,2,1,1.1,742080,0,0,0,ok
a-plus-b,corpus,FontMatrix-raw.pdf,2,1,1.1,682680,0,0,0,ok
a-plus-b,corpus,GHOSTSCRIPT-692564-0.pdf,2,1,0.7,546984,0,0,0,ok
a-plus-b,corpus,GHOSTSCRIPT-695513-0.pdf,2,1,2.7,3520176,0,0,0,ok
a-plus-b,corpus,GHOSTSCRIPT-696171-0.pdf,2,5,9.1,11331048,0,0,0,ok
a-plus-b,corpus,GHOSTSCRIPT-696547-0.zip-7.pdf,2,1,3.9,7354224,0,0,0,ok
a-plus-b,corpus,GHOSTSCRIPT-696547-0.zip-9.pdf,2,1,3.7,7354264,0,0,0,ok
a-plus-b,corpus,GHOSTSCRIPT-697234-0.pdf,2,3,23.0,22672960,0,0,0,ok
a-plus-b,corpus,GHOSTSCRIPT-697507-0.pdf,2,1,25.7,7904448,1,1,1,ok
a-plus-b,corpus,GHOSTSCRIPT-697984-3.pdf,2,1,2.8,1619496,0,0,0,ok
a-plus-b,corpus,GHOSTSCRIPT-698168-0.pdf,2,1,1.9,2815944,0,0,0,ok
a-plus-b,corpus,GHOSTSCRIPT-698363-0.pdf,2,1,1.4,466352,0,0,0,ok
a-plus-b,corpus,GHOSTSCRIPT-698721-0.zip-6.pdf,2,2,10.4,7314336,0,0,0,ok
a-plus-b,corpus,GHOSTSCRIPT-698721-1.pdf,2,1,1.4,2031240,0,0,0,ok
a-plus-b,corpus,GHOSTSCRIPT-699035-0.pdf,2,5,40.5,38279192,1,0,0,ok
a-plus-b,corpus,GHOSTSCRIPT-699178-0.pdf,2,3,6.5,8416296,0,0,0,ok
a-plus-b,corpus,GHOSTSCRIPT-699375-5.pdf,2,1,3.3,3067552,0,0,0,ok
a-plus-b,corpus,GHOSTSCRIPT-699488-0.pdf,2,1,7.1,8119216,0,0,0,ok
a-plus-b,corpus,GHOSTSCRIPT-699554-0.zip-4.pdf,2,1,1.4,1649664,0,0,0,ok
a-plus-b,corpus,GHOSTSCRIPT-700125-1.pdf,2,5,25.1,17733928,1,1,0,ok
a-plus-b,corpus,GHOSTSCRIPT-700139-0.pdf,2,2,138.8,116150584,1,1,1,ok
a-plus-b,corpus,GHOSTSCRIPT-700236-1.pdf,2,5,31.6,13414184,1,1,1,ok
a-plus-b,corpus,GHOSTSCRIPT-700288-1.pdf,2,1,4.4,4617816,0,0,0,ok
a-plus-b,corpus,GHOSTSCRIPT-700370-2.pdf,2,1,1.7,1530320,0,0,0,ok
a-plus-b,corpus,GHOSTSCRIPT-700931-0.7z-5.pdf,2,2,1.3,1220880,0,0,0,ok
a-plus-b,corpus,GHOSTSCRIPT-702013-1.pdf,2,1,3.2,3790264,0,0,0,ok
a-plus-b,corpus,Gamebook.pdf,2,5,9.3,9351496,0,0,0,ok
a-plus-b,corpus,GlyphDataTableReadCompositeGlyphError.pdf,2,1,6.0,2885120,1,0,0,ok
a-plus-b,corpus,Grapheme clusters emoji.pdf,2,1,0.4,149496,0,0,0,ok
a-plus-b,corpus,ICML03-081.pdf,2,5,15.1,17255608,0,0,0,ok
a-plus-b,corpus,Indexed-DeviceRGB-JPXDecode-0-.0.0.255.0.-Font-F1_1_missing_char_255-1.pdf,2,1,21.9,16975784,1,1,0,ok
a-plus-b,corpus,IndexedCS_negative_and_high.pdf,2,1,0.4,81880,0,0,0,ok
a-plus-b,corpus,Judgement Document.pdf,2,5,7.6,9125184,1,0,0,ok
a-plus-b,corpus,LKR824191.pdf,2,1,2.6,4164824,0,0,0,ok
a-plus-b,corpus,Layer pdf - 322_High_Holborn_building_Brochure.pdf,2,3,37.2,37060224,1,1,0,ok
a-plus-b,corpus,MOZILLA-10084-0.pdf,2,1,3.4,3207592,0,0,0,ok
a-plus-b,corpus,MOZILLA-10225-0.pdf,2,5,12.4,22992544,0,0,0,ok
a-plus-b,corpus,MOZILLA-10372-2.pdf,2,5,21.2,12994784,1,1,1,ok
a-plus-b,corpus,MOZILLA-2775-1.pdf,2,5,13.5,17661472,0,0,0,ok
a-plus-b,corpus,MOZILLA-3136-0.pdf,2,4,223.2,217561072,2,1,1,ok
a-plus-b,corpus,MOZILLA-7375-0.pdf,2,5,16.7,15743824,0,0,0,ok
a-plus-b,corpus,MOZILLA-9176-2.pdf,2,5,35.9,9937576,1,1,1,ok
a-plus-b,corpus,MOZILLA-LINK-3264-0.pdf,2,5,2.0,3290248,0,0,0,ok
a-plus-b,corpus,MOZILLA-LINK-5251-1.pdf,2,2,2.4,2200992,0,0,0,ok
a-plus-b,corpus,Math119FakingData.pdf,2,5,7.4,9247936,0,0,0,ok
a-plus-b,corpus,Motor Insurance claim form.pdf,2,3,87.8,67256032,2,1,1,ok
a-plus-b,corpus,Multiple Page - from Mortality Statistics.pdf,2,5,6.5,8196584,0,0,0,ok
a-plus-b,corpus,OPEN.RABBIT.ENGLISH.LOP.pdf,2,5,36.9,27511912,1,0,0,ok
a-plus-b,corpus,Old Gutnish Internet Explorer.pdf,2,3,22.7,14270768,1,1,1,ok
a-plus-b,corpus,P2P-33713919.pdf,2,5,12.9,22991704,0,0,0,ok
a-plus-b,corpus,PDFBOX-1869-4-1.pdf,2,1,0.6,410184,0,0,0,ok
a-plus-b,corpus,PDFBOX-492-4.jar-8.pdf,2,2,18.3,16852504,0,0,0,ok
a-plus-b,corpus,PDFBOX-624-2.pdf,2,5,9.3,11325496,0,0,0,ok
a-plus-b,corpus,Pig Production Handbook.pdf,2,5,9.2,11468496,0,0,0,ok
a-plus-b,corpus,Pig Reproduction Powerpoint.pdf,2,5,4.5,9116784,0,0,0,ok
a-plus-b,corpus,Publication_of_award_of_Bids_for_Transport_Sector__August_2016.pdf,2,5,7.3,8287264,0,0,0,ok
a-plus-b,corpus,Rotated Text Libre Office.pdf,2,1,0.7,237584,0,0,0,ok
a-plus-b,corpus,Rotation 45.pdf,2,4,30.2,9928880,1,1,1,ok
a-plus-b,corpus,SPARC - v9 Architecture Manual.pdf,2,5,67.3,73960048,1,1,1,ok
a-plus-b,corpus,SPE8EF26T0545.pdf,2,5,10.3,11423168,0,0,0,ok
a-plus-b,corpus,ShowTextOpWithUnbalancedRoundBrackets.pdf,2,1,4.5,4625368,0,0,0,ok
a-plus-b,corpus,Single Page Broken Offsets - from google drive.pdf,2,1,24.2,590000,1,0,0,ok
a-plus-b,corpus,Single Page Form Content - from itext 1_1.pdf,2,1,1.1,786248,0,0,0,ok
a-plus-b,corpus,Single Page Hyperlinks - from open office.pdf,2,1,0.8,360152,0,0,0,ok
a-plus-b,corpus,Single Page Images - from libre office.pdf,2,1,0.6,377440,0,0,0,ok
a-plus-b,corpus,Single Page Non Latin - from acrobat distiller.pdf,2,1,0.8,396096,0,0,0,ok
a-plus-b,corpus,Single Page Simple - from google drive.pdf,2,1,1.1,583016,0,0,0,ok
a-plus-b,corpus,Single Page Simple - from inkscape.pdf,2,1,0.4,149768,0,0,0,ok
a-plus-b,corpus,Single Page Simple - from open office.pdf,2,1,0.5,269952,0,0,0,ok
a-plus-b,corpus,Single Page Type 1 Font.pdf,2,1,0.4,85528,0,0,0,ok
a-plus-b,corpus,SinglePage180ClockwiseRotation - from PdfPig.pdf,2,1,0.4,201560,0,0,0,ok
a-plus-b,corpus,SinglePage270ClockwiseRotation - from PdfPig.pdf,2,1,0.4,201560,0,0,0,ok
a-plus-b,corpus,SinglePage90ClockwiseRotation - from PdfPig.pdf,2,1,0.4,201560,0,0,0,ok
a-plus-b,corpus,SmallCropbox.pdf,2,1,1.4,1617640,0,0,0,ok
a-plus-b,corpus,TIKA-1552-0.pdf,2,5,18.0,23342200,0,0,0,ok
a-plus-b,corpus,TIKA-2054-0.pdf,2,5,18.7,21138088,0,0,0,ok
a-plus-b,corpus,TIKA-469-0.pdf,2,2,4.7,4676952,0,0,0,ok
a-plus-b,corpus,Test.Doc.pdf,2,1,1.8,1679272,0,0,0,ok
a-plus-b,corpus,TrueTypeTablesGlyphDataTableReadGlyphsError.pdf,2,1,4.8,3648296,0,0,0,ok
a-plus-b,corpus,Two Page Text Only - from libre office.pdf,2,2,1.5,1569408,0,0,0,ok
a-plus-b,corpus,Type0 Font.pdf,2,1,8.3,9721152,0,0,0,ok
a-plus-b,corpus,Type0_CJK_Font.pdf,2,5,10.1,3211520,0,0,0,ok
a-plus-b,corpus,Type3Test.pdf,2,1,0.3,155072,0,0,0,ok
a-plus-b,corpus,Various Content Types.pdf,2,1,0.5,256032,0,0,0,ok
a-plus-b,corpus,Why.does.this.not.work.pdf,2,1,1.2,1035760,0,0,0,ok
a-plus-b,corpus,_citUR2jB1_ay56u6vELzk.pdf,2,2,1.8,2253848,0,0,0,ok
a-plus-b,corpus,annotation-comments.pdf,2,1,0.6,283192,0,0,0,ok
a-plus-b,corpus,bold-italic.pdf,2,1,2.2,1616840,0,0,0,ok
a-plus-b,corpus,bookmarks-with-accented-characters.pdf,2,1,0.4,331400,0,0,0,ok
a-plus-b,corpus,byz.pdf,2,1,2.2,2270392,0,0,0,ok
a-plus-b,corpus,capas.pdf,2,5,5.4,8005136,0,0,0,ok
a-plus-b,corpus,cat-genetics.pdf,2,1,5.1,6760184,0,0,0,ok
a-plus-b,corpus,cat-genetics_bobld.pdf,2,1,6.7,7029200,0,0,0,ok
a-plus-b,corpus,cmap-parsing-exception.pdf,2,1,36.5,13117944,1,1,1,ok
a-plus-b,corpus,cropped-and-rotated.pdf,2,1,1.6,744024,0,0,0,ok
a-plus-b,corpus,data.pdf,2,3,3.7,4030936,0,0,0,ok
a-plus-b,corpus,dotnet-ai.pdf,2,5,26.1,31580672,1,1,1,ok
a-plus-b,corpus,felltypes-test.pdf,2,1,7.5,4974696,0,0,0,ok
a-plus-b,corpus,hex_0x0006.pdf,2,1,0.9,658048,0,0,0,ok
a-plus-b,corpus,inherited_mediabox.pdf,2,1,0.2,54592,0,0,0,ok
a-plus-b,corpus,iron-ore-q2-q3-2013.pdf,2,5,19.4,35951448,0,0,0,ok
a-plus-b,corpus,issue_1163.pdf,2,2,0.4,182488,0,0,0,ok
a-plus-b,corpus,issue_1330.pdf,2,1,0.2,56984,0,0,0,ok
a-plus-b,corpus,issue_1331.pdf,2,1,1.6,1350664,0,0,0,ok
a-plus-b,corpus,issue_671.pdf,2,2,18.1,17884232,0,0,0,ok
a-plus-b,corpus,issue_881.pdf,2,1,1.0,617104,0,0,0,ok
a-plus-b,corpus,issues-1176-1.pdf,2,1,5.3,2141768,1,0,0,ok
a-plus-b,corpus,issues-1176.pdf,2,1,3.1,7144832,0,0,0,ok
a-plus-b,corpus,journal.pone.0196757.pdf,2,5,33.4,35319400,1,1,0,ok
a-plus-b,corpus,jtehm-melillo-2679746.pdf,2,5,47.9,52733648,0,0,0,ok
a-plus-b,corpus,little-pig-in-armenian.pdf,2,1,0.9,306392,0,0,0,ok
a-plus-b,corpus,odwriteex.pdf,2,1,1.0,714968,0,0,0,ok
a-plus-b,corpus,outline.pdf,2,3,3.2,1086528,0,0,0,ok
a-plus-b,corpus,output_w3c_csswg_drafts_issues2023.pdf,2,1,0.6,234512,0,0,0,ok
a-plus-b,corpus,path_ext_oddeven.pdf,2,1,1.8,1039624,0,0,0,ok
a-plus-b,corpus,pop-bugzilla37292.pdf,2,4,8.6,7588824,0,0,0,ok
a-plus-b,corpus,reference-2-numeric-error.pdf,2,1,10.3,7146968,0,0,0,ok
a-plus-b,corpus,soundandvision.pdf,2,1,2.4,1855976,0,0,0,ok
a-plus-b,corpus,ssm2163.pdf,2,5,10.5,10254168,0,0,0,ok
a-plus-b,corpus,steam_in_page_dict.pdf,2,1,0.4,103096,0,0,0,ok
a-plus-b,corpus,test-2_so_74165171.pdf,2,1,48.6,39102712,0,0,0,ok
a-plus-b,corpus,testPdf-1.pdf,2,2,6.2,5700968,0,0,0,ok
a-plus-b,corpus,test_a-5.pdf,2,5,128.7,68789896,2,1,1,ok
a-plus-b,corpus,test_a.pdf,2,5,52.9,68788424,0,0,0,ok
a-plus-b,corpus,toc.pdf,2,5,5.1,7514456,0,0,0,ok
a-plus-b,corpus,type3-font-zero-height.pdf,2,1,25.6,7001320,1,1,1,ok
a-plus-b,corpus,0000851.pdf,3,5,170.2,118344368,1,0,0,ok
a-plus-b,corpus,11194059_2017-11_de_s.pdf,3,2,20.4,27410976,0,0,0,ok
a-plus-b,corpus,2006_Swedish_Touring_Car_Championship.pdf,3,4,6.5,7624792,0,0,0,ok
a-plus-b,corpus,2108.11480.pdf,3,5,84.9,75750040,2,2,1,ok
a-plus-b,corpus,22060_A1_01_Plans-1.pdf,3,1,4.6,9372000,0,0,0,ok
a-plus-b,corpus,6.Secrets.to.Startup.Success.PDFDrive.pdf,3,5,17.6,24663984,0,0,0,ok
a-plus-b,corpus,68-1990-01_A.pdf,3,5,52.4,44320424,1,1,1,ok
a-plus-b,corpus,AcroFormsBasicFields.pdf,3,1,0.8,593992,0,0,0,ok
a-plus-b,corpus,Approved_Document_B__fire_safety__volume_2_-_Buildings_other_than_dwellings__2019_edition_incorporating_2020_and_2022_amendments.pdf,3,5,41.9,51962056,1,1,1,ok
a-plus-b,corpus,Arve.nr.1615.17.04.2026.pdf,3,1,1.5,1191856,0,0,0,ok
a-plus-b,corpus,ClipPathLetterFilter-Test1.pdf,3,5,23.8,12121464,1,1,1,ok
a-plus-b,corpus,ClipPathLetterFilter-Test2.pdf,3,1,6.6,8370144,0,0,0,ok
a-plus-b,corpus,ColorIssue.pdf,3,1,34.1,31877696,1,1,1,ok
a-plus-b,corpus,DeviceN_CS_test.pdf,3,5,12.9,21467472,0,0,0,ok
a-plus-b,corpus,Diacritics_export.pdf,3,1,1.7,2350136,0,0,0,ok
a-plus-b,corpus,EmptyPdf.pdf,3,1,0.2,37856,0,0,0,ok
a-plus-b,corpus,ErcotFacts.pdf,3,2,12.3,13356912,0,0,0,ok
a-plus-b,corpus,FICTIF_TABLE_INDEX.pdf,3,5,12.3,14801192,0,0,0,ok
a-plus-b,corpus,FarmerMac.pdf,3,5,19.6,13699024,1,1,0,ok
a-plus-b,corpus,Font Size Test - from google chrome print pdf.pdf,3,1,0.9,479912,0,0,0,ok
a-plus-b,corpus,Font Size Test - from libre office.pdf,3,1,0.4,187512,0,0,0,ok
a-plus-b,corpus,FontMatrix-1.pdf,3,1,0.3,216552,0,0,0,ok
a-plus-b,corpus,FontMatrix-concat.pdf,3,1,0.2,134464,0,0,0,ok
a-plus-b,corpus,FontMatrix-otf-bad-hmtx.pdf,3,1,1.1,737800,0,0,0,ok
a-plus-b,corpus,FontMatrix-otf.pdf,3,1,1.2,742080,0,0,0,ok
a-plus-b,corpus,FontMatrix-raw.pdf,3,1,1.1,682680,0,0,0,ok
a-plus-b,corpus,GHOSTSCRIPT-692564-0.pdf,3,1,0.8,546984,0,0,0,ok
a-plus-b,corpus,GHOSTSCRIPT-695513-0.pdf,3,1,2.2,3520176,0,0,0,ok
a-plus-b,corpus,GHOSTSCRIPT-696171-0.pdf,3,5,20.0,11332728,1,1,1,ok
a-plus-b,corpus,GHOSTSCRIPT-696547-0.zip-7.pdf,3,1,3.5,7354432,0,0,0,ok
a-plus-b,corpus,GHOSTSCRIPT-696547-0.zip-9.pdf,3,1,4.2,7354264,1,0,0,ok
a-plus-b,corpus,GHOSTSCRIPT-697234-0.pdf,3,3,23.5,22673168,1,0,0,ok
a-plus-b,corpus,GHOSTSCRIPT-697507-0.pdf,3,1,7.6,7902976,0,0,0,ok
a-plus-b,corpus,GHOSTSCRIPT-697984-3.pdf,3,1,2.1,1619288,0,0,0,ok
a-plus-b,corpus,GHOSTSCRIPT-698168-0.pdf,3,1,1.8,2815944,0,0,0,ok
a-plus-b,corpus,GHOSTSCRIPT-698363-0.pdf,3,1,1.5,465944,0,0,0,ok
a-plus-b,corpus,GHOSTSCRIPT-698721-0.zip-6.pdf,3,2,5.6,7314336,0,0,0,ok
a-plus-b,corpus,GHOSTSCRIPT-698721-1.pdf,3,1,1.4,2031240,0,0,0,ok
a-plus-b,corpus,GHOSTSCRIPT-699035-0.pdf,3,5,34.9,38279192,0,0,0,ok
a-plus-b,corpus,GHOSTSCRIPT-699178-0.pdf,3,3,28.0,8416088,1,1,0,ok
a-plus-b,corpus,GHOSTSCRIPT-699375-5.pdf,3,1,3.3,3067760,0,0,0,ok
a-plus-b,corpus,GHOSTSCRIPT-699488-0.pdf,3,1,6.4,8119216,0,0,0,ok
a-plus-b,corpus,GHOSTSCRIPT-699554-0.zip-4.pdf,3,1,1.2,1649664,0,0,0,ok
a-plus-b,corpus,GHOSTSCRIPT-700125-1.pdf,3,5,11.9,17733928,0,0,0,ok
a-plus-b,corpus,GHOSTSCRIPT-700139-0.pdf,3,2,125.5,116152056,2,2,2,ok
a-plus-b,corpus,GHOSTSCRIPT-700236-1.pdf,3,5,19.3,13412504,1,1,0,ok
a-plus-b,corpus,GHOSTSCRIPT-700288-1.pdf,3,1,4.4,4617816,0,0,0,ok
a-plus-b,corpus,GHOSTSCRIPT-700370-2.pdf,3,1,1.7,1530320,0,0,0,ok
a-plus-b,corpus,GHOSTSCRIPT-700931-0.7z-5.pdf,3,2,1.2,1220880,0,0,0,ok
a-plus-b,corpus,GHOSTSCRIPT-702013-1.pdf,3,1,3.4,3790264,0,0,0,ok
a-plus-b,corpus,Gamebook.pdf,3,5,8.9,9351496,0,0,0,ok
a-plus-b,corpus,GlyphDataTableReadCompositeGlyphError.pdf,3,1,3.8,2885120,0,0,0,ok
a-plus-b,corpus,Grapheme clusters emoji.pdf,3,1,0.4,149288,0,0,0,ok
a-plus-b,corpus,ICML03-081.pdf,3,5,20.4,17255608,1,1,0,ok
a-plus-b,corpus,Indexed-DeviceRGB-JPXDecode-0-.0.0.255.0.-Font-F1_1_missing_char_255-1.pdf,3,1,21.1,16975992,0,0,0,ok
a-plus-b,corpus,IndexedCS_negative_and_high.pdf,3,1,0.4,81672,0,0,0,ok
a-plus-b,corpus,Judgement Document.pdf,3,5,6.2,9125184,0,0,0,ok
a-plus-b,corpus,LKR824191.pdf,3,1,2.6,4164616,0,0,0,ok
a-plus-b,corpus,Layer pdf - 322_High_Holborn_building_Brochure.pdf,3,3,47.0,37060224,1,1,0,ok
a-plus-b,corpus,MOZILLA-10084-0.pdf,3,1,2.9,3207592,0,0,0,ok
a-plus-b,corpus,MOZILLA-10225-0.pdf,3,5,13.9,22992544,0,0,0,ok
a-plus-b,corpus,MOZILLA-10372-2.pdf,3,5,19.7,12994784,1,1,1,ok
a-plus-b,corpus,MOZILLA-2775-1.pdf,3,5,12.9,17661472,0,0,0,ok
a-plus-b,corpus,MOZILLA-3136-0.pdf,3,4,210.0,217561072,2,1,1,ok
a-plus-b,corpus,MOZILLA-7375-0.pdf,3,5,16.1,15743824,0,0,0,ok
a-plus-b,corpus,MOZILLA-9176-2.pdf,3,5,3.2,9935896,0,0,0,ok
a-plus-b,corpus,MOZILLA-LINK-3264-0.pdf,3,5,26.4,3291720,1,1,1,ok
a-plus-b,corpus,MOZILLA-LINK-5251-1.pdf,3,2,2.1,2201200,0,0,0,ok
a-plus-b,corpus,Math119FakingData.pdf,3,5,6.7,9247936,0,0,0,ok
a-plus-b,corpus,Motor Insurance claim form.pdf,3,3,82.0,67256032,2,1,1,ok
a-plus-b,corpus,Multiple Page - from Mortality Statistics.pdf,3,5,6.8,8196584,0,0,0,ok
a-plus-b,corpus,OPEN.RABBIT.ENGLISH.LOP.pdf,3,5,20.3,27511912,0,0,0,ok
a-plus-b,corpus,Old Gutnish Internet Explorer.pdf,3,3,10.9,14268880,0,0,0,ok
a-plus-b,corpus,P2P-33713919.pdf,3,5,12.0,22991496,0,0,0,ok
a-plus-b,corpus,PDFBOX-1869-4-1.pdf,3,1,0.6,410184,0,0,0,ok
a-plus-b,corpus,PDFBOX-492-4.jar-8.pdf,3,2,42.0,16852504,1,1,0,ok
a-plus-b,corpus,PDFBOX-624-2.pdf,3,5,9.0,11325704,0,0,0,ok
a-plus-b,corpus,Pig Production Handbook.pdf,3,5,7.6,11468496,0,0,0,ok
a-plus-b,corpus,Pig Reproduction Powerpoint.pdf,3,5,18.2,9118464,1,1,1,ok
a-plus-b,corpus,Publication_of_award_of_Bids_for_Transport_Sector__August_2016.pdf,3,5,6.5,8287472,0,0,0,ok
a-plus-b,corpus,Rotated Text Libre Office.pdf,3,1,0.5,237584,0,0,0,ok
a-plus-b,corpus,Rotation 45.pdf,3,4,12.2,9927200,0,0,0,ok
a-plus-b,corpus,SPARC - v9 Architecture Manual.pdf,3,5,54.9,73959840,1,1,1,ok
a-plus-b,corpus,SPE8EF26T0545.pdf,3,5,9.3,11423168,0,0,0,ok
a-plus-b,corpus,ShowTextOpWithUnbalancedRoundBrackets.pdf,3,1,4.3,4625368,0,0,0,ok
a-plus-b,corpus,Single Page Broken Offsets - from google drive.pdf,3,1,1.3,590000,0,0,0,ok
a-plus-b,corpus,Single Page Form Content - from itext 1_1.pdf,3,1,1.0,786040,0,0,0,ok
a-plus-b,corpus,Single Page Hyperlinks - from open office.pdf,3,1,0.6,360152,0,0,0,ok
a-plus-b,corpus,Single Page Images - from libre office.pdf,3,1,0.4,377440,0,0,0,ok
a-plus-b,corpus,Single Page Non Latin - from acrobat distiller.pdf,3,1,0.7,396096,0,0,0,ok
a-plus-b,corpus,Single Page Simple - from google drive.pdf,3,1,0.9,583016,0,0,0,ok
a-plus-b,corpus,Single Page Simple - from inkscape.pdf,3,1,1.0,149768,0,0,0,ok
a-plus-b,corpus,Single Page Simple - from open office.pdf,3,1,0.4,269952,0,0,0,ok
a-plus-b,corpus,Single Page Type 1 Font.pdf,3,1,0.2,85528,0,0,0,ok
a-plus-b,corpus,SinglePage180ClockwiseRotation - from PdfPig.pdf,3,1,0.4,201560,0,0,0,ok
a-plus-b,corpus,SinglePage270ClockwiseRotation - from PdfPig.pdf,3,1,0.4,201560,0,0,0,ok
a-plus-b,corpus,SinglePage90ClockwiseRotation - from PdfPig.pdf,3,1,0.3,201560,0,0,0,ok
a-plus-b,corpus,SmallCropbox.pdf,3,1,1.3,1617640,0,0,0,ok
a-plus-b,corpus,TIKA-1552-0.pdf,3,5,55.3,23342200,1,0,0,ok
a-plus-b,corpus,TIKA-2054-0.pdf,3,5,16.5,21138296,0,0,0,ok
a-plus-b,corpus,TIKA-469-0.pdf,3,2,3.8,4676952,0,0,0,ok
a-plus-b,corpus,Test.Doc.pdf,3,1,1.7,1679272,0,0,0,ok
a-plus-b,corpus,TrueTypeTablesGlyphDataTableReadGlyphsError.pdf,3,1,4.7,3648296,0,0,0,ok
a-plus-b,corpus,Two Page Text Only - from libre office.pdf,3,2,1.4,1569408,0,0,0,ok
a-plus-b,corpus,Type0 Font.pdf,3,1,22.8,9722832,1,1,1,ok
a-plus-b,corpus,Type0_CJK_Font.pdf,3,5,7.6,3211728,0,0,0,ok
a-plus-b,corpus,Type3Test.pdf,3,1,0.3,155072,0,0,0,ok
a-plus-b,corpus,Various Content Types.pdf,3,1,0.3,256032,0,0,0,ok
a-plus-b,corpus,Why.does.this.not.work.pdf,3,1,1.2,1035760,0,0,0,ok
a-plus-b,corpus,_citUR2jB1_ay56u6vELzk.pdf,3,2,1.6,2253848,0,0,0,ok
a-plus-b,corpus,annotation-comments.pdf,3,1,0.5,283192,0,0,0,ok
a-plus-b,corpus,bold-italic.pdf,3,1,2.3,1616840,0,0,0,ok
a-plus-b,corpus,bookmarks-with-accented-characters.pdf,3,1,0.4,331400,0,0,0,ok
a-plus-b,corpus,byz.pdf,3,1,1.9,2270392,0,0,0,ok
a-plus-b,corpus,capas.pdf,3,5,5.7,8005136,0,0,0,ok
a-plus-b,corpus,cat-genetics.pdf,3,1,4.3,6760184,0,0,0,ok
a-plus-b,corpus,cat-genetics_bobld.pdf,3,1,4.7,7029200,0,0,0,ok
a-plus-b,corpus,cmap-parsing-exception.pdf,3,1,14.7,13116264,0,0,0,ok
a-plus-b,corpus,cropped-and-rotated.pdf,3,1,1.0,743816,0,0,0,ok
a-plus-b,corpus,data.pdf,3,3,3.5,4030936,0,0,0,ok
a-plus-b,corpus,dotnet-ai.pdf,3,5,26.8,31580672,1,1,1,ok
a-plus-b,corpus,felltypes-test.pdf,3,1,8.7,4974696,0,0,0,ok
a-plus-b,corpus,hex_0x0006.pdf,3,1,0.8,658048,0,0,0,ok
a-plus-b,corpus,inherited_mediabox.pdf,3,1,0.2,54592,0,0,0,ok
a-plus-b,corpus,iron-ore-q2-q3-2013.pdf,3,5,18.1,35951448,0,0,0,ok
a-plus-b,corpus,issue_1163.pdf,3,2,0.4,182488,0,0,0,ok
a-plus-b,corpus,issue_1330.pdf,3,1,0.2,56984,0,0,0,ok
a-plus-b,corpus,issue_1331.pdf,3,1,1.4,1350664,0,0,0,ok
a-plus-b,corpus,issue_671.pdf,3,2,30.3,17885912,1,1,1,ok
a-plus-b,corpus,issue_881.pdf,3,1,1.1,617312,0,0,0,ok
a-plus-b,corpus,issues-1176-1.pdf,3,1,2.6,2141768,0,0,0,ok
a-plus-b,corpus,issues-1176.pdf,3,1,2.6,7144624,0,0,0,ok
a-plus-b,corpus,journal.pone.0196757.pdf,3,5,38.3,35319400,1,0,0,ok
a-plus-b,corpus,jtehm-melillo-2679746.pdf,3,5,61.3,52735328,1,1,1,ok
a-plus-b,corpus,little-pig-in-armenian.pdf,3,1,0.8,306600,0,0,0,ok
a-plus-b,corpus,odwriteex.pdf,3,1,0.8,714968,0,0,0,ok
a-plus-b,corpus,outline.pdf,3,3,1.5,1086528,0,0,0,ok
a-plus-b,corpus,output_w3c_csswg_drafts_issues2023.pdf,3,1,0.6,234512,0,0,0,ok
a-plus-b,corpus,path_ext_oddeven.pdf,3,1,1.3,1039624,0,0,0,ok
a-plus-b,corpus,pop-bugzilla37292.pdf,3,4,6.3,7588824,0,0,0,ok
a-plus-b,corpus,reference-2-numeric-error.pdf,3,1,7.5,7146968,0,0,0,ok
a-plus-b,corpus,soundandvision.pdf,3,1,1.8,1855976,0,0,0,ok
a-plus-b,corpus,ssm2163.pdf,3,5,7.7,10254168,0,0,0,ok
a-plus-b,corpus,steam_in_page_dict.pdf,3,1,0.4,103096,0,0,0,ok
a-plus-b,corpus,test-2_so_74165171.pdf,3,1,42.0,39102712,0,0,0,ok
a-plus-b,corpus,testPdf-1.pdf,3,2,26.8,5702648,1,1,1,ok
a-plus-b,corpus,test_a-5.pdf,3,5,57.6,68788424,0,0,0,ok
a-plus-b,corpus,test_a.pdf,3,5,103.1,68789896,2,1,1,ok
a-plus-b,corpus,toc.pdf,3,5,5.0,7514664,0,0,0,ok
a-plus-b,corpus,type3-font-zero-height.pdf,3,1,9.2,6999640,0,0,0,ok
full,corpus,0000851.pdf,1,5,1119.1,165466984,4,2,2,ok
full,corpus,11194059_2017-11_de_s.pdf,1,2,127.5,27619760,0,0,0,ok
full,corpus,2006_Swedish_Touring_Car_Championship.pdf,1,4,34.8,7870944,0,0,0,ok
full,corpus,2108.11480.pdf,1,5,210.0,75465408,1,1,1,ok
full,corpus,22060_A1_01_Plans-1.pdf,1,1,27.9,9378568,1,1,1,ok
full,corpus,6.Secrets.to.Startup.Success.PDFDrive.pdf,1,5,72.9,24668752,0,0,0,ok
full,corpus,68-1990-01_A.pdf,1,5,213.7,64719248,3,2,2,ok
full,corpus,AcroFormsBasicFields.pdf,1,1,1.9,596040,0,0,0,ok
full,corpus,Approved_Document_B__fire_safety__volume_2_-_Buildings_other_than_dwellings__2019_edition_incorporating_2020_and_2022_amendments.pdf,1,5,106.9,51972304,2,2,2,ok
full,corpus,Arve.nr.1615.17.04.2026.pdf,1,1,4.1,1269624,0,0,0,ok
full,corpus,ClipPathLetterFilter-Test1.pdf,1,5,96.9,41275288,1,0,0,ok
full,corpus,ClipPathLetterFilter-Test2.pdf,1,1,24.3,8781656,0,0,0,ok
full,corpus,ColorIssue.pdf,1,1,97.3,33569280,0,0,0,ok
full,corpus,DeviceN_CS_test.pdf,1,5,75.5,22009992,1,1,1,ok
full,corpus,Diacritics_export.pdf,1,1,6.8,2353584,0,0,0,ok
full,corpus,EmptyPdf.pdf,1,1,0.4,38360,0,0,0,ok
full,corpus,ErcotFacts.pdf,1,2,54.3,13765496,0,0,0,ok
full,corpus,FICTIF_TABLE_INDEX.pdf,1,5,59.7,15509560,1,1,1,ok
full,corpus,FarmerMac.pdf,1,5,59.8,14093880,0,0,0,ok
full,corpus,Font Size Test - from google chrome print pdf.pdf,1,1,2.3,505128,0,0,0,ok
full,corpus,Font Size Test - from libre office.pdf,1,1,1.6,201904,0,0,0,ok
full,corpus,FontMatrix-1.pdf,1,1,1.4,216624,0,0,0,ok
full,corpus,FontMatrix-concat.pdf,1,1,0.5,134464,0,0,0,ok
full,corpus,FontMatrix-otf-bad-hmtx.pdf,1,1,5.3,741920,0,0,0,ok
full,corpus,FontMatrix-otf.pdf,1,1,2.6,742256,0,0,0,ok
full,corpus,FontMatrix-raw.pdf,1,1,2.3,682928,0,0,0,ok
full,corpus,GHOSTSCRIPT-692564-0.pdf,1,1,4.1,547760,0,0,0,ok
full,corpus,GHOSTSCRIPT-695513-0.pdf,1,1,11.0,3521576,0,0,0,ok
full,corpus,GHOSTSCRIPT-696171-0.pdf,1,5,44.2,11332936,0,0,0,ok
full,corpus,GHOSTSCRIPT-696547-0.zip-7.pdf,1,1,24.6,7354896,0,0,0,ok
full,corpus,GHOSTSCRIPT-696547-0.zip-9.pdf,1,1,21.4,7354584,0,0,0,ok
full,corpus,GHOSTSCRIPT-697234-0.pdf,1,3,114.7,22679104,0,0,0,ok
full,corpus,GHOSTSCRIPT-697507-0.pdf,1,1,28.7,7906592,0,0,0,ok
full,corpus,GHOSTSCRIPT-697984-3.pdf,1,1,14.4,1697752,1,0,0,ok
full,corpus,GHOSTSCRIPT-698168-0.pdf,1,1,7.9,2816616,0,0,0,ok
full,corpus,GHOSTSCRIPT-698363-0.pdf,1,1,12.9,477088,0,0,0,ok
full,corpus,GHOSTSCRIPT-698721-0.zip-6.pdf,1,2,28.9,7317696,1,1,1,ok
full,corpus,GHOSTSCRIPT-698721-1.pdf,1,1,5.4,2031896,0,0,0,ok
full,corpus,GHOSTSCRIPT-699035-0.pdf,1,5,193.3,38281832,1,0,0,ok
full,corpus,GHOSTSCRIPT-699178-0.pdf,1,3,27.7,8589984,0,0,0,ok
full,corpus,GHOSTSCRIPT-699375-5.pdf,1,1,9.9,3265344,0,0,0,ok
full,corpus,GHOSTSCRIPT-699488-0.pdf,1,1,24.9,8120976,0,0,0,ok
full,corpus,GHOSTSCRIPT-699554-0.zip-4.pdf,1,1,5.0,1649912,0,0,0,ok
full,corpus,GHOSTSCRIPT-700125-1.pdf,1,5,57.5,16241368,0,0,0,ok
full,corpus,GHOSTSCRIPT-700139-0.pdf,1,2,393.5,117760328,3,2,2,ok
full,corpus,GHOSTSCRIPT-700236-1.pdf,1,5,30.4,13414248,0,0,0,ok
full,corpus,GHOSTSCRIPT-700288-1.pdf,1,1,11.5,4627024,0,0,0,ok
full,corpus,GHOSTSCRIPT-700370-2.pdf,1,1,3.5,1668712,0,0,0,ok
full,corpus,GHOSTSCRIPT-700931-0.7z-5.pdf,1,2,2.9,1221352,0,0,0,ok
full,corpus,GHOSTSCRIPT-702013-1.pdf,1,1,7.8,3792936,0,0,0,ok
full,corpus,Gamebook.pdf,1,5,118.6,150678744,8,8,8,ok
full,corpus,GlyphDataTableReadCompositeGlyphError.pdf,1,1,12.0,3791632,0,0,0,ok
full,corpus,Grapheme clusters emoji.pdf,1,1,0.7,149632,0,0,0,ok
full,corpus,ICML03-081.pdf,1,5,27.6,17261152,0,0,0,ok
full,corpus,Indexed-DeviceRGB-JPXDecode-0-.0.0.255.0.-Font-F1_1_missing_char_255-1.pdf,1,1,35.8,16993912,0,0,0,ok
full,corpus,IndexedCS_negative_and_high.pdf,1,1,0.9,81872,0,0,0,ok
full,corpus,Judgement Document.pdf,1,5,27.3,10862312,1,1,1,ok
full,corpus,LKR824191.pdf,1,1,5.3,4165024,0,0,0,ok
full,corpus,Layer pdf - 322_High_Holborn_building_Brochure.pdf,1,3,41.3,37444104,0,0,0,ok
full,corpus,MOZILLA-10084-0.pdf,1,1,5.6,3208520,0,0,0,ok
full,corpus,MOZILLA-10225-0.pdf,1,5,36.6,23474440,1,1,1,ok
full,corpus,MOZILLA-10372-2.pdf,1,5,21.3,13077944,0,0,0,ok
full,corpus,MOZILLA-2775-1.pdf,1,5,28.9,17663056,1,0,0,ok
full,corpus,MOZILLA-3136-0.pdf,1,4,404.8,219639104,2,1,1,ok
full,corpus,MOZILLA-7375-0.pdf,1,5,24.8,15735776,0,0,0,ok
full,corpus,MOZILLA-9176-2.pdf,1,5,27.5,9938576,1,1,1,ok
full,corpus,MOZILLA-LINK-3264-0.pdf,1,5,2.7,3411848,0,0,0,ok
full,corpus,MOZILLA-LINK-5251-1.pdf,1,2,4.0,2280176,0,0,0,ok
full,corpus,Math119FakingData.pdf,1,5,14.5,9250592,0,0,0,ok
full,corpus,Motor Insurance claim form.pdf,1,3,132.6,67896520,2,2,2,ok
full,corpus,Multiple Page - from Mortality Statistics.pdf,1,5,23.8,15741024,0,0,0,ok
full,corpus,OPEN.RABBIT.ENGLISH.LOP.pdf,1,5,34.2,27703272,0,0,0,ok
full,corpus,Old Gutnish Internet Explorer.pdf,1,3,45.5,14914264,1,0,0,ok
full,corpus,P2P-33713919.pdf,1,5,35.4,23037368,1,1,1,ok
full,corpus,PDFBOX-1869-4-1.pdf,1,1,1.9,410720,0,0,0,ok
full,corpus,PDFBOX-492-4.jar-8.pdf,1,2,31.2,16854760,0,0,0,ok
full,corpus,PDFBOX-624-2.pdf,1,5,15.0,11327864,0,0,0,ok
full,corpus,Pig Production Handbook.pdf,1,5,14.2,11470096,0,0,0,ok
full,corpus,Pig Reproduction Powerpoint.pdf,1,5,6.6,9120160,0,0,0,ok
full,corpus,Publication_of_award_of_Bids_for_Transport_Sector__August_2016.pdf,1,5,12.7,8525216,0,0,0,ok
full,corpus,Rotated Text Libre Office.pdf,1,1,1.1,271192,0,0,0,ok
full,corpus,Rotation 45.pdf,1,4,47.2,17552320,1,1,1,ok
full,corpus,SPARC - v9 Architecture Manual.pdf,1,5,159.3,73961048,1,1,1,ok
full,corpus,SPE8EF26T0545.pdf,1,5,41.8,11460488,1,0,0,ok
full,corpus,ShowTextOpWithUnbalancedRoundBrackets.pdf,1,1,7.6,4626136,0,0,0,ok
full,corpus,Single Page Broken Offsets - from google drive.pdf,1,1,2.1,611632,0,0,0,ok
full,corpus,Single Page Form Content - from itext 1_1.pdf,1,1,1.4,786656,0,0,0,ok
full,corpus,Single Page Hyperlinks - from open office.pdf,1,1,0.8,405352,0,0,0,ok
full,corpus,Single Page Images - from libre office.pdf,1,1,0.6,383472,0,0,0,ok
full,corpus,Single Page Non Latin - from acrobat distiller.pdf,1,1,1.1,416240,0,0,0,ok
full,corpus,Single Page Simple - from google drive.pdf,1,1,1.6,604576,0,0,0,ok
full,corpus,Single Page Simple - from inkscape.pdf,1,1,0.5,167032,0,0,0,ok
full,corpus,Single Page Simple - from open office.pdf,1,1,0.7,293504,0,0,0,ok
full,corpus,Single Page Type 1 Font.pdf,1,1,0.4,85728,0,0,0,ok
full,corpus,SinglePage180ClockwiseRotation - from PdfPig.pdf,1,1,0.6,248008,0,0,0,ok
full,corpus,SinglePage270ClockwiseRotation - from PdfPig.pdf,1,1,0.6,247936,0,0,0,ok
full,corpus,SinglePage90ClockwiseRotation - from PdfPig.pdf,1,1,0.5,247936,0,0,0,ok
full,corpus,SmallCropbox.pdf,1,1,2.0,1617984,0,0,0,ok
full,corpus,TIKA-1552-0.pdf,1,5,24.6,23361472,0,0,0,ok
full,corpus,TIKA-2054-0.pdf,1,5,22.9,20453264,0,0,0,ok
full,corpus,TIKA-469-0.pdf,1,2,6.4,4685872,0,0,0,ok
full,corpus,Test.Doc.pdf,1,1,2.5,1738368,0,0,0,ok
full,corpus,TrueTypeTablesGlyphDataTableReadGlyphsError.pdf,1,1,8.4,4531552,0,0,0,ok
full,corpus,Two Page Text Only - from libre office.pdf,1,2,2.3,1732600,0,0,0,ok
full,corpus,Type0 Font.pdf,1,1,24.8,10341440,1,1,1,ok
full,corpus,Type0_CJK_Font.pdf,1,5,76.2,4859784,0,0,0,ok
full,corpus,Type3Test.pdf,1,1,0.6,156640,0,0,0,ok
full,corpus,Various Content Types.pdf,1,1,0.8,270848,0,0,0,ok
full,corpus,Why.does.this.not.work.pdf,1,1,2.2,1050192,0,0,0,ok
full,corpus,_citUR2jB1_ay56u6vELzk.pdf,1,2,2.7,2366640,0,0,0,ok
full,corpus,annotation-comments.pdf,1,1,0.7,296040,0,0,0,ok
full,corpus,bold-italic.pdf,1,1,2.5,1898008,0,0,0,ok
full,corpus,bookmarks-with-accented-characters.pdf,1,1,0.5,331424,0,0,0,ok
full,corpus,byz.pdf,1,1,3.3,2270664,0,0,0,ok
full,corpus,capas.pdf,1,5,6.7,8259768,0,0,0,ok
full,corpus,cat-genetics.pdf,1,1,7.4,6761320,0,0,0,ok
full,corpus,cat-genetics_bobld.pdf,1,1,8.0,7029832,0,0,0,ok
full,corpus,cmap-parsing-exception.pdf,1,1,19.9,13351960,0,0,0,ok
full,corpus,cropped-and-rotated.pdf,1,1,1.5,774832,0,0,0,ok
full,corpus,data.pdf,1,3,5.8,4031680,0,0,0,ok
full,corpus,dotnet-ai.pdf,1,5,34.2,32238592,1,1,1,ok
full,corpus,felltypes-test.pdf,1,1,15.1,4975832,0,0,0,ok
full,corpus,hex_0x0006.pdf,1,1,1.2,658968,0,0,0,ok
full,corpus,inherited_mediabox.pdf,1,1,0.3,54864,0,0,0,ok
full,corpus,iron-ore-q2-q3-2013.pdf,1,5,45.3,35996144,1,1,1,ok
full,corpus,issue_1163.pdf,1,2,0.5,183096,0,0,0,ok
full,corpus,issue_1330.pdf,1,1,0.2,57184,0,0,0,ok
full,corpus,issue_1331.pdf,1,1,2.3,1527536,0,0,0,ok
full,corpus,issue_671.pdf,1,2,33.0,18269688,1,1,1,ok
full,corpus,issue_881.pdf,1,1,1.3,778064,0,0,0,ok
full,corpus,issues-1176-1.pdf,1,1,3.1,2142472,0,0,0,ok
full,corpus,issues-1176.pdf,1,1,2.9,7145160,0,0,0,ok
full,corpus,journal.pone.0196757.pdf,1,5,54.7,35345920,1,1,0,ok
full,corpus,jtehm-melillo-2679746.pdf,1,5,77.9,52739904,1,1,1,ok
full,corpus,little-pig-in-armenian.pdf,1,1,1.0,317648,0,0,0,ok
full,corpus,odwriteex.pdf,1,1,1.0,715240,0,0,0,ok
full,corpus,outline.pdf,1,3,1.9,1120392,0,0,0,ok
full,corpus,output_w3c_csswg_drafts_issues2023.pdf,1,1,0.6,235192,0,0,0,ok
full,corpus,path_ext_oddeven.pdf,1,1,1.6,1155264,0,0,0,ok
full,corpus,pop-bugzilla37292.pdf,1,4,8.1,7955600,0,0,0,ok
full,corpus,reference-2-numeric-error.pdf,1,1,16.6,7149616,0,0,0,ok
full,corpus,soundandvision.pdf,1,1,3.6,2021992,0,0,0,ok
full,corpus,ssm2163.pdf,1,5,18.9,10905464,0,0,0,ok
full,corpus,steam_in_page_dict.pdf,1,1,0.4,103368,0,0,0,ok
full,corpus,test-2_so_74165171.pdf,1,1,130.2,41138368,1,1,1,ok
full,corpus,testPdf-1.pdf,1,2,6.1,5924088,0,0,0,ok
full,corpus,test_a-5.pdf,1,5,90.5,69146480,1,1,1,ok
full,corpus,test_a.pdf,1,5,118.7,69146256,2,1,1,ok
full,corpus,toc.pdf,1,5,5.6,7515664,0,0,0,ok
full,corpus,type3-font-zero-height.pdf,1,1,13.3,7005592,0,0,0,ok
full,corpus,0000851.pdf,2,5,288.7,118355960,1,1,1,ok
full,corpus,11194059_2017-11_de_s.pdf,2,2,28.0,27464304,0,0,0,ok
full,corpus,2006_Swedish_Touring_Car_Championship.pdf,2,4,9.7,7841736,0,0,0,ok
full,corpus,2108.11480.pdf,2,5,134.6,75372216,1,1,0,ok
full,corpus,22060_A1_01_Plans-1.pdf,2,1,16.0,9375680,1,1,1,ok
full,corpus,6.Secrets.to.Startup.Success.PDFDrive.pdf,2,5,19.0,24665072,0,0,0,ok
full,corpus,68-1990-01_A.pdf,2,5,40.4,44570872,0,0,0,ok
full,corpus,AcroFormsBasicFields.pdf,2,1,0.8,593960,0,0,0,ok
full,corpus,Approved_Document_B__fire_safety__volume_2_-_Buildings_other_than_dwellings__2019_edition_incorporating_2020_and_2022_amendments.pdf,2,5,52.4,51967960,2,2,2,ok
full,corpus,Arve.nr.1615.17.04.2026.pdf,2,1,1.6,1269264,0,0,0,ok
full,corpus,ClipPathLetterFilter-Test1.pdf,2,5,10.4,12542280,0,0,0,ok
full,corpus,ClipPathLetterFilter-Test2.pdf,2,1,7.3,8370112,0,0,0,ok
full,corpus,ColorIssue.pdf,2,1,39.8,31878144,1,1,1,ok
full,corpus,DeviceN_CS_test.pdf,2,5,26.4,21471392,1,1,1,ok
full,corpus,Diacritics_export.pdf,2,1,1.9,2350520,0,0,0,ok
full,corpus,EmptyPdf.pdf,2,1,0.3,37856,0,0,0,ok
full,corpus,ErcotFacts.pdf,2,2,14.7,13357808,0,0,0,ok
full,corpus,FICTIF_TABLE_INDEX.pdf,2,5,12.3,14803432,0,0,0,ok
full,corpus,FarmerMac.pdf,2,5,14.0,13699904,1,1,0,ok
full,corpus,Font Size Test - from google chrome print pdf.pdf,2,1,0.9,480088,0,0,0,ok
full,corpus,Font Size Test - from libre office.pdf,2,1,0.7,187688,0,0,0,ok
full,corpus,FontMatrix-1.pdf,2,1,0.4,216552,0,0,0,ok
full,corpus,FontMatrix-concat.pdf,2,1,0.2,134464,0,0,0,ok
full,corpus,FontMatrix-otf-bad-hmtx.pdf,2,1,1.1,737976,0,0,0,ok
full,corpus,FontMatrix-otf.pdf,2,1,1.1,742256,0,0,0,ok
full,corpus,FontMatrix-raw.pdf,2,1,1.1,682856,0,0,0,ok
full,corpus,GHOSTSCRIPT-692564-0.pdf,2,1,0.7,547160,0,0,0,ok
full,corpus,GHOSTSCRIPT-695513-0.pdf,2,1,2.0,3520352,0,0,0,ok
full,corpus,GHOSTSCRIPT-696171-0.pdf,2,5,8.6,11331928,0,0,0,ok
full,corpus,GHOSTSCRIPT-696547-0.zip-7.pdf,2,1,3.8,7354400,0,0,0,ok
full,corpus,GHOSTSCRIPT-696547-0.zip-9.pdf,2,1,3.6,7354440,0,0,0,ok
full,corpus,GHOSTSCRIPT-697234-0.pdf,2,3,23.0,22673488,0,0,0,ok
full,corpus,GHOSTSCRIPT-697507-0.pdf,2,1,17.4,7905392,2,2,1,ok
full,corpus,GHOSTSCRIPT-697984-3.pdf,2,1,3.1,1619672,0,0,0,ok
full,corpus,GHOSTSCRIPT-698168-0.pdf,2,1,2.1,2816120,0,0,0,ok
full,corpus,GHOSTSCRIPT-698363-0.pdf,2,1,4.4,466528,0,0,0,ok
full,corpus,GHOSTSCRIPT-698721-0.zip-6.pdf,2,2,6.4,7315232,0,0,0,ok
full,corpus,GHOSTSCRIPT-698721-1.pdf,2,1,1.7,2031688,0,0,0,ok
full,corpus,GHOSTSCRIPT-699035-0.pdf,2,5,41.6,38280072,2,1,0,ok
full,corpus,GHOSTSCRIPT-699178-0.pdf,2,3,7.3,8417640,0,0,0,ok
full,corpus,GHOSTSCRIPT-699375-5.pdf,2,1,3.6,3067728,0,0,0,ok
full,corpus,GHOSTSCRIPT-699488-0.pdf,2,1,7.3,8119392,0,0,0,ok
full,corpus,GHOSTSCRIPT-699554-0.zip-4.pdf,2,1,1.6,1649840,0,0,0,ok
full,corpus,GHOSTSCRIPT-700125-1.pdf,2,5,11.5,16241120,0,0,0,ok
full,corpus,GHOSTSCRIPT-700139-0.pdf,2,2,156.1,116174952,2,2,1,ok
full,corpus,GHOSTSCRIPT-700236-1.pdf,2,5,11.0,13413384,0,0,0,ok
full,corpus,GHOSTSCRIPT-700288-1.pdf,2,1,4.7,4617784,0,0,0,ok
full,corpus,GHOSTSCRIPT-700370-2.pdf,2,1,1.9,1530496,0,0,0,ok
full,corpus,GHOSTSCRIPT-700931-0.7z-5.pdf,2,2,1.4,1221232,0,0,0,ok
full,corpus,GHOSTSCRIPT-702013-1.pdf,2,1,3.4,3792264,0,0,0,ok
full,corpus,Gamebook.pdf,2,5,13.3,9352376,0,0,0,ok
full,corpus,GlyphDataTableReadCompositeGlyphError.pdf,2,1,3.9,2885296,0,0,0,ok
full,corpus,Grapheme clusters emoji.pdf,2,1,0.5,149464,0,0,0,ok
full,corpus,ICML03-081.pdf,2,5,20.4,17257256,0,0,0,ok
full,corpus,Indexed-DeviceRGB-JPXDecode-0-.0.0.255.0.-Font-F1_1_missing_char_255-1.pdf,2,1,37.9,16977640,1,1,1,ok
full,corpus,IndexedCS_negative_and_high.pdf,2,1,0.4,82056,0,0,0,ok
full,corpus,Judgement Document.pdf,2,5,6.5,9126064,0,0,0,ok
full,corpus,LKR824191.pdf,2,1,2.9,4164792,0,0,0,ok
full,corpus,Layer pdf - 322_High_Holborn_building_Brochure.pdf,2,3,30.0,37060752,0,0,0,ok
full,corpus,MOZILLA-10084-0.pdf,2,1,3.5,3207560,0,0,0,ok
full,corpus,MOZILLA-10225-0.pdf,2,5,13.4,22993424,0,0,0,ok
full,corpus,MOZILLA-10372-2.pdf,2,5,30.4,12995488,1,1,1,ok
full,corpus,MOZILLA-2775-1.pdf,2,5,16.6,17662352,1,0,0,ok
full,corpus,MOZILLA-3136-0.pdf,2,4,251.4,217587680,2,2,1,ok
full,corpus,MOZILLA-7375-0.pdf,2,5,17.5,15734432,0,0,0,ok
full,corpus,MOZILLA-9176-2.pdf,2,5,28.3,9938456,1,1,1,ok
full,corpus,MOZILLA-LINK-3264-0.pdf,2,5,2.0,3291128,0,0,0,ok
full,corpus,MOZILLA-LINK-5251-1.pdf,2,2,2.9,2201344,0,0,0,ok
full,corpus,Math119FakingData.pdf,2,5,8.1,9248816,0,0,0,ok
full,corpus,Motor Insurance claim form.pdf,2,3,93.5,67256560,2,1,1,ok
full,corpus,Multiple Page - from Mortality Statistics.pdf,2,5,7.2,8197464,0,0,0,ok
full,corpus,OPEN.RABBIT.ENGLISH.LOP.pdf,2,5,20.9,27513336,0,0,0,ok
full,corpus,Old Gutnish Internet Explorer.pdf,2,3,12.0,14269408,0,0,0,ok
full,corpus,P2P-33713919.pdf,2,5,32.8,22995416,1,1,1,ok
full,corpus,PDFBOX-1869-4-1.pdf,2,1,0.7,410568,0,0,0,ok
full,corpus,PDFBOX-492-4.jar-8.pdf,2,2,17.3,16853128,0,0,0,ok
full,corpus,PDFBOX-624-2.pdf,2,5,17.5,11326376,1,0,0,ok
full,corpus,Pig Production Handbook.pdf,2,5,8.6,11469680,0,0,0,ok
full,corpus,Pig Reproduction Powerpoint.pdf,2,5,5.3,9117664,0,0,0,ok
full,corpus,Publication_of_award_of_Bids_for_Transport_Sector__August_2016.pdf,2,5,7.1,8288144,0,0,0,ok
full,corpus,Rotated Text Libre Office.pdf,2,1,0.6,237760,0,0,0,ok
full,corpus,Rotation 45.pdf,2,4,13.0,9895040,0,0,0,ok
full,corpus,SPARC - v9 Architecture Manual.pdf,2,5,65.6,73960720,1,1,1,ok
full,corpus,SPE8EF26T0545.pdf,2,5,9.6,11453744,0,0,0,ok
full,corpus,ShowTextOpWithUnbalancedRoundBrackets.pdf,2,1,4.5,4625544,0,0,0,ok
full,corpus,Single Page Broken Offsets - from google drive.pdf,2,1,1.5,590176,0,0,0,ok
full,corpus,Single Page Form Content - from itext 1_1.pdf,2,1,1.2,786488,0,0,0,ok
full,corpus,Single Page Hyperlinks - from open office.pdf,2,1,0.9,360328,0,0,0,ok
full,corpus,Single Page Images - from libre office.pdf,2,1,0.5,377616,0,0,0,ok
full,corpus,Single Page Non Latin - from acrobat distiller.pdf,2,1,0.9,396272,0,0,0,ok
full,corpus,Single Page Simple - from google drive.pdf,2,1,1.0,583192,0,0,0,ok
full,corpus,Single Page Simple - from inkscape.pdf,2,1,0.4,149944,0,0,0,ok
full,corpus,Single Page Simple - from open office.pdf,2,1,0.5,270128,0,0,0,ok
full,corpus,Single Page Type 1 Font.pdf,2,1,0.3,85704,0,0,0,ok
full,corpus,SinglePage180ClockwiseRotation - from PdfPig.pdf,2,1,0.4,201736,0,0,0,ok
full,corpus,SinglePage270ClockwiseRotation - from PdfPig.pdf,2,1,0.4,201736,0,0,0,ok
full,corpus,SinglePage90ClockwiseRotation - from PdfPig.pdf,2,1,0.4,201736,0,0,0,ok
full,corpus,SmallCropbox.pdf,2,1,1.6,1617816,0,0,0,ok
full,corpus,TIKA-1552-0.pdf,2,5,19.0,23342904,0,0,0,ok
full,corpus,TIKA-2054-0.pdf,2,5,35.9,20451360,1,1,1,ok
full,corpus,TIKA-469-0.pdf,2,2,4.2,4677512,0,0,0,ok
full,corpus,Test.Doc.pdf,2,1,1.9,1679448,0,0,0,ok
full,corpus,TrueTypeTablesGlyphDataTableReadGlyphsError.pdf,2,1,5.0,3650296,0,0,0,ok
full,corpus,Two Page Text Only - from libre office.pdf,2,2,2.2,1569760,1,0,0,ok
full,corpus,Type0 Font.pdf,2,1,8.7,9721536,0,0,0,ok
full,corpus,Type0_CJK_Font.pdf,2,5,10.3,3212400,0,0,0,ok
full,corpus,Type3Test.pdf,2,1,0.4,155248,0,0,0,ok
full,corpus,Various Content Types.pdf,2,1,0.4,256208,0,0,0,ok
full,corpus,Why.does.this.not.work.pdf,2,1,1.3,1035936,0,0,0,ok
full,corpus,_citUR2jB1_ay56u6vELzk.pdf,2,2,1.8,2254200,0,0,0,ok
full,corpus,annotation-comments.pdf,2,1,0.6,283368,0,0,0,ok
full,corpus,bold-italic.pdf,2,1,2.3,1617016,0,0,0,ok
full,corpus,bookmarks-with-accented-characters.pdf,2,1,0.4,331400,0,0,0,ok
full,corpus,byz.pdf,2,1,2.3,2270568,0,0,0,ok
full,corpus,capas.pdf,2,5,6.8,8006016,1,0,0,ok
full,corpus,cat-genetics.pdf,2,1,5.1,6760568,0,0,0,ok
full,corpus,cat-genetics_bobld.pdf,2,1,5.3,7029376,0,0,0,ok
full,corpus,cmap-parsing-exception.pdf,2,1,16.0,13116712,0,0,0,ok
full,corpus,cropped-and-rotated.pdf,2,1,1.1,743992,0,0,0,ok
full,corpus,data.pdf,2,3,6.0,4031464,1,0,0,ok
full,corpus,dotnet-ai.pdf,2,5,21.6,31548896,1,1,1,ok
full,corpus,felltypes-test.pdf,2,1,8.0,4974872,0,0,0,ok
full,corpus,hex_0x0006.pdf,2,1,0.8,658224,0,0,0,ok
full,corpus,inherited_mediabox.pdf,2,1,0.2,54768,0,0,0,ok
full,corpus,iron-ore-q2-q3-2013.pdf,2,5,33.2,35955512,1,1,1,ok
full,corpus,issue_1163.pdf,2,2,0.4,183048,0,0,0,ok
full,corpus,issue_1330.pdf,2,1,0.2,57160,0,0,0,ok
full,corpus,issue_1331.pdf,2,1,1.8,1351112,0,0,0,ok
full,corpus,issue_671.pdf,2,2,18.4,17837376,0,0,0,ok
full,corpus,issue_881.pdf,2,1,1.4,617280,0,0,0,ok
full,corpus,issues-1176-1.pdf,2,1,2.1,2141424,0,0,0,ok
full,corpus,issues-1176.pdf,2,1,3.1,7144800,0,0,0,ok
full,corpus,journal.pone.0196757.pdf,2,5,49.1,35322232,1,1,1,ok
full,corpus,jtehm-melillo-2679746.pdf,2,5,46.8,52735888,0,0,0,ok
full,corpus,little-pig-in-armenian.pdf,2,1,0.8,306568,0,0,0,ok
full,corpus,odwriteex.pdf,2,1,0.9,715144,0,0,0,ok
full,corpus,outline.pdf,2,3,2.0,1087056,0,0,0,ok
full,corpus,output_w3c_csswg_drafts_issues2023.pdf,2,1,0.7,234960,0,0,0,ok
full,corpus,path_ext_oddeven.pdf,2,1,1.4,1039800,0,0,0,ok
full,corpus,pop-bugzilla37292.pdf,2,4,6.4,7589528,0,0,0,ok
full,corpus,reference-2-numeric-error.pdf,2,1,8.6,7147144,0,0,0,ok
full,corpus,soundandvision.pdf,2,1,2.2,1856152,0,0,0,ok
full,corpus,ssm2163.pdf,2,5,9.4,10255048,0,0,0,ok
full,corpus,steam_in_page_dict.pdf,2,1,0.4,103272,0,0,0,ok
full,corpus,test-2_so_74165171.pdf,2,1,66.4,39104568,1,1,1,ok
full,corpus,testPdf-1.pdf,2,2,5.5,5701528,0,0,0,ok
full,corpus,test_a-5.pdf,2,5,95.1,68790776,2,1,1,ok
full,corpus,test_a.pdf,2,5,55.0,68789304,0,0,0,ok
full,corpus,toc.pdf,2,5,7.5,7515336,0,0,0,ok
full,corpus,type3-font-zero-height.pdf,2,1,10.1,7000088,0,0,0,ok
full,corpus,0000851.pdf,3,5,193.2,118355840,2,1,1,ok
full,corpus,11194059_2017-11_de_s.pdf,3,2,29.3,27411600,0,0,0,ok
full,corpus,2006_Swedish_Touring_Car_Championship.pdf,3,4,8.8,7625496,0,0,0,ok
full,corpus,2108.11480.pdf,3,5,86.8,74769320,1,1,0,ok
full,corpus,22060_A1_01_Plans-1.pdf,3,1,15.4,9375680,1,1,1,ok
full,corpus,6.Secrets.to.Startup.Success.PDFDrive.pdf,3,5,18.7,24665072,0,0,0,ok
full,corpus,68-1990-01_A.pdf,3,5,41.9,44320984,0,0,0,ok
full,corpus,AcroFormsBasicFields.pdf,3,1,0.8,593960,0,0,0,ok
full,corpus,Approved_Document_B__fire_safety__volume_2_-_Buildings_other_than_dwellings__2019_edition_incorporating_2020_and_2022_amendments.pdf,3,5,51.9,51967960,2,2,2,ok
full,corpus,Arve.nr.1615.17.04.2026.pdf,3,1,2.3,1192032,0,0,0,ok
full,corpus,ClipPathLetterFilter-Test1.pdf,3,5,11.0,12120936,0,0,0,ok
full,corpus,ClipPathLetterFilter-Test2.pdf,3,1,7.6,8370112,0,0,0,ok
full,corpus,ColorIssue.pdf,3,1,30.0,31876464,0,0,0,ok
full,corpus,DeviceN_CS_test.pdf,3,5,31.2,21471184,1,1,1,ok
full,corpus,Diacritics_export.pdf,3,1,2.0,2350520,0,0,0,ok
full,corpus,EmptyPdf.pdf,3,1,0.3,37856,0,0,0,ok
full,corpus,ErcotFacts.pdf,3,2,19.7,13357808,1,1,0,ok
full,corpus,FICTIF_TABLE_INDEX.pdf,3,5,13.2,14803640,0,0,0,ok
full,corpus,FarmerMac.pdf,3,5,13.1,13699904,0,0,0,ok
full,corpus,Font Size Test - from google chrome print pdf.pdf,3,1,1.0,479880,0,0,0,ok
full,corpus,Font Size Test - from libre office.pdf,3,1,0.5,187688,0,0,0,ok
full,corpus,FontMatrix-1.pdf,3,1,0.4,216552,0,0,0,ok
full,corpus,FontMatrix-concat.pdf,3,1,0.2,134464,0,0,0,ok
full,corpus,FontMatrix-otf-bad-hmtx.pdf,3,1,1.3,737976,0,0,0,ok
full,corpus,FontMatrix-otf.pdf,3,1,1.3,742256,0,0,0,ok
full,corpus,FontMatrix-raw.pdf,3,1,1.2,682856,0,0,0,ok
full,corpus,GHOSTSCRIPT-692564-0.pdf,3,1,0.9,547160,0,0,0,ok
full,corpus,GHOSTSCRIPT-695513-0.pdf,3,1,2.2,3520352,0,0,0,ok
full,corpus,GHOSTSCRIPT-696171-0.pdf,3,5,10.0,11331928,0,0,0,ok
full,corpus,GHOSTSCRIPT-696547-0.zip-7.pdf,3,1,3.8,7354400,0,0,0,ok
full,corpus,GHOSTSCRIPT-696547-0.zip-9.pdf,3,1,3.8,7354440,0,0,0,ok
full,corpus,GHOSTSCRIPT-697234-0.pdf,3,3,23.8,22673488,0,0,0,ok
full,corpus,GHOSTSCRIPT-697507-0.pdf,3,1,11.6,7903712,1,1,0,ok
full,corpus,GHOSTSCRIPT-697984-3.pdf,3,1,2.6,1619672,0,0,0,ok
full,corpus,GHOSTSCRIPT-698168-0.pdf,3,1,2.3,2816120,0,0,0,ok
full,corpus,GHOSTSCRIPT-698363-0.pdf,3,1,1.6,466120,0,0,0,ok
full,corpus,GHOSTSCRIPT-698721-0.zip-6.pdf,3,2,17.8,7316912,1,1,1,ok
full,corpus,GHOSTSCRIPT-698721-1.pdf,3,1,2.1,2031896,0,0,0,ok
full,corpus,GHOSTSCRIPT-699035-0.pdf,3,5,40.6,38280072,1,1,0,ok
full,corpus,GHOSTSCRIPT-699178-0.pdf,3,3,7.0,8417640,0,0,0,ok
full,corpus,GHOSTSCRIPT-699375-5.pdf,3,1,3.5,3067728,0,0,0,ok
full,corpus,GHOSTSCRIPT-699488-0.pdf,3,1,7.0,8119392,0,0,0,ok
full,corpus,GHOSTSCRIPT-699554-0.zip-4.pdf,3,1,1.4,1649840,0,0,0,ok
full,corpus,GHOSTSCRIPT-700125-1.pdf,3,5,11.8,16241120,0,0,0,ok
full,corpus,GHOSTSCRIPT-700139-0.pdf,3,2,137.1,116174952,2,2,1,ok
full,corpus,GHOSTSCRIPT-700236-1.pdf,3,5,12.1,13413384,0,0,0,ok
full,corpus,GHOSTSCRIPT-700288-1.pdf,3,1,4.4,4617784,0,0,0,ok
full,corpus,GHOSTSCRIPT-700370-2.pdf,3,1,1.7,1530496,0,0,0,ok
full,corpus,GHOSTSCRIPT-700931-0.7z-5.pdf,3,2,1.2,1221232,0,0,0,ok
full,corpus,GHOSTSCRIPT-702013-1.pdf,3,1,3.6,3792264,0,0,0,ok
full,corpus,Gamebook.pdf,3,5,11.2,9352376,0,0,0,ok
full,corpus,GlyphDataTableReadCompositeGlyphError.pdf,3,1,4.7,2885296,0,0,0,ok
full,corpus,Grapheme clusters emoji.pdf,3,1,0.4,149464,0,0,0,ok
full,corpus,ICML03-081.pdf,3,5,20.4,17257256,0,0,0,ok
full,corpus,Indexed-DeviceRGB-JPXDecode-0-.0.0.255.0.-Font-F1_1_missing_char_255-1.pdf,3,1,27.5,16975960,0,0,0,ok
full,corpus,IndexedCS_negative_and_high.pdf,3,1,0.4,81848,0,0,0,ok
full,corpus,Judgement Document.pdf,3,5,8.8,9126064,0,0,0,ok
full,corpus,LKR824191.pdf,3,1,4.4,4164792,0,0,0,ok
full,corpus,Layer pdf - 322_High_Holborn_building_Brochure.pdf,3,3,68.0,37062432,2,1,1,ok
full,corpus,MOZILLA-10084-0.pdf,3,1,3.5,3207768,0,0,0,ok
full,corpus,MOZILLA-10225-0.pdf,3,5,14.7,22993424,0,0,0,ok
full,corpus,MOZILLA-10372-2.pdf,3,5,9.9,12993808,0,0,0,ok
full,corpus,MOZILLA-2775-1.pdf,3,5,13.7,17662144,0,0,0,ok
full,corpus,MOZILLA-3136-0.pdf,3,4,246.0,217589152,3,3,2,ok
full,corpus,MOZILLA-7375-0.pdf,3,5,12.7,15734432,0,0,0,ok
full,corpus,MOZILLA-9176-2.pdf,3,5,3.5,9936776,0,0,0,ok
full,corpus,MOZILLA-LINK-3264-0.pdf,3,5,2.0,3290920,0,0,0,ok
full,corpus,MOZILLA-LINK-5251-1.pdf,3,2,2.6,2201344,0,0,0,ok
full,corpus,Math119FakingData.pdf,3,5,8.1,9248816,0,0,0,ok
full,corpus,Motor Insurance claim form.pdf,3,3,102.9,67256560,1,1,1,ok
full,corpus,Multiple Page - from Mortality Statistics.pdf,3,5,6.7,8197464,0,0,0,ok
full,corpus,OPEN.RABBIT.ENGLISH.LOP.pdf,3,5,22.6,27513336,0,0,0,ok
full,corpus,Old Gutnish Internet Explorer.pdf,3,3,33.8,14269408,1,0,0,ok
full,corpus,P2P-33713919.pdf,3,5,26.4,22995624,1,1,1,ok
full,corpus,PDFBOX-1869-4-1.pdf,3,1,1.1,410568,0,0,0,ok
full,corpus,PDFBOX-492-4.jar-8.pdf,3,2,20.3,16853128,0,0,0,ok
full,corpus,PDFBOX-624-2.pdf,3,5,9.8,11326376,0,0,0,ok
full,corpus,Pig Production Handbook.pdf,3,5,9.1,11469472,0,0,0,ok
full,corpus,Pig Reproduction Powerpoint.pdf,3,5,4.5,9117664,0,0,0,ok
full,corpus,Publication_of_award_of_Bids_for_Transport_Sector__August_2016.pdf,3,5,7.7,8288144,0,0,0,ok
full,corpus,Rotated Text Libre Office.pdf,3,1,0.6,237760,0,0,0,ok
full,corpus,Rotation 45.pdf,3,4,14.3,9895040,0,0,0,ok
full,corpus,SPARC - v9 Architecture Manual.pdf,3,5,67.9,73960720,1,1,1,ok
full,corpus,SPE8EF26T0545.pdf,3,5,10.2,11453744,0,0,0,ok
full,corpus,ShowTextOpWithUnbalancedRoundBrackets.pdf,3,1,4.6,4625544,0,0,0,ok
full,corpus,Single Page Broken Offsets - from google drive.pdf,3,1,31.9,590176,1,0,0,ok
full,corpus,Single Page Form Content - from itext 1_1.pdf,3,1,1.5,786696,0,0,0,ok
full,corpus,Single Page Hyperlinks - from open office.pdf,3,1,0.8,360328,0,0,0,ok
full,corpus,Single Page Images - from libre office.pdf,3,1,0.6,377616,0,0,0,ok
full,corpus,Single Page Non Latin - from acrobat distiller.pdf,3,1,0.9,396272,0,0,0,ok
full,corpus,Single Page Simple - from google drive.pdf,3,1,1.0,583192,0,0,0,ok
full,corpus,Single Page Simple - from inkscape.pdf,3,1,0.4,149944,0,0,0,ok
full,corpus,Single Page Simple - from open office.pdf,3,1,0.6,270128,0,0,0,ok
full,corpus,Single Page Type 1 Font.pdf,3,1,0.3,85704,0,0,0,ok
full,corpus,SinglePage180ClockwiseRotation - from PdfPig.pdf,3,1,0.4,201736,0,0,0,ok
full,corpus,SinglePage270ClockwiseRotation - from PdfPig.pdf,3,1,0.4,201736,0,0,0,ok
full,corpus,SinglePage90ClockwiseRotation - from PdfPig.pdf,3,1,0.4,201736,0,0,0,ok
full,corpus,SmallCropbox.pdf,3,1,1.5,1617816,0,0,0,ok
full,corpus,TIKA-1552-0.pdf,3,5,20.4,23342904,0,0,0,ok
full,corpus,TIKA-2054-0.pdf,3,5,18.7,20449680,0,0,0,ok
full,corpus,TIKA-469-0.pdf,3,2,4.2,4677304,0,0,0,ok
full,corpus,Test.Doc.pdf,3,1,1.9,1679448,0,0,0,ok
full,corpus,TrueTypeTablesGlyphDataTableReadGlyphsError.pdf,3,1,19.8,3651976,1,1,1,ok
full,corpus,Two Page Text Only - from libre office.pdf,3,2,1.6,1569968,0,0,0,ok
full,corpus,Type0 Font.pdf,3,1,8.7,9721328,0,0,0,ok
full,corpus,Type0_CJK_Font.pdf,3,5,9.4,3212400,0,0,0,ok
full,corpus,Type3Test.pdf,3,1,0.5,155248,0,0,0,ok
full,corpus,Various Content Types.pdf,3,1,0.4,256208,0,0,0,ok
full,corpus,Why.does.this.not.work.pdf,3,1,1.3,1035936,0,0,0,ok
full,corpus,_citUR2jB1_ay56u6vELzk.pdf,3,2,1.8,2254200,0,0,0,ok
full,corpus,annotation-comments.pdf,3,1,0.5,283368,0,0,0,ok
full,corpus,bold-italic.pdf,3,1,2.1,1617016,0,0,0,ok
full,corpus,bookmarks-with-accented-characters.pdf,3,1,0.4,331400,0,0,0,ok
full,corpus,byz.pdf,3,1,2.1,2270568,0,0,0,ok
full,corpus,capas.pdf,3,5,5.8,8006016,0,0,0,ok
full,corpus,cat-genetics.pdf,3,1,4.9,6760360,0,0,0,ok
full,corpus,cat-genetics_bobld.pdf,3,1,5.0,7029376,0,0,0,ok
full,corpus,cmap-parsing-exception.pdf,3,1,15.9,13116712,0,0,0,ok
full,corpus,cropped-and-rotated.pdf,3,1,1.1,743992,0,0,0,ok
full,corpus,data.pdf,3,3,3.6,4031464,0,0,0,ok
full,corpus,dotnet-ai.pdf,3,5,34.1,31548688,1,1,1,ok
full,corpus,felltypes-test.pdf,3,1,7.9,4974872,0,0,0,ok
full,corpus,hex_0x0006.pdf,3,1,0.8,658224,0,0,0,ok
full,corpus,inherited_mediabox.pdf,3,1,0.2,54768,0,0,0,ok
full,corpus,iron-ore-q2-q3-2013.pdf,3,5,32.6,35955512,1,1,1,ok
full,corpus,issue_1163.pdf,3,2,0.6,183048,0,0,0,ok
full,corpus,issue_1330.pdf,3,1,0.4,57160,0,0,0,ok
full,corpus,issue_1331.pdf,3,1,1.9,1351112,0,0,0,ok
full,corpus,issue_671.pdf,3,2,19.5,17837376,0,0,0,ok
full,corpus,issue_881.pdf,3,1,1.1,617280,0,0,0,ok
full,corpus,issues-1176-1.pdf,3,1,2.8,2141424,0,0,0,ok
full,corpus,issues-1176.pdf,3,1,2.8,7144800,0,0,0,ok
full,corpus,journal.pone.0196757.pdf,3,5,45.2,35320552,1,0,0,ok
full,corpus,jtehm-melillo-2679746.pdf,3,5,65.6,52737568,1,1,1,ok
full,corpus,little-pig-in-armenian.pdf,3,1,1.1,306776,0,0,0,ok
full,corpus,odwriteex.pdf,3,1,1.0,715144,0,0,0,ok
full,corpus,outline.pdf,3,3,1.7,1087056,0,0,0,ok
full,corpus,output_w3c_csswg_drafts_issues2023.pdf,3,1,0.6,234960,0,0,0,ok
full,corpus,path_ext_oddeven.pdf,3,1,1.4,1039800,0,0,0,ok
full,corpus,pop-bugzilla37292.pdf,3,4,6.3,7589528,0,0,0,ok
full,corpus,reference-2-numeric-error.pdf,3,1,8.6,7147144,0,0,0,ok
full,corpus,soundandvision.pdf,3,1,2.1,1856152,0,0,0,ok
full,corpus,ssm2163.pdf,3,5,8.2,10255048,0,0,0,ok
full,corpus,steam_in_page_dict.pdf,3,1,0.3,103272,0,0,0,ok
full,corpus,test-2_so_74165171.pdf,3,1,74.7,39104568,1,1,1,ok
full,corpus,testPdf-1.pdf,3,2,5.7,5701528,0,0,0,ok
full,corpus,test_a-5.pdf,3,5,55.1,68789096,0,0,0,ok
full,corpus,test_a.pdf,3,5,78.8,68790776,1,1,1,ok
full,corpus,toc.pdf,3,5,5.4,7515544,0,0,0,ok
full,corpus,type3-font-zero-height.pdf,3,1,9.5,7000088,0,0,0,ok
scanner-only,single,formstream-15b-200do.pdf,1,1,160.8,34371264,1,0,0,ok
scanner-only,single,formstream-196kb-200do.pdf,1,1,523.6,157056824,11,11,11,ok
scanner-only,single,fullscale-extgstate-30k-4200do.pdf,1,1,16182.0,8349594328,539,539,538,ok
scanner-only,single,isolate-colorspace-30k-200do.pdf,1,1,784.4,520944096,44,44,44,ok
scanner-only,single,isolate-empty-resources-200do.pdf,1,1,2.6,2345280,0,0,0,ok
scanner-only,single,isolate-extgstate-1-entry-200do.pdf,1,1,2.4,2389136,0,0,0,ok
scanner-only,single,isolate-extgstate-direct-30k-200do.pdf,1,1,807.8,436675072,27,26,26,ok
scanner-only,single,isolate-extgstate-indirect-30k-200do.pdf,1,1,996.4,458351160,23,23,23,ok
scanner-only,single,isolate-properties-30k-200do.pdf,1,1,759.1,434408096,20,20,20,ok
scanner-only,single,isolate-xobject-30k-200do.pdf,1,1,1040.7,413588424,24,24,24,ok
scanner-only,single,objstm-xobject-30k-200do.pdf,1,1,1008.1,403820848,25,25,25,ok
scanner-only,single,scaling-extgstate-30k-100do.pdf,1,1,696.5,261198920,11,11,11,ok
scanner-only,single,scaling-extgstate-30k-50do.pdf,1,1,367.9,162622776,5,5,5,ok
scanner-only,single,formstream-15b-200do.pdf,2,1,2.0,2448032,0,0,0,ok
scanner-only,single,formstream-196kb-200do.pdf,2,1,204.7,157046088,3,2,2,ok
scanner-only,single,fullscale-extgstate-30k-4200do.pdf,2,1,21585.4,8344368920,345,344,344,ok
scanner-only,single,isolate-colorspace-30k-200do.pdf,2,1,832.4,514964432,21,21,21,ok
scanner-only,single,isolate-empty-resources-200do.pdf,2,1,1.4,2345280,0,0,0,ok
scanner-only,single,isolate-extgstate-1-entry-200do.pdf,2,1,1.4,2389136,0,0,0,ok
scanner-only,single,isolate-extgstate-direct-30k-200do.pdf,2,1,897.6,436667008,19,19,18,ok
scanner-only,single,isolate-extgstate-indirect-30k-200do.pdf,2,1,1016.5,458345112,17,17,17,ok
scanner-only,single,isolate-properties-30k-200do.pdf,2,1,845.6,432246080,18,18,18,ok
scanner-only,single,isolate-xobject-30k-200do.pdf,2,1,811.8,403185800,18,18,18,ok
scanner-only,single,objstm-xobject-30k-200do.pdf,2,1,908.5,403812136,18,18,18,ok
scanner-only,single,scaling-extgstate-30k-100do.pdf,2,1,676.6,261197912,11,10,10,ok
scanner-only,single,scaling-extgstate-30k-50do.pdf,2,1,387.9,162622776,5,5,5,ok
scanner+form,single,formstream-15b-200do.pdf,1,1,166.5,33540712,1,0,0,ok
scanner+form,single,formstream-196kb-200do.pdf,1,1,12.2,2587160,0,0,0,ok
scanner+form,single,fullscale-extgstate-30k-4200do.pdf,1,1,15946.7,8334231936,527,527,527,ok
scanner+form,single,isolate-colorspace-30k-200do.pdf,1,1,788.5,520217280,44,44,44,ok
scanner+form,single,isolate-empty-resources-200do.pdf,1,1,1.5,1618184,0,0,0,ok
scanner+form,single,isolate-extgstate-1-entry-200do.pdf,1,1,1.6,1662040,0,0,0,ok
scanner+form,single,isolate-extgstate-direct-30k-200do.pdf,1,1,775.8,435947976,27,26,26,ok
scanner+form,single,isolate-extgstate-indirect-30k-200do.pdf,1,1,971.8,457624064,23,23,23,ok
scanner+form,single,isolate-properties-30k-200do.pdf,1,1,760.5,433681000,20,20,20,ok
scanner+form,single,isolate-xobject-30k-200do.pdf,1,1,1008.6,412861328,24,24,24,ok
scanner+form,single,objstm-xobject-30k-200do.pdf,1,1,977.3,403093752,25,25,25,ok
scanner+form,single,scaling-extgstate-30k-100do.pdf,1,1,658.7,260837424,11,11,11,ok
scanner+form,single,scaling-extgstate-30k-50do.pdf,1,1,375.0,162444080,5,5,5,ok
scanner+form,single,formstream-15b-200do.pdf,2,1,1.2,1617456,0,0,0,ok
scanner+form,single,formstream-196kb-200do.pdf,2,1,7.9,2585496,0,0,0,ok
scanner+form,single,fullscale-extgstate-30k-4200do.pdf,2,1,20875.1,8329012576,339,339,339,ok
scanner+form,single,isolate-colorspace-30k-200do.pdf,2,1,925.0,514237616,21,21,21,ok
scanner+form,single,isolate-empty-resources-200do.pdf,2,1,0.9,1618184,0,0,0,ok
scanner+form,single,isolate-extgstate-1-entry-200do.pdf,2,1,0.9,1662040,0,0,0,ok
scanner+form,single,isolate-extgstate-direct-30k-200do.pdf,2,1,885.4,435939912,19,19,18,ok
scanner+form,single,isolate-extgstate-indirect-30k-200do.pdf,2,1,1054.2,457618016,17,17,17,ok
scanner+form,single,isolate-properties-30k-200do.pdf,2,1,871.2,431518984,18,18,18,ok
scanner+form,single,isolate-xobject-30k-200do.pdf,2,1,749.6,402458704,18,18,18,ok
scanner+form,single,objstm-xobject-30k-200do.pdf,2,1,744.2,403085040,18,18,18,ok
scanner+form,single,scaling-extgstate-30k-100do.pdf,2,1,630.9,260835408,10,9,9,ok
scanner+form,single,scaling-extgstate-30k-50do.pdf,2,1,402.5,162445088,6,6,6,ok
a-plus-b,single,formstream-15b-200do.pdf,1,1,171.1,34412560,1,0,0,ok
a-plus-b,single,formstream-196kb-200do.pdf,1,1,522.8,157098072,11,11,11,ok
a-plus-b,single,fullscale-extgstate-30k-4200do.pdf,1,1,254.1,117671416,4,4,3,ok
a-plus-b,single,isolate-colorspace-30k-200do.pdf,1,1,39.1,19401688,0,0,0,ok
a-plus-b,single,isolate-empty-resources-200do.pdf,1,1,4.7,2265520,0,0,0,ok
a-plus-b,single,isolate-extgstate-1-entry-200do.pdf,1,1,5.0,2271376,0,0,0,ok
a-plus-b,single,isolate-extgstate-direct-30k-200do.pdf,1,1,116.5,46547248,2,2,2,ok
a-plus-b,single,isolate-extgstate-indirect-30k-200do.pdf,1,1,143.8,68226360,2,2,2,ok
a-plus-b,single,isolate-properties-30k-200do.pdf,1,1,54.2,44284304,0,0,0,ok
a-plus-b,single,isolate-xobject-30k-200do.pdf,1,1,45.0,23460392,0,0,0,ok
a-plus-b,single,objstm-xobject-30k-200do.pdf,1,1,35.6,13560712,0,0,0,ok
a-plus-b,single,scaling-extgstate-30k-100do.pdf,1,1,144.9,67117000,1,1,1,ok
a-plus-b,single,scaling-extgstate-30k-50do.pdf,1,1,99.5,66564120,2,2,2,ok
a-plus-b,single,formstream-15b-200do.pdf,2,1,3.8,2489280,0,0,0,ok
a-plus-b,single,formstream-196kb-200do.pdf,2,1,243.3,157087096,3,2,2,ok
a-plus-b,single,fullscale-extgstate-30k-4200do.pdf,2,1,150.3,112639544,2,1,1,ok
a-plus-b,single,isolate-colorspace-30k-200do.pdf,2,1,34.4,13446216,1,1,1,ok
a-plus-b,single,isolate-empty-resources-200do.pdf,2,1,1.7,2265728,0,0,0,ok
a-plus-b,single,isolate-extgstate-1-entry-200do.pdf,2,1,1.5,2271376,0,0,0,ok
a-plus-b,single,isolate-extgstate-direct-30k-200do.pdf,2,1,41.2,46545232,0,0,0,ok
a-plus-b,single,isolate-extgstate-indirect-30k-200do.pdf,2,1,88.6,68226152,2,2,2,ok
a-plus-b,single,isolate-properties-30k-200do.pdf,2,1,30.0,42124304,0,0,0,ok
a-plus-b,single,isolate-xobject-30k-200do.pdf,2,1,41.1,13064824,1,1,1,ok
a-plus-b,single,objstm-xobject-30k-200do.pdf,2,1,19.5,13559264,0,0,0,ok
a-plus-b,single,scaling-extgstate-30k-100do.pdf,2,1,87.8,67118008,3,3,2,ok
a-plus-b,single,scaling-extgstate-30k-50do.pdf,2,1,74.9,66563112,1,1,1,ok
full,single,formstream-15b-200do.pdf,1,1,171.4,33461208,1,0,0,ok
full,single,formstream-196kb-200do.pdf,1,1,12.2,2507608,0,0,0,ok
full,single,fullscale-extgstate-30k-4200do.pdf,1,1,325.6,102320112,3,3,3,ok
full,single,isolate-colorspace-30k-200do.pdf,1,1,50.1,18674592,0,0,0,ok
full,single,isolate-empty-resources-200do.pdf,1,1,3.7,1538424,0,0,0,ok
full,single,isolate-extgstate-1-entry-200do.pdf,1,1,3.2,1544280,0,0,0,ok
full,single,isolate-extgstate-direct-30k-200do.pdf,1,1,107.4,45818136,0,0,0,ok
full,single,isolate-extgstate-indirect-30k-200do.pdf,1,1,165.1,67499056,2,2,2,ok
full,single,isolate-properties-30k-200do.pdf,1,1,70.0,43558216,1,1,1,ok
full,single,isolate-xobject-30k-200do.pdf,1,1,71.0,22734512,1,1,1,ok
full,single,objstm-xobject-30k-200do.pdf,1,1,58.4,12834832,1,1,1,ok
full,single,scaling-extgstate-30k-100do.pdf,1,1,68.5,66755712,1,1,1,ok
full,single,scaling-extgstate-30k-50do.pdf,1,1,86.7,66385424,2,2,2,ok
full,single,formstream-15b-200do.pdf,2,1,2.3,1537904,0,0,0,ok
full,single,formstream-196kb-200do.pdf,2,1,11.5,2505704,0,0,0,ok
full,single,fullscale-extgstate-30k-4200do.pdf,2,1,130.7,97288240,2,1,1,ok
full,single,isolate-colorspace-30k-200do.pdf,2,1,39.6,12719120,1,1,1,ok
full,single,isolate-empty-resources-200do.pdf,2,1,1.0,1538632,0,0,0,ok
full,single,isolate-extgstate-1-entry-200do.pdf,2,1,0.8,1544280,0,0,0,ok
full,single,isolate-extgstate-direct-30k-200do.pdf,2,1,35.2,45818136,0,0,0,ok
full,single,isolate-extgstate-indirect-30k-200do.pdf,2,1,79.7,67499056,2,2,2,ok
full,single,isolate-properties-30k-200do.pdf,2,1,63.1,41397208,1,1,0,ok
full,single,isolate-xobject-30k-200do.pdf,2,1,36.1,12337936,1,1,1,ok
full,single,objstm-xobject-30k-200do.pdf,2,1,20.1,12832168,0,0,0,ok
full,single,scaling-extgstate-30k-100do.pdf,2,1,81.4,66756512,2,2,2,ok
full,single,scaling-extgstate-30k-50do.pdf,2,1,70.4,66384416,1,1,1,ok
scanner-only,single,formstream-15b-200do.pdf,1,1,158.8,34371264,1,0,0,ok
scanner-only,single,formstream-196kb-200do.pdf,1,1,438.0,157056824,11,11,11,ok
scanner-only,single,fullscale-extgstate-30k-4200do.pdf,1,1,16351.2,8349594328,539,539,538,ok
scanner-only,single,isolate-colorspace-30k-200do.pdf,1,1,914.2,520944096,44,44,44,ok
scanner-only,single,isolate-empty-resources-200do.pdf,1,1,2.5,2345280,0,0,0,ok
scanner-only,single,isolate-extgstate-1-entry-200do.pdf,1,1,2.7,2389136,0,0,0,ok
scanner-only,single,isolate-extgstate-direct-30k-200do.pdf,1,1,930.5,436675072,27,26,26,ok
scanner-only,single,isolate-extgstate-indirect-30k-200do.pdf,1,1,979.4,458351160,23,23,23,ok
scanner-only,single,isolate-properties-30k-200do.pdf,1,1,678.7,434408096,20,20,20,ok
scanner-only,single,isolate-xobject-30k-200do.pdf,1,1,861.3,413588424,24,24,24,ok
scanner-only,single,objstm-xobject-30k-200do.pdf,1,1,820.7,403820848,25,25,25,ok
scanner-only,single,scaling-extgstate-30k-100do.pdf,1,1,573.2,261198920,11,11,11,ok
scanner-only,single,scaling-extgstate-30k-50do.pdf,1,1,327.1,162622776,5,5,5,ok
scanner-only,single,formstream-15b-200do.pdf,2,1,2.0,2448032,0,0,0,ok
scanner-only,single,formstream-196kb-200do.pdf,2,1,205.7,157046088,3,2,2,ok
scanner-only,single,fullscale-extgstate-30k-4200do.pdf,2,1,21413.4,8344368920,345,344,344,ok
scanner-only,single,isolate-colorspace-30k-200do.pdf,2,1,958.0,514964432,21,21,21,ok
scanner-only,single,isolate-empty-resources-200do.pdf,2,1,1.7,2345280,0,0,0,ok
scanner-only,single,isolate-extgstate-1-entry-200do.pdf,2,1,2.1,2389136,0,0,0,ok
scanner-only,single,isolate-extgstate-direct-30k-200do.pdf,2,1,1062.3,436667008,19,19,18,ok
scanner-only,single,isolate-extgstate-indirect-30k-200do.pdf,2,1,1197.0,458345112,17,17,17,ok
scanner-only,single,isolate-properties-30k-200do.pdf,2,1,1033.8,432246080,18,18,18,ok
scanner-only,single,isolate-xobject-30k-200do.pdf,2,1,900.9,403185800,18,18,18,ok
scanner-only,single,objstm-xobject-30k-200do.pdf,2,1,904.3,403812136,18,18,18,ok
scanner-only,single,scaling-extgstate-30k-100do.pdf,2,1,610.0,261197912,11,10,10,ok
scanner-only,single,scaling-extgstate-30k-50do.pdf,2,1,335.6,162622776,5,5,5,ok
scanner+form,single,formstream-15b-200do.pdf,1,1,152.1,33540712,1,0,0,ok
scanner+form,single,formstream-196kb-200do.pdf,1,1,11.7,2587160,0,0,0,ok
scanner+form,single,fullscale-extgstate-30k-4200do.pdf,1,1,18390.3,8334231936,527,527,527,ok
scanner+form,single,isolate-colorspace-30k-200do.pdf,1,1,862.8,520218288,45,45,45,ok
scanner+form,single,isolate-empty-resources-200do.pdf,1,1,1.9,1618184,0,0,0,ok
scanner+form,single,isolate-extgstate-1-entry-200do.pdf,1,1,1.9,1662040,0,0,0,ok
scanner+form,single,isolate-extgstate-direct-30k-200do.pdf,1,1,876.6,435947976,26,26,26,ok
scanner+form,single,isolate-extgstate-indirect-30k-200do.pdf,1,1,952.9,457625072,24,24,24,ok
scanner+form,single,isolate-properties-30k-200do.pdf,1,1,703.9,433681000,20,20,20,ok
scanner+form,single,isolate-xobject-30k-200do.pdf,1,1,855.9,412861328,24,24,24,ok
scanner+form,single,objstm-xobject-30k-200do.pdf,1,1,905.7,403093752,25,25,25,ok
scanner+form,single,scaling-extgstate-30k-100do.pdf,1,1,702.1,260836416,11,10,10,ok
scanner+form,single,scaling-extgstate-30k-50do.pdf,1,1,356.9,162444080,5,5,5,ok
scanner+form,single,formstream-15b-200do.pdf,2,1,1.3,1617456,0,0,0,ok
scanner+form,single,formstream-196kb-200do.pdf,2,1,8.0,2585496,0,0,0,ok
scanner+form,single,fullscale-extgstate-30k-4200do.pdf,2,1,21189.7,8329010560,337,337,337,ok
scanner+form,single,isolate-colorspace-30k-200do.pdf,2,1,1028.1,514237616,21,21,21,ok
scanner+form,single,isolate-empty-resources-200do.pdf,2,1,1.2,1618184,0,0,0,ok
scanner+form,single,isolate-extgstate-1-entry-200do.pdf,2,1,0.8,1662040,0,0,0,ok
scanner+form,single,isolate-extgstate-direct-30k-200do.pdf,2,1,1081.0,435939912,19,19,18,ok
scanner+form,single,isolate-extgstate-indirect-30k-200do.pdf,2,1,1093.6,457618016,17,17,17,ok
scanner+form,single,isolate-properties-30k-200do.pdf,2,1,864.0,431518984,18,18,18,ok
scanner+form,single,isolate-xobject-30k-200do.pdf,2,1,749.2,402458704,18,18,18,ok
scanner+form,single,objstm-xobject-30k-200do.pdf,2,1,769.7,403085040,18,18,18,ok
scanner+form,single,scaling-extgstate-30k-100do.pdf,2,1,623.0,260836416,11,10,10,ok
scanner+form,single,scaling-extgstate-30k-50do.pdf,2,1,333.0,162444080,5,5,5,ok
a-plus-b,single,formstream-15b-200do.pdf,1,1,155.5,34412560,1,0,0,ok
a-plus-b,single,formstream-196kb-200do.pdf,1,1,544.4,157098072,11,11,11,ok
a-plus-b,single,fullscale-extgstate-30k-4200do.pdf,1,1,279.8,117671416,4,4,3,ok
a-plus-b,single,isolate-colorspace-30k-200do.pdf,1,1,45.6,19401688,0,0,0,ok
a-plus-b,single,isolate-empty-resources-200do.pdf,1,1,5.7,2265520,0,0,0,ok
a-plus-b,single,isolate-extgstate-1-entry-200do.pdf,1,1,5.0,2271376,0,0,0,ok
a-plus-b,single,isolate-extgstate-direct-30k-200do.pdf,1,1,127.2,46547248,2,2,2,ok
a-plus-b,single,isolate-extgstate-indirect-30k-200do.pdf,1,1,181.9,68226360,2,2,2,ok
a-plus-b,single,isolate-properties-30k-200do.pdf,1,1,66.3,44284304,0,0,0,ok
a-plus-b,single,isolate-xobject-30k-200do.pdf,1,1,55.5,23460392,0,0,0,ok
a-plus-b,single,objstm-xobject-30k-200do.pdf,1,1,48.2,13560712,0,0,0,ok
a-plus-b,single,scaling-extgstate-30k-100do.pdf,1,1,169.7,67117000,1,1,1,ok
a-plus-b,single,scaling-extgstate-30k-50do.pdf,1,1,95.6,66564120,2,2,2,ok
a-plus-b,single,formstream-15b-200do.pdf,2,1,3.5,2489280,0,0,0,ok
a-plus-b,single,formstream-196kb-200do.pdf,2,1,235.3,157087096,3,2,2,ok
a-plus-b,single,fullscale-extgstate-30k-4200do.pdf,2,1,144.9,112639544,2,1,1,ok
a-plus-b,single,isolate-colorspace-30k-200do.pdf,2,1,37.1,13446216,1,1,1,ok
a-plus-b,single,isolate-empty-resources-200do.pdf,2,1,1.8,2265728,0,0,0,ok
a-plus-b,single,isolate-extgstate-1-entry-200do.pdf,2,1,2.0,2271376,0,0,0,ok
a-plus-b,single,isolate-extgstate-direct-30k-200do.pdf,2,1,38.3,46545232,0,0,0,ok
a-plus-b,single,isolate-extgstate-indirect-30k-200do.pdf,2,1,89.9,68226152,2,2,2,ok
a-plus-b,single,isolate-properties-30k-200do.pdf,2,1,30.2,42124304,0,0,0,ok
a-plus-b,single,isolate-xobject-30k-200do.pdf,2,1,41.6,13064824,1,1,1,ok
a-plus-b,single,objstm-xobject-30k-200do.pdf,2,1,24.2,13559264,0,0,0,ok
a-plus-b,single,scaling-extgstate-30k-100do.pdf,2,1,92.4,67118008,3,3,2,ok
a-plus-b,single,scaling-extgstate-30k-50do.pdf,2,1,79.8,66563112,1,1,1,ok
full,single,formstream-15b-200do.pdf,1,1,165.2,33461208,1,0,0,ok
full,single,formstream-196kb-200do.pdf,1,1,12.0,2507608,0,0,0,ok
full,single,fullscale-extgstate-30k-4200do.pdf,1,1,327.5,102320112,3,3,3,ok
full,single,isolate-colorspace-30k-200do.pdf,1,1,46.8,18674592,0,0,0,ok
full,single,isolate-empty-resources-200do.pdf,1,1,3.2,1538424,0,0,0,ok
full,single,isolate-extgstate-1-entry-200do.pdf,1,1,3.0,1544280,0,0,0,ok
full,single,isolate-extgstate-direct-30k-200do.pdf,1,1,98.8,45818136,0,0,0,ok
full,single,isolate-extgstate-indirect-30k-200do.pdf,1,1,242.2,67499056,2,2,2,ok
full,single,isolate-properties-30k-200do.pdf,1,1,101.9,43558216,1,1,1,ok
full,single,isolate-xobject-30k-200do.pdf,1,1,72.5,22734512,1,1,1,ok
full,single,objstm-xobject-30k-200do.pdf,1,1,54.2,12834832,1,1,1,ok
full,single,scaling-extgstate-30k-100do.pdf,1,1,112.9,66755712,1,1,1,ok
full,single,scaling-extgstate-30k-50do.pdf,1,1,99.4,66397760,2,2,2,ok
full,single,formstream-15b-200do.pdf,2,1,2.2,1537904,0,0,0,ok
full,single,formstream-196kb-200do.pdf,2,1,12.5,2505704,0,0,0,ok
full,single,fullscale-extgstate-30k-4200do.pdf,2,1,131.8,97288240,2,1,1,ok
full,single,isolate-colorspace-30k-200do.pdf,2,1,38.4,12719120,1,1,1,ok
full,single,isolate-empty-resources-200do.pdf,2,1,1.1,1538632,0,0,0,ok
full,single,isolate-extgstate-1-entry-200do.pdf,2,1,0.9,1544280,0,0,0,ok
full,single,isolate-extgstate-direct-30k-200do.pdf,2,1,40.1,45818136,0,0,0,ok
full,single,isolate-extgstate-indirect-30k-200do.pdf,2,1,88.5,67499056,2,2,2,ok
full,single,isolate-properties-30k-200do.pdf,2,1,69.7,41397208,1,1,0,ok
full,single,isolate-xobject-30k-200do.pdf,2,1,38.9,12337936,1,1,1,ok
full,single,objstm-xobject-30k-200do.pdf,2,1,17.0,12832168,0,0,0,ok
full,single,scaling-extgstate-30k-100do.pdf,2,1,83.2,66756512,2,2,2,ok
full,single,scaling-extgstate-30k-50do.pdf,2,1,75.6,66384416,1,1,1,ok
