variant,mode,document,rep,pages,ms,allocatedBytes,gen0,gen1,gen2,status
baseline,corpus,0000851.pdf,1,5,1236.7,170195200,6,3,3,ok
baseline,corpus,11194059_2017-11_de_s.pdf,1,2,133.9,27690248,1,0,0,ok
baseline,corpus,2006_Swedish_Touring_Car_Championship.pdf,1,4,36.0,7884888,0,0,0,ok
baseline,corpus,2108.11480.pdf,1,5,240.8,76828600,1,0,0,ok
baseline,corpus,22060_A1_01_Plans-1.pdf,1,1,37.6,9438848,1,1,1,ok
baseline,corpus,6.Secrets.to.Startup.Success.PDFDrive.pdf,1,5,98.6,24744456,1,0,0,ok
baseline,corpus,68-1990-01_A.pdf,1,5,241.1,64741624,2,1,1,ok
baseline,corpus,AcroFormsBasicFields.pdf,1,1,2.9,595912,0,0,0,ok
baseline,corpus,Approved_Document_B__fire_safety__volume_2_-_Buildings_other_than_dwellings__2019_edition_incorporating_2020_and_2022_amendments.pdf,1,5,140.6,52522672,4,4,3,ok
baseline,corpus,Arve.nr.1615.17.04.2026.pdf,1,1,6.2,1271328,0,0,0,ok
baseline,corpus,ClipPathLetterFilter-Test1.pdf,1,5,117.8,41327408,1,0,0,ok
baseline,corpus,ClipPathLetterFilter-Test2.pdf,1,1,27.8,8847088,0,0,0,ok
baseline,corpus,ColorIssue.pdf,1,1,107.4,34007376,0,0,0,ok
baseline,corpus,DeviceN_CS_test.pdf,1,5,68.2,22166728,0,0,0,ok
baseline,corpus,Diacritics_export.pdf,1,1,9.0,2353440,0,0,0,ok
baseline,corpus,EmptyPdf.pdf,1,1,0.8,38080,0,0,0,ok
baseline,corpus,ErcotFacts.pdf,1,2,68.7,14125208,1,0,0,ok
baseline,corpus,FICTIF_TABLE_INDEX.pdf,1,5,53.4,15509904,0,0,0,ok
baseline,corpus,FarmerMac.pdf,1,5,57.8,14125848,0,0,0,ok
baseline,corpus,Font Size Test - from google chrome print pdf.pdf,1,1,2.4,505536,0,0,0,ok
baseline,corpus,Font Size Test - from libre office.pdf,1,1,2.1,207696,0,0,0,ok
baseline,corpus,FontMatrix-1.pdf,1,1,1.4,216480,0,0,0,ok
baseline,corpus,FontMatrix-concat.pdf,1,1,0.8,134184,0,0,0,ok
baseline,corpus,FontMatrix-otf-bad-hmtx.pdf,1,1,5.3,757352,0,0,0,ok
baseline,corpus,FontMatrix-otf.pdf,1,1,2.8,749472,0,0,0,ok
baseline,corpus,FontMatrix-raw.pdf,1,1,2.8,690144,0,0,0,ok
baseline,corpus,GHOSTSCRIPT-692564-0.pdf,1,1,5.2,553296,0,0,0,ok
baseline,corpus,GHOSTSCRIPT-695513-0.pdf,1,1,13.4,3542728,0,0,0,ok
baseline,corpus,GHOSTSCRIPT-696171-0.pdf,1,5,47.5,11350728,0,0,0,ok
baseline,corpus,GHOSTSCRIPT-696547-0.zip-7.pdf,1,1,26.0,7367208,0,0,0,ok
baseline,corpus,GHOSTSCRIPT-696547-0.zip-9.pdf,1,1,41.2,7373232,1,1,1,ok
baseline,corpus,GHOSTSCRIPT-697234-0.pdf,1,3,123.6,22757512,1,0,0,ok
baseline,corpus,GHOSTSCRIPT-697507-0.pdf,1,1,32.5,8066792,0,0,0,ok
baseline,corpus,GHOSTSCRIPT-697984-3.pdf,1,1,8.5,1730680,0,0,0,ok
baseline,corpus,GHOSTSCRIPT-698168-0.pdf,1,1,9.0,2819256,0,0,0,ok
baseline,corpus,GHOSTSCRIPT-698363-0.pdf,1,1,14.3,476480,0,0,0,ok
baseline,corpus,GHOSTSCRIPT-698721-0.zip-6.pdf,1,2,25.5,7741856,0,0,0,ok
baseline,corpus,GHOSTSCRIPT-698721-1.pdf,1,1,5.8,2153192,0,0,0,ok
baseline,corpus,GHOSTSCRIPT-699035-0.pdf,1,5,201.5,38417400,2,2,1,ok
baseline,corpus,GHOSTSCRIPT-699178-0.pdf,1,3,26.3,8614304,0,0,0,ok
baseline,corpus,GHOSTSCRIPT-699375-5.pdf,1,1,9.6,3272424,0,0,0,ok
baseline,corpus,GHOSTSCRIPT-699488-0.pdf,1,1,26.4,8127440,1,0,0,ok
baseline,corpus,GHOSTSCRIPT-699554-0.zip-4.pdf,1,1,5.0,1656304,0,0,0,ok
baseline,corpus,GHOSTSCRIPT-700125-1.pdf,1,5,54.8,17640504,0,0,0,ok
baseline,corpus,GHOSTSCRIPT-700139-0.pdf,1,2,412.6,117760784,4,2,1,ok
baseline,corpus,GHOSTSCRIPT-700236-1.pdf,1,5,40.0,13572832,0,0,0,ok
baseline,corpus,GHOSTSCRIPT-700288-1.pdf,1,1,15.8,4643008,1,0,0,ok
baseline,corpus,GHOSTSCRIPT-700370-2.pdf,1,1,5.1,1734456,0,0,0,ok
baseline,corpus,GHOSTSCRIPT-700931-0.7z-5.pdf,1,2,3.6,1230648,0,0,0,ok
baseline,corpus,GHOSTSCRIPT-702013-1.pdf,1,1,11.5,3953664,0,0,0,ok
baseline,corpus,Gamebook.pdf,1,5,192.4,150825424,8,8,8,ok
baseline,corpus,GlyphDataTableReadCompositeGlyphError.pdf,1,1,20.0,3809192,0,0,0,ok
baseline,corpus,Grapheme clusters emoji.pdf,1,1,1.3,155368,0,0,0,ok
baseline,corpus,ICML03-081.pdf,1,5,53.3,17385280,1,1,0,ok
baseline,corpus,Indexed-DeviceRGB-JPXDecode-0-.0.0.255.0.-Font-F1_1_missing_char_255-1.pdf,1,1,57.0,17089480,1,0,0,ok
baseline,corpus,IndexedCS_negative_and_high.pdf,1,1,1.6,85264,0,0,0,ok
baseline,corpus,Judgement Document.pdf,1,5,36.8,11061656,1,1,1,ok
baseline,corpus,LKR824191.pdf,1,1,11.0,4164104,0,0,0,ok
baseline,corpus,Layer pdf - 322_High_Holborn_building_Brochure.pdf,1,3,67.4,38364232,1,0,0,ok
baseline,corpus,MOZILLA-10084-0.pdf,1,1,9.9,3233200,0,0,0,ok
baseline,corpus,MOZILLA-10225-0.pdf,1,5,38.7,23548392,1,1,1,ok
baseline,corpus,MOZILLA-10372-2.pdf,1,5,25.6,13029808,0,0,0,ok
baseline,corpus,MOZILLA-2775-1.pdf,1,5,46.2,17804880,1,0,0,ok
baseline,corpus,MOZILLA-3136-0.pdf,1,4,559.1,219819288,5,2,1,ok
baseline,corpus,MOZILLA-7375-0.pdf,1,5,37.7,16135712,1,1,1,ok
baseline,corpus,MOZILLA-9176-2.pdf,1,5,13.4,9940712,1,1,1,ok
baseline,corpus,MOZILLA-LINK-3264-0.pdf,1,5,5.1,3569328,0,0,0,ok
baseline,corpus,MOZILLA-LINK-5251-1.pdf,1,2,6.5,2354424,0,0,0,ok
baseline,corpus,Math119FakingData.pdf,1,5,17.8,9336720,0,0,0,ok
baseline,corpus,Motor Insurance claim form.pdf,1,3,187.3,69963720,2,1,1,ok
baseline,corpus,Multiple Page - from Mortality Statistics.pdf,1,5,44.3,15834312,1,0,0,ok
baseline,corpus,OPEN.RABBIT.ENGLISH.LOP.pdf,1,5,49.1,28294664,1,1,1,ok
baseline,corpus,Old Gutnish Internet Explorer.pdf,1,3,28.8,14922112,1,0,0,ok
baseline,corpus,P2P-33713919.pdf,1,5,34.9,23234568,1,1,1,ok
baseline,corpus,PDFBOX-1869-4-1.pdf,1,1,2.3,487744,0,0,0,ok
baseline,corpus,PDFBOX-492-4.jar-8.pdf,1,2,36.7,16993504,1,0,0,ok
baseline,corpus,PDFBOX-624-2.pdf,1,5,15.5,11353496,0,0,0,ok
baseline,corpus,Pig Production Handbook.pdf,1,5,14.6,11661096,0,0,0,ok
baseline,corpus,Pig Reproduction Powerpoint.pdf,1,5,8.2,9216656,0,0,0,ok
baseline,corpus,Publication_of_award_of_Bids_for_Transport_Sector__August_2016.pdf,1,5,25.8,8530000,1,1,1,ok
baseline,corpus,Rotated Text Libre Office.pdf,1,1,1.7,409400,0,0,0,ok
baseline,corpus,Rotation 45.pdf,1,4,42.9,17682816,0,0,0,ok
baseline,corpus,SPARC - v9 Architecture Manual.pdf,1,5,187.2,108711848,5,1,1,ok
baseline,corpus,SPE8EF26T0545.pdf,1,5,13.7,11406696,0,0,0,ok
baseline,corpus,ShowTextOpWithUnbalancedRoundBrackets.pdf,1,1,11.3,4638688,1,1,0,ok
baseline,corpus,Single Page Broken Offsets - from google drive.pdf,1,1,2.4,611904,0,0,0,ok
baseline,corpus,Single Page Form Content - from itext 1_1.pdf,1,1,1.8,785248,0,0,0,ok
baseline,corpus,Single Page Hyperlinks - from open office.pdf,1,1,1.1,411544,0,0,0,ok
baseline,corpus,Single Page Images - from libre office.pdf,1,1,1.0,392976,0,0,0,ok
baseline,corpus,Single Page Non Latin - from acrobat distiller.pdf,1,1,1.4,417528,0,0,0,ok
baseline,corpus,Single Page Simple - from google drive.pdf,1,1,1.6,604640,0,0,0,ok
baseline,corpus,Single Page Simple - from inkscape.pdf,1,1,0.8,171088,0,0,0,ok
baseline,corpus,Single Page Simple - from open office.pdf,1,1,1.2,291872,0,0,0,ok
baseline,corpus,Single Page Type 1 Font.pdf,1,1,0.7,85368,0,0,0,ok
baseline,corpus,SinglePage180ClockwiseRotation - from PdfPig.pdf,1,1,0.7,248640,0,0,0,ok
baseline,corpus,SinglePage270ClockwiseRotation - from PdfPig.pdf,1,1,1.0,248568,0,0,0,ok
baseline,corpus,SinglePage90ClockwiseRotation - from PdfPig.pdf,1,1,0.8,248568,0,0,0,ok
baseline,corpus,SmallCropbox.pdf,1,1,2.1,1683328,0,0,0,ok
baseline,corpus,TIKA-1552-0.pdf,1,5,33.4,23505432,1,1,1,ok
baseline,corpus,TIKA-2054-0.pdf,1,5,33.5,23784024,1,0,0,ok
baseline,corpus,TIKA-469-0.pdf,1,2,7.8,4753632,0,0,0,ok
baseline,corpus,Test.Doc.pdf,1,1,4.5,1738488,0,0,0,ok
baseline,corpus,TrueTypeTablesGlyphDataTableReadGlyphsError.pdf,1,1,12.9,4528472,0,0,0,ok
baseline,corpus,Two Page Text Only - from libre office.pdf,1,2,2.5,1750352,0,0,0,ok
baseline,corpus,Type0 Font.pdf,1,1,11.3,10340976,0,0,0,ok
baseline,corpus,Type0_CJK_Font.pdf,1,5,84.5,4920560,1,1,1,ok
baseline,corpus,Type3Test.pdf,1,1,1.6,158600,0,0,0,ok
baseline,corpus,Various Content Types.pdf,1,1,2.0,279952,0,0,0,ok
baseline,corpus,Why.does.this.not.work.pdf,1,1,2.7,1054184,0,0,0,ok
baseline,corpus,_citUR2jB1_ay56u6vELzk.pdf,1,2,2.8,2369792,0,0,0,ok
baseline,corpus,annotation-comments.pdf,1,1,1.0,295912,0,0,0,ok
baseline,corpus,bold-italic.pdf,1,1,3.4,1899280,0,0,0,ok
baseline,corpus,bookmarks-with-accented-characters.pdf,1,1,0.9,331280,0,0,0,ok
baseline,corpus,byz.pdf,1,1,4.7,2335624,0,0,0,ok
baseline,corpus,capas.pdf,1,5,12.1,8295872,0,0,0,ok
baseline,corpus,cat-genetics.pdf,1,1,14.9,6778984,1,0,0,ok
baseline,corpus,cat-genetics_bobld.pdf,1,1,14.3,7025912,0,0,0,ok
baseline,corpus,cmap-parsing-exception.pdf,1,1,32.6,13481000,0,0,0,ok
baseline,corpus,cropped-and-rotated.pdf,1,1,9.1,774896,1,0,0,ok
baseline,corpus,data.pdf,1,3,8.2,4105672,0,0,0,ok
baseline,corpus,dotnet-ai.pdf,1,5,43.8,32510224,1,1,1,ok
baseline,corpus,felltypes-test.pdf,1,1,21.6,4980560,0,0,0,ok
baseline,corpus,hex_0x0006.pdf,1,1,2.2,659472,0,0,0,ok
baseline,corpus,inherited_mediabox.pdf,1,1,1.0,54600,0,0,0,ok
baseline,corpus,iron-ore-q2-q3-2013.pdf,1,5,72.6,37233000,2,2,2,ok
baseline,corpus,issue_1163.pdf,1,2,1.2,315024,0,0,0,ok
baseline,corpus,issue_1330.pdf,1,1,0.8,56480,0,0,0,ok
baseline,corpus,issue_1331.pdf,1,1,3.0,1594616,0,0,0,ok
baseline,corpus,issue_671.pdf,1,2,26.4,18336664,0,0,0,ok
baseline,corpus,issue_881.pdf,1,1,2.1,777392,0,0,0,ok
baseline,corpus,issues-1176-1.pdf,1,1,3.8,2168040,0,0,0,ok
baseline,corpus,issues-1176.pdf,1,1,3.9,7144312,0,0,0,ok
baseline,corpus,journal.pone.0196757.pdf,1,5,71.5,35916152,2,1,1,ok
baseline,corpus,jtehm-melillo-2679746.pdf,1,5,80.5,52897112,0,0,0,ok
baseline,corpus,little-pig-in-armenian.pdf,1,1,1.5,323632,0,0,0,ok
baseline,corpus,odwriteex.pdf,1,1,1.6,718800,0,0,0,ok
baseline,corpus,outline.pdf,1,3,2.8,1120904,0,0,0,ok
baseline,corpus,output_w3c_csswg_drafts_issues2023.pdf,1,1,1.1,262144,0,0,0,ok
baseline,corpus,path_ext_oddeven.pdf,1,1,2.6,1157376,0,0,0,ok
baseline,corpus,pop-bugzilla37292.pdf,1,4,13.6,7984864,0,0,0,ok
baseline,corpus,reference-2-numeric-error.pdf,1,1,20.8,7196176,0,0,0,ok
baseline,corpus,soundandvision.pdf,1,1,3.9,2022840,0,0,0,ok
baseline,corpus,ssm2163.pdf,1,5,42.7,11269672,1,1,1,ok
baseline,corpus,steam_in_page_dict.pdf,1,1,4.5,299912,0,0,0,ok
baseline,corpus,test-2_so_74165171.pdf,1,1,77.4,42245696,1,1,1,ok
baseline,corpus,testPdf-1.pdf,1,2,8.4,6058792,0,0,0,ok
baseline,corpus,test_a-5.pdf,1,5,132.9,70167232,2,1,0,ok
baseline,corpus,test_a.pdf,1,5,157.6,69183984,2,1,0,ok
baseline,corpus,toc.pdf,1,5,8.5,7514568,0,0,0,ok
baseline,corpus,type3-font-zero-height.pdf,1,1,18.6,8061680,0,0,0,ok
baseline,corpus,0000851.pdf,2,5,339.7,122477928,4,2,1,ok
baseline,corpus,11194059_2017-11_de_s.pdf,2,2,35.9,27600336,0,0,0,ok
baseline,corpus,2006_Swedish_Touring_Car_Championship.pdf,2,4,9.8,7883120,0,0,0,ok
baseline,corpus,2108.11480.pdf,2,5,117.4,76745136,1,0,0,ok
baseline,corpus,22060_A1_01_Plans-1.pdf,2,1,31.5,9436552,1,1,1,ok
baseline,corpus,6.Secrets.to.Startup.Success.PDFDrive.pdf,2,5,46.5,24740184,1,0,0,ok
baseline,corpus,68-1990-01_A.pdf,2,5,92.0,44780160,2,1,1,ok
baseline,corpus,AcroFormsBasicFields.pdf,2,1,1.1,594096,0,0,0,ok
baseline,corpus,Approved_Document_B__fire_safety__volume_2_-_Buildings_other_than_dwellings__2019_edition_incorporating_2020_and_2022_amendments.pdf,2,5,71.0,52516648,3,3,2,ok
baseline,corpus,Arve.nr.1615.17.04.2026.pdf,2,1,2.4,1270968,0,0,0,ok
baseline,corpus,ClipPathLetterFilter-Test1.pdf,2,5,14.6,12303616,0,0,0,ok
baseline,corpus,ClipPathLetterFilter-Test2.pdf,2,1,9.1,8697712,0,0,0,ok
baseline,corpus,ColorIssue.pdf,2,1,49.0,33895288,1,1,1,ok
baseline,corpus,DeviceN_CS_test.pdf,2,5,30.9,21693832,1,0,0,ok
baseline,corpus,Diacritics_export.pdf,2,1,2.4,2350584,0,0,0,ok
baseline,corpus,EmptyPdf.pdf,2,1,0.3,37576,0,0,0,ok
baseline,corpus,ErcotFacts.pdf,2,2,26.7,13855528,1,1,1,ok
baseline,corpus,FICTIF_TABLE_INDEX.pdf,2,5,22.8,14872064,1,0,0,ok
baseline,corpus,FarmerMac.pdf,2,5,16.8,13732288,0,0,0,ok
baseline,corpus,Font Size Test - from google chrome print pdf.pdf,2,1,1.4,480288,0,0,0,ok
baseline,corpus,Font Size Test - from libre office.pdf,2,1,0.7,193480,0,0,0,ok
baseline,corpus,FontMatrix-1.pdf,2,1,0.5,216408,0,0,0,ok
baseline,corpus,FontMatrix-concat.pdf,2,1,0.2,134184,0,0,0,ok
baseline,corpus,FontMatrix-otf-bad-hmtx.pdf,2,1,1.5,753408,0,0,0,ok
baseline,corpus,FontMatrix-otf.pdf,2,1,1.5,749472,0,0,0,ok
baseline,corpus,FontMatrix-raw.pdf,2,1,1.5,690072,0,0,0,ok
baseline,corpus,GHOSTSCRIPT-692564-0.pdf,2,1,1.0,552696,0,0,0,ok
baseline,corpus,GHOSTSCRIPT-695513-0.pdf,2,1,2.9,3541504,0,0,0,ok
baseline,corpus,GHOSTSCRIPT-696171-0.pdf,2,5,11.8,11349720,0,0,0,ok
baseline,corpus,GHOSTSCRIPT-696547-0.zip-7.pdf,2,1,4.9,7366712,0,0,0,ok
baseline,corpus,GHOSTSCRIPT-696547-0.zip-9.pdf,2,1,8.2,7366320,0,0,0,ok
baseline,corpus,GHOSTSCRIPT-697234-0.pdf,2,3,58.9,22751632,2,1,0,ok
baseline,corpus,GHOSTSCRIPT-697507-0.pdf,2,1,17.1,7998264,0,0,0,ok
baseline,corpus,GHOSTSCRIPT-697984-3.pdf,2,1,5.7,1652392,0,0,0,ok
baseline,corpus,GHOSTSCRIPT-698168-0.pdf,2,1,3.4,2818968,0,0,0,ok
baseline,corpus,GHOSTSCRIPT-698363-0.pdf,2,1,2.5,465488,0,0,0,ok
baseline,corpus,GHOSTSCRIPT-698721-0.zip-6.pdf,2,2,22.0,7879024,1,1,1,ok
baseline,corpus,GHOSTSCRIPT-698721-1.pdf,2,1,2.4,2153456,0,0,0,ok
baseline,corpus,GHOSTSCRIPT-699035-0.pdf,2,5,86.7,38479088,1,1,0,ok
baseline,corpus,GHOSTSCRIPT-699178-0.pdf,2,3,43.0,8437160,1,1,0,ok
baseline,corpus,GHOSTSCRIPT-699375-5.pdf,2,1,10.5,3075016,0,0,0,ok
baseline,corpus,GHOSTSCRIPT-699488-0.pdf,2,1,35.7,8125856,0,0,0,ok
baseline,corpus,GHOSTSCRIPT-699554-0.zip-4.pdf,2,1,4.3,1656024,0,0,0,ok
baseline,corpus,GHOSTSCRIPT-700125-1.pdf,2,5,35.8,17640256,1,0,0,ok
baseline,corpus,GHOSTSCRIPT-700139-0.pdf,2,2,291.8,116319144,4,2,2,ok
baseline,corpus,GHOSTSCRIPT-700236-1.pdf,2,5,32.7,13572088,1,0,0,ok
baseline,corpus,GHOSTSCRIPT-700288-1.pdf,2,1,8.1,4643144,0,0,0,ok
baseline,corpus,GHOSTSCRIPT-700370-2.pdf,2,1,3.0,1596056,0,0,0,ok
baseline,corpus,GHOSTSCRIPT-700931-0.7z-5.pdf,2,2,2.5,1230576,0,0,0,ok
baseline,corpus,GHOSTSCRIPT-702013-1.pdf,2,1,8.7,3953016,0,0,0,ok
baseline,corpus,Gamebook.pdf,2,5,17.8,9367112,0,0,0,ok
baseline,corpus,GlyphDataTableReadCompositeGlyphError.pdf,2,1,7.9,2902736,0,0,0,ok
baseline,corpus,Grapheme clusters emoji.pdf,2,1,0.8,155224,0,0,0,ok
baseline,corpus,ICML03-081.pdf,2,5,42.4,17315624,1,0,0,ok
baseline,corpus,Indexed-DeviceRGB-JPXDecode-0-.0.0.255.0.-Font-F1_1_missing_char_255-1.pdf,2,1,39.1,17067432,0,0,0,ok
baseline,corpus,IndexedCS_negative_and_high.pdf,2,1,0.6,85056,0,0,0,ok
baseline,corpus,Judgement Document.pdf,2,5,11.5,9127904,0,0,0,ok
baseline,corpus,LKR824191.pdf,2,1,5.7,4163752,0,0,0,ok
baseline,corpus,Layer pdf - 322_High_Holborn_building_Brochure.pdf,2,3,56.4,37981744,0,0,0,ok
baseline,corpus,MOZILLA-10084-0.pdf,2,1,5.3,3227936,0,0,0,ok
baseline,corpus,MOZILLA-10225-0.pdf,2,5,21.4,23062600,0,0,0,ok
baseline,corpus,MOZILLA-10372-2.pdf,2,5,40.0,13030320,1,1,1,ok
baseline,corpus,MOZILLA-2775-1.pdf,2,5,22.3,17808416,1,0,0,ok
baseline,corpus,MOZILLA-3136-0.pdf,2,4,318.1,217963304,6,4,2,ok
baseline,corpus,MOZILLA-7375-0.pdf,2,5,25.7,16127600,1,0,0,ok
baseline,corpus,MOZILLA-9176-2.pdf,2,5,2.6,9937888,0,0,0,ok
baseline,corpus,MOZILLA-LINK-3264-0.pdf,2,5,2.3,3448256,0,0,0,ok
baseline,corpus,MOZILLA-LINK-5251-1.pdf,2,2,2.7,2210032,0,0,0,ok
baseline,corpus,Math119FakingData.pdf,2,5,8.2,9330824,0,0,0,ok
baseline,corpus,Motor Insurance claim form.pdf,2,3,111.9,68932264,1,1,1,ok
baseline,corpus,Multiple Page - from Mortality Statistics.pdf,2,5,17.9,8290664,1,0,0,ok
baseline,corpus,OPEN.RABBIT.ENGLISH.LOP.pdf,2,5,22.7,27774264,0,0,0,ok
baseline,corpus,Old Gutnish Internet Explorer.pdf,2,3,14.1,14276992,0,0,0,ok
baseline,corpus,P2P-33713919.pdf,2,5,29.0,23058872,1,0,0,ok
baseline,corpus,PDFBOX-1869-4-1.pdf,2,1,0.8,487536,0,0,0,ok
baseline,corpus,PDFBOX-492-4.jar-8.pdf,2,2,19.3,16922104,0,0,0,ok
baseline,corpus,PDFBOX-624-2.pdf,2,5,9.8,11351800,0,0,0,ok
baseline,corpus,Pig Production Handbook.pdf,2,5,10.4,11660472,0,0,0,ok
baseline,corpus,Pig Reproduction Powerpoint.pdf,2,5,6.4,9214160,0,0,0,ok
baseline,corpus,Publication_of_award_of_Bids_for_Transport_Sector__August_2016.pdf,2,5,27.3,8490696,1,1,1,ok
baseline,corpus,Rotated Text Libre Office.pdf,2,1,0.7,243760,0,0,0,ok
baseline,corpus,Rotation 45.pdf,2,4,14.0,10018568,0,0,0,ok
baseline,corpus,SPARC - v9 Architecture Manual.pdf,2,5,99.4,108577984,5,1,0,ok
baseline,corpus,SPE8EF26T0545.pdf,2,5,9.5,11399896,0,0,0,ok
baseline,corpus,ShowTextOpWithUnbalancedRoundBrackets.pdf,2,1,5.3,4638216,0,0,0,ok
baseline,corpus,Single Page Broken Offsets - from google drive.pdf,2,1,1.6,590240,0,0,0,ok
baseline,corpus,Single Page Form Content - from itext 1_1.pdf,2,1,1.0,785080,0,0,0,ok
baseline,corpus,Single Page Hyperlinks - from open office.pdf,2,1,1.6,366520,1,0,0,ok
baseline,corpus,Single Page Images - from libre office.pdf,2,1,0.6,387328,0,0,0,ok
baseline,corpus,Single Page Non Latin - from acrobat distiller.pdf,2,1,0.9,397560,0,0,0,ok
baseline,corpus,Single Page Simple - from google drive.pdf,2,1,1.0,583256,0,0,0,ok
baseline,corpus,Single Page Simple - from inkscape.pdf,2,1,0.4,154000,0,0,0,ok
baseline,corpus,Single Page Simple - from open office.pdf,2,1,0.5,268496,0,0,0,ok
baseline,corpus,Single Page Type 1 Font.pdf,2,1,0.2,85344,0,0,0,ok
baseline,corpus,SinglePage180ClockwiseRotation - from PdfPig.pdf,2,1,0.4,202368,0,0,0,ok
baseline,corpus,SinglePage270ClockwiseRotation - from PdfPig.pdf,2,1,0.4,202368,0,0,0,ok
baseline,corpus,SinglePage90ClockwiseRotation - from PdfPig.pdf,2,1,0.4,202368,0,0,0,ok
baseline,corpus,SmallCropbox.pdf,2,1,1.5,1617600,0,0,0,ok
baseline,corpus,TIKA-1552-0.pdf,2,5,27.7,23480008,1,1,0,ok
baseline,corpus,TIKA-2054-0.pdf,2,5,31.4,23787152,1,1,1,ok
baseline,corpus,TIKA-469-0.pdf,2,2,6.3,4745208,1,0,0,ok
baseline,corpus,Test.Doc.pdf,2,1,2.2,1679776,0,0,0,ok
baseline,corpus,TrueTypeTablesGlyphDataTableReadGlyphsError.pdf,2,1,5.8,3647216,0,0,0,ok
baseline,corpus,Two Page Text Only - from libre office.pdf,2,2,1.7,1587512,0,0,0,ok
baseline,corpus,Type0 Font.pdf,2,1,9.2,9722544,0,0,0,ok
baseline,corpus,Type0_CJK_Font.pdf,2,5,11.7,3270736,0,0,0,ok
baseline,corpus,Type3Test.pdf,2,1,0.8,156856,0,0,0,ok
baseline,corpus,Various Content Types.pdf,2,1,0.8,265312,0,0,0,ok
baseline,corpus,Why.does.this.not.work.pdf,2,1,1.5,1035808,0,0,0,ok
baseline,corpus,_citUR2jB1_ay56u6vELzk.pdf,2,2,3.2,2257352,1,0,0,ok
baseline,corpus,annotation-comments.pdf,2,1,0.7,283448,0,0,0,ok
baseline,corpus,bold-italic.pdf,2,1,2.4,1618288,0,0,0,ok
baseline,corpus,bookmarks-with-accented-characters.pdf,2,1,0.5,331256,0,0,0,ok
baseline,corpus,byz.pdf,2,1,2.4,2269968,0,0,0,ok
baseline,corpus,capas.pdf,2,5,6.6,8042120,0,0,0,ok
baseline,corpus,cat-genetics.pdf,2,1,5.1,6778024,0,0,0,ok
baseline,corpus,cat-genetics_bobld.pdf,2,1,5.8,7025248,0,0,0,ok
baseline,corpus,cmap-parsing-exception.pdf,2,1,17.1,13114656,0,0,0,ok
baseline,corpus,cropped-and-rotated.pdf,2,1,1.2,744056,0,0,0,ok
baseline,corpus,data.pdf,2,3,6.0,4105248,1,0,0,ok
baseline,corpus,dotnet-ai.pdf,2,5,28.7,31820528,1,1,1,ok
baseline,corpus,felltypes-test.pdf,2,1,8.2,4979600,0,0,0,ok
baseline,corpus,hex_0x0006.pdf,2,1,1.1,658728,0,0,0,ok
baseline,corpus,inherited_mediabox.pdf,2,1,0.3,54504,0,0,0,ok
baseline,corpus,iron-ore-q2-q3-2013.pdf,2,5,21.5,36514592,1,0,0,ok
baseline,corpus,issue_1163.pdf,2,2,0.4,182856,0,0,0,ok
baseline,corpus,issue_1330.pdf,2,1,0.2,56456,0,0,0,ok
baseline,corpus,issue_1331.pdf,2,1,1.7,1352544,0,0,0,ok
baseline,corpus,issue_671.pdf,2,2,30.3,18105480,1,1,1,ok
baseline,corpus,issue_881.pdf,2,1,1.2,617024,0,0,0,ok
baseline,corpus,issues-1176-1.pdf,2,1,2.3,2167512,0,0,0,ok
baseline,corpus,issues-1176.pdf,2,1,3.3,7143952,0,0,0,ok
baseline,corpus,journal.pone.0196757.pdf,2,5,40.0,35662592,1,0,0,ok
baseline,corpus,jtehm-melillo-2679746.pdf,2,5,68.1,52894776,1,0,0,ok
baseline,corpus,little-pig-in-armenian.pdf,2,1,0.9,312968,0,0,0,ok
baseline,corpus,odwriteex.pdf,2,1,1.2,718704,0,0,0,ok
baseline,corpus,outline.pdf,2,3,2.1,1087568,0,0,0,ok
baseline,corpus,output_w3c_csswg_drafts_issues2023.pdf,2,1,0.9,261912,0,0,0,ok
baseline,corpus,path_ext_oddeven.pdf,2,1,1.7,1041912,0,0,0,ok
baseline,corpus,pop-bugzilla37292.pdf,2,4,7.9,7618792,0,0,0,ok
baseline,corpus,reference-2-numeric-error.pdf,2,1,9.6,7193704,0,0,0,ok
baseline,corpus,soundandvision.pdf,2,1,2.6,1857000,0,0,0,ok
baseline,corpus,ssm2163.pdf,2,5,9.9,10612656,0,0,0,ok
baseline,corpus,steam_in_page_dict.pdf,2,1,0.4,102952,0,0,0,ok
baseline,corpus,test-2_so_74165171.pdf,2,1,92.6,41198960,2,1,1,ok
baseline,corpus,testPdf-1.pdf,2,2,9.5,5836232,0,0,0,ok
baseline,corpus,test_a-5.pdf,2,5,96.6,69814176,2,1,1,ok
baseline,corpus,test_a.pdf,2,5,156.7,69680696,1,0,0,ok
baseline,corpus,toc.pdf,2,5,18.4,7514448,0,0,0,ok
baseline,corpus,type3-font-zero-height.pdf,2,1,31.7,8056264,0,0,0,ok
baseline,corpus,0000851.pdf,3,5,495.2,122547512,4,3,1,ok
baseline,corpus,11194059_2017-11_de_s.pdf,3,2,51.1,27416584,1,0,0,ok
baseline,corpus,2006_Swedish_Touring_Car_Championship.pdf,3,4,8.8,7667184,0,0,0,ok
baseline,corpus,2108.11480.pdf,3,5,105.7,76142400,0,0,0,ok
baseline,corpus,22060_A1_01_Plans-1.pdf,3,1,8.7,9433640,0,0,0,ok
baseline,corpus,6.Secrets.to.Startup.Success.PDFDrive.pdf,3,5,62.5,24742680,2,1,1,ok
baseline,corpus,68-1990-01_A.pdf,3,5,79.8,44326760,1,0,0,ok
baseline,corpus,AcroFormsBasicFields.pdf,3,1,1.0,594040,0,0,0,ok
baseline,corpus,Approved_Document_B__fire_safety__volume_2_-_Buildings_other_than_dwellings__2019_edition_incorporating_2020_and_2022_amendments.pdf,3,5,56.2,52514448,2,1,1,ok
baseline,corpus,Arve.nr.1615.17.04.2026.pdf,3,1,2.0,1193736,0,0,0,ok
baseline,corpus,ClipPathLetterFilter-Test1.pdf,3,5,27.4,12175792,1,1,1,ok
baseline,corpus,ClipPathLetterFilter-Test2.pdf,3,1,8.0,8697976,0,0,0,ok
baseline,corpus,ColorIssue.pdf,3,1,43.2,33894752,2,2,1,ok
baseline,corpus,DeviceN_CS_test.pdf,3,5,24.3,21694368,1,0,0,ok
baseline,corpus,Diacritics_export.pdf,3,1,2.3,2354704,0,0,0,ok
baseline,corpus,EmptyPdf.pdf,3,1,0.3,37576,0,0,0,ok
baseline,corpus,ErcotFacts.pdf,3,2,15.3,13717520,0,0,0,ok
baseline,corpus,FICTIF_TABLE_INDEX.pdf,3,5,14.8,14806296,0,0,0,ok
baseline,corpus,FarmerMac.pdf,3,5,25.3,13732080,1,1,0,ok
baseline,corpus,Font Size Test - from google chrome print pdf.pdf,3,1,1.7,480496,0,0,0,ok
baseline,corpus,Font Size Test - from libre office.pdf,3,1,0.8,193480,0,0,0,ok
baseline,corpus,FontMatrix-1.pdf,3,1,0.5,216408,0,0,0,ok
baseline,corpus,FontMatrix-concat.pdf,3,1,0.2,134184,0,0,0,ok
baseline,corpus,FontMatrix-otf-bad-hmtx.pdf,3,1,1.4,753408,0,0,0,ok
baseline,corpus,FontMatrix-otf.pdf,3,1,1.3,749472,0,0,0,ok
baseline,corpus,FontMatrix-raw.pdf,3,1,1.3,690072,0,0,0,ok
baseline,corpus,GHOSTSCRIPT-692564-0.pdf,3,1,0.8,552696,0,0,0,ok
baseline,corpus,GHOSTSCRIPT-695513-0.pdf,3,1,2.5,3541504,0,0,0,ok
baseline,corpus,GHOSTSCRIPT-696171-0.pdf,3,5,13.1,11349720,1,0,0,ok
baseline,corpus,GHOSTSCRIPT-696547-0.zip-7.pdf,3,1,4.2,7366920,0,0,0,ok
baseline,corpus,GHOSTSCRIPT-696547-0.zip-9.pdf,3,1,4.7,7366320,1,0,0,ok
baseline,corpus,GHOSTSCRIPT-697234-0.pdf,3,3,32.8,22751840,1,0,0,ok
baseline,corpus,GHOSTSCRIPT-697507-0.pdf,3,1,8.5,7998264,0,0,0,ok
baseline,corpus,GHOSTSCRIPT-697984-3.pdf,3,1,2.4,1652392,0,0,0,ok
baseline,corpus,GHOSTSCRIPT-698168-0.pdf,3,1,2.0,2818968,0,0,0,ok
baseline,corpus,GHOSTSCRIPT-698363-0.pdf,3,1,12.1,599248,1,1,1,ok
baseline,corpus,GHOSTSCRIPT-698721-0.zip-6.pdf,3,2,7.5,7745552,0,0,0,ok
baseline,corpus,GHOSTSCRIPT-698721-1.pdf,3,1,2.0,2153192,0,0,0,ok
baseline,corpus,GHOSTSCRIPT-699035-0.pdf,3,5,49.4,38479088,2,1,0,ok
baseline,corpus,GHOSTSCRIPT-699178-0.pdf,3,3,14.3,8437008,1,1,0,ok
baseline,corpus,GHOSTSCRIPT-699375-5.pdf,3,1,3.5,3075016,0,0,0,ok
baseline,corpus,GHOSTSCRIPT-699488-0.pdf,3,1,8.3,8125856,1,0,0,ok
baseline,corpus,GHOSTSCRIPT-699554-0.zip-4.pdf,3,1,1.6,1656232,0,0,0,ok
baseline,corpus,GHOSTSCRIPT-700125-1.pdf,3,5,22.3,17640256,1,1,0,ok
baseline,corpus,GHOSTSCRIPT-700139-0.pdf,3,2,140.6,116185464,4,1,1,ok
baseline,corpus,GHOSTSCRIPT-700236-1.pdf,3,5,14.8,13572088,1,0,0,ok
baseline,corpus,GHOSTSCRIPT-700288-1.pdf,3,1,4.9,4643144,0,0,0,ok
baseline,corpus,GHOSTSCRIPT-700370-2.pdf,3,1,1.8,1596056,0,0,0,ok
baseline,corpus,GHOSTSCRIPT-700931-0.7z-5.pdf,3,2,2.4,1230576,1,0,0,ok
baseline,corpus,GHOSTSCRIPT-702013-1.pdf,3,1,3.9,3953224,0,0,0,ok
baseline,corpus,Gamebook.pdf,3,5,9.0,9367112,0,0,0,ok
baseline,corpus,GlyphDataTableReadCompositeGlyphError.pdf,3,1,4.6,2902736,0,0,0,ok
baseline,corpus,Grapheme clusters emoji.pdf,3,1,0.4,155224,0,0,0,ok
baseline,corpus,ICML03-081.pdf,3,5,20.0,17315624,1,0,0,ok
baseline,corpus,Indexed-DeviceRGB-JPXDecode-0-.0.0.255.0.-Font-F1_1_missing_char_255-1.pdf,3,1,23.8,17067432,0,0,0,ok
baseline,corpus,IndexedCS_negative_and_high.pdf,3,1,0.4,85056,0,0,0,ok
baseline,corpus,Judgement Document.pdf,3,5,8.2,9127904,0,0,0,ok
baseline,corpus,LKR824191.pdf,3,1,10.6,4163752,1,0,0,ok
baseline,corpus,Layer pdf - 322_High_Holborn_building_Brochure.pdf,3,3,48.8,37984600,1,1,1,ok
baseline,corpus,MOZILLA-10084-0.pdf,3,1,3.5,3232320,0,0,0,ok
baseline,corpus,MOZILLA-10225-0.pdf,3,5,16.2,23062688,0,0,0,ok
baseline,corpus,MOZILLA-10372-2.pdf,3,5,14.8,13027528,1,0,0,ok
baseline,corpus,MOZILLA-2775-1.pdf,3,5,23.1,17804296,1,0,0,ok
baseline,corpus,MOZILLA-3136-0.pdf,3,4,292.1,217963304,6,3,2,ok
baseline,corpus,MOZILLA-7375-0.pdf,3,5,15.2,16127600,0,0,0,ok
baseline,corpus,MOZILLA-9176-2.pdf,3,5,2.7,9937680,0,0,0,ok
baseline,corpus,MOZILLA-LINK-3264-0.pdf,3,5,2.4,3448256,0,0,0,ok
baseline,corpus,MOZILLA-LINK-5251-1.pdf,3,2,22.4,2210032,1,1,0,ok
baseline,corpus,Math119FakingData.pdf,3,5,8.2,9331032,0,0,0,ok
baseline,corpus,Motor Insurance claim form.pdf,3,3,113.1,69066008,4,2,2,ok
baseline,corpus,Multiple Page - from Mortality Statistics.pdf,3,5,6.7,8290232,0,0,0,ok
baseline,corpus,OPEN.RABBIT.ENGLISH.LOP.pdf,3,5,24.5,27774056,0,0,0,ok
baseline,corpus,Old Gutnish Internet Explorer.pdf,3,3,28.1,14345288,1,1,1,ok
baseline,corpus,P2P-33713919.pdf,3,5,15.3,23059136,0,0,0,ok
baseline,corpus,PDFBOX-1869-4-1.pdf,3,1,0.8,487328,0,0,0,ok
baseline,corpus,PDFBOX-492-4.jar-8.pdf,3,2,24.9,16922104,1,0,0,ok
baseline,corpus,PDFBOX-624-2.pdf,3,5,10.3,11352008,0,0,0,ok
baseline,corpus,Pig Production Handbook.pdf,3,5,9.5,11660472,0,0,0,ok
baseline,corpus,Pig Reproduction Powerpoint.pdf,3,5,20.7,9347904,1,1,1,ok
baseline,corpus,Publication_of_award_of_Bids_for_Transport_Sector__August_2016.pdf,3,5,8.2,8357160,0,0,0,ok
baseline,corpus,Rotated Text Libre Office.pdf,3,1,0.6,243552,0,0,0,ok
baseline,corpus,Rotation 45.pdf,3,4,14.3,10018568,0,0,0,ok
baseline,corpus,SPARC - v9 Architecture Manual.pdf,3,5,94.7,108711728,5,1,1,ok
baseline,corpus,SPE8EF26T0545.pdf,3,5,9.0,11399952,0,0,0,ok
baseline,corpus,ShowTextOpWithUnbalancedRoundBrackets.pdf,3,1,10.2,4638304,1,1,0,ok
baseline,corpus,Single Page Broken Offsets - from google drive.pdf,3,1,1.5,590448,0,0,0,ok
baseline,corpus,Single Page Form Content - from itext 1_1.pdf,3,1,0.9,785080,0,0,0,ok
baseline,corpus,Single Page Hyperlinks - from open office.pdf,3,1,0.6,366520,0,0,0,ok
baseline,corpus,Single Page Images - from libre office.pdf,3,1,0.5,387120,0,0,0,ok
baseline,corpus,Single Page Non Latin - from acrobat distiller.pdf,3,1,1.1,397560,0,0,0,ok
baseline,corpus,Single Page Simple - from google drive.pdf,3,1,1.4,583256,0,0,0,ok
baseline,corpus,Single Page Simple - from inkscape.pdf,3,1,0.4,154000,0,0,0,ok
baseline,corpus,Single Page Simple - from open office.pdf,3,1,0.5,268496,0,0,0,ok
baseline,corpus,Single Page Type 1 Font.pdf,3,1,0.3,85344,0,0,0,ok
baseline,corpus,SinglePage180ClockwiseRotation - from PdfPig.pdf,3,1,0.4,202368,0,0,0,ok
baseline,corpus,SinglePage270ClockwiseRotation - from PdfPig.pdf,3,1,0.4,202368,0,0,0,ok
baseline,corpus,SinglePage90ClockwiseRotation - from PdfPig.pdf,3,1,0.4,202368,0,0,0,ok
baseline,corpus,SmallCropbox.pdf,3,1,1.5,1683160,0,0,0,ok
baseline,corpus,TIKA-1552-0.pdf,3,5,31.1,23486864,1,1,1,ok
baseline,corpus,TIKA-2054-0.pdf,3,5,23.3,23780440,1,0,0,ok
baseline,corpus,TIKA-469-0.pdf,3,2,4.6,4745064,0,0,0,ok
baseline,corpus,Test.Doc.pdf,3,1,1.9,1679568,0,0,0,ok
baseline,corpus,TrueTypeTablesGlyphDataTableReadGlyphsError.pdf,3,1,5.2,3647216,0,0,0,ok
baseline,corpus,Two Page Text Only - from libre office.pdf,3,2,1.6,1587512,0,0,0,ok
baseline,corpus,Type0 Font.pdf,3,1,10.1,9722544,0,0,0,ok
baseline,corpus,Type0_CJK_Font.pdf,3,5,9.1,3270736,0,0,0,ok
baseline,corpus,Type3Test.pdf,3,1,0.4,156856,0,0,0,ok
baseline,corpus,Various Content Types.pdf,3,1,0.4,265312,0,0,0,ok
baseline,corpus,Why.does.this.not.work.pdf,3,1,1.5,1035808,0,0,0,ok
baseline,corpus,_citUR2jB1_ay56u6vELzk.pdf,3,2,1.9,2256304,0,0,0,ok
baseline,corpus,annotation-comments.pdf,3,1,0.5,283240,0,0,0,ok
baseline,corpus,bold-italic.pdf,3,1,2.4,1618288,0,0,0,ok
baseline,corpus,bookmarks-with-accented-characters.pdf,3,1,0.5,331256,0,0,0,ok
baseline,corpus,byz.pdf,3,1,2.2,2269968,0,0,0,ok
baseline,corpus,capas.pdf,3,5,6.3,8042120,0,0,0,ok
baseline,corpus,cat-genetics.pdf,3,1,17.7,6779984,1,1,1,ok
baseline,corpus,cat-genetics_bobld.pdf,3,1,5.5,7030408,0,0,0,ok
baseline,corpus,cmap-parsing-exception.pdf,3,1,17.9,13245752,0,0,0,ok
baseline,corpus,cropped-and-rotated.pdf,3,1,1.3,744056,0,0,0,ok
baseline,corpus,data.pdf,3,3,6.5,4105400,1,0,0,ok
baseline,corpus,dotnet-ai.pdf,3,5,25.8,31820528,1,1,1,ok
baseline,corpus,felltypes-test.pdf,3,1,8.9,4979600,0,0,0,ok
baseline,corpus,hex_0x0006.pdf,3,1,1.0,658728,0,0,0,ok
baseline,corpus,inherited_mediabox.pdf,3,1,0.3,54504,0,0,0,ok
baseline,corpus,iron-ore-q2-q3-2013.pdf,3,5,33.3,37177720,2,1,1,ok
baseline,corpus,issue_1163.pdf,3,2,0.5,182912,0,0,0,ok
baseline,corpus,issue_1330.pdf,3,1,0.2,56456,0,0,0,ok
baseline,corpus,issue_1331.pdf,3,1,1.7,1418192,0,0,0,ok
baseline,corpus,issue_671.pdf,3,2,19.2,17906032,0,0,0,ok
baseline,corpus,issue_881.pdf,3,1,1.2,616816,0,0,0,ok
baseline,corpus,issues-1176-1.pdf,3,1,2.2,2166992,0,0,0,ok
baseline,corpus,issues-1176.pdf,3,1,14.8,7343400,2,1,1,ok
baseline,corpus,journal.pone.0196757.pdf,3,5,37.2,35691544,1,0,0,ok
baseline,corpus,jtehm-melillo-2679746.pdf,3,5,67.3,52896888,1,1,1,ok
baseline,corpus,little-pig-in-armenian.pdf,3,1,0.8,313648,0,0,0,ok
baseline,corpus,odwriteex.pdf,3,1,0.9,784264,0,0,0,ok
baseline,corpus,outline.pdf,3,3,13.2,1087568,1,0,0,ok
baseline,corpus,output_w3c_csswg_drafts_issues2023.pdf,3,1,0.9,262120,0,0,0,ok
baseline,corpus,path_ext_oddeven.pdf,3,1,1.6,1041912,0,0,0,ok
baseline,corpus,pop-bugzilla37292.pdf,3,4,7.2,7622912,0,0,0,ok
baseline,corpus,reference-2-numeric-error.pdf,3,1,8.8,7193704,0,0,0,ok
baseline,corpus,soundandvision.pdf,3,1,2.1,1857000,0,0,0,ok
baseline,corpus,ssm2163.pdf,3,5,9.1,10620584,0,0,0,ok
baseline,corpus,steam_in_page_dict.pdf,3,1,0.4,102952,0,0,0,ok
baseline,corpus,test-2_so_74165171.pdf,3,1,61.4,42239512,1,1,1,ok
baseline,corpus,testPdf-1.pdf,3,2,17.5,5969976,1,1,1,ok
baseline,corpus,test_a-5.pdf,3,5,63.5,69811792,1,0,0,ok
baseline,corpus,test_a.pdf,3,5,76.9,68831248,2,1,1,ok
baseline,corpus,toc.pdf,3,5,5.0,7514504,0,0,0,ok
baseline,corpus,type3-font-zero-height.pdf,3,1,19.9,8190008,1,1,1,ok
scanner-only,corpus,0000851.pdf,1,5,1284.6,165936504,5,2,2,ok
scanner-only,corpus,11194059_2017-11_de_s.pdf,1,2,134.3,27690248,1,1,0,ok
scanner-only,corpus,2006_Swedish_Touring_Car_Championship.pdf,1,4,36.0,7851304,1,1,1,ok
scanner-only,corpus,2108.11480.pdf,1,5,212.2,76839072,3,1,1,ok
scanner-only,corpus,22060_A1_01_Plans-1.pdf,1,1,25.3,9377736,1,1,1,ok
scanner-only,corpus,6.Secrets.to.Startup.Success.PDFDrive.pdf,1,5,88.0,24744456,1,0,0,ok
scanner-only,corpus,68-1990-01_A.pdf,1,5,222.3,65076008,3,2,2,ok
scanner-only,corpus,AcroFormsBasicFields.pdf,1,1,1.8,595912,0,0,0,ok
scanner-only,corpus,Approved_Document_B__fire_safety__volume_2_-_Buildings_other_than_dwellings__2019_edition_incorporating_2020_and_2022_amendments.pdf,1,5,103.8,52132816,1,1,1,ok
scanner-only,corpus,Arve.nr.1615.17.04.2026.pdf,1,1,10.2,1270984,1,0,0,ok
scanner-only,corpus,ClipPathLetterFilter-Test1.pdf,1,5,100.7,41282728,2,2,2,ok
scanner-only,corpus,ClipPathLetterFilter-Test2.pdf,1,1,22.2,8979504,0,0,0,ok
scanner-only,corpus,ColorIssue.pdf,1,1,103.6,34171704,2,2,2,ok
scanner-only,corpus,DeviceN_CS_test.pdf,1,5,68.4,22079504,1,1,1,ok
scanner-only,corpus,Diacritics_export.pdf,1,1,7.2,2357824,0,0,0,ok
scanner-only,corpus,EmptyPdf.pdf,1,1,0.4,38216,0,0,0,ok
scanner-only,corpus,ErcotFacts.pdf,1,2,59.1,13767928,1,0,0,ok
scanner-only,corpus,FICTIF_TABLE_INDEX.pdf,1,5,50.5,15510952,0,0,0,ok
scanner-only,corpus,FarmerMac.pdf,1,5,59.0,14096528,0,0,0,ok
scanner-only,corpus,Font Size Test - from google chrome print pdf.pdf,1,1,2.0,505192,0,0,0,ok
scanner-only,corpus,Font Size Test - from libre office.pdf,1,1,1.3,202368,0,0,0,ok
scanner-only,corpus,FontMatrix-1.pdf,1,1,1.0,216480,0,0,0,ok
scanner-only,corpus,FontMatrix-concat.pdf,1,1,0.4,134320,0,0,0,ok
scanner-only,corpus,FontMatrix-otf-bad-hmtx.pdf,1,1,4.7,750416,0,0,0,ok
scanner-only,corpus,FontMatrix-otf.pdf,1,1,2.7,742536,0,0,0,ok
scanner-only,corpus,FontMatrix-raw.pdf,1,1,2.4,683208,0,0,0,ok
scanner-only,corpus,GHOSTSCRIPT-692564-0.pdf,1,1,7.0,547824,1,0,0,ok
scanner-only,corpus,GHOSTSCRIPT-695513-0.pdf,1,1,17.1,3656120,1,1,1,ok
scanner-only,corpus,GHOSTSCRIPT-696171-0.pdf,1,5,43.9,11406272,0,0,0,ok
scanner-only,corpus,GHOSTSCRIPT-696547-0.zip-7.pdf,1,1,24.7,7355416,0,0,0,ok
scanner-only,corpus,GHOSTSCRIPT-696547-0.zip-9.pdf,1,1,23.4,7354672,1,0,0,ok
scanner-only,corpus,GHOSTSCRIPT-697234-0.pdf,1,3,112.7,22683304,1,0,0,ok
scanner-only,corpus,GHOSTSCRIPT-697507-0.pdf,1,1,27.6,7908608,0,0,0,ok
scanner-only,corpus,GHOSTSCRIPT-697984-3.pdf,1,1,7.4,1698064,0,0,0,ok
scanner-only,corpus,GHOSTSCRIPT-698168-0.pdf,1,1,7.8,2816472,0,0,0,ok
scanner-only,corpus,GHOSTSCRIPT-698363-0.pdf,1,1,12.9,476960,0,0,0,ok
scanner-only,corpus,GHOSTSCRIPT-698721-0.zip-6.pdf,1,2,20.8,7317800,0,0,0,ok
scanner-only,corpus,GHOSTSCRIPT-698721-1.pdf,1,1,4.3,2031984,0,0,0,ok
scanner-only,corpus,GHOSTSCRIPT-699035-0.pdf,1,5,196.4,38618768,2,1,1,ok
scanner-only,corpus,GHOSTSCRIPT-699178-0.pdf,1,3,25.3,8591376,0,0,0,ok
scanner-only,corpus,GHOSTSCRIPT-699375-5.pdf,1,1,9.5,3266624,0,0,0,ok
scanner-only,corpus,GHOSTSCRIPT-699488-0.pdf,1,1,23.2,8122256,0,0,0,ok
scanner-only,corpus,GHOSTSCRIPT-699554-0.zip-4.pdf,1,1,4.8,1650168,0,0,0,ok
scanner-only,corpus,GHOSTSCRIPT-700125-1.pdf,1,5,72.4,17688520,1,1,0,ok
scanner-only,corpus,GHOSTSCRIPT-700139-0.pdf,1,2,374.3,117743072,5,2,2,ok
scanner-only,corpus,GHOSTSCRIPT-700236-1.pdf,1,5,24.7,13423216,0,0,0,ok
scanner-only,corpus,GHOSTSCRIPT-700288-1.pdf,1,1,9.3,4618136,0,0,0,ok
scanner-only,corpus,GHOSTSCRIPT-700370-2.pdf,1,1,2.6,1734776,0,0,0,ok
scanner-only,corpus,GHOSTSCRIPT-700931-0.7z-5.pdf,1,2,2.5,1222072,0,0,0,ok
scanner-only,corpus,GHOSTSCRIPT-702013-1.pdf,1,1,7.9,3791496,0,0,0,ok
scanner-only,corpus,Gamebook.pdf,1,5,122.8,150811800,9,9,8,ok
scanner-only,corpus,GlyphDataTableReadCompositeGlyphError.pdf,1,1,13.8,3793080,0,0,0,ok
scanner-only,corpus,Grapheme clusters emoji.pdf,1,1,0.7,149672,0,0,0,ok
scanner-only,corpus,ICML03-081.pdf,1,5,34.1,17361976,1,1,0,ok
scanner-only,corpus,Indexed-DeviceRGB-JPXDecode-0-.0.0.255.0.-Font-F1_1_missing_char_255-1.pdf,1,1,48.9,17001784,1,0,0,ok
scanner-only,corpus,IndexedCS_negative_and_high.pdf,1,1,1.0,81952,0,0,0,ok
scanner-only,corpus,Judgement Document.pdf,1,5,22.5,11061656,1,1,1,ok
scanner-only,corpus,LKR824191.pdf,1,1,5.9,4165016,0,0,0,ok
scanner-only,corpus,Layer pdf - 322_High_Holborn_building_Brochure.pdf,1,3,50.6,38364232,1,0,0,ok
scanner-only,corpus,MOZILLA-10084-0.pdf,1,1,6.2,3213352,0,0,0,ok
scanner-only,corpus,MOZILLA-10225-0.pdf,1,5,32.7,23482600,1,1,1,ok
scanner-only,corpus,MOZILLA-10372-2.pdf,1,5,20.0,13029808,0,0,0,ok
scanner-only,corpus,MOZILLA-2775-1.pdf,1,5,32.1,17723648,1,0,0,ok
scanner-only,corpus,MOZILLA-3136-0.pdf,1,4,465.5,219687808,5,2,1,ok
scanner-only,corpus,MOZILLA-7375-0.pdf,1,5,35.9,16147712,1,1,1,ok
scanner-only,corpus,MOZILLA-9176-2.pdf,1,5,10.9,9940592,1,1,1,ok
scanner-only,corpus,MOZILLA-LINK-3264-0.pdf,1,5,3.5,3433336,0,0,0,ok
scanner-only,corpus,MOZILLA-LINK-5251-1.pdf,1,2,4.7,2346376,0,0,0,ok
scanner-only,corpus,Math119FakingData.pdf,1,5,15.5,9257728,0,0,0,ok
scanner-only,corpus,Motor Insurance claim form.pdf,1,3,131.0,69865440,2,1,1,ok
scanner-only,corpus,Multiple Page - from Mortality Statistics.pdf,1,5,32.3,15810352,1,0,0,ok
scanner-only,corpus,OPEN.RABBIT.ENGLISH.LOP.pdf,1,5,46.1,28296568,1,1,1,ok
scanner-only,corpus,Old Gutnish Internet Explorer.pdf,1,3,24.2,14915728,1,0,0,ok
scanner-only,corpus,P2P-33713919.pdf,1,5,33.3,23048232,1,1,1,ok
scanner-only,corpus,PDFBOX-1869-4-1.pdf,1,1,1.5,411056,0,0,0,ok
scanner-only,corpus,PDFBOX-492-4.jar-8.pdf,1,2,36.5,16926952,1,0,0,ok
scanner-only,corpus,PDFBOX-624-2.pdf,1,5,17.2,11333048,0,0,0,ok
scanner-only,corpus,Pig Production Handbook.pdf,1,5,12.7,11473760,0,0,0,ok
scanner-only,corpus,Pig Reproduction Powerpoint.pdf,1,5,6.3,9154000,0,0,0,ok
scanner-only,corpus,Publication_of_award_of_Bids_for_Transport_Sector__August_2016.pdf,1,5,10.7,8528320,0,0,0,ok
scanner-only,corpus,Rotated Text Libre Office.pdf,1,1,0.8,271656,0,0,0,ok
scanner-only,corpus,Rotation 45.pdf,1,4,53.1,17596424,1,1,1,ok
scanner-only,corpus,SPARC - v9 Architecture Manual.pdf,1,5,163.1,74095472,2,1,1,ok
scanner-only,corpus,SPE8EF26T0545.pdf,1,5,14.6,11406696,0,0,0,ok
scanner-only,corpus,ShowTextOpWithUnbalancedRoundBrackets.pdf,1,1,8.2,4630448,0,0,0,ok
scanner-only,corpus,Single Page Broken Offsets - from google drive.pdf,1,1,2.0,611696,0,0,0,ok
scanner-only,corpus,Single Page Form Content - from itext 1_1.pdf,1,1,1.5,786160,0,0,0,ok
scanner-only,corpus,Single Page Hyperlinks - from open office.pdf,1,1,0.9,405816,0,0,0,ok
scanner-only,corpus,Single Page Images - from libre office.pdf,1,1,0.8,384320,0,0,0,ok
scanner-only,corpus,Single Page Non Latin - from acrobat distiller.pdf,1,1,1.1,416304,0,0,0,ok
scanner-only,corpus,Single Page Simple - from google drive.pdf,1,1,1.4,604640,0,0,0,ok
scanner-only,corpus,Single Page Simple - from inkscape.pdf,1,1,0.6,167096,0,0,0,ok
scanner-only,corpus,Single Page Simple - from open office.pdf,1,1,0.7,292784,0,0,0,ok
scanner-only,corpus,Single Page Type 1 Font.pdf,1,1,0.3,85752,0,0,0,ok
scanner-only,corpus,SinglePage180ClockwiseRotation - from PdfPig.pdf,1,1,0.6,247880,0,0,0,ok
scanner-only,corpus,SinglePage270ClockwiseRotation - from PdfPig.pdf,1,1,0.6,247808,0,0,0,ok
scanner-only,corpus,SinglePage90ClockwiseRotation - from PdfPig.pdf,1,1,0.6,247808,0,0,0,ok
scanner-only,corpus,SmallCropbox.pdf,1,1,2.0,1683856,0,0,0,ok
scanner-only,corpus,TIKA-1552-0.pdf,1,5,44.6,23505432,1,1,1,ok
scanner-only,corpus,TIKA-2054-0.pdf,1,5,34.2,21464264,1,0,0,ok
scanner-only,corpus,TIKA-469-0.pdf,1,2,7.3,4687528,0,0,0,ok
scanner-only,corpus,Test.Doc.pdf,1,1,3.0,1738488,0,0,0,ok
scanner-only,corpus,TrueTypeTablesGlyphDataTableReadGlyphsError.pdf,1,1,8.7,4528472,0,0,0,ok
scanner-only,corpus,Two Page Text Only - from libre office.pdf,1,2,2.1,1734664,0,0,0,ok
scanner-only,corpus,Type0 Font.pdf,1,1,11.9,10340408,0,0,0,ok
scanner-only,corpus,Type0_CJK_Font.pdf,1,5,96.7,4865912,1,1,1,ok
scanner-only,corpus,Type3Test.pdf,1,1,0.7,157016,0,0,0,ok
scanner-only,corpus,Various Content Types.pdf,1,1,0.9,271696,0,0,0,ok
scanner-only,corpus,Why.does.this.not.work.pdf,1,1,1.9,1054184,0,0,0,ok
scanner-only,corpus,_citUR2jB1_ay56u6vELzk.pdf,1,2,2.9,2369792,0,0,0,ok
scanner-only,corpus,annotation-comments.pdf,1,1,0.7,295912,0,0,0,ok
scanner-only,corpus,bold-italic.pdf,1,1,2.9,1898320,0,0,0,ok
scanner-only,corpus,bookmarks-with-accented-characters.pdf,1,1,0.6,331280,0,0,0,ok
scanner-only,corpus,byz.pdf,1,1,3.9,2336536,0,0,0,ok
scanner-only,corpus,capas.pdf,1,5,8.3,8261752,0,0,0,ok
scanner-only,corpus,cat-genetics.pdf,1,1,10.0,6762760,1,0,0,ok
scanner-only,corpus,cat-genetics_bobld.pdf,1,1,10.3,7031480,0,0,0,ok
scanner-only,corpus,cmap-parsing-exception.pdf,1,1,24.0,13483000,0,0,0,ok
scanner-only,corpus,cropped-and-rotated.pdf,1,1,1.6,774896,0,0,0,ok
scanner-only,corpus,data.pdf,1,3,10.5,4097664,1,0,0,ok
scanner-only,corpus,dotnet-ai.pdf,1,5,29.0,32342480,1,1,1,ok
scanner-only,corpus,felltypes-test.pdf,1,1,16.8,4980560,0,0,0,ok
scanner-only,corpus,hex_0x0006.pdf,1,1,1.5,659472,0,0,0,ok
scanner-only,corpus,inherited_mediabox.pdf,1,1,0.3,54736,0,0,0,ok
scanner-only,corpus,iron-ore-q2-q3-2013.pdf,1,5,61.8,37233416,2,2,2,ok
scanner-only,corpus,issue_1163.pdf,1,2,0.6,315408,0,0,0,ok
scanner-only,corpus,issue_1330.pdf,1,1,0.2,56864,0,0,0,ok
scanner-only,corpus,issue_1331.pdf,1,1,2.6,1592688,0,0,0,ok
scanner-only,corpus,issue_671.pdf,1,2,21.8,18319080,0,0,0,ok
scanner-only,corpus,issue_881.pdf,1,1,1.4,777920,0,0,0,ok
scanner-only,corpus,issues-1176-1.pdf,1,1,3.0,2167160,0,0,0,ok
scanner-only,corpus,issues-1176.pdf,1,1,3.1,7145224,0,0,0,ok
scanner-only,corpus,journal.pone.0196757.pdf,1,5,71.3,35676320,2,1,1,ok
scanner-only,corpus,jtehm-melillo-2679746.pdf,1,5,66.5,52740496,0,0,0,ok
scanner-only,corpus,little-pig-in-armenian.pdf,1,1,1.1,317904,0,0,0,ok
scanner-only,corpus,odwriteex.pdf,1,1,1.2,715304,0,0,0,ok
scanner-only,corpus,outline.pdf,1,3,2.8,1120904,0,0,0,ok
scanner-only,corpus,output_w3c_csswg_drafts_issues2023.pdf,1,1,1.2,235296,0,0,0,ok
scanner-only,corpus,path_ext_oddeven.pdf,1,1,2.5,1155328,0,0,0,ok
scanner-only,corpus,pop-bugzilla37292.pdf,1,4,12.0,7957968,0,0,0,ok
scanner-only,corpus,reference-2-numeric-error.pdf,1,1,19.2,7150456,0,0,0,ok
scanner-only,corpus,soundandvision.pdf,1,1,3.2,2022496,0,0,0,ok
scanner-only,corpus,ssm2163.pdf,1,5,40.4,10916872,1,1,1,ok
scanner-only,corpus,steam_in_page_dict.pdf,1,1,0.8,300296,0,0,0,ok
scanner-only,corpus,test-2_so_74165171.pdf,1,1,137.8,42245264,1,1,1,ok
scanner-only,corpus,testPdf-1.pdf,1,2,6.8,6055672,0,0,0,ok
scanner-only,corpus,test_a-5.pdf,1,5,108.6,70129800,2,1,0,ok
scanner-only,corpus,test_a.pdf,1,5,110.8,69146440,2,1,0,ok
scanner-only,corpus,toc.pdf,1,5,6.0,7516568,0,0,0,ok
scanner-only,corpus,type3-font-zero-height.pdf,1,1,14.6,8054040,0,0,0,ok
scanner-only,corpus,0000851.pdf,2,5,373.6,118381944,4,2,1,ok
scanner-only,corpus,11194059_2017-11_de_s.pdf,2,2,36.6,27600384,0,0,0,ok
scanner-only,corpus,2006_Swedish_Touring_Car_Championship.pdf,2,4,10.1,7846840,0,0,0,ok
scanner-only,corpus,2108.11480.pdf,2,5,134.0,76420264,1,0,0,ok
scanner-only,corpus,22060_A1_01_Plans-1.pdf,2,1,33.8,9375440,1,1,1,ok
scanner-only,corpus,6.Secrets.to.Startup.Success.PDFDrive.pdf,2,5,41.2,24740184,1,0,0,ok
scanner-only,corpus,68-1990-01_A.pdf,2,5,79.1,44780160,2,1,1,ok
scanner-only,corpus,AcroFormsBasicFields.pdf,2,1,1.0,594096,0,0,0,ok
scanner-only,corpus,Approved_Document_B__fire_safety__volume_2_-_Buildings_other_than_dwellings__2019_edition_incorporating_2020_and_2022_amendments.pdf,2,5,71.3,52106048,3,3,2,ok
scanner-only,corpus,Arve.nr.1615.17.04.2026.pdf,2,1,2.3,1270624,0,0,0,ok
scanner-only,corpus,ClipPathLetterFilter-Test1.pdf,2,5,15.3,12253792,0,0,0,ok
scanner-only,corpus,ClipPathLetterFilter-Test2.pdf,2,1,9.9,8697712,0,0,0,ok
scanner-only,corpus,ColorIssue.pdf,2,1,55.5,33591016,1,1,1,ok
scanner-only,corpus,DeviceN_CS_test.pdf,2,5,31.8,21537960,1,0,0,ok
scanner-only,corpus,Diacritics_export.pdf,2,1,3.2,2350584,0,0,0,ok
scanner-only,corpus,EmptyPdf.pdf,2,1,0.3,37712,0,0,0,ok
scanner-only,corpus,ErcotFacts.pdf,2,2,29.5,13498248,1,1,1,ok
scanner-only,corpus,FICTIF_TABLE_INDEX.pdf,2,5,24.4,14872064,1,0,0,ok
scanner-only,corpus,FarmerMac.pdf,2,5,16.7,13702968,0,0,0,ok
scanner-only,corpus,Font Size Test - from google chrome print pdf.pdf,2,1,1.2,479944,0,0,0,ok
scanner-only,corpus,Font Size Test - from libre office.pdf,2,1,1.1,188152,0,0,0,ok
scanner-only,corpus,FontMatrix-1.pdf,2,1,0.6,216408,0,0,0,ok
scanner-only,corpus,FontMatrix-concat.pdf,2,1,0.3,134320,0,0,0,ok
scanner-only,corpus,FontMatrix-otf-bad-hmtx.pdf,2,1,1.5,746472,0,0,0,ok
scanner-only,corpus,FontMatrix-otf.pdf,2,1,1.6,742536,0,0,0,ok
scanner-only,corpus,FontMatrix-raw.pdf,2,1,1.5,683136,0,0,0,ok
scanner-only,corpus,GHOSTSCRIPT-692564-0.pdf,2,1,1.0,547224,0,0,0,ok
scanner-only,corpus,GHOSTSCRIPT-695513-0.pdf,2,1,2.8,3520856,0,0,0,ok
scanner-only,corpus,GHOSTSCRIPT-696171-0.pdf,2,5,13.5,11335320,0,0,0,ok
scanner-only,corpus,GHOSTSCRIPT-696547-0.zip-7.pdf,2,1,6.7,7354920,0,0,0,ok
scanner-only,corpus,GHOSTSCRIPT-696547-0.zip-9.pdf,2,1,8.1,7354528,0,0,0,ok
scanner-only,corpus,GHOSTSCRIPT-697234-0.pdf,2,3,42.4,22677480,2,1,0,ok
scanner-only,corpus,GHOSTSCRIPT-697507-0.pdf,2,1,16.4,7905728,0,0,0,ok
scanner-only,corpus,GHOSTSCRIPT-697984-3.pdf,2,1,4.5,1619776,0,0,0,ok
scanner-only,corpus,GHOSTSCRIPT-698168-0.pdf,2,1,3.0,2816184,0,0,0,ok
scanner-only,corpus,GHOSTSCRIPT-698363-0.pdf,2,1,6.4,466400,0,0,0,ok
scanner-only,corpus,GHOSTSCRIPT-698721-0.zip-6.pdf,2,2,26.0,7454968,1,1,1,ok
scanner-only,corpus,GHOSTSCRIPT-698721-1.pdf,2,1,2.1,2032248,0,0,0,ok
scanner-only,corpus,GHOSTSCRIPT-699035-0.pdf,2,5,58.0,38479088,1,1,0,ok
scanner-only,corpus,GHOSTSCRIPT-699178-0.pdf,2,3,19.5,8418944,1,1,0,ok
scanner-only,corpus,GHOSTSCRIPT-699375-5.pdf,2,1,4.8,3069216,0,0,0,ok
scanner-only,corpus,GHOSTSCRIPT-699488-0.pdf,2,1,10.1,8120672,0,0,0,ok
scanner-only,corpus,GHOSTSCRIPT-699554-0.zip-4.pdf,2,1,2.4,1650096,0,0,0,ok
scanner-only,corpus,GHOSTSCRIPT-700125-1.pdf,2,5,21.0,17688272,1,0,0,ok
scanner-only,corpus,GHOSTSCRIPT-700139-0.pdf,2,2,197.4,116319144,4,2,2,ok
scanner-only,corpus,GHOSTSCRIPT-700236-1.pdf,2,5,18.7,13422472,1,0,0,ok
scanner-only,corpus,GHOSTSCRIPT-700288-1.pdf,2,1,6.3,4618272,0,0,0,ok
scanner-only,corpus,GHOSTSCRIPT-700370-2.pdf,2,1,2.4,1596584,0,0,0,ok
scanner-only,corpus,GHOSTSCRIPT-700931-0.7z-5.pdf,2,2,1.9,1222000,0,0,0,ok
scanner-only,corpus,GHOSTSCRIPT-702013-1.pdf,2,1,5.0,3790848,0,0,0,ok
scanner-only,corpus,Gamebook.pdf,2,5,14.0,9353280,0,0,0,ok
scanner-only,corpus,GlyphDataTableReadCompositeGlyphError.pdf,2,1,5.8,2886624,0,0,0,ok
scanner-only,corpus,Grapheme clusters emoji.pdf,2,1,0.8,149528,0,0,0,ok
scanner-only,corpus,ICML03-081.pdf,2,5,38.1,17292320,1,0,0,ok
scanner-only,corpus,Indexed-DeviceRGB-JPXDecode-0-.0.0.255.0.-Font-F1_1_missing_char_255-1.pdf,2,1,36.5,16979736,0,0,0,ok
scanner-only,corpus,IndexedCS_negative_and_high.pdf,2,1,0.8,81744,0,0,0,ok
scanner-only,corpus,Judgement Document.pdf,2,5,13.9,9127904,0,0,0,ok
scanner-only,corpus,LKR824191.pdf,2,1,5.5,4164664,0,0,0,ok
scanner-only,corpus,Layer pdf - 322_High_Holborn_building_Brochure.pdf,2,3,56.8,37981744,0,0,0,ok
scanner-only,corpus,MOZILLA-10084-0.pdf,2,1,9.3,3208088,0,0,0,ok
scanner-only,corpus,MOZILLA-10225-0.pdf,2,5,19.8,22996808,0,0,0,ok
scanner-only,corpus,MOZILLA-10372-2.pdf,2,5,45.4,13030320,2,1,1,ok
scanner-only,corpus,MOZILLA-2775-1.pdf,2,5,18.0,17727184,0,0,0,ok
scanner-only,corpus,MOZILLA-3136-0.pdf,2,4,367.2,217963096,10,6,2,ok
scanner-only,corpus,MOZILLA-7375-0.pdf,2,5,15.8,16139720,0,0,0,ok
scanner-only,corpus,MOZILLA-9176-2.pdf,2,5,2.5,9937680,0,0,0,ok
scanner-only,corpus,MOZILLA-LINK-3264-0.pdf,2,5,2.3,3312384,0,0,0,ok
scanner-only,corpus,MOZILLA-LINK-5251-1.pdf,2,2,2.9,2202032,0,0,0,ok
scanner-only,corpus,Math119FakingData.pdf,2,5,11.2,9251952,0,0,0,ok
scanner-only,corpus,Motor Insurance claim form.pdf,2,3,187.1,68834056,3,1,1,ok
scanner-only,corpus,Multiple Page - from Mortality Statistics.pdf,2,5,9.3,8266304,0,0,0,ok
scanner-only,corpus,OPEN.RABBIT.ENGLISH.LOP.pdf,2,5,32.9,27776056,0,0,0,ok
scanner-only,corpus,Old Gutnish Internet Explorer.pdf,2,3,62.6,14270608,1,0,0,ok
scanner-only,corpus,P2P-33713919.pdf,2,5,27.3,23003840,0,0,0,ok
scanner-only,corpus,PDFBOX-1869-4-1.pdf,2,1,1.1,410640,0,0,0,ok
scanner-only,corpus,PDFBOX-492-4.jar-8.pdf,2,2,31.4,16855552,0,0,0,ok
scanner-only,corpus,PDFBOX-624-2.pdf,2,5,16.3,11331352,0,0,0,ok
scanner-only,corpus,Pig Production Handbook.pdf,2,5,14.9,11473136,0,0,0,ok
scanner-only,corpus,Pig Reproduction Powerpoint.pdf,2,5,6.9,9151504,0,0,0,ok
scanner-only,corpus,Publication_of_award_of_Bids_for_Transport_Sector__August_2016.pdf,2,5,14.6,8291248,0,0,0,ok
scanner-only,corpus,Rotated Text Libre Office.pdf,2,1,1.4,238224,0,0,0,ok
scanner-only,corpus,Rotation 45.pdf,2,4,54.4,10063736,1,1,1,ok
scanner-only,corpus,SPARC - v9 Architecture Manual.pdf,2,5,135.0,73961664,1,0,0,ok
scanner-only,corpus,SPE8EF26T0545.pdf,2,5,43.4,11399896,1,0,0,ok
scanner-only,corpus,ShowTextOpWithUnbalancedRoundBrackets.pdf,2,1,6.5,4630184,0,0,0,ok
scanner-only,corpus,Single Page Broken Offsets - from google drive.pdf,2,1,2.4,590240,0,0,0,ok
scanner-only,corpus,Single Page Form Content - from itext 1_1.pdf,2,1,1.5,785992,0,0,0,ok
scanner-only,corpus,Single Page Hyperlinks - from open office.pdf,2,1,1.1,360792,0,0,0,ok
scanner-only,corpus,Single Page Images - from libre office.pdf,2,1,0.7,378464,0,0,0,ok
scanner-only,corpus,Single Page Non Latin - from acrobat distiller.pdf,2,1,1.3,396336,0,0,0,ok
scanner-only,corpus,Single Page Simple - from google drive.pdf,2,1,1.4,583256,0,0,0,ok
scanner-only,corpus,Single Page Simple - from inkscape.pdf,2,1,0.7,150008,0,0,0,ok
scanner-only,corpus,Single Page Simple - from open office.pdf,2,1,0.7,269408,0,0,0,ok
scanner-only,corpus,Single Page Type 1 Font.pdf,2,1,0.4,85728,0,0,0,ok
scanner-only,corpus,SinglePage180ClockwiseRotation - from PdfPig.pdf,2,1,0.6,201608,0,0,0,ok
scanner-only,corpus,SinglePage270ClockwiseRotation - from PdfPig.pdf,2,1,0.6,201608,0,0,0,ok
scanner-only,corpus,SinglePage90ClockwiseRotation - from PdfPig.pdf,2,1,0.6,201608,0,0,0,ok
scanner-only,corpus,SmallCropbox.pdf,2,1,2.2,1683688,0,0,0,ok
scanner-only,corpus,TIKA-1552-0.pdf,2,5,29.5,23480008,0,0,0,ok
scanner-only,corpus,TIKA-2054-0.pdf,2,5,27.3,21394856,0,0,0,ok
scanner-only,corpus,TIKA-469-0.pdf,2,2,8.3,4678752,0,0,0,ok
scanner-only,corpus,Test.Doc.pdf,2,1,3.6,1679568,0,0,0,ok
scanner-only,corpus,TrueTypeTablesGlyphDataTableReadGlyphsError.pdf,2,1,8.2,3647216,0,0,0,ok
scanner-only,corpus,Two Page Text Only - from libre office.pdf,2,2,3.1,1571824,0,0,0,ok
scanner-only,corpus,Type0 Font.pdf,2,1,38.2,9790272,1,1,1,ok
scanner-only,corpus,Type0_CJK_Font.pdf,2,5,17.1,3216352,0,0,0,ok
scanner-only,corpus,Type3Test.pdf,2,1,0.6,155272,0,0,0,ok
scanner-only,corpus,Various Content Types.pdf,2,1,0.7,257056,0,0,0,ok
scanner-only,corpus,Why.does.this.not.work.pdf,2,1,1.9,1039928,0,0,0,ok
scanner-only,corpus,_citUR2jB1_ay56u6vELzk.pdf,2,2,3.4,2257352,0,0,0,ok
scanner-only,corpus,annotation-comments.pdf,2,1,1.1,283240,0,0,0,ok
scanner-only,corpus,bold-italic.pdf,2,1,3.4,1617328,0,0,0,ok
scanner-only,corpus,bookmarks-with-accented-characters.pdf,2,1,0.9,331256,0,0,0,ok
scanner-only,corpus,byz.pdf,2,1,3.6,2270880,0,0,0,ok
scanner-only,corpus,capas.pdf,2,5,10.0,8008000,1,1,0,ok
scanner-only,corpus,cat-genetics.pdf,2,1,7.7,6762008,0,0,0,ok
scanner-only,corpus,cat-genetics_bobld.pdf,2,1,7.9,7030816,0,0,0,ok
scanner-only,corpus,cmap-parsing-exception.pdf,2,1,25.5,13247752,1,0,0,ok
scanner-only,corpus,cropped-and-rotated.pdf,2,1,1.6,744264,0,0,0,ok
scanner-only,corpus,data.pdf,2,3,6.5,4097448,0,0,0,ok
scanner-only,corpus,dotnet-ai.pdf,2,5,24.0,31583024,0,0,0,ok
scanner-only,corpus,felltypes-test.pdf,2,1,11.5,4974784,0,0,0,ok
scanner-only,corpus,hex_0x0006.pdf,2,1,1.4,658728,0,0,0,ok
scanner-only,corpus,inherited_mediabox.pdf,2,1,0.4,54640,0,0,0,ok
scanner-only,corpus,iron-ore-q2-q3-2013.pdf,2,5,40.3,36586592,1,1,1,ok
scanner-only,corpus,issue_1163.pdf,2,2,1.1,183296,0,0,0,ok
scanner-only,corpus,issue_1330.pdf,2,1,0.5,56840,0,0,0,ok
scanner-only,corpus,issue_1331.pdf,2,1,2.7,1350616,0,0,0,ok
scanner-only,corpus,issue_671.pdf,2,2,29.2,17884328,1,0,0,ok
scanner-only,corpus,issue_881.pdf,2,1,1.5,617552,0,0,0,ok
scanner-only,corpus,issues-1176-1.pdf,2,1,3.4,2166632,0,0,0,ok
scanner-only,corpus,issues-1176.pdf,2,1,4.6,7144864,0,0,0,ok
scanner-only,corpus,journal.pone.0196757.pdf,2,5,63.9,35439560,2,2,0,ok
scanner-only,corpus,jtehm-melillo-2679746.pdf,2,5,85.7,52937672,2,1,1,ok
scanner-only,corpus,little-pig-in-armenian.pdf,2,1,0.9,307240,0,0,0,ok
scanner-only,corpus,odwriteex.pdf,2,1,1.0,780768,0,0,0,ok
scanner-only,corpus,outline.pdf,2,3,2.1,1087568,0,0,0,ok
scanner-only,corpus,output_w3c_csswg_drafts_issues2023.pdf,2,1,0.8,235064,0,0,0,ok
scanner-only,corpus,path_ext_oddeven.pdf,2,1,1.7,1039864,0,0,0,ok
scanner-only,corpus,pop-bugzilla37292.pdf,2,4,7.8,7596016,0,0,0,ok
scanner-only,corpus,reference-2-numeric-error.pdf,2,1,10.5,7147984,0,0,0,ok
scanner-only,corpus,soundandvision.pdf,2,1,2.9,1856656,0,0,0,ok
scanner-only,corpus,ssm2163.pdf,2,5,11.0,10259856,0,0,0,ok
scanner-only,corpus,steam_in_page_dict.pdf,2,1,0.4,103336,0,0,0,ok
scanner-only,corpus,test-2_so_74165171.pdf,2,1,69.0,41191912,1,0,0,ok
scanner-only,corpus,testPdf-1.pdf,2,2,7.1,5701720,0,0,0,ok
scanner-only,corpus,test_a-5.pdf,2,5,89.3,69711184,2,1,1,ok
scanner-only,corpus,test_a.pdf,2,5,101.4,68856784,2,1,0,ok
scanner-only,corpus,toc.pdf,2,5,5.9,7516448,0,0,0,ok
scanner-only,corpus,type3-font-zero-height.pdf,2,1,11.7,8048624,0,0,0,ok
scanner-only,corpus,0000851.pdf,3,5,227.7,118451392,3,1,1,ok
scanner-only,corpus,11194059_2017-11_de_s.pdf,3,2,35.0,27547680,0,0,0,ok
scanner-only,corpus,2006_Swedish_Touring_Car_Championship.pdf,3,4,9.7,7630600,0,0,0,ok
scanner-only,corpus,2108.11480.pdf,3,5,114.6,75817480,1,1,0,ok
scanner-only,corpus,22060_A1_01_Plans-1.pdf,3,1,13.6,9372736,1,1,0,ok
scanner-only,corpus,6.Secrets.to.Startup.Success.PDFDrive.pdf,3,5,33.1,24742888,2,1,1,ok
scanner-only,corpus,68-1990-01_A.pdf,3,5,43.7,44326760,0,0,0,ok
scanner-only,corpus,AcroFormsBasicFields.pdf,3,1,0.8,593832,0,0,0,ok
scanner-only,corpus,Approved_Document_B__fire_safety__volume_2_-_Buildings_other_than_dwellings__2019_edition_incorporating_2020_and_2022_amendments.pdf,3,5,50.6,52103848,2,1,1,ok
scanner-only,corpus,Arve.nr.1615.17.04.2026.pdf,3,1,1.8,1193392,0,0,0,ok
scanner-only,corpus,ClipPathLetterFilter-Test1.pdf,3,5,23.5,12257584,1,1,1,ok
scanner-only,corpus,ClipPathLetterFilter-Test2.pdf,3,1,8.1,8697976,0,0,0,ok
scanner-only,corpus,ColorIssue.pdf,3,1,48.4,33591016,3,2,1,ok
scanner-only,corpus,DeviceN_CS_test.pdf,3,5,19.8,21537960,1,0,0,ok
scanner-only,corpus,Diacritics_export.pdf,3,1,2.5,2350584,0,0,0,ok
scanner-only,corpus,EmptyPdf.pdf,3,1,0.3,37712,0,0,0,ok
scanner-only,corpus,ErcotFacts.pdf,3,2,18.2,13360240,0,0,0,ok
scanner-only,corpus,FICTIF_TABLE_INDEX.pdf,3,5,20.2,14805248,0,0,0,ok
scanner-only,corpus,FarmerMac.pdf,3,5,29.4,13702760,2,1,0,ok
scanner-only,corpus,Font Size Test - from google chrome print pdf.pdf,3,1,1.3,480152,0,0,0,ok
scanner-only,corpus,Font Size Test - from libre office.pdf,3,1,0.6,188152,0,0,0,ok
scanner-only,corpus,FontMatrix-1.pdf,3,1,0.9,216408,0,0,0,ok
scanner-only,corpus,FontMatrix-concat.pdf,3,1,0.3,134320,0,0,0,ok
scanner-only,corpus,FontMatrix-otf-bad-hmtx.pdf,3,1,1.7,746472,0,0,0,ok
scanner-only,corpus,FontMatrix-otf.pdf,3,1,1.7,742536,0,0,0,ok
scanner-only,corpus,FontMatrix-raw.pdf,3,1,1.6,683136,0,0,0,ok
scanner-only,corpus,GHOSTSCRIPT-692564-0.pdf,3,1,1.0,547224,0,0,0,ok
scanner-only,corpus,GHOSTSCRIPT-695513-0.pdf,3,1,2.7,3520856,0,0,0,ok
scanner-only,corpus,GHOSTSCRIPT-696171-0.pdf,3,5,12.5,11335320,0,0,0,ok
scanner-only,corpus,GHOSTSCRIPT-696547-0.zip-7.pdf,3,1,18.3,7492784,1,1,1,ok
scanner-only,corpus,GHOSTSCRIPT-696547-0.zip-9.pdf,3,1,5.0,7355312,0,0,0,ok
scanner-only,corpus,GHOSTSCRIPT-697234-0.pdf,3,3,32.8,22677480,1,0,0,ok
scanner-only,corpus,GHOSTSCRIPT-697507-0.pdf,3,1,11.1,7971288,0,0,0,ok
scanner-only,corpus,GHOSTSCRIPT-697984-3.pdf,3,1,3.2,1619776,0,0,0,ok
scanner-only,corpus,GHOSTSCRIPT-698168-0.pdf,3,1,2.9,2816184,0,0,0,ok
scanner-only,corpus,GHOSTSCRIPT-698363-0.pdf,3,1,2.2,465992,0,0,0,ok
scanner-only,corpus,GHOSTSCRIPT-698721-0.zip-6.pdf,3,2,8.3,7317016,0,0,0,ok
scanner-only,corpus,GHOSTSCRIPT-698721-1.pdf,3,1,2.2,2031984,0,0,0,ok
scanner-only,corpus,GHOSTSCRIPT-699035-0.pdf,3,5,66.3,38413528,2,0,0,ok
scanner-only,corpus,GHOSTSCRIPT-699178-0.pdf,3,3,9.2,8418792,0,0,0,ok
scanner-only,corpus,GHOSTSCRIPT-699375-5.pdf,3,1,5.4,3069008,0,0,0,ok
scanner-only,corpus,GHOSTSCRIPT-699488-0.pdf,3,1,9.2,8120672,0,0,0,ok
scanner-only,corpus,GHOSTSCRIPT-699554-0.zip-4.pdf,3,1,1.9,1650096,0,0,0,ok
scanner-only,corpus,GHOSTSCRIPT-700125-1.pdf,3,5,16.5,17688272,0,0,0,ok
scanner-only,corpus,GHOSTSCRIPT-700139-0.pdf,3,2,166.0,116185256,3,1,1,ok
scanner-only,corpus,GHOSTSCRIPT-700236-1.pdf,3,5,14.5,13422472,0,0,0,ok
scanner-only,corpus,GHOSTSCRIPT-700288-1.pdf,3,1,5.9,4618064,0,0,0,ok
scanner-only,corpus,GHOSTSCRIPT-700370-2.pdf,3,1,2.2,1596584,0,0,0,ok
scanner-only,corpus,GHOSTSCRIPT-700931-0.7z-5.pdf,3,2,2.1,1222000,0,0,0,ok
scanner-only,corpus,GHOSTSCRIPT-702013-1.pdf,3,1,4.5,3790848,0,0,0,ok
scanner-only,corpus,Gamebook.pdf,3,5,14.3,9353280,1,0,0,ok
scanner-only,corpus,GlyphDataTableReadCompositeGlyphError.pdf,3,1,5.2,2886832,0,0,0,ok
scanner-only,corpus,Grapheme clusters emoji.pdf,3,1,0.8,149528,0,0,0,ok
scanner-only,corpus,ICML03-081.pdf,3,5,28.2,17292320,1,0,0,ok
scanner-only,corpus,Indexed-DeviceRGB-JPXDecode-0-.0.0.255.0.-Font-F1_1_missing_char_255-1.pdf,3,1,29.8,16979736,0,0,0,ok
scanner-only,corpus,IndexedCS_negative_and_high.pdf,3,1,0.4,81744,0,0,0,ok
scanner-only,corpus,Judgement Document.pdf,3,5,8.1,9127904,0,0,0,ok
scanner-only,corpus,LKR824191.pdf,3,1,17.8,4167312,1,1,1,ok
scanner-only,corpus,Layer pdf - 322_High_Holborn_building_Brochure.pdf,3,3,51.3,37982008,1,0,0,ok
scanner-only,corpus,MOZILLA-10084-0.pdf,3,1,4.5,3212416,0,0,0,ok
scanner-only,corpus,MOZILLA-10225-0.pdf,3,5,23.1,22996896,0,0,0,ok
scanner-only,corpus,MOZILLA-10372-2.pdf,3,5,26.5,13030320,1,1,1,ok
scanner-only,corpus,MOZILLA-2775-1.pdf,3,5,23.3,17727184,1,0,0,ok
scanner-only,corpus,MOZILLA-3136-0.pdf,3,4,349.3,217636840,5,2,1,ok
scanner-only,corpus,MOZILLA-7375-0.pdf,3,5,18.5,16139720,0,0,0,ok
scanner-only,corpus,MOZILLA-9176-2.pdf,3,5,22.4,9940328,1,1,1,ok
scanner-only,corpus,MOZILLA-LINK-3264-0.pdf,3,5,2.7,3312736,0,0,0,ok
scanner-only,corpus,MOZILLA-LINK-5251-1.pdf,3,2,3.3,2267592,0,0,0,ok
scanner-only,corpus,Math119FakingData.pdf,3,5,10.8,9256072,0,0,0,ok
scanner-only,corpus,Motor Insurance claim form.pdf,3,3,138.6,69560392,3,3,3,ok
scanner-only,corpus,Multiple Page - from Mortality Statistics.pdf,3,5,9.3,8266304,0,0,0,ok
scanner-only,corpus,OPEN.RABBIT.ENGLISH.LOP.pdf,3,5,43.9,27776056,1,0,0,ok
scanner-only,corpus,Old Gutnish Internet Explorer.pdf,3,3,16.9,14270816,0,0,0,ok
scanner-only,corpus,P2P-33713919.pdf,3,5,34.9,23003632,1,0,0,ok
scanner-only,corpus,PDFBOX-1869-4-1.pdf,3,1,1.0,410848,0,0,0,ok
scanner-only,corpus,PDFBOX-492-4.jar-8.pdf,3,2,24.7,16855552,0,0,0,ok
scanner-only,corpus,PDFBOX-624-2.pdf,3,5,12.2,11331352,0,0,0,ok
scanner-only,corpus,Pig Production Handbook.pdf,3,5,12.1,11473136,0,0,0,ok
scanner-only,corpus,Pig Reproduction Powerpoint.pdf,3,5,18.7,9285392,1,1,1,ok
scanner-only,corpus,Publication_of_award_of_Bids_for_Transport_Sector__August_2016.pdf,3,5,9.4,8357016,0,0,0,ok
scanner-only,corpus,Rotated Text Libre Office.pdf,3,1,0.8,238224,0,0,0,ok
scanner-only,corpus,Rotation 45.pdf,3,4,29.7,9932640,1,1,1,ok
scanner-only,corpus,SPARC - v9 Architecture Manual.pdf,3,5,150.2,74097368,3,3,2,ok
scanner-only,corpus,SPE8EF26T0545.pdf,3,5,15.5,11399952,0,0,0,ok
scanner-only,corpus,ShowTextOpWithUnbalancedRoundBrackets.pdf,3,1,12.0,4630064,1,0,0,ok
scanner-only,corpus,Single Page Broken Offsets - from google drive.pdf,3,1,2.9,590448,0,0,0,ok
scanner-only,corpus,Single Page Form Content - from itext 1_1.pdf,3,1,1.7,785992,0,0,0,ok
scanner-only,corpus,Single Page Hyperlinks - from open office.pdf,3,1,1.2,360792,0,0,0,ok
scanner-only,corpus,Single Page Images - from libre office.pdf,3,1,0.7,378464,0,0,0,ok
scanner-only,corpus,Single Page Non Latin - from acrobat distiller.pdf,3,1,1.2,396336,0,0,0,ok
scanner-only,corpus,Single Page Simple - from google drive.pdf,3,1,1.5,583256,0,0,0,ok
scanner-only,corpus,Single Page Simple - from inkscape.pdf,3,1,0.8,150008,0,0,0,ok
scanner-only,corpus,Single Page Simple - from open office.pdf,3,1,0.8,269408,0,0,0,ok
scanner-only,corpus,Single Page Type 1 Font.pdf,3,1,0.5,85728,0,0,0,ok
scanner-only,corpus,SinglePage180ClockwiseRotation - from PdfPig.pdf,3,1,0.7,201608,0,0,0,ok
scanner-only,corpus,SinglePage270ClockwiseRotation - from PdfPig.pdf,3,1,0.6,201608,0,0,0,ok
scanner-only,corpus,SinglePage90ClockwiseRotation - from PdfPig.pdf,3,1,0.6,201608,0,0,0,ok
scanner-only,corpus,SmallCropbox.pdf,3,1,2.4,1683688,0,0,0,ok
scanner-only,corpus,TIKA-1552-0.pdf,3,5,30.2,23480008,0,0,0,ok
scanner-only,corpus,TIKA-2054-0.pdf,3,5,58.3,21394856,1,1,0,ok
scanner-only,corpus,TIKA-469-0.pdf,3,2,7.1,4678960,0,0,0,ok
scanner-only,corpus,Test.Doc.pdf,3,1,3.5,1679568,0,0,0,ok
scanner-only,corpus,TrueTypeTablesGlyphDataTableReadGlyphsError.pdf,3,1,10.3,3647216,1,0,0,ok
scanner-only,corpus,Two Page Text Only - from libre office.pdf,3,2,2.9,1572032,0,0,0,ok
scanner-only,corpus,Type0 Font.pdf,3,1,13.9,9721976,0,0,0,ok
scanner-only,corpus,Type0_CJK_Font.pdf,3,5,17.4,3216088,0,0,0,ok
scanner-only,corpus,Type3Test.pdf,3,1,1.0,155120,0,0,0,ok
scanner-only,corpus,Various Content Types.pdf,3,1,1.0,257056,0,0,0,ok
scanner-only,corpus,Why.does.this.not.work.pdf,3,1,3.2,1035808,0,0,0,ok
scanner-only,corpus,_citUR2jB1_ay56u6vELzk.pdf,3,2,3.1,2256304,0,0,0,ok
scanner-only,corpus,annotation-comments.pdf,3,1,1.3,283240,0,0,0,ok
scanner-only,corpus,bold-italic.pdf,3,1,3.7,1617328,0,0,0,ok
scanner-only,corpus,bookmarks-with-accented-characters.pdf,3,1,0.9,331256,0,0,0,ok
scanner-only,corpus,byz.pdf,3,1,4.2,2270880,0,0,0,ok
scanner-only,corpus,capas.pdf,3,5,9.4,8008000,0,0,0,ok
scanner-only,corpus,cat-genetics.pdf,3,1,9.8,6761800,0,0,0,ok
scanner-only,corpus,cat-genetics_bobld.pdf,3,1,14.6,7030816,1,1,0,ok
scanner-only,corpus,cmap-parsing-exception.pdf,3,1,28.9,13116864,0,0,0,ok
scanner-only,corpus,cropped-and-rotated.pdf,3,1,2.3,744056,0,0,0,ok
scanner-only,corpus,data.pdf,3,3,6.4,4097448,0,0,0,ok
scanner-only,corpus,dotnet-ai.pdf,3,5,33.9,31583024,1,0,0,ok
scanner-only,corpus,felltypes-test.pdf,3,1,13.3,4974992,0,0,0,ok
scanner-only,corpus,hex_0x0006.pdf,3,1,1.6,658728,0,0,0,ok
scanner-only,corpus,inherited_mediabox.pdf,3,1,0.4,54640,0,0,0,ok
scanner-only,corpus,iron-ore-q2-q3-2013.pdf,3,5,53.4,37027432,1,1,1,ok
scanner-only,corpus,issue_1163.pdf,3,2,0.6,183296,0,0,0,ok
scanner-only,corpus,issue_1330.pdf,3,1,0.4,56840,0,0,0,ok
scanner-only,corpus,issue_1331.pdf,3,1,2.4,1416176,0,0,0,ok
scanner-only,corpus,issue_671.pdf,3,2,48.3,17886976,1,1,1,ok
scanner-only,corpus,issue_881.pdf,3,1,1.6,748792,0,0,0,ok
scanner-only,corpus,issues-1176-1.pdf,3,1,3.1,2170752,0,0,0,ok
scanner-only,corpus,issues-1176.pdf,3,1,3.9,7210424,0,0,0,ok
scanner-only,corpus,journal.pone.0196757.pdf,3,5,55.7,35422760,1,0,0,ok
scanner-only,corpus,jtehm-melillo-2679746.pdf,3,5,91.0,52875856,1,1,1,ok
scanner-only,corpus,little-pig-in-armenian.pdf,3,1,1.0,307240,0,0,0,ok
scanner-only,corpus,odwriteex.pdf,3,1,1.9,780768,0,0,0,ok
scanner-only,corpus,outline.pdf,3,3,2.7,1087568,0,0,0,ok
scanner-only,corpus,output_w3c_csswg_drafts_issues2023.pdf,3,1,0.8,235064,0,0,0,ok
scanner-only,corpus,path_ext_oddeven.pdf,3,1,2.1,1039864,0,0,0,ok
scanner-only,corpus,pop-bugzilla37292.pdf,3,4,20.6,7596016,1,0,0,ok
scanner-only,corpus,reference-2-numeric-error.pdf,3,1,11.5,7148192,0,0,0,ok
scanner-only,corpus,soundandvision.pdf,3,1,2.9,1856656,0,0,0,ok
scanner-only,corpus,ssm2163.pdf,3,5,11.3,10263976,0,0,0,ok
scanner-only,corpus,steam_in_page_dict.pdf,3,1,0.5,103336,0,0,0,ok
scanner-only,corpus,test-2_so_74165171.pdf,3,1,104.7,42239080,1,1,1,ok
scanner-only,corpus,testPdf-1.pdf,3,2,29.7,5835608,1,1,1,ok
scanner-only,corpus,test_a-5.pdf,3,5,123.3,69777008,2,1,1,ok
scanner-only,corpus,test_a.pdf,3,5,101.2,69643264,1,0,0,ok
scanner-only,corpus,toc.pdf,3,5,35.7,7516448,1,1,0,ok
scanner-only,corpus,type3-font-zero-height.pdf,3,1,23.7,8051480,1,1,1,ok
scanner+form,corpus,0000851.pdf,1,5,1550.6,165945992,5,2,2,ok
scanner+form,corpus,11194059_2017-11_de_s.pdf,1,2,192.7,27690872,0,0,0,ok
scanner+form,corpus,2006_Swedish_Touring_Car_Championship.pdf,1,4,82.9,7849008,1,1,0,ok
scanner+form,corpus,2108.11480.pdf,1,5,270.2,75658824,2,1,1,ok
scanner+form,corpus,22060_A1_01_Plans-1.pdf,1,1,31.8,9644480,2,2,2,ok
scanner+form,corpus,6.Secrets.to.Startup.Success.PDFDrive.pdf,1,5,94.1,24745336,0,0,0,ok
scanner+form,corpus,68-1990-01_A.pdf,1,5,260.1,64736312,1,0,0,ok
scanner+form,corpus,AcroFormsBasicFields.pdf,1,1,2.3,596088,0,0,0,ok
scanner+form,corpus,Approved_Document_B__fire_safety__volume_2_-_Buildings_other_than_dwellings__2019_edition_incorporating_2020_and_2022_amendments.pdf,1,5,148.7,52138720,2,2,2,ok
scanner+form,corpus,Arve.nr.1615.17.04.2026.pdf,1,1,7.1,1271160,0,0,0,ok
scanner+form,corpus,ClipPathLetterFilter-Test1.pdf,1,5,154.3,41278736,1,0,0,ok
scanner+form,corpus,ClipPathLetterFilter-Test2.pdf,1,1,92.0,8981096,1,1,1,ok
scanner+form,corpus,ColorIssue.pdf,1,1,245.9,34172416,2,2,2,ok
scanner+form,corpus,DeviceN_CS_test.pdf,1,5,155.2,22212840,1,1,1,ok
scanner+form,corpus,Diacritics_export.pdf,1,1,12.3,2358000,0,0,0,ok
scanner+form,corpus,EmptyPdf.pdf,1,1,1.7,38216,0,0,0,ok
scanner+form,corpus,ErcotFacts.pdf,1,2,124.0,13768824,0,0,0,ok
scanner+form,corpus,FICTIF_TABLE_INDEX.pdf,1,5,114.5,15512984,1,0,0,ok
scanner+form,corpus,FarmerMac.pdf,1,5,140.2,14097616,0,0,0,ok
scanner+form,corpus,Font Size Test - from google chrome print pdf.pdf,1,1,4.6,505368,0,0,0,ok
scanner+form,corpus,Font Size Test - from libre office.pdf,1,1,2.5,202568,0,0,0,ok
scanner+form,corpus,FontMatrix-1.pdf,1,1,2.1,216480,0,0,0,ok
scanner+form,corpus,FontMatrix-concat.pdf,1,1,0.7,134320,0,0,0,ok
scanner+form,corpus,FontMatrix-otf-bad-hmtx.pdf,1,1,8.7,750592,0,0,0,ok
scanner+form,corpus,FontMatrix-otf.pdf,1,1,5.6,742712,0,0,0,ok
scanner+form,corpus,FontMatrix-raw.pdf,1,1,4.8,683384,0,0,0,ok
scanner+form,corpus,GHOSTSCRIPT-692564-0.pdf,1,1,7.4,548000,0,0,0,ok
scanner+form,corpus,GHOSTSCRIPT-695513-0.pdf,1,1,19.3,3522256,0,0,0,ok
scanner+form,corpus,GHOSTSCRIPT-696171-0.pdf,1,5,80.0,11337208,0,0,0,ok
scanner+form,corpus,GHOSTSCRIPT-696547-0.zip-7.pdf,1,1,40.6,7355592,0,0,0,ok
scanner+form,corpus,GHOSTSCRIPT-696547-0.zip-9.pdf,1,1,55.4,7493288,1,1,1,ok
scanner+form,corpus,GHOSTSCRIPT-697234-0.pdf,1,3,163.5,22683832,1,0,0,ok
scanner+form,corpus,GHOSTSCRIPT-697507-0.pdf,1,1,28.9,7975112,0,0,0,ok
scanner+form,corpus,GHOSTSCRIPT-697984-3.pdf,1,1,8.5,1698240,0,0,0,ok
scanner+form,corpus,GHOSTSCRIPT-698168-0.pdf,1,1,8.7,2816648,0,0,0,ok
scanner+form,corpus,GHOSTSCRIPT-698363-0.pdf,1,1,20.6,477136,0,0,0,ok
scanner+form,corpus,GHOSTSCRIPT-698721-0.zip-6.pdf,1,2,26.1,7318696,0,0,0,ok
scanner+form,corpus,GHOSTSCRIPT-698721-1.pdf,1,1,5.3,2032432,0,0,0,ok
scanner+form,corpus,GHOSTSCRIPT-699035-0.pdf,1,5,158.3,38422936,1,1,1,ok
scanner+form,corpus,GHOSTSCRIPT-699178-0.pdf,1,3,36.8,8592776,0,0,0,ok
scanner+form,corpus,GHOSTSCRIPT-699375-5.pdf,1,1,15.7,3266800,0,0,0,ok
scanner+form,corpus,GHOSTSCRIPT-699488-0.pdf,1,1,38.8,8122432,0,0,0,ok
scanner+form,corpus,GHOSTSCRIPT-699554-0.zip-4.pdf,1,1,16.0,1650344,1,0,0,ok
scanner+form,corpus,GHOSTSCRIPT-700125-1.pdf,1,5,45.5,16342568,0,0,0,ok
scanner+form,corpus,GHOSTSCRIPT-700139-0.pdf,1,2,431.4,117894416,4,2,2,ok
scanner+form,corpus,GHOSTSCRIPT-700236-1.pdf,1,5,33.9,13424216,0,0,0,ok
scanner+form,corpus,GHOSTSCRIPT-700288-1.pdf,1,1,13.2,4627480,0,0,0,ok
scanner+form,corpus,GHOSTSCRIPT-700370-2.pdf,1,1,3.5,1734976,0,0,0,ok
scanner+form,corpus,GHOSTSCRIPT-700931-0.7z-5.pdf,1,2,3.8,1222472,0,0,0,ok
scanner+form,corpus,GHOSTSCRIPT-702013-1.pdf,1,1,10.1,3793520,0,0,0,ok
scanner+form,corpus,Gamebook.pdf,1,5,142.1,150812592,8,8,8,ok
scanner+form,corpus,GlyphDataTableReadCompositeGlyphError.pdf,1,1,11.8,3793280,0,0,0,ok
scanner+form,corpus,Grapheme clusters emoji.pdf,1,1,1.0,149872,0,0,0,ok
scanner+form,corpus,ICML03-081.pdf,1,5,42.8,17363960,1,1,0,ok
scanner+form,corpus,Indexed-DeviceRGB-JPXDecode-0-.0.0.255.0.-Font-F1_1_missing_char_255-1.pdf,1,1,56.5,17001984,1,1,0,ok
scanner+form,corpus,IndexedCS_negative_and_high.pdf,1,1,1.1,82152,0,0,0,ok
scanner+form,corpus,Judgement Document.pdf,1,5,20.9,11062656,1,1,1,ok
scanner+form,corpus,LKR824191.pdf,1,1,5.9,4165216,0,0,0,ok
scanner+form,corpus,Layer pdf - 322_High_Holborn_building_Brochure.pdf,1,3,48.3,38365624,1,0,0,ok
scanner+form,corpus,MOZILLA-10084-0.pdf,1,1,6.5,3213552,0,0,0,ok
scanner+form,corpus,MOZILLA-10225-0.pdf,1,5,37.1,23483600,1,1,1,ok
scanner+form,corpus,MOZILLA-10372-2.pdf,1,5,19.4,13112424,0,0,0,ok
scanner+form,corpus,MOZILLA-2775-1.pdf,1,5,31.4,17724648,1,0,0,ok
scanner+form,corpus,MOZILLA-3136-0.pdf,1,4,457.3,219845760,5,2,1,ok
scanner+form,corpus,MOZILLA-7375-0.pdf,1,5,36.0,16139536,1,1,1,ok
scanner+form,corpus,MOZILLA-9176-2.pdf,1,5,11.2,9941592,1,1,1,ok
scanner+form,corpus,MOZILLA-LINK-3264-0.pdf,1,5,3.0,3434336,0,0,0,ok
scanner+form,corpus,MOZILLA-LINK-5251-1.pdf,1,2,3.8,2346776,0,0,0,ok
scanner+form,corpus,Math119FakingData.pdf,1,5,14.5,9258728,0,0,0,ok
scanner+form,corpus,Motor Insurance claim form.pdf,1,3,128.9,69866040,2,1,1,ok
scanner+form,corpus,Multiple Page - from Mortality Statistics.pdf,1,5,39.8,15811352,1,0,0,ok
scanner+form,corpus,OPEN.RABBIT.ENGLISH.LOP.pdf,1,5,53.7,28298088,1,1,1,ok
scanner+form,corpus,Old Gutnish Internet Explorer.pdf,1,3,31.8,14916256,1,0,0,ok
scanner+form,corpus,P2P-33713919.pdf,1,5,38.0,23181568,1,1,1,ok
scanner+form,corpus,PDFBOX-1869-4-1.pdf,1,1,1.9,411232,0,0,0,ok
scanner+form,corpus,PDFBOX-492-4.jar-8.pdf,1,2,50.9,16927576,1,0,0,ok
scanner+form,corpus,PDFBOX-624-2.pdf,1,5,19.5,11333928,0,0,0,ok
scanner+form,corpus,Pig Production Handbook.pdf,1,5,15.9,11474736,0,0,0,ok
scanner+form,corpus,Pig Reproduction Powerpoint.pdf,1,5,7.5,9154880,0,0,0,ok
scanner+form,corpus,Publication_of_award_of_Bids_for_Transport_Sector__August_2016.pdf,1,5,12.0,8529200,0,0,0,ok
scanner+form,corpus,Rotated Text Libre Office.pdf,1,1,1.0,271832,0,0,0,ok
scanner+form,corpus,Rotation 45.pdf,1,4,51.8,17698000,1,1,1,ok
scanner+form,corpus,SPARC - v9 Architecture Manual.pdf,1,5,182.2,74096352,2,1,1,ok
scanner+form,corpus,SPE8EF26T0545.pdf,1,5,15.9,11437272,0,0,0,ok
scanner+form,corpus,ShowTextOpWithUnbalancedRoundBrackets.pdf,1,1,8.8,4630624,0,0,0,ok
scanner+form,corpus,Single Page Broken Offsets - from google drive.pdf,1,1,2.4,611872,0,0,0,ok
scanner+form,corpus,Single Page Form Content - from itext 1_1.pdf,1,1,1.7,786608,0,0,0,ok
scanner+form,corpus,Single Page Hyperlinks - from open office.pdf,1,1,1.1,405992,0,0,0,ok
scanner+form,corpus,Single Page Images - from libre office.pdf,1,1,0.9,384496,0,0,0,ok
scanner+form,corpus,Single Page Non Latin - from acrobat distiller.pdf,1,1,1.3,416480,0,0,0,ok
scanner+form,corpus,Single Page Simple - from google drive.pdf,1,1,1.5,604816,0,0,0,ok
scanner+form,corpus,Single Page Simple - from inkscape.pdf,1,1,0.6,167272,0,0,0,ok
scanner+form,corpus,Single Page Simple - from open office.pdf,1,1,0.8,292960,0,0,0,ok
scanner+form,corpus,Single Page Type 1 Font.pdf,1,1,0.4,85928,0,0,0,ok
scanner+form,corpus,SinglePage180ClockwiseRotation - from PdfPig.pdf,1,1,0.7,248056,0,0,0,ok
scanner+form,corpus,SinglePage270ClockwiseRotation - from PdfPig.pdf,1,1,0.7,247984,0,0,0,ok
scanner+form,corpus,SinglePage90ClockwiseRotation - from PdfPig.pdf,1,1,0.6,247984,0,0,0,ok
scanner+form,corpus,SmallCropbox.pdf,1,1,2.4,1684032,0,0,0,ok
scanner+form,corpus,TIKA-1552-0.pdf,1,5,48.8,23506136,1,1,1,ok
scanner+form,corpus,TIKA-2054-0.pdf,1,5,34.7,20810184,1,0,0,ok
scanner+form,corpus,TIKA-469-0.pdf,1,2,7.4,4687880,0,0,0,ok
scanner+form,corpus,Test.Doc.pdf,1,1,3.0,1738664,0,0,0,ok
scanner+form,corpus,TrueTypeTablesGlyphDataTableReadGlyphsError.pdf,1,1,9.5,4530472,0,0,0,ok
scanner+form,corpus,Two Page Text Only - from libre office.pdf,1,2,2.7,1735016,0,0,0,ok
scanner+form,corpus,Type0 Font.pdf,1,1,11.8,10340584,0,0,0,ok
scanner+form,corpus,Type0_CJK_Font.pdf,1,5,113.4,4866792,1,1,1,ok
scanner+form,corpus,Type3Test.pdf,1,1,0.7,157192,0,0,0,ok
scanner+form,corpus,Various Content Types.pdf,1,1,1.0,271872,0,0,0,ok
scanner+form,corpus,Why.does.this.not.work.pdf,1,1,2.2,1054360,0,0,0,ok
scanner+form,corpus,_citUR2jB1_ay56u6vELzk.pdf,1,2,2.6,2370144,0,0,0,ok
scanner+form,corpus,annotation-comments.pdf,1,1,1.0,296088,0,0,0,ok
scanner+form,corpus,bold-italic.pdf,1,1,3.4,1898496,0,0,0,ok
scanner+form,corpus,bookmarks-with-accented-characters.pdf,1,1,0.6,331280,0,0,0,ok
scanner+form,corpus,byz.pdf,1,1,4.4,2336712,0,0,0,ok
scanner+form,corpus,capas.pdf,1,5,9.6,8262632,0,0,0,ok
scanner+form,corpus,cat-genetics.pdf,1,1,10.8,6762936,1,0,0,ok
scanner+form,corpus,cat-genetics_bobld.pdf,1,1,8.5,7031656,0,0,0,ok
scanner+form,corpus,cmap-parsing-exception.pdf,1,1,24.8,13483448,0,0,0,ok
scanner+form,corpus,cropped-and-rotated.pdf,1,1,1.7,775072,0,0,0,ok
scanner+form,corpus,data.pdf,1,3,11.9,4098192,1,0,0,ok
scanner+form,corpus,dotnet-ai.pdf,1,5,30.7,32312560,1,1,1,ok
scanner+form,corpus,felltypes-test.pdf,1,1,12.3,4980736,0,0,0,ok
scanner+form,corpus,hex_0x0006.pdf,1,1,1.4,659648,0,0,0,ok
scanner+form,corpus,inherited_mediabox.pdf,1,1,0.6,54912,0,0,0,ok
scanner+form,corpus,iron-ore-q2-q3-2013.pdf,1,5,66.2,37759696,2,2,2,ok
scanner+form,corpus,issue_1163.pdf,1,2,0.7,315760,0,0,0,ok
scanner+form,corpus,issue_1330.pdf,1,1,0.3,57040,0,0,0,ok
scanner+form,corpus,issue_1331.pdf,1,1,2.3,1593136,0,0,0,ok
scanner+form,corpus,issue_671.pdf,1,2,25.6,18274816,0,0,0,ok
scanner+form,corpus,issue_881.pdf,1,1,2.0,778096,0,0,0,ok
scanner+form,corpus,issues-1176-1.pdf,1,1,3.3,2167336,0,0,0,ok
scanner+form,corpus,issues-1176.pdf,1,1,3.8,7145400,0,0,0,ok
scanner+form,corpus,journal.pone.0196757.pdf,1,5,73.7,35677472,2,1,1,ok
scanner+form,corpus,jtehm-melillo-2679746.pdf,1,5,77.4,52742736,0,0,0,ok
scanner+form,corpus,little-pig-in-armenian.pdf,1,1,1.3,318080,0,0,0,ok
scanner+form,corpus,odwriteex.pdf,1,1,1.5,715480,0,0,0,ok
scanner+form,corpus,outline.pdf,1,3,2.7,1121432,0,0,0,ok
scanner+form,corpus,output_w3c_csswg_drafts_issues2023.pdf,1,1,1.0,235744,0,0,0,ok
scanner+form,corpus,path_ext_oddeven.pdf,1,1,2.3,1155504,0,0,0,ok
scanner+form,corpus,pop-bugzilla37292.pdf,1,4,13.3,7958672,0,0,0,ok
scanner+form,corpus,reference-2-numeric-error.pdf,1,1,18.5,7150632,0,0,0,ok
scanner+form,corpus,soundandvision.pdf,1,1,4.0,2022672,0,0,0,ok
scanner+form,corpus,ssm2163.pdf,1,5,46.5,10917752,1,1,1,ok
scanner+form,corpus,steam_in_page_dict.pdf,1,1,0.9,300472,0,0,0,ok
scanner+form,corpus,test-2_so_74165171.pdf,1,1,104.9,42245440,1,1,1,ok
scanner+form,corpus,testPdf-1.pdf,1,2,8.1,6056024,0,0,0,ok
scanner+form,corpus,test_a-5.pdf,1,5,118.8,70130680,2,1,0,ok
scanner+form,corpus,test_a.pdf,1,5,119.0,69147320,2,1,0,ok
scanner+form,corpus,toc.pdf,1,5,7.6,7517424,0,0,0,ok
scanner+form,corpus,type3-font-zero-height.pdf,1,1,17.2,8054464,0,0,0,ok
scanner+form,corpus,0000851.pdf,2,5,306.2,118391824,4,2,1,ok
scanner+form,corpus,11194059_2017-11_de_s.pdf,2,2,28.5,27600960,0,0,0,ok
scanner+form,corpus,2006_Swedish_Touring_Car_Championship.pdf,2,4,8.5,7847448,0,0,0,ok
scanner+form,corpus,2108.11480.pdf,2,5,100.8,75441176,1,0,0,ok
scanner+form,corpus,22060_A1_01_Plans-1.pdf,2,1,26.0,9377440,1,1,1,ok
scanner+form,corpus,6.Secrets.to.Startup.Success.PDFDrive.pdf,2,5,33.4,24741064,1,0,0,ok
scanner+form,corpus,68-1990-01_A.pdf,2,5,67.5,44782400,2,1,1,ok
scanner+form,corpus,AcroFormsBasicFields.pdf,2,1,0.9,594272,0,0,0,ok
scanner+form,corpus,Approved_Document_B__fire_safety__volume_2_-_Buildings_other_than_dwellings__2019_edition_incorporating_2020_and_2022_amendments.pdf,2,5,59.5,52110272,3,3,2,ok
scanner+form,corpus,Arve.nr.1615.17.04.2026.pdf,2,1,2.1,1270800,0,0,0,ok
scanner+form,corpus,ClipPathLetterFilter-Test1.pdf,2,5,12.9,12254944,0,0,0,ok
scanner+form,corpus,ClipPathLetterFilter-Test2.pdf,2,1,8.0,8697888,0,0,0,ok
scanner+form,corpus,ColorIssue.pdf,2,1,44.4,33591464,1,1,1,ok
scanner+form,corpus,DeviceN_CS_test.pdf,2,5,25.0,21540200,1,0,0,ok
scanner+form,corpus,Diacritics_export.pdf,2,1,2.5,2350760,0,0,0,ok
scanner+form,corpus,EmptyPdf.pdf,2,1,0.3,37712,0,0,0,ok
scanner+form,corpus,ErcotFacts.pdf,2,2,27.4,13368048,1,1,1,ok
scanner+form,corpus,FICTIF_TABLE_INDEX.pdf,2,5,20.6,14874304,1,0,0,ok
scanner+form,corpus,FarmerMac.pdf,2,5,14.4,13703848,0,0,0,ok
scanner+form,corpus,Font Size Test - from google chrome print pdf.pdf,2,1,1.2,480120,0,0,0,ok
scanner+form,corpus,Font Size Test - from libre office.pdf,2,1,0.7,188328,0,0,0,ok
scanner+form,corpus,FontMatrix-1.pdf,2,1,0.5,216408,0,0,0,ok
scanner+form,corpus,FontMatrix-concat.pdf,2,1,0.2,134320,0,0,0,ok
scanner+form,corpus,FontMatrix-otf-bad-hmtx.pdf,2,1,1.4,746648,0,0,0,ok
scanner+form,corpus,FontMatrix-otf.pdf,2,1,1.5,742712,0,0,0,ok
scanner+form,corpus,FontMatrix-raw.pdf,2,1,1.4,683312,0,0,0,ok
scanner+form,corpus,GHOSTSCRIPT-692564-0.pdf,2,1,1.0,547400,0,0,0,ok
scanner+form,corpus,GHOSTSCRIPT-695513-0.pdf,2,1,2.7,3521032,0,0,0,ok
scanner+form,corpus,GHOSTSCRIPT-696171-0.pdf,2,5,10.9,11336200,0,0,0,ok
scanner+form,corpus,GHOSTSCRIPT-696547-0.zip-7.pdf,2,1,4.4,7355096,0,0,0,ok
scanner+form,corpus,GHOSTSCRIPT-696547-0.zip-9.pdf,2,1,4.7,7354704,0,0,0,ok
scanner+form,corpus,GHOSTSCRIPT-697234-0.pdf,2,3,37.5,22678008,2,1,0,ok
scanner+form,corpus,GHOSTSCRIPT-697507-0.pdf,2,1,9.9,7906672,0,0,0,ok
scanner+form,corpus,GHOSTSCRIPT-697984-3.pdf,2,1,3.5,1619952,0,0,0,ok
scanner+form,corpus,GHOSTSCRIPT-698168-0.pdf,2,1,2.4,2816360,0,0,0,ok
scanner+form,corpus,GHOSTSCRIPT-698363-0.pdf,2,1,5.3,466576,0,0,0,ok
scanner+form,corpus,GHOSTSCRIPT-698721-0.zip-6.pdf,2,2,19.8,7450968,1,1,1,ok
scanner+form,corpus,GHOSTSCRIPT-698721-1.pdf,2,1,2.0,2037592,0,0,0,ok
scanner+form,corpus,GHOSTSCRIPT-699035-0.pdf,2,5,47.6,38479968,1,1,0,ok
scanner+form,corpus,GHOSTSCRIPT-699178-0.pdf,2,3,17.7,8420288,1,1,0,ok
scanner+form,corpus,GHOSTSCRIPT-699375-5.pdf,2,1,4.1,3069392,0,0,0,ok
scanner+form,corpus,GHOSTSCRIPT-699488-0.pdf,2,1,8.5,8120848,0,0,0,ok
scanner+form,corpus,GHOSTSCRIPT-699554-0.zip-4.pdf,2,1,1.6,1650272,0,0,0,ok
scanner+form,corpus,GHOSTSCRIPT-700125-1.pdf,2,5,17.5,16342112,1,0,0,ok
scanner+form,corpus,GHOSTSCRIPT-700139-0.pdf,2,2,162.3,116212624,4,2,2,ok
scanner+form,corpus,GHOSTSCRIPT-700236-1.pdf,2,5,12.4,13423352,0,0,0,ok
scanner+form,corpus,GHOSTSCRIPT-700288-1.pdf,2,1,4.7,4618240,0,0,0,ok
scanner+form,corpus,GHOSTSCRIPT-700370-2.pdf,2,1,1.9,1596760,0,0,0,ok
scanner+form,corpus,GHOSTSCRIPT-700931-0.7z-5.pdf,2,2,1.4,1222352,0,0,0,ok
scanner+form,corpus,GHOSTSCRIPT-702013-1.pdf,2,1,5.0,3792848,0,0,0,ok
scanner+form,corpus,Gamebook.pdf,2,5,16.9,9354160,0,0,0,ok
scanner+form,corpus,GlyphDataTableReadCompositeGlyphError.pdf,2,1,5.0,2886800,0,0,0,ok
scanner+form,corpus,Grapheme clusters emoji.pdf,2,1,0.6,149704,0,0,0,ok
scanner+form,corpus,ICML03-081.pdf,2,5,23.8,17293968,0,0,0,ok
scanner+form,corpus,Indexed-DeviceRGB-JPXDecode-0-.0.0.255.0.-Font-F1_1_missing_char_255-1.pdf,2,1,30.9,16979704,0,0,0,ok
scanner+form,corpus,IndexedCS_negative_and_high.pdf,2,1,0.5,81920,0,0,0,ok
scanner+form,corpus,Judgement Document.pdf,2,5,21.4,9128784,1,0,0,ok
scanner+form,corpus,LKR824191.pdf,2,1,3.8,4165048,0,0,0,ok
scanner+form,corpus,Layer pdf - 322_High_Holborn_building_Brochure.pdf,2,3,38.1,37851176,0,0,0,ok
scanner+form,corpus,MOZILLA-10084-0.pdf,2,1,34.4,3208264,1,1,0,ok
scanner+form,corpus,MOZILLA-10225-0.pdf,2,5,15.1,22997896,0,0,0,ok
scanner+form,corpus,MOZILLA-10372-2.pdf,2,5,25.7,13031024,1,1,1,ok
scanner+form,corpus,MOZILLA-2775-1.pdf,2,5,22.4,17728064,1,0,0,ok
scanner+form,corpus,MOZILLA-3136-0.pdf,2,4,325.8,217989704,6,3,2,ok
scanner+form,corpus,MOZILLA-7375-0.pdf,2,5,17.2,16131424,0,0,0,ok
scanner+form,corpus,MOZILLA-9176-2.pdf,2,5,3.3,9938560,0,0,0,ok
scanner+form,corpus,MOZILLA-LINK-3264-0.pdf,2,5,3.3,3313264,0,0,0,ok
scanner+form,corpus,MOZILLA-LINK-5251-1.pdf,2,2,2.9,2202384,0,0,0,ok
scanner+form,corpus,Math119FakingData.pdf,2,5,13.6,9252832,0,0,0,ok
scanner+form,corpus,Motor Insurance claim form.pdf,2,3,141.8,68834584,2,1,1,ok
scanner+form,corpus,Multiple Page - from Mortality Statistics.pdf,2,5,20.4,8267704,1,0,0,ok
scanner+form,corpus,OPEN.RABBIT.ENGLISH.LOP.pdf,2,5,38.6,28108152,1,1,1,ok
scanner+form,corpus,Old Gutnish Internet Explorer.pdf,2,3,21.3,14271400,1,0,0,ok
scanner+form,corpus,P2P-33713919.pdf,2,5,18.6,23006080,0,0,0,ok
scanner+form,corpus,PDFBOX-1869-4-1.pdf,2,1,1.0,410816,0,0,0,ok
scanner+form,corpus,PDFBOX-492-4.jar-8.pdf,2,2,22.5,16856176,0,0,0,ok
scanner+form,corpus,PDFBOX-624-2.pdf,2,5,26.2,11332232,1,0,0,ok
scanner+form,corpus,Pig Production Handbook.pdf,2,5,10.0,11474320,0,0,0,ok
scanner+form,corpus,Pig Reproduction Powerpoint.pdf,2,5,14.6,9286272,1,1,1,ok
scanner+form,corpus,Publication_of_award_of_Bids_for_Transport_Sector__August_2016.pdf,2,5,8.6,8357896,0,0,0,ok
scanner+form,corpus,Rotated Text Libre Office.pdf,2,1,0.7,238400,0,0,0,ok
scanner+form,corpus,Rotation 45.pdf,2,4,15.4,9899864,0,0,0,ok
scanner+form,corpus,SPARC - v9 Architecture Manual.pdf,2,5,104.7,74098520,3,2,2,ok
scanner+form,corpus,SPE8EF26T0545.pdf,2,5,11.3,11430528,0,0,0,ok
scanner+form,corpus,ShowTextOpWithUnbalancedRoundBrackets.pdf,2,1,10.2,4630240,1,0,0,ok
scanner+form,corpus,Single Page Broken Offsets - from google drive.pdf,2,1,1.9,590624,0,0,0,ok
scanner+form,corpus,Single Page Form Content - from itext 1_1.pdf,2,1,1.1,786440,0,0,0,ok
scanner+form,corpus,Single Page Hyperlinks - from open office.pdf,2,1,0.8,360968,0,0,0,ok
scanner+form,corpus,Single Page Images - from libre office.pdf,2,1,0.5,378640,0,0,0,ok
scanner+form,corpus,Single Page Non Latin - from acrobat distiller.pdf,2,1,0.9,396512,0,0,0,ok
scanner+form,corpus,Single Page Simple - from google drive.pdf,2,1,1.1,583432,0,0,0,ok
scanner+form,corpus,Single Page Simple - from inkscape.pdf,2,1,0.5,150184,0,0,0,ok
scanner+form,corpus,Single Page Simple - from open office.pdf,2,1,0.6,269584,0,0,0,ok
scanner+form,corpus,Single Page Type 1 Font.pdf,2,1,0.3,85904,0,0,0,ok
scanner+form,corpus,SinglePage180ClockwiseRotation - from PdfPig.pdf,2,1,0.5,201784,0,0,0,ok
scanner+form,corpus,SinglePage270ClockwiseRotation - from PdfPig.pdf,2,1,0.5,201784,0,0,0,ok
scanner+form,corpus,SinglePage90ClockwiseRotation - from PdfPig.pdf,2,1,0.4,201784,0,0,0,ok
scanner+form,corpus,SmallCropbox.pdf,2,1,2.0,1683864,0,0,0,ok
scanner+form,corpus,TIKA-1552-0.pdf,2,5,20.9,23480712,0,0,0,ok
scanner+form,corpus,TIKA-2054-0.pdf,2,5,32.6,20740776,1,1,0,ok
scanner+form,corpus,TIKA-469-0.pdf,2,2,4.8,4679312,0,0,0,ok
scanner+form,corpus,Test.Doc.pdf,2,1,2.1,1679744,0,0,0,ok
scanner+form,corpus,TrueTypeTablesGlyphDataTableReadGlyphsError.pdf,2,1,5.8,3649216,0,0,0,ok
scanner+form,corpus,Two Page Text Only - from libre office.pdf,2,2,3.1,1572176,1,0,0,ok
scanner+form,corpus,Type0 Font.pdf,2,1,10.2,9722360,0,0,0,ok
scanner+form,corpus,Type0_CJK_Font.pdf,2,5,12.0,3216968,0,0,0,ok
scanner+form,corpus,Type3Test.pdf,2,1,0.5,155296,0,0,0,ok
scanner+form,corpus,Various Content Types.pdf,2,1,0.7,257232,0,0,0,ok
scanner+form,corpus,Why.does.this.not.work.pdf,2,1,1.7,1035984,0,0,0,ok
scanner+form,corpus,_citUR2jB1_ay56u6vELzk.pdf,2,2,2.2,2256656,0,0,0,ok
scanner+form,corpus,annotation-comments.pdf,2,1,0.7,283416,0,0,0,ok
scanner+form,corpus,bold-italic.pdf,2,1,2.8,1617504,0,0,0,ok
scanner+form,corpus,bookmarks-with-accented-characters.pdf,2,1,0.5,331256,0,0,0,ok
scanner+form,corpus,byz.pdf,2,1,2.8,2271056,0,0,0,ok
scanner+form,corpus,capas.pdf,2,5,8.6,8008880,1,1,0,ok
scanner+form,corpus,cat-genetics.pdf,2,1,6.3,6762184,0,0,0,ok
scanner+form,corpus,cat-genetics_bobld.pdf,2,1,6.4,7030992,0,0,0,ok
scanner+form,corpus,cmap-parsing-exception.pdf,2,1,21.3,13117104,1,0,0,ok
scanner+form,corpus,cropped-and-rotated.pdf,2,1,1.5,744440,0,0,0,ok
scanner+form,corpus,data.pdf,2,3,4.5,4097976,0,0,0,ok
scanner+form,corpus,dotnet-ai.pdf,2,5,31.8,31622448,1,1,1,ok
scanner+form,corpus,felltypes-test.pdf,2,1,9.8,4979776,0,0,0,ok
scanner+form,corpus,hex_0x0006.pdf,2,1,1.0,658904,0,0,0,ok
scanner+form,corpus,inherited_mediabox.pdf,2,1,0.3,54816,0,0,0,ok
scanner+form,corpus,iron-ore-q2-q3-2013.pdf,2,5,41.6,36858472,2,2,2,ok
scanner+form,corpus,issue_1163.pdf,2,2,0.4,183648,0,0,0,ok
scanner+form,corpus,issue_1330.pdf,2,1,0.2,57016,0,0,0,ok
scanner+form,corpus,issue_1331.pdf,2,1,1.8,1416712,0,0,0,ok
scanner+form,corpus,issue_671.pdf,2,2,20.7,17844184,0,0,0,ok
scanner+form,corpus,issue_881.pdf,2,1,1.4,617520,0,0,0,ok
scanner+form,corpus,issues-1176-1.pdf,2,1,2.5,2166288,0,0,0,ok
scanner+form,corpus,issues-1176.pdf,2,1,15.3,7344488,2,1,1,ok
scanner+form,corpus,journal.pone.0196757.pdf,2,5,39.0,35452864,1,0,0,ok
scanner+form,corpus,jtehm-melillo-2679746.pdf,2,5,81.7,52878096,2,1,1,ok
scanner+form,corpus,little-pig-in-armenian.pdf,2,1,0.9,307416,0,0,0,ok
scanner+form,corpus,odwriteex.pdf,2,1,1.0,780944,0,0,0,ok
scanner+form,corpus,outline.pdf,2,3,1.9,1088096,0,0,0,ok
scanner+form,corpus,output_w3c_csswg_drafts_issues2023.pdf,2,1,0.6,235512,0,0,0,ok
scanner+form,corpus,path_ext_oddeven.pdf,2,1,1.7,1040040,0,0,0,ok
scanner+form,corpus,pop-bugzilla37292.pdf,2,4,7.4,7596720,0,0,0,ok
scanner+form,corpus,reference-2-numeric-error.pdf,2,1,9.8,7148160,0,0,0,ok
scanner+form,corpus,soundandvision.pdf,2,1,2.7,1856832,0,0,0,ok
scanner+form,corpus,ssm2163.pdf,2,5,10.1,10264856,0,0,0,ok
scanner+form,corpus,steam_in_page_dict.pdf,2,1,0.4,103512,0,0,0,ok
scanner+form,corpus,test-2_so_74165171.pdf,2,1,79.1,42241216,2,2,2,ok
scanner+form,corpus,testPdf-1.pdf,2,2,6.9,5833464,0,0,0,ok
scanner+form,corpus,test_a-5.pdf,2,5,83.2,69774976,1,0,0,ok
scanner+form,corpus,test_a.pdf,2,5,134.0,68794696,4,2,1,ok
scanner+form,corpus,toc.pdf,2,5,5.7,7517384,0,0,0,ok
scanner+form,corpus,type3-font-zero-height.pdf,2,1,11.8,8049072,0,0,0,ok
scanner+form,corpus,0000851.pdf,3,5,218.4,118486016,3,1,1,ok
scanner+form,corpus,11194059_2017-11_de_s.pdf,3,2,25.9,27417208,0,0,0,ok
scanner+form,corpus,2006_Swedish_Touring_Car_Championship.pdf,3,4,9.6,7631304,0,0,0,ok
scanner+form,corpus,2108.11480.pdf,3,5,90.0,74972416,2,1,1,ok
scanner+form,corpus,22060_A1_01_Plans-1.pdf,3,1,5.5,9374736,0,0,0,ok
scanner+form,corpus,6.Secrets.to.Startup.Success.PDFDrive.pdf,3,5,34.8,24675056,1,1,0,ok
scanner+form,corpus,68-1990-01_A.pdf,3,5,83.0,44532512,2,1,1,ok
scanner+form,corpus,AcroFormsBasicFields.pdf,3,1,1.5,594272,0,0,0,ok
scanner+form,corpus,Approved_Document_B__fire_safety__volume_2_-_Buildings_other_than_dwellings__2019_edition_incorporating_2020_and_2022_amendments.pdf,3,5,60.8,52241648,3,3,2,ok
scanner+form,corpus,Arve.nr.1615.17.04.2026.pdf,3,1,2.2,1193568,0,0,0,ok
scanner+form,corpus,ClipPathLetterFilter-Test1.pdf,3,5,11.9,12124384,0,0,0,ok
scanner+form,corpus,ClipPathLetterFilter-Test2.pdf,3,1,8.2,8697888,0,0,0,ok
scanner+form,corpus,ColorIssue.pdf,3,1,48.9,33585760,2,1,1,ok
scanner+form,corpus,DeviceN_CS_test.pdf,3,5,14.5,21540736,0,0,0,ok
scanner+form,corpus,Diacritics_export.pdf,3,1,2.1,2354672,0,0,0,ok
scanner+form,corpus,EmptyPdf.pdf,3,1,0.3,37712,0,0,0,ok
scanner+form,corpus,ErcotFacts.pdf,3,2,19.6,13361136,1,0,0,ok
scanner+form,corpus,FICTIF_TABLE_INDEX.pdf,3,5,14.6,14808744,0,0,0,ok
scanner+form,corpus,FarmerMac.pdf,3,5,14.2,13703640,0,0,0,ok
scanner+form,corpus,Font Size Test - from google chrome print pdf.pdf,3,1,1.3,480120,0,0,0,ok
scanner+form,corpus,Font Size Test - from libre office.pdf,3,1,0.5,188328,0,0,0,ok
scanner+form,corpus,FontMatrix-1.pdf,3,1,0.5,216408,0,0,0,ok
scanner+form,corpus,FontMatrix-concat.pdf,3,1,0.4,134320,0,0,0,ok
scanner+form,corpus,FontMatrix-otf-bad-hmtx.pdf,3,1,1.4,746648,0,0,0,ok
scanner+form,corpus,FontMatrix-otf.pdf,3,1,1.4,742712,0,0,0,ok
scanner+form,corpus,FontMatrix-raw.pdf,3,1,1.6,683312,0,0,0,ok
scanner+form,corpus,GHOSTSCRIPT-692564-0.pdf,3,1,0.9,547400,0,0,0,ok
scanner+form,corpus,GHOSTSCRIPT-695513-0.pdf,3,1,14.3,3654864,1,1,1,ok
scanner+form,corpus,GHOSTSCRIPT-696171-0.pdf,3,5,11.0,11406144,0,0,0,ok
scanner+form,corpus,GHOSTSCRIPT-696547-0.zip-7.pdf,3,1,5.1,7355096,0,0,0,ok
scanner+form,corpus,GHOSTSCRIPT-696547-0.zip-9.pdf,3,1,5.5,7354704,1,0,0,ok
scanner+form,corpus,GHOSTSCRIPT-697234-0.pdf,3,3,29.2,22678216,1,0,0,ok
scanner+form,corpus,GHOSTSCRIPT-697507-0.pdf,3,1,9.3,7906672,0,0,0,ok
scanner+form,corpus,GHOSTSCRIPT-697984-3.pdf,3,1,3.1,1619952,0,0,0,ok
scanner+form,corpus,GHOSTSCRIPT-698168-0.pdf,3,1,2.4,2816360,0,0,0,ok
scanner+form,corpus,GHOSTSCRIPT-698363-0.pdf,3,1,1.7,466168,0,0,0,ok
scanner+form,corpus,GHOSTSCRIPT-698721-0.zip-6.pdf,3,2,6.7,7317912,0,0,0,ok
scanner+form,corpus,GHOSTSCRIPT-698721-1.pdf,3,1,1.6,2032432,0,0,0,ok
scanner+form,corpus,GHOSTSCRIPT-699035-0.pdf,3,5,52.5,38421176,1,1,1,ok
scanner+form,corpus,GHOSTSCRIPT-699178-0.pdf,3,3,7.8,8420432,0,0,0,ok
scanner+form,corpus,GHOSTSCRIPT-699375-5.pdf,3,1,10.2,3069184,1,0,0,ok
scanner+form,corpus,GHOSTSCRIPT-699488-0.pdf,3,1,7.8,8121056,0,0,0,ok
scanner+form,corpus,GHOSTSCRIPT-699554-0.zip-4.pdf,3,1,1.9,1650272,0,0,0,ok
scanner+form,corpus,GHOSTSCRIPT-700125-1.pdf,3,5,12.8,16342112,0,0,0,ok
scanner+form,corpus,GHOSTSCRIPT-700139-0.pdf,3,2,147.2,116209832,4,2,1,ok
scanner+form,corpus,GHOSTSCRIPT-700236-1.pdf,3,5,12.1,13423352,0,0,0,ok
scanner+form,corpus,GHOSTSCRIPT-700288-1.pdf,3,1,4.7,4618240,0,0,0,ok
scanner+form,corpus,GHOSTSCRIPT-700370-2.pdf,3,1,1.6,1596760,0,0,0,ok
scanner+form,corpus,GHOSTSCRIPT-700931-0.7z-5.pdf,3,2,1.4,1222352,0,0,0,ok
scanner+form,corpus,GHOSTSCRIPT-702013-1.pdf,3,1,3.3,3792848,0,0,0,ok
scanner+form,corpus,Gamebook.pdf,3,5,9.0,9354160,0,0,0,ok
scanner+form,corpus,GlyphDataTableReadCompositeGlyphError.pdf,3,1,4.0,2886800,0,0,0,ok
scanner+form,corpus,Grapheme clusters emoji.pdf,3,1,0.4,149704,0,0,0,ok
scanner+form,corpus,ICML03-081.pdf,3,5,20.3,17293968,1,0,0,ok
scanner+form,corpus,Indexed-DeviceRGB-JPXDecode-0-.0.0.255.0.-Font-F1_1_missing_char_255-1.pdf,3,1,22.7,16979912,0,0,0,ok
scanner+form,corpus,IndexedCS_negative_and_high.pdf,3,1,0.5,81920,0,0,0,ok
scanner+form,corpus,Judgement Document.pdf,3,5,6.3,9128784,0,0,0,ok
scanner+form,corpus,LKR824191.pdf,3,1,3.2,4164840,0,0,0,ok
scanner+form,corpus,Layer pdf - 322_High_Holborn_building_Brochure.pdf,3,3,56.1,37984920,2,1,1,ok
scanner+form,corpus,MOZILLA-10084-0.pdf,3,1,3.2,3212648,0,0,0,ok
scanner+form,corpus,MOZILLA-10225-0.pdf,3,5,13.4,22997776,0,0,0,ok
scanner+form,corpus,MOZILLA-10372-2.pdf,3,5,19.1,13162120,1,1,1,ok
scanner+form,corpus,MOZILLA-2775-1.pdf,3,5,16.4,17728064,1,0,0,ok
scanner+form,corpus,MOZILLA-3136-0.pdf,3,4,250.8,217858608,6,3,2,ok
scanner+form,corpus,MOZILLA-7375-0.pdf,3,5,13.5,16131424,0,0,0,ok
scanner+form,corpus,MOZILLA-9176-2.pdf,3,5,2.5,9938560,0,0,0,ok
scanner+form,corpus,MOZILLA-LINK-3264-0.pdf,3,5,2.0,3313264,0,0,0,ok
scanner+form,corpus,MOZILLA-LINK-5251-1.pdf,3,2,2.9,2202384,0,0,0,ok
scanner+form,corpus,Math119FakingData.pdf,3,5,9.9,9252832,0,0,0,ok
scanner+form,corpus,Motor Insurance claim form.pdf,3,3,106.6,68834584,2,2,1,ok
scanner+form,corpus,Multiple Page - from Mortality Statistics.pdf,3,5,16.9,8267704,1,0,0,ok
scanner+form,corpus,OPEN.RABBIT.ENGLISH.LOP.pdf,3,5,21.6,27777688,0,0,0,ok
scanner+form,corpus,Old Gutnish Internet Explorer.pdf,3,3,13.5,14271136,0,0,0,ok
scanner+form,corpus,P2P-33713919.pdf,3,5,30.4,23008520,1,1,1,ok
scanner+form,corpus,PDFBOX-1869-4-1.pdf,3,1,0.9,411080,0,0,0,ok
scanner+form,corpus,PDFBOX-492-4.jar-8.pdf,3,2,27.1,16925944,1,0,0,ok
scanner+form,corpus,PDFBOX-624-2.pdf,3,5,11.1,11332440,0,0,0,ok
scanner+form,corpus,Pig Production Handbook.pdf,3,5,11.5,11474112,0,0,0,ok
scanner+form,corpus,Pig Reproduction Powerpoint.pdf,3,5,5.6,9152384,0,0,0,ok
scanner+form,corpus,Publication_of_award_of_Bids_for_Transport_Sector__August_2016.pdf,3,5,9.2,8292128,0,0,0,ok
scanner+form,corpus,Rotated Text Libre Office.pdf,3,1,0.7,238400,0,0,0,ok
scanner+form,corpus,Rotation 45.pdf,3,4,25.8,9900384,1,0,0,ok
scanner+form,corpus,SPARC - v9 Architecture Manual.pdf,3,5,86.1,74096232,2,1,1,ok
scanner+form,corpus,SPE8EF26T0545.pdf,3,5,43.3,11430528,1,0,0,ok
scanner+form,corpus,ShowTextOpWithUnbalancedRoundBrackets.pdf,3,1,7.8,4630448,0,0,0,ok
scanner+form,corpus,Single Page Broken Offsets - from google drive.pdf,3,1,3.7,590416,0,0,0,ok
scanner+form,corpus,Single Page Form Content - from itext 1_1.pdf,3,1,1.4,786440,0,0,0,ok
scanner+form,corpus,Single Page Hyperlinks - from open office.pdf,3,1,0.9,360968,0,0,0,ok
scanner+form,corpus,Single Page Images - from libre office.pdf,3,1,1.5,378640,0,0,0,ok
scanner+form,corpus,Single Page Non Latin - from acrobat distiller.pdf,3,1,1.4,396512,0,0,0,ok
scanner+form,corpus,Single Page Simple - from google drive.pdf,3,1,1.4,583432,0,0,0,ok
scanner+form,corpus,Single Page Simple - from inkscape.pdf,3,1,0.6,150184,0,0,0,ok
scanner+form,corpus,Single Page Simple - from open office.pdf,3,1,0.8,269584,0,0,0,ok
scanner+form,corpus,Single Page Type 1 Font.pdf,3,1,0.4,85904,0,0,0,ok
scanner+form,corpus,SinglePage180ClockwiseRotation - from PdfPig.pdf,3,1,0.5,201784,0,0,0,ok
scanner+form,corpus,SinglePage270ClockwiseRotation - from PdfPig.pdf,3,1,0.5,201784,0,0,0,ok
scanner+form,corpus,SinglePage90ClockwiseRotation - from PdfPig.pdf,3,1,0.6,201784,0,0,0,ok
scanner+form,corpus,SmallCropbox.pdf,3,1,2.9,1683864,0,0,0,ok
scanner+form,corpus,TIKA-1552-0.pdf,3,5,27.3,23480712,0,0,0,ok
scanner+form,corpus,TIKA-2054-0.pdf,3,5,45.7,20944200,1,1,1,ok
scanner+form,corpus,TIKA-469-0.pdf,3,2,6.7,4679456,0,0,0,ok
scanner+form,corpus,Test.Doc.pdf,3,1,6.1,1679744,1,0,0,ok
scanner+form,corpus,TrueTypeTablesGlyphDataTableReadGlyphsError.pdf,3,1,8.1,3649424,0,0,0,ok
scanner+form,corpus,Two Page Text Only - from libre office.pdf,3,2,2.4,1572176,0,0,0,ok
scanner+form,corpus,Type0 Font.pdf,3,1,13.8,9722152,0,0,0,ok
scanner+form,corpus,Type0_CJK_Font.pdf,3,5,17.8,3216968,0,0,0,ok
scanner+form,corpus,Type3Test.pdf,3,1,0.7,155448,0,0,0,ok
scanner+form,corpus,Various Content Types.pdf,3,1,0.7,257232,0,0,0,ok
scanner+form,corpus,Why.does.this.not.work.pdf,3,1,2.5,1035984,0,0,0,ok
scanner+form,corpus,_citUR2jB1_ay56u6vELzk.pdf,3,2,4.1,2257704,0,0,0,ok
scanner+form,corpus,annotation-comments.pdf,3,1,1.7,283416,0,0,0,ok
scanner+form,corpus,bold-italic.pdf,3,1,4.3,1617504,0,0,0,ok
scanner+form,corpus,bookmarks-with-accented-characters.pdf,3,1,0.9,331256,0,0,0,ok
scanner+form,corpus,byz.pdf,3,1,7.0,2271056,1,0,0,ok
scanner+form,corpus,capas.pdf,3,5,16.2,8009088,0,0,0,ok
scanner+form,corpus,cat-genetics.pdf,3,1,13.7,6761976,0,0,0,ok
scanner+form,corpus,cat-genetics_bobld.pdf,3,1,18.1,7030992,1,0,0,ok
scanner+form,corpus,cmap-parsing-exception.pdf,3,1,29.4,13117312,0,0,0,ok
scanner+form,corpus,cropped-and-rotated.pdf,3,1,2.2,744232,0,0,0,ok
scanner+form,corpus,data.pdf,3,3,6.7,4097976,0,0,0,ok
scanner+form,corpus,dotnet-ai.pdf,3,5,45.1,31622448,1,1,1,ok
scanner+form,corpus,felltypes-test.pdf,3,1,12.9,4979776,0,0,0,ok
scanner+form,corpus,hex_0x0006.pdf,3,1,1.6,658904,0,0,0,ok
scanner+form,corpus,inherited_mediabox.pdf,3,1,0.5,54816,0,0,0,ok
scanner+form,corpus,iron-ore-q2-q3-2013.pdf,3,5,48.4,37193312,2,1,1,ok
scanner+form,corpus,issue_1163.pdf,3,2,0.7,183648,0,0,0,ok
scanner+form,corpus,issue_1330.pdf,3,1,0.4,57016,0,0,0,ok
scanner+form,corpus,issue_1331.pdf,3,1,3.3,1416624,0,0,0,ok
scanner+form,corpus,issue_671.pdf,3,2,33.2,17840064,0,0,0,ok
scanner+form,corpus,issue_881.pdf,3,1,1.7,617520,0,0,0,ok
scanner+form,corpus,issues-1176-1.pdf,3,1,11.0,2166808,1,0,0,ok
scanner+form,corpus,issues-1176.pdf,3,1,4.8,7145248,0,0,0,ok
scanner+form,corpus,journal.pone.0196757.pdf,3,5,56.8,35703808,1,1,1,ok
scanner+form,corpus,jtehm-melillo-2679746.pdf,3,5,79.8,52740400,2,1,0,ok
scanner+form,corpus,little-pig-in-armenian.pdf,3,1,1.4,307416,0,0,0,ok
scanner+form,corpus,odwriteex.pdf,3,1,1.4,715384,0,0,0,ok
scanner+form,corpus,outline.pdf,3,3,2.7,1088096,0,0,0,ok
scanner+form,corpus,output_w3c_csswg_drafts_issues2023.pdf,3,1,1.0,235512,0,0,0,ok
scanner+form,corpus,path_ext_oddeven.pdf,3,1,2.3,1040040,0,0,0,ok
scanner+form,corpus,pop-bugzilla37292.pdf,3,4,10.0,7592600,0,0,0,ok
scanner+form,corpus,reference-2-numeric-error.pdf,3,1,12.2,7148160,0,0,0,ok
scanner+form,corpus,soundandvision.pdf,3,1,3.4,1856832,0,0,0,ok
scanner+form,corpus,ssm2163.pdf,3,5,17.0,10260736,0,0,0,ok
scanner+form,corpus,steam_in_page_dict.pdf,3,1,0.7,103512,0,0,0,ok
scanner+form,corpus,test-2_so_74165171.pdf,3,1,99.1,42181840,1,1,1,ok
scanner+form,corpus,testPdf-1.pdf,3,2,8.7,5833464,0,0,0,ok
scanner+form,corpus,test_a-5.pdf,3,5,218.8,69777344,4,2,1,ok
scanner+form,corpus,test_a.pdf,3,5,148.3,69775240,2,1,0,ok
scanner+form,corpus,toc.pdf,3,5,8.3,7517328,0,0,0,ok
scanner+form,corpus,type3-font-zero-height.pdf,3,1,40.2,8051720,1,1,1,ok
full,corpus,0000851.pdf,1,5,1498.2,165939968,5,2,2,ok
full,corpus,11194059_2017-11_de_s.pdf,1,2,202.3,27685320,1,1,0,ok
full,corpus,2006_Swedish_Touring_Car_Championship.pdf,1,4,43.7,7846528,0,0,0,ok
full,corpus,2108.11480.pdf,1,5,257.9,75883592,3,2,2,ok
full,corpus,22060_A1_01_Plans-1.pdf,1,1,26.5,9379000,1,1,1,ok
full,corpus,6.Secrets.to.Startup.Success.PDFDrive.pdf,1,5,94.1,24739264,1,0,0,ok
full,corpus,68-1990-01_A.pdf,1,5,242.4,65070440,4,2,2,ok
full,corpus,AcroFormsBasicFields.pdf,1,1,1.8,596040,0,0,0,ok
full,corpus,Approved_Document_B__fire_safety__volume_2_-_Buildings_other_than_dwellings__2019_edition_incorporating_2020_and_2022_amendments.pdf,1,5,109.8,52109488,2,1,1,ok
full,corpus,Arve.nr.1615.17.04.2026.pdf,1,1,4.1,1270728,0,0,0,ok
full,corpus,ClipPathLetterFilter-Test1.pdf,1,5,104.9,41542952,2,2,2,ok
full,corpus,ClipPathLetterFilter-Test2.pdf,1,1,31.9,8981104,1,1,1,ok
full,corpus,ColorIssue.pdf,1,1,96.7,34040368,2,2,2,ok
full,corpus,DeviceN_CS_test.pdf,1,5,50.3,22074760,0,0,0,ok
full,corpus,Diacritics_export.pdf,1,1,11.1,2353376,1,0,0,ok
full,corpus,EmptyPdf.pdf,1,1,0.4,38568,0,0,0,ok
full,corpus,ErcotFacts.pdf,1,2,49.8,13765496,0,0,0,ok
full,corpus,FICTIF_TABLE_INDEX.pdf,1,5,44.7,15508928,0,0,0,ok
full,corpus,FarmerMac.pdf,1,5,51.4,14093672,0,0,0,ok
full,corpus,Font Size Test - from google chrome print pdf.pdf,1,1,2.0,505128,0,0,0,ok
full,corpus,Font Size Test - from libre office.pdf,1,1,1.2,201904,0,0,0,ok
full,corpus,FontMatrix-1.pdf,1,1,0.8,216624,0,0,0,ok
full,corpus,FontMatrix-concat.pdf,1,1,0.3,134464,0,0,0,ok
full,corpus,FontMatrix-otf-bad-hmtx.pdf,1,1,4.7,750136,0,0,0,ok
full,corpus,FontMatrix-otf.pdf,1,1,2.4,742256,0,0,0,ok
full,corpus,FontMatrix-raw.pdf,1,1,2.4,682928,0,0,0,ok
full,corpus,GHOSTSCRIPT-692564-0.pdf,1,1,4.5,547760,0,0,0,ok
full,corpus,GHOSTSCRIPT-695513-0.pdf,1,1,17.7,3521576,1,1,0,ok
full,corpus,GHOSTSCRIPT-696171-0.pdf,1,5,41.6,11333144,0,0,0,ok
full,corpus,GHOSTSCRIPT-696547-0.zip-7.pdf,1,1,29.4,7493192,1,1,1,ok
full,corpus,GHOSTSCRIPT-696547-0.zip-9.pdf,1,1,19.6,7355368,0,0,0,ok
full,corpus,GHOSTSCRIPT-697234-0.pdf,1,3,114.5,22679104,1,0,0,ok
full,corpus,GHOSTSCRIPT-697507-0.pdf,1,1,25.5,7972360,0,0,0,ok
full,corpus,GHOSTSCRIPT-697984-3.pdf,1,1,6.7,1697752,0,0,0,ok
full,corpus,GHOSTSCRIPT-698168-0.pdf,1,1,7.1,2816408,0,0,0,ok
full,corpus,GHOSTSCRIPT-698363-0.pdf,1,1,12.4,477088,0,0,0,ok
full,corpus,GHOSTSCRIPT-698721-0.zip-6.pdf,1,2,20.5,7316016,0,0,0,ok
full,corpus,GHOSTSCRIPT-698721-1.pdf,1,1,4.4,2031688,0,0,0,ok
full,corpus,GHOSTSCRIPT-699035-0.pdf,1,5,193.4,38419696,1,1,1,ok
full,corpus,GHOSTSCRIPT-699178-0.pdf,1,3,24.1,8590280,0,0,0,ok
full,corpus,GHOSTSCRIPT-699375-5.pdf,1,1,14.1,3265344,1,0,0,ok
full,corpus,GHOSTSCRIPT-699488-0.pdf,1,1,22.0,8121184,0,0,0,ok
full,corpus,GHOSTSCRIPT-699554-0.zip-4.pdf,1,1,3.9,1649912,0,0,0,ok
full,corpus,GHOSTSCRIPT-700125-1.pdf,1,5,46.7,16241368,0,0,0,ok
full,corpus,GHOSTSCRIPT-700139-0.pdf,1,2,411.7,118049104,4,2,2,ok
full,corpus,GHOSTSCRIPT-700236-1.pdf,1,5,29.7,13418960,0,0,0,ok
full,corpus,GHOSTSCRIPT-700288-1.pdf,1,1,13.3,4627024,0,0,0,ok
full,corpus,GHOSTSCRIPT-700370-2.pdf,1,1,4.8,1734272,0,0,0,ok
full,corpus,GHOSTSCRIPT-700931-0.7z-5.pdf,1,2,3.2,1221352,0,0,0,ok
full,corpus,GHOSTSCRIPT-702013-1.pdf,1,1,9.0,3792936,0,0,0,ok
full,corpus,Gamebook.pdf,1,5,133.0,150810808,8,8,8,ok
full,corpus,GlyphDataTableReadCompositeGlyphError.pdf,1,1,19.4,3792824,0,0,0,ok
full,corpus,Grapheme clusters emoji.pdf,1,1,0.8,149632,0,0,0,ok
full,corpus,ICML03-081.pdf,1,5,41.9,17359544,1,1,0,ok
full,corpus,Indexed-DeviceRGB-JPXDecode-0-.0.0.255.0.-Font-F1_1_missing_char_255-1.pdf,1,1,43.6,17000312,1,1,0,ok
full,corpus,IndexedCS_negative_and_high.pdf,1,1,1.0,82080,0,0,0,ok
full,corpus,Judgement Document.pdf,1,5,27.0,11059936,1,1,1,ok
full,corpus,LKR824191.pdf,1,1,7.9,4165168,0,0,0,ok
full,corpus,Layer pdf - 322_High_Holborn_building_Brochure.pdf,1,3,49.8,38361680,1,0,0,ok
full,corpus,MOZILLA-10084-0.pdf,1,1,5.9,3212848,0,0,0,ok
full,corpus,MOZILLA-10225-0.pdf,1,5,29.9,23479336,1,1,1,ok
full,corpus,MOZILLA-10372-2.pdf,1,5,21.4,13110832,0,0,0,ok
full,corpus,MOZILLA-2775-1.pdf,1,5,32.0,17720472,1,0,0,ok
full,corpus,MOZILLA-3136-0.pdf,1,4,545.6,219865560,5,2,1,ok
full,corpus,MOZILLA-7375-0.pdf,1,5,42.7,16135864,1,1,1,ok
full,corpus,MOZILLA-9176-2.pdf,1,5,12.1,9939808,1,1,1,ok
full,corpus,MOZILLA-LINK-3264-0.pdf,1,5,4.8,3413040,0,0,0,ok
full,corpus,MOZILLA-LINK-5251-1.pdf,1,2,6.4,2345736,0,0,0,ok
full,corpus,Math119FakingData.pdf,1,5,22.5,9254712,0,0,0,ok
full,corpus,Motor Insurance claim form.pdf,1,3,248.1,69861984,3,1,1,ok
full,corpus,Multiple Page - from Mortality Statistics.pdf,1,5,34.5,15806728,0,0,0,ok
full,corpus,OPEN.RABBIT.ENGLISH.LOP.pdf,1,5,71.0,28427000,2,1,1,ok
full,corpus,Old Gutnish Internet Explorer.pdf,1,3,26.6,14914528,0,0,0,ok
full,corpus,P2P-33713919.pdf,1,5,62.8,23173344,2,1,1,ok
full,corpus,PDFBOX-1869-4-1.pdf,1,1,2.4,410776,0,0,0,ok
full,corpus,PDFBOX-492-4.jar-8.pdf,1,2,40.1,16924528,0,0,0,ok
full,corpus,PDFBOX-624-2.pdf,1,5,19.1,11327864,0,0,0,ok
full,corpus,Pig Production Handbook.pdf,1,5,16.7,11470096,0,0,0,ok
full,corpus,Pig Reproduction Powerpoint.pdf,1,5,24.4,9286456,1,1,1,ok
full,corpus,Publication_of_award_of_Bids_for_Transport_Sector__August_2016.pdf,1,5,14.7,8591128,0,0,0,ok
full,corpus,Rotated Text Libre Office.pdf,1,1,0.9,271192,0,0,0,ok
full,corpus,Rotation 45.pdf,1,4,40.2,17559288,1,0,0,ok
full,corpus,SPARC - v9 Architecture Manual.pdf,1,5,242.9,74095072,3,2,2,ok
full,corpus,SPE8EF26T0545.pdf,1,5,24.2,11460544,1,0,0,ok
full,corpus,ShowTextOpWithUnbalancedRoundBrackets.pdf,1,1,10.9,4630344,0,0,0,ok
full,corpus,Single Page Broken Offsets - from google drive.pdf,1,1,2.9,611632,0,0,0,ok
full,corpus,Single Page Form Content - from itext 1_1.pdf,1,1,2.0,786656,0,0,0,ok
full,corpus,Single Page Hyperlinks - from open office.pdf,1,1,1.2,405352,0,0,0,ok
full,corpus,Single Page Images - from libre office.pdf,1,1,0.9,383472,0,0,0,ok
full,corpus,Single Page Non Latin - from acrobat distiller.pdf,1,1,1.6,416240,0,0,0,ok
full,corpus,Single Page Simple - from google drive.pdf,1,1,2.9,604576,0,0,0,ok
full,corpus,Single Page Simple - from inkscape.pdf,1,1,1.1,167032,0,0,0,ok
full,corpus,Single Page Simple - from open office.pdf,1,1,1.4,293504,0,0,0,ok
full,corpus,Single Page Type 1 Font.pdf,1,1,0.7,85880,0,0,0,ok
full,corpus,SinglePage180ClockwiseRotation - from PdfPig.pdf,1,1,1.2,248008,0,0,0,ok
full,corpus,SinglePage270ClockwiseRotation - from PdfPig.pdf,1,1,1.1,247936,0,0,0,ok
full,corpus,SinglePage90ClockwiseRotation - from PdfPig.pdf,1,1,0.9,247936,0,0,0,ok
full,corpus,SmallCropbox.pdf,1,1,2.6,1683544,0,0,0,ok
full,corpus,TIKA-1552-0.pdf,1,5,39.0,23495688,0,0,0,ok
full,corpus,TIKA-2054-0.pdf,1,5,63.4,20715432,2,1,0,ok
full,corpus,TIKA-469-0.pdf,1,2,9.4,4686080,0,0,0,ok
full,corpus,Test.Doc.pdf,1,1,3.8,1738368,0,0,0,ok
full,corpus,TrueTypeTablesGlyphDataTableReadGlyphsError.pdf,1,1,13.1,4531552,0,0,0,ok
full,corpus,Two Page Text Only - from libre office.pdf,1,2,2.8,1732600,0,0,0,ok
full,corpus,Type0 Font.pdf,1,1,16.8,10339760,0,0,0,ok
full,corpus,Type0_CJK_Font.pdf,1,5,104.5,4859576,0,0,0,ok
full,corpus,Type3Test.pdf,1,1,0.9,156640,0,0,0,ok
full,corpus,Various Content Types.pdf,1,1,1.7,270848,0,0,0,ok
full,corpus,Why.does.this.not.work.pdf,1,1,2.6,1050192,0,0,0,ok
full,corpus,_citUR2jB1_ay56u6vELzk.pdf,1,2,5.2,2366640,0,0,0,ok
full,corpus,annotation-comments.pdf,1,1,1.6,296040,0,0,0,ok
full,corpus,bold-italic.pdf,1,1,6.4,1898008,0,0,0,ok
full,corpus,bookmarks-with-accented-characters.pdf,1,1,1.2,331424,0,0,0,ok
full,corpus,byz.pdf,1,1,6.9,2270664,0,0,0,ok
full,corpus,capas.pdf,1,5,9.7,8259768,0,0,0,ok
full,corpus,cat-genetics.pdf,1,1,29.4,6829616,1,1,1,ok
full,corpus,cat-genetics_bobld.pdf,1,1,16.6,7030096,1,0,0,ok
full,corpus,cmap-parsing-exception.pdf,1,1,31.0,13483264,0,0,0,ok
full,corpus,cropped-and-rotated.pdf,1,1,2.7,774832,0,0,0,ok
full,corpus,data.pdf,1,3,9.3,4097304,0,0,0,ok
full,corpus,dotnet-ai.pdf,1,5,42.1,32306256,1,1,1,ok
full,corpus,felltypes-test.pdf,1,1,26.6,4980440,1,0,0,ok
full,corpus,hex_0x0006.pdf,1,1,2.0,659176,0,0,0,ok
full,corpus,inherited_mediabox.pdf,1,1,0.6,54864,0,0,0,ok
full,corpus,iron-ore-q2-q3-2013.pdf,1,5,54.6,36550760,0,0,0,ok
full,corpus,issue_1163.pdf,1,2,2.8,182888,1,0,0,ok
full,corpus,issue_1330.pdf,1,1,0.5,57392,0,0,0,ok
full,corpus,issue_1331.pdf,1,1,2.7,1527536,0,0,0,ok
full,corpus,issue_671.pdf,1,2,48.6,18270656,1,1,1,ok
full,corpus,issue_881.pdf,1,1,2.0,909304,0,0,0,ok
full,corpus,issues-1176-1.pdf,1,1,3.9,2171216,0,0,0,ok
full,corpus,issues-1176.pdf,1,1,11.5,7210720,1,0,0,ok
full,corpus,journal.pone.0196757.pdf,1,5,99.0,35444544,1,0,0,ok
full,corpus,jtehm-melillo-2679746.pdf,1,5,176.7,52875920,2,1,1,ok
full,corpus,little-pig-in-armenian.pdf,1,1,1.4,317624,0,0,0,ok
full,corpus,odwriteex.pdf,1,1,2.0,780776,0,0,0,ok
full,corpus,outline.pdf,1,3,4.0,1120320,0,0,0,ok
full,corpus,output_w3c_csswg_drafts_issues2023.pdf,1,1,1.8,235168,0,0,0,ok
full,corpus,path_ext_oddeven.pdf,1,1,4.5,1155240,0,0,0,ok
full,corpus,pop-bugzilla37292.pdf,1,4,18.2,7959624,0,0,0,ok
full,corpus,reference-2-numeric-error.pdf,1,1,33.6,7149592,0,0,0,ok
full,corpus,soundandvision.pdf,1,1,4.0,2021968,0,0,0,ok
full,corpus,ssm2163.pdf,1,5,23.5,10909320,0,0,0,ok
full,corpus,steam_in_page_dict.pdf,1,1,5.4,103344,0,0,0,ok
full,corpus,test-2_so_74165171.pdf,1,1,211.7,42241480,4,2,2,ok
full,corpus,testPdf-1.pdf,1,2,10.1,6055432,0,0,0,ok
full,corpus,test_a-5.pdf,1,5,150.7,69772664,2,0,0,ok
full,corpus,test_a.pdf,1,5,154.7,68792064,2,1,1,ok
full,corpus,toc.pdf,1,5,11.6,7515600,0,0,0,ok
full,corpus,type3-font-zero-height.pdf,1,1,22.9,8054944,0,0,0,ok
full,corpus,0000851.pdf,2,5,414.5,118479944,4,2,1,ok
full,corpus,11194059_2017-11_de_s.pdf,2,2,49.9,27529872,1,0,0,ok
full,corpus,2006_Swedish_Touring_Car_Championship.pdf,2,4,13.4,7844968,0,0,0,ok
full,corpus,2108.11480.pdf,2,5,158.5,75437680,1,0,0,ok
full,corpus,22060_A1_01_Plans-1.pdf,2,1,35.1,9376112,1,1,1,ok
full,corpus,6.Secrets.to.Startup.Success.PDFDrive.pdf,2,5,43.1,24735584,1,0,0,ok
full,corpus,68-1990-01_A.pdf,2,5,131.2,44571080,1,0,0,ok
full,corpus,AcroFormsBasicFields.pdf,2,1,2.1,594168,0,0,0,ok
full,corpus,Approved_Document_B__fire_safety__volume_2_-_Buildings_other_than_dwellings__2019_edition_incorporating_2020_and_2022_amendments.pdf,2,5,98.5,51976248,4,3,2,ok
full,corpus,Arve.nr.1615.17.04.2026.pdf,2,1,3.0,1270368,0,0,0,ok
full,corpus,ClipPathLetterFilter-Test1.pdf,2,5,17.8,12251496,0,0,0,ok
full,corpus,ClipPathLetterFilter-Test2.pdf,2,1,11.6,8697840,0,0,0,ok
full,corpus,ColorIssue.pdf,2,1,63.1,34051296,2,2,2,ok
full,corpus,DeviceN_CS_test.pdf,2,5,33.4,21535952,1,1,0,ok
full,corpus,Diacritics_export.pdf,2,1,3.1,2354640,0,0,0,ok
full,corpus,EmptyPdf.pdf,2,1,0.5,37856,0,0,0,ok
full,corpus,ErcotFacts.pdf,2,2,21.6,13357808,1,0,0,ok
full,corpus,FICTIF_TABLE_INDEX.pdf,2,5,21.8,14804688,0,0,0,ok
full,corpus,FarmerMac.pdf,2,5,25.7,13699904,1,0,0,ok
full,corpus,Font Size Test - from google chrome print pdf.pdf,2,1,1.4,480088,0,0,0,ok
full,corpus,Font Size Test - from libre office.pdf,2,1,0.7,187688,0,0,0,ok
full,corpus,FontMatrix-1.pdf,2,1,0.5,216552,0,0,0,ok
full,corpus,FontMatrix-concat.pdf,2,1,0.3,134464,0,0,0,ok
full,corpus,FontMatrix-otf-bad-hmtx.pdf,2,1,2.9,746192,0,0,0,ok
full,corpus,FontMatrix-otf.pdf,2,1,2.3,742256,0,0,0,ok
full,corpus,FontMatrix-raw.pdf,2,1,2.0,682856,0,0,0,ok
full,corpus,GHOSTSCRIPT-692564-0.pdf,2,1,1.5,547160,0,0,0,ok
full,corpus,GHOSTSCRIPT-695513-0.pdf,2,1,3.0,3520352,0,0,0,ok
full,corpus,GHOSTSCRIPT-696171-0.pdf,2,5,16.6,11331928,0,0,0,ok
full,corpus,GHOSTSCRIPT-696547-0.zip-7.pdf,2,1,25.4,7492696,1,1,1,ok
full,corpus,GHOSTSCRIPT-696547-0.zip-9.pdf,2,1,6.7,7355224,0,0,0,ok
full,corpus,GHOSTSCRIPT-697234-0.pdf,2,3,44.6,22673488,1,0,0,ok
full,corpus,GHOSTSCRIPT-697507-0.pdf,2,1,15.3,7969480,0,0,0,ok
full,corpus,GHOSTSCRIPT-697984-3.pdf,2,1,5.1,1619464,0,0,0,ok
full,corpus,GHOSTSCRIPT-698168-0.pdf,2,1,4.0,2816120,0,0,0,ok
full,corpus,GHOSTSCRIPT-698363-0.pdf,2,1,2.5,466528,0,0,0,ok
full,corpus,GHOSTSCRIPT-698721-0.zip-6.pdf,2,2,10.6,7315232,0,0,0,ok
full,corpus,GHOSTSCRIPT-698721-1.pdf,2,1,2.3,2031688,0,0,0,ok
full,corpus,GHOSTSCRIPT-699035-0.pdf,2,5,72.2,38411168,2,2,0,ok
full,corpus,GHOSTSCRIPT-699178-0.pdf,2,3,13.8,8417640,1,0,0,ok
full,corpus,GHOSTSCRIPT-699375-5.pdf,2,1,5.2,3067936,0,0,0,ok
full,corpus,GHOSTSCRIPT-699488-0.pdf,2,1,9.5,8119392,0,0,0,ok
full,corpus,GHOSTSCRIPT-699554-0.zip-4.pdf,2,1,2.0,1649840,0,0,0,ok
full,corpus,GHOSTSCRIPT-700125-1.pdf,2,5,22.3,16241120,0,0,0,ok
full,corpus,GHOSTSCRIPT-700139-0.pdf,2,2,193.4,116371224,4,2,2,ok
full,corpus,GHOSTSCRIPT-700236-1.pdf,2,5,18.5,13418096,0,0,0,ok
full,corpus,GHOSTSCRIPT-700288-1.pdf,2,1,8.6,4617784,0,0,0,ok
full,corpus,GHOSTSCRIPT-700370-2.pdf,2,1,3.2,1596056,0,0,0,ok
full,corpus,GHOSTSCRIPT-700931-0.7z-5.pdf,2,2,2.4,1221232,0,0,0,ok
full,corpus,GHOSTSCRIPT-702013-1.pdf,2,1,6.4,3792264,0,0,0,ok
full,corpus,Gamebook.pdf,2,5,22.1,9352376,0,0,0,ok
full,corpus,GlyphDataTableReadCompositeGlyphError.pdf,2,1,6.2,2886344,0,0,0,ok
full,corpus,Grapheme clusters emoji.pdf,2,1,0.7,149464,0,0,0,ok
full,corpus,ICML03-081.pdf,2,5,27.4,17289552,0,0,0,ok
full,corpus,Indexed-DeviceRGB-JPXDecode-0-.0.0.255.0.-Font-F1_1_missing_char_255-1.pdf,2,1,35.5,16978032,0,0,0,ok
full,corpus,IndexedCS_negative_and_high.pdf,2,1,0.5,81848,0,0,0,ok
full,corpus,Judgement Document.pdf,2,5,11.0,9126064,0,0,0,ok
full,corpus,LKR824191.pdf,2,1,5.1,4164792,0,0,0,ok
full,corpus,Layer pdf - 322_High_Holborn_building_Brochure.pdf,2,3,66.7,37978328,2,1,0,ok
full,corpus,MOZILLA-10084-0.pdf,2,1,3.7,3207768,0,0,0,ok
full,corpus,MOZILLA-10225-0.pdf,2,5,14.0,22993424,0,0,0,ok
full,corpus,MOZILLA-10372-2.pdf,2,5,27.0,13029432,2,1,1,ok
full,corpus,MOZILLA-2775-1.pdf,2,5,15.2,17723888,0,0,0,ok
full,corpus,MOZILLA-3136-0.pdf,2,4,260.9,218009296,6,2,2,ok
full,corpus,MOZILLA-7375-0.pdf,2,5,29.8,16127752,1,1,0,ok
full,corpus,MOZILLA-9176-2.pdf,2,5,2.4,9936984,0,0,0,ok
full,corpus,MOZILLA-LINK-3264-0.pdf,2,5,1.7,3291968,0,0,0,ok
full,corpus,MOZILLA-LINK-5251-1.pdf,2,2,4.5,2201344,1,0,0,ok
full,corpus,Math119FakingData.pdf,2,5,6.9,9249024,0,0,0,ok
full,corpus,Motor Insurance claim form.pdf,2,3,95.0,68830528,2,1,1,ok
full,corpus,Multiple Page - from Mortality Statistics.pdf,2,5,6.5,8263080,0,0,0,ok
full,corpus,OPEN.RABBIT.ENGLISH.LOP.pdf,2,5,20.2,27775504,0,0,0,ok
full,corpus,Old Gutnish Internet Explorer.pdf,2,3,23.2,14468800,1,1,1,ok
full,corpus,P2P-33713919.pdf,2,5,17.8,22998120,2,1,0,ok
full,corpus,PDFBOX-1869-4-1.pdf,2,1,0.7,410568,0,0,0,ok
full,corpus,PDFBOX-492-4.jar-8.pdf,2,2,17.3,16853128,0,0,0,ok
full,corpus,PDFBOX-624-2.pdf,2,5,8.6,11326376,0,0,0,ok
full,corpus,Pig Production Handbook.pdf,2,5,8.1,11469472,0,0,0,ok
full,corpus,Pig Reproduction Powerpoint.pdf,2,5,16.4,9152328,1,1,1,ok
full,corpus,Publication_of_award_of_Bids_for_Transport_Sector__August_2016.pdf,2,5,6.8,8354592,0,0,0,ok
full,corpus,Rotated Text Libre Office.pdf,2,1,0.7,237760,0,0,0,ok
full,corpus,Rotation 45.pdf,2,4,14.6,9895560,1,0,0,ok
full,corpus,SPARC - v9 Architecture Manual.pdf,2,5,65.9,74092992,3,2,1,ok
full,corpus,SPE8EF26T0545.pdf,2,5,10.7,11453800,0,0,0,ok
full,corpus,ShowTextOpWithUnbalancedRoundBrackets.pdf,2,1,22.3,4629752,1,0,0,ok
full,corpus,Single Page Broken Offsets - from google drive.pdf,2,1,1.8,590384,0,0,0,ok
full,corpus,Single Page Form Content - from itext 1_1.pdf,2,1,1.0,786488,0,0,0,ok
full,corpus,Single Page Hyperlinks - from open office.pdf,2,1,0.7,360328,0,0,0,ok
full,corpus,Single Page Images - from libre office.pdf,2,1,0.5,377616,0,0,0,ok
full,corpus,Single Page Non Latin - from acrobat distiller.pdf,2,1,0.8,396272,0,0,0,ok
full,corpus,Single Page Simple - from google drive.pdf,2,1,1.0,583192,0,0,0,ok
full,corpus,Single Page Simple - from inkscape.pdf,2,1,0.4,149944,0,0,0,ok
full,corpus,Single Page Simple - from open office.pdf,2,1,0.5,270128,0,0,0,ok
full,corpus,Single Page Type 1 Font.pdf,2,1,0.3,85856,0,0,0,ok
full,corpus,SinglePage180ClockwiseRotation - from PdfPig.pdf,2,1,0.4,201736,0,0,0,ok
full,corpus,SinglePage270ClockwiseRotation - from PdfPig.pdf,2,1,0.4,201736,0,0,0,ok
full,corpus,SinglePage90ClockwiseRotation - from PdfPig.pdf,2,1,0.4,201736,0,0,0,ok
full,corpus,SmallCropbox.pdf,2,1,1.5,1683376,0,0,0,ok
full,corpus,TIKA-1552-0.pdf,2,5,18.8,23477120,0,0,0,ok
full,corpus,TIKA-2054-0.pdf,2,5,17.8,20711848,0,0,0,ok
full,corpus,TIKA-469-0.pdf,2,2,5.6,4677304,0,0,0,ok
full,corpus,Test.Doc.pdf,2,1,2.4,1679448,0,0,0,ok
full,corpus,TrueTypeTablesGlyphDataTableReadGlyphsError.pdf,2,1,21.2,3652408,1,1,1,ok
full,corpus,Two Page Text Only - from libre office.pdf,2,2,1.8,1570648,0,0,0,ok
full,corpus,Type0 Font.pdf,2,1,9.3,9786888,0,0,0,ok
full,corpus,Type0_CJK_Font.pdf,2,5,12.8,3212400,1,0,0,ok
full,corpus,Type3Test.pdf,2,1,0.5,155608,0,0,0,ok
full,corpus,Various Content Types.pdf,2,1,0.5,256208,0,0,0,ok
full,corpus,Why.does.this.not.work.pdf,2,1,1.4,1040056,0,0,0,ok
full,corpus,_citUR2jB1_ay56u6vELzk.pdf,2,2,1.9,2255248,0,0,0,ok
full,corpus,annotation-comments.pdf,2,1,0.6,283368,0,0,0,ok
full,corpus,bold-italic.pdf,2,1,2.3,1617016,0,0,0,ok
full,corpus,bookmarks-with-accented-characters.pdf,2,1,0.4,331400,0,0,0,ok
full,corpus,byz.pdf,2,1,2.3,2270568,0,0,0,ok
full,corpus,capas.pdf,2,5,5.8,8006016,0,0,0,ok
full,corpus,cat-genetics.pdf,2,1,5.1,6760360,0,0,0,ok
full,corpus,cat-genetics_bobld.pdf,2,1,5.7,7029376,0,0,0,ok
full,corpus,cmap-parsing-exception.pdf,2,1,17.3,13247808,0,0,0,ok
full,corpus,cropped-and-rotated.pdf,2,1,1.4,743992,0,0,0,ok
full,corpus,data.pdf,2,3,4.0,4096936,0,0,0,ok
full,corpus,dotnet-ai.pdf,2,5,28.0,31616352,1,1,1,ok
full,corpus,felltypes-test.pdf,2,1,8.8,4979480,1,0,0,ok
full,corpus,hex_0x0006.pdf,2,1,1.3,658432,0,0,0,ok
full,corpus,inherited_mediabox.pdf,2,1,0.2,54768,0,0,0,ok
full,corpus,iron-ore-q2-q3-2013.pdf,2,5,27.8,36730856,2,1,1,ok
full,corpus,issue_1163.pdf,2,2,0.5,183104,0,0,0,ok
full,corpus,issue_1330.pdf,2,1,0.2,57160,0,0,0,ok
full,corpus,issue_1331.pdf,2,1,1.6,1351112,0,0,0,ok
full,corpus,issue_671.pdf,2,2,26.7,17840024,1,1,1,ok
full,corpus,issue_881.pdf,2,1,1.1,617632,0,0,0,ok
full,corpus,issues-1176-1.pdf,2,1,5.9,2170688,1,0,0,ok
full,corpus,issues-1176.pdf,2,1,3.0,7210568,0,0,0,ok
full,corpus,journal.pone.0196757.pdf,2,5,23.6,35418968,0,0,0,ok
full,corpus,jtehm-melillo-2679746.pdf,2,5,62.5,52935192,2,1,1,ok
full,corpus,little-pig-in-armenian.pdf,2,1,0.7,306776,0,0,0,ok
full,corpus,odwriteex.pdf,2,1,0.9,780704,0,0,0,ok
full,corpus,outline.pdf,2,3,2.3,1087056,0,0,0,ok
full,corpus,output_w3c_csswg_drafts_issues2023.pdf,2,1,0.5,234960,0,0,0,ok
full,corpus,path_ext_oddeven.pdf,2,1,1.3,1039800,0,0,0,ok
full,corpus,pop-bugzilla37292.pdf,2,4,6.9,7593648,0,0,0,ok
full,corpus,reference-2-numeric-error.pdf,2,1,10.5,7147144,0,0,0,ok
full,corpus,soundandvision.pdf,2,1,2.6,1856152,0,0,0,ok
full,corpus,ssm2163.pdf,2,5,18.8,10255048,1,0,0,ok
full,corpus,steam_in_page_dict.pdf,2,1,0.4,103480,0,0,0,ok
full,corpus,test-2_so_74165171.pdf,2,1,62.7,42239208,2,1,1,ok
full,corpus,testPdf-1.pdf,2,2,5.5,5832920,0,0,0,ok
full,corpus,test_a-5.pdf,2,5,108.2,69774880,3,2,1,ok
full,corpus,test_a.pdf,2,5,77.1,68857568,3,1,1,ok
full,corpus,toc.pdf,2,5,5.3,7515600,0,0,0,ok
full,corpus,type3-font-zero-height.pdf,2,1,9.9,8049464,0,0,0,ok
full,corpus,0000851.pdf,3,5,205.2,118479944,5,3,1,ok
full,corpus,11194059_2017-11_de_s.pdf,3,2,20.0,27477216,0,0,0,ok
full,corpus,2006_Swedish_Touring_Car_Championship.pdf,3,4,8.1,7628616,0,0,0,ok
full,corpus,2108.11480.pdf,3,5,62.1,74834944,0,0,0,ok
full,corpus,22060_A1_01_Plans-1.pdf,3,1,26.6,9375904,1,1,1,ok
full,corpus,6.Secrets.to.Startup.Success.PDFDrive.pdf,3,5,20.6,24735584,1,0,0,ok
full,corpus,68-1990-01_A.pdf,3,5,51.3,44321192,1,0,0,ok
full,corpus,AcroFormsBasicFields.pdf,3,1,0.7,594168,0,0,0,ok
full,corpus,Approved_Document_B__fire_safety__volume_2_-_Buildings_other_than_dwellings__2019_edition_incorporating_2020_and_2022_amendments.pdf,3,5,45.9,52107344,4,3,2,ok
full,corpus,Arve.nr.1615.17.04.2026.pdf,3,1,1.5,1193136,0,0,0,ok
full,corpus,ClipPathLetterFilter-Test1.pdf,3,5,9.8,12120936,0,0,0,ok
full,corpus,ClipPathLetterFilter-Test2.pdf,3,1,6.6,8697840,0,0,0,ok
full,corpus,ColorIssue.pdf,3,1,40.5,34051296,2,2,2,ok
full,corpus,DeviceN_CS_test.pdf,3,5,18.3,21535952,1,1,0,ok
full,corpus,Diacritics_export.pdf,3,1,1.9,2354640,0,0,0,ok
full,corpus,EmptyPdf.pdf,3,1,0.2,37856,0,0,0,ok
full,corpus,ErcotFacts.pdf,3,2,14.9,13357808,1,0,0,ok
full,corpus,FICTIF_TABLE_INDEX.pdf,3,5,12.7,14804688,0,0,0,ok
full,corpus,FarmerMac.pdf,3,5,14.7,13699904,1,0,0,ok
full,corpus,Font Size Test - from google chrome print pdf.pdf,3,1,0.9,480088,0,0,0,ok
full,corpus,Font Size Test - from libre office.pdf,3,1,1.0,187688,0,0,0,ok
full,corpus,FontMatrix-1.pdf,3,1,0.4,216552,0,0,0,ok
full,corpus,FontMatrix-concat.pdf,3,1,0.2,134464,0,0,0,ok
full,corpus,FontMatrix-otf-bad-hmtx.pdf,3,1,1.3,746192,0,0,0,ok
full,corpus,FontMatrix-otf.pdf,3,1,1.3,742256,0,0,0,ok
full,corpus,FontMatrix-raw.pdf,3,1,1.2,682856,0,0,0,ok
full,corpus,GHOSTSCRIPT-692564-0.pdf,3,1,0.8,547160,0,0,0,ok
full,corpus,GHOSTSCRIPT-695513-0.pdf,3,1,2.1,3520352,0,0,0,ok
full,corpus,GHOSTSCRIPT-696171-0.pdf,3,5,10.1,11331928,0,0,0,ok
full,corpus,GHOSTSCRIPT-696547-0.zip-7.pdf,3,1,13.9,7492752,1,1,1,ok
full,corpus,GHOSTSCRIPT-696547-0.zip-9.pdf,3,1,4.3,7355168,0,0,0,ok
full,corpus,GHOSTSCRIPT-697234-0.pdf,3,3,26.3,22673488,1,0,0,ok
full,corpus,GHOSTSCRIPT-697507-0.pdf,3,1,8.9,7969480,0,0,0,ok
full,corpus,GHOSTSCRIPT-697984-3.pdf,3,1,2.2,1619464,0,0,0,ok
full,corpus,GHOSTSCRIPT-698168-0.pdf,3,1,2.1,2816120,0,0,0,ok
full,corpus,GHOSTSCRIPT-698363-0.pdf,3,1,1.6,466120,0,0,0,ok
full,corpus,GHOSTSCRIPT-698721-0.zip-6.pdf,3,2,6.3,7315232,0,0,0,ok
full,corpus,GHOSTSCRIPT-698721-1.pdf,3,1,1.4,2031688,0,0,0,ok
full,corpus,GHOSTSCRIPT-699035-0.pdf,3,5,43.6,38411168,2,0,0,ok
full,corpus,GHOSTSCRIPT-699178-0.pdf,3,3,6.8,8417640,0,0,0,ok
full,corpus,GHOSTSCRIPT-699375-5.pdf,3,1,3.4,3067728,0,0,0,ok
full,corpus,GHOSTSCRIPT-699488-0.pdf,3,1,20.0,8121352,1,1,1,ok
full,corpus,GHOSTSCRIPT-699554-0.zip-4.pdf,3,1,1.6,1655000,0,0,0,ok
full,corpus,GHOSTSCRIPT-700125-1.pdf,3,5,14.4,16241120,1,1,0,ok
full,corpus,GHOSTSCRIPT-700139-0.pdf,3,2,141.1,116364728,5,3,1,ok
full,corpus,GHOSTSCRIPT-700236-1.pdf,3,5,13.8,13418096,0,0,0,ok
full,corpus,GHOSTSCRIPT-700288-1.pdf,3,1,6.5,4617784,0,0,0,ok
full,corpus,GHOSTSCRIPT-700370-2.pdf,3,1,2.2,1596056,0,0,0,ok
full,corpus,GHOSTSCRIPT-700931-0.7z-5.pdf,3,2,1.7,1221232,0,0,0,ok
full,corpus,GHOSTSCRIPT-702013-1.pdf,3,1,4.6,3792264,0,0,0,ok
full,corpus,Gamebook.pdf,3,5,12.9,9352376,0,0,0,ok
full,corpus,GlyphDataTableReadCompositeGlyphError.pdf,3,1,4.5,2886344,0,0,0,ok
full,corpus,Grapheme clusters emoji.pdf,3,1,0.4,149464,0,0,0,ok
full,corpus,ICML03-081.pdf,3,5,22.3,17289552,0,0,0,ok
full,corpus,Indexed-DeviceRGB-JPXDecode-0-.0.0.255.0.-Font-F1_1_missing_char_255-1.pdf,3,1,28.7,16978032,0,0,0,ok
full,corpus,IndexedCS_negative_and_high.pdf,3,1,0.4,81848,0,0,0,ok
full,corpus,Judgement Document.pdf,3,5,8.9,9126064,0,0,0,ok
full,corpus,LKR824191.pdf,3,1,16.9,4164792,1,0,0,ok
full,corpus,Layer pdf - 322_High_Holborn_building_Brochure.pdf,3,3,29.0,37978536,0,0,0,ok
full,corpus,MOZILLA-10084-0.pdf,3,1,3.2,3207560,0,0,0,ok
full,corpus,MOZILLA-10225-0.pdf,3,5,24.8,23000336,1,1,1,ok
full,corpus,MOZILLA-10372-2.pdf,3,5,10.1,13026848,1,0,0,ok
full,corpus,MOZILLA-2775-1.pdf,3,5,22.9,17865656,1,1,1,ok
full,corpus,MOZILLA-3136-0.pdf,3,4,269.5,217683096,6,2,1,ok
full,corpus,MOZILLA-7375-0.pdf,3,5,36.8,16129432,1,1,1,ok
full,corpus,MOZILLA-9176-2.pdf,3,5,7.5,9939688,1,1,1,ok
full,corpus,MOZILLA-LINK-3264-0.pdf,3,5,2.1,3424104,0,0,0,ok
full,corpus,MOZILLA-LINK-5251-1.pdf,3,2,2.4,2266904,0,0,0,ok
full,corpus,Math119FakingData.pdf,3,5,11.4,9252936,1,1,0,ok
full,corpus,Motor Insurance claim form.pdf,3,3,105.6,69423392,4,3,2,ok
full,corpus,Multiple Page - from Mortality Statistics.pdf,3,5,7.0,8263080,0,0,0,ok
full,corpus,OPEN.RABBIT.ENGLISH.LOP.pdf,3,5,23.3,27775504,0,0,0,ok
full,corpus,Old Gutnish Internet Explorer.pdf,3,3,33.0,14337704,1,1,1,ok
full,corpus,P2P-33713919.pdf,3,5,19.3,22998120,1,0,0,ok
full,corpus,PDFBOX-1869-4-1.pdf,3,1,0.8,410568,0,0,0,ok
full,corpus,PDFBOX-492-4.jar-8.pdf,3,2,20.0,16853128,0,0,0,ok
full,corpus,PDFBOX-624-2.pdf,3,5,15.1,11326376,0,0,0,ok
full,corpus,Pig Production Handbook.pdf,3,5,22.1,11469472,1,0,0,ok
full,corpus,Pig Reproduction Powerpoint.pdf,3,5,4.3,9150424,0,0,0,ok
full,corpus,Publication_of_award_of_Bids_for_Transport_Sector__August_2016.pdf,3,5,16.0,8356496,1,1,1,ok
full,corpus,Rotated Text Libre Office.pdf,3,1,0.8,237968,0,0,0,ok
full,corpus,Rotation 45.pdf,3,4,14.5,9895560,1,0,0,ok
full,corpus,SPARC - v9 Architecture Manual.pdf,3,5,60.5,74092992,3,2,1,ok
full,corpus,SPE8EF26T0545.pdf,3,5,26.0,11453800,1,0,0,ok
full,corpus,ShowTextOpWithUnbalancedRoundBrackets.pdf,3,1,6.3,4629960,0,0,0,ok
full,corpus,Single Page Broken Offsets - from google drive.pdf,3,1,1.5,590176,0,0,0,ok
full,corpus,Single Page Form Content - from itext 1_1.pdf,3,1,0.9,786488,0,0,0,ok
full,corpus,Single Page Hyperlinks - from open office.pdf,3,1,0.6,360328,0,0,0,ok
full,corpus,Single Page Images - from libre office.pdf,3,1,0.5,377616,0,0,0,ok
full,corpus,Single Page Non Latin - from acrobat distiller.pdf,3,1,0.8,396272,0,0,0,ok
full,corpus,Single Page Simple - from google drive.pdf,3,1,1.0,583192,0,0,0,ok
full,corpus,Single Page Simple - from inkscape.pdf,3,1,0.4,149944,0,0,0,ok
full,corpus,Single Page Simple - from open office.pdf,3,1,0.5,270128,0,0,0,ok
full,corpus,Single Page Type 1 Font.pdf,3,1,0.3,85856,0,0,0,ok
full,corpus,SinglePage180ClockwiseRotation - from PdfPig.pdf,3,1,0.3,201736,0,0,0,ok
full,corpus,SinglePage270ClockwiseRotation - from PdfPig.pdf,3,1,0.3,201736,0,0,0,ok
full,corpus,SinglePage90ClockwiseRotation - from PdfPig.pdf,3,1,0.4,201736,0,0,0,ok
full,corpus,SmallCropbox.pdf,3,1,1.4,1683376,0,0,0,ok
full,corpus,TIKA-1552-0.pdf,3,5,31.9,23483976,2,1,1,ok
full,corpus,TIKA-2054-0.pdf,3,5,16.6,20777672,0,0,0,ok
full,corpus,TIKA-469-0.pdf,3,2,4.5,4677304,0,0,0,ok
full,corpus,Test.Doc.pdf,3,1,1.8,1679448,0,0,0,ok
full,corpus,TrueTypeTablesGlyphDataTableReadGlyphsError.pdf,3,1,4.9,3650296,0,0,0,ok
full,corpus,Two Page Text Only - from libre office.pdf,3,2,1.6,1569760,0,0,0,ok
full,corpus,Type0 Font.pdf,3,1,8.7,9721328,0,0,0,ok
full,corpus,Type0_CJK_Font.pdf,3,5,19.9,3215104,1,1,1,ok
full,corpus,Type3Test.pdf,3,1,0.4,155696,0,0,0,ok
full,corpus,Various Content Types.pdf,3,1,0.4,256208,0,0,0,ok
full,corpus,Why.does.this.not.work.pdf,3,1,1.3,1040056,0,0,0,ok
full,corpus,_citUR2jB1_ay56u6vELzk.pdf,3,2,1.7,2255248,0,0,0,ok
full,corpus,annotation-comments.pdf,3,1,0.5,283368,0,0,0,ok
full,corpus,bold-italic.pdf,3,1,2.1,1617016,0,0,0,ok
full,corpus,bookmarks-with-accented-characters.pdf,3,1,0.5,331400,0,0,0,ok
full,corpus,byz.pdf,3,1,3.0,2336128,1,0,0,ok
full,corpus,capas.pdf,3,5,5.4,8006224,0,0,0,ok
full,corpus,cat-genetics.pdf,3,1,4.8,6760360,0,0,0,ok
full,corpus,cat-genetics_bobld.pdf,3,1,5.3,7029376,0,0,0,ok
full,corpus,cmap-parsing-exception.pdf,3,1,16.7,13247808,1,0,0,ok
full,corpus,cropped-and-rotated.pdf,3,1,1.1,744200,0,0,0,ok
full,corpus,data.pdf,3,3,3.6,4096936,0,0,0,ok
full,corpus,dotnet-ai.pdf,3,5,24.4,31616352,1,1,1,ok
full,corpus,felltypes-test.pdf,3,1,8.5,4979480,1,0,0,ok
full,corpus,hex_0x0006.pdf,3,1,0.9,658432,0,0,0,ok
full,corpus,inherited_mediabox.pdf,3,1,0.3,54768,0,0,0,ok
full,corpus,iron-ore-q2-q3-2013.pdf,3,5,31.7,37187120,1,1,1,ok
full,corpus,issue_1163.pdf,3,2,0.5,183104,0,0,0,ok
full,corpus,issue_1330.pdf,3,1,0.3,57160,0,0,0,ok
full,corpus,issue_1331.pdf,3,1,1.6,1416672,0,0,0,ok
full,corpus,issue_671.pdf,3,2,24.1,17840024,2,2,1,ok
full,corpus,issue_881.pdf,3,1,1.0,617632,0,0,0,ok
full,corpus,issues-1176-1.pdf,3,1,2.0,2170688,0,0,0,ok
full,corpus,issues-1176.pdf,3,1,8.7,7210360,1,1,0,ok
full,corpus,journal.pone.0196757.pdf,3,5,32.0,35419176,2,1,0,ok
full,corpus,jtehm-melillo-2679746.pdf,3,5,72.4,52873584,3,2,1,ok
full,corpus,little-pig-in-armenian.pdf,3,1,0.8,306776,0,0,0,ok
full,corpus,odwriteex.pdf,3,1,0.8,780704,0,0,0,ok
full,corpus,outline.pdf,3,3,1.9,1087056,0,0,0,ok
full,corpus,output_w3c_csswg_drafts_issues2023.pdf,3,1,0.6,234960,0,0,0,ok
full,corpus,path_ext_oddeven.pdf,3,1,1.2,1039800,0,0,0,ok
full,corpus,pop-bugzilla37292.pdf,3,4,5.9,7593648,0,0,0,ok
full,corpus,reference-2-numeric-error.pdf,3,1,9.4,7147144,0,0,0,ok
full,corpus,soundandvision.pdf,3,1,2.4,1856152,0,0,0,ok
full,corpus,ssm2163.pdf,3,5,9.8,10259168,0,0,0,ok
full,corpus,steam_in_page_dict.pdf,3,1,0.3,103272,0,0,0,ok
full,corpus,test-2_so_74165171.pdf,3,1,67.7,42239208,2,1,1,ok
full,corpus,testPdf-1.pdf,3,2,16.4,5835416,1,1,1,ok
full,corpus,test_a-5.pdf,3,5,70.8,69775144,2,1,1,ok
full,corpus,test_a.pdf,3,5,90.5,69772496,3,2,0,ok
full,corpus,toc.pdf,3,5,5.7,7515544,0,0,0,ok
full,corpus,type3-font-zero-height.pdf,3,1,22.2,8052112,2,1,1,ok
full-v2,corpus,0000851.pdf,1,5,1142.1,165940096,6,2,2,ok
full-v2,corpus,11194059_2017-11_de_s.pdf,1,2,125.0,27823464,2,1,1,ok
full-v2,corpus,2006_Swedish_Touring_Car_Championship.pdf,1,4,29.8,7846952,0,0,0,ok
full-v2,corpus,2108.11480.pdf,1,5,195.4,75591536,2,1,0,ok
full-v2,corpus,22060_A1_01_Plans-1.pdf,1,1,25.3,9379280,1,1,1,ok
full-v2,corpus,6.Secrets.to.Startup.Success.PDFDrive.pdf,1,5,81.1,24739544,1,0,0,ok
full-v2,corpus,68-1990-01_A.pdf,1,5,220.8,64939624,3,2,2,ok
full-v2,corpus,AcroFormsBasicFields.pdf,1,1,1.9,596320,0,0,0,ok
full-v2,corpus,Approved_Document_B__fire_safety__volume_2_-_Buildings_other_than_dwellings__2019_edition_incorporating_2020_and_2022_amendments.pdf,1,5,112.2,52109768,2,1,1,ok
full-v2,corpus,Arve.nr.1615.17.04.2026.pdf,1,1,4.9,1271008,0,0,0,ok
full-v2,corpus,ClipPathLetterFilter-Test1.pdf,1,5,107.2,41568376,2,2,2,ok
full-v2,corpus,ClipPathLetterFilter-Test2.pdf,1,1,34.9,8981384,1,1,1,ok
full-v2,corpus,ColorIssue.pdf,1,1,107.5,34171592,2,2,2,ok
full-v2,corpus,DeviceN_CS_test.pdf,1,5,65.6,22208336,1,1,1,ok
full-v2,corpus,Diacritics_export.pdf,1,1,6.8,2358040,0,0,0,ok
full-v2,corpus,EmptyPdf.pdf,1,1,0.4,38640,0,0,0,ok
full-v2,corpus,ErcotFacts.pdf,1,2,54.5,13765776,0,0,0,ok
full-v2,corpus,FICTIF_TABLE_INDEX.pdf,1,5,49.7,15509208,1,0,0,ok
full-v2,corpus,FarmerMac.pdf,1,5,62.4,14094160,1,0,0,ok
full-v2,corpus,Font Size Test - from google chrome print pdf.pdf,1,1,2.0,505616,0,0,0,ok
full-v2,corpus,Font Size Test - from libre office.pdf,1,1,1.5,202184,0,0,0,ok
full-v2,corpus,FontMatrix-1.pdf,1,1,0.9,216904,0,0,0,ok
full-v2,corpus,FontMatrix-concat.pdf,1,1,0.3,134744,0,0,0,ok
full-v2,corpus,FontMatrix-otf-bad-hmtx.pdf,1,1,4.6,750416,0,0,0,ok
full-v2,corpus,FontMatrix-otf.pdf,1,1,2.3,742536,0,0,0,ok
full-v2,corpus,FontMatrix-raw.pdf,1,1,2.5,683208,0,0,0,ok
full-v2,corpus,GHOSTSCRIPT-692564-0.pdf,1,1,4.6,548040,0,0,0,ok
full-v2,corpus,GHOSTSCRIPT-695513-0.pdf,1,1,11.6,3521856,0,0,0,ok
full-v2,corpus,GHOSTSCRIPT-696171-0.pdf,1,5,44.3,11333216,0,0,0,ok
full-v2,corpus,GHOSTSCRIPT-696547-0.zip-7.pdf,1,1,33.0,7493472,1,1,1,ok
full-v2,corpus,GHOSTSCRIPT-696547-0.zip-9.pdf,1,1,22.2,7355648,0,0,0,ok
full-v2,corpus,GHOSTSCRIPT-697234-0.pdf,1,3,117.7,22679384,1,0,0,ok
full-v2,corpus,GHOSTSCRIPT-697507-0.pdf,1,1,28.4,7972640,0,0,0,ok
full-v2,corpus,GHOSTSCRIPT-697984-3.pdf,1,1,7.7,1698032,0,0,0,ok
full-v2,corpus,GHOSTSCRIPT-698168-0.pdf,1,1,8.3,2816688,0,0,0,ok
full-v2,corpus,GHOSTSCRIPT-698363-0.pdf,1,1,13.2,477368,0,0,0,ok
full-v2,corpus,GHOSTSCRIPT-698721-0.zip-6.pdf,1,2,22.3,7316296,0,0,0,ok
full-v2,corpus,GHOSTSCRIPT-698721-1.pdf,1,1,5.7,2031968,0,0,0,ok
full-v2,corpus,GHOSTSCRIPT-699035-0.pdf,1,5,203.9,38419976,1,1,1,ok
full-v2,corpus,GHOSTSCRIPT-699178-0.pdf,1,3,23.5,8590560,0,0,0,ok
full-v2,corpus,GHOSTSCRIPT-699375-5.pdf,1,1,14.8,3265624,1,0,0,ok
full-v2,corpus,GHOSTSCRIPT-699488-0.pdf,1,1,22.8,8121464,0,0,0,ok
full-v2,corpus,GHOSTSCRIPT-699554-0.zip-4.pdf,1,1,4.8,1650192,0,0,0,ok
full-v2,corpus,GHOSTSCRIPT-700125-1.pdf,1,5,50.0,16241648,0,0,0,ok
full-v2,corpus,GHOSTSCRIPT-700139-0.pdf,1,2,446.1,118049160,4,2,2,ok
full-v2,corpus,GHOSTSCRIPT-700236-1.pdf,1,5,32.2,13419120,0,0,0,ok
full-v2,corpus,GHOSTSCRIPT-700288-1.pdf,1,1,12.4,4618136,0,0,0,ok
full-v2,corpus,GHOSTSCRIPT-700370-2.pdf,1,1,3.7,1734528,0,0,0,ok
full-v2,corpus,GHOSTSCRIPT-700931-0.7z-5.pdf,1,2,3.7,1221584,0,0,0,ok
full-v2,corpus,GHOSTSCRIPT-702013-1.pdf,1,1,10.1,3793192,0,0,0,ok
full-v2,corpus,Gamebook.pdf,1,5,125.4,150810968,9,9,8,ok
full-v2,corpus,GlyphDataTableReadCompositeGlyphError.pdf,1,1,16.2,3793288,0,0,0,ok
full-v2,corpus,Grapheme clusters emoji.pdf,1,1,0.8,149888,0,0,0,ok
full-v2,corpus,ICML03-081.pdf,1,5,52.9,17359488,2,1,0,ok
full-v2,corpus,Indexed-DeviceRGB-JPXDecode-0-.0.0.255.0.-Font-F1_1_missing_char_255-1.pdf,1,1,51.5,17000568,0,0,0,ok
full-v2,corpus,IndexedCS_negative_and_high.pdf,1,1,1.0,82128,0,0,0,ok
full-v2,corpus,Judgement Document.pdf,1,5,32.8,11060096,1,1,1,ok
full-v2,corpus,LKR824191.pdf,1,1,11.0,4165424,1,0,0,ok
full-v2,corpus,Layer pdf - 322_High_Holborn_building_Brochure.pdf,1,3,59.3,38361304,1,0,0,ok
full-v2,corpus,MOZILLA-10084-0.pdf,1,1,7.8,3213104,0,0,0,ok
full-v2,corpus,MOZILLA-10225-0.pdf,1,5,34.8,23479496,1,1,1,ok
full-v2,corpus,MOZILLA-10372-2.pdf,1,5,30.1,13029200,1,0,0,ok
full-v2,corpus,MOZILLA-2775-1.pdf,1,5,43.8,17720840,0,0,0,ok
full-v2,corpus,MOZILLA-3136-0.pdf,1,4,548.7,220027600,6,3,2,ok
full-v2,corpus,MOZILLA-7375-0.pdf,1,5,27.6,16129376,1,0,0,ok
full-v2,corpus,MOZILLA-9176-2.pdf,1,5,2.9,9937384,0,0,0,ok
full-v2,corpus,MOZILLA-LINK-3264-0.pdf,1,5,3.4,3412968,0,0,0,ok
full-v2,corpus,MOZILLA-LINK-5251-1.pdf,1,2,4.6,2280456,0,0,0,ok
full-v2,corpus,Math119FakingData.pdf,1,5,21.3,9250872,0,0,0,ok
full-v2,corpus,Motor Insurance claim form.pdf,1,3,186.9,69469000,3,1,1,ok
full-v2,corpus,Multiple Page - from Mortality Statistics.pdf,1,5,31.7,15807008,0,0,0,ok
full-v2,corpus,OPEN.RABBIT.ENGLISH.LOP.pdf,1,5,42.9,27965720,0,0,0,ok
full-v2,corpus,Old Gutnish Internet Explorer.pdf,1,3,40.0,14914544,1,0,0,ok
full-v2,corpus,P2P-33713919.pdf,1,5,27.8,23040088,0,0,0,ok
full-v2,corpus,PDFBOX-1869-4-1.pdf,1,1,2.2,410792,0,0,0,ok
full-v2,corpus,PDFBOX-492-4.jar-8.pdf,1,2,36.6,16855040,0,0,0,ok
full-v2,corpus,PDFBOX-624-2.pdf,1,5,16.6,11328144,0,0,0,ok
full-v2,corpus,Pig Production Handbook.pdf,1,5,14.2,11470376,0,0,0,ok
full-v2,corpus,Pig Reproduction Powerpoint.pdf,1,5,7.2,9152992,0,0,0,ok
full-v2,corpus,Publication_of_award_of_Bids_for_Transport_Sector__August_2016.pdf,1,5,32.7,8724944,1,1,1,ok
full-v2,corpus,Rotated Text Libre Office.pdf,1,1,0.9,271680,0,0,0,ok
full-v2,corpus,Rotation 45.pdf,1,4,39.5,17559568,1,0,0,ok
full-v2,corpus,SPARC - v9 Architecture Manual.pdf,1,5,142.1,73959648,1,0,0,ok
full-v2,corpus,SPE8EF26T0545.pdf,1,5,14.2,11459928,0,0,0,ok
full-v2,corpus,ShowTextOpWithUnbalancedRoundBrackets.pdf,1,1,31.6,4630328,1,0,0,ok
full-v2,corpus,Single Page Broken Offsets - from google drive.pdf,1,1,2.2,612120,0,0,0,ok
full-v2,corpus,Single Page Form Content - from itext 1_1.pdf,1,1,1.3,786936,0,0,0,ok
full-v2,corpus,Single Page Hyperlinks - from open office.pdf,1,1,0.9,405632,0,0,0,ok
full-v2,corpus,Single Page Images - from libre office.pdf,1,1,0.6,383752,0,0,0,ok
full-v2,corpus,Single Page Non Latin - from acrobat distiller.pdf,1,1,1.1,416520,0,0,0,ok
full-v2,corpus,Single Page Simple - from google drive.pdf,1,1,1.4,604856,0,0,0,ok
full-v2,corpus,Single Page Simple - from inkscape.pdf,1,1,0.5,167312,0,0,0,ok
full-v2,corpus,Single Page Simple - from open office.pdf,1,1,0.6,293784,0,0,0,ok
full-v2,corpus,Single Page Type 1 Font.pdf,1,1,0.3,86008,0,0,0,ok
full-v2,corpus,SinglePage180ClockwiseRotation - from PdfPig.pdf,1,1,0.7,248288,0,0,0,ok
full-v2,corpus,SinglePage270ClockwiseRotation - from PdfPig.pdf,1,1,0.5,248216,0,0,0,ok
full-v2,corpus,SinglePage90ClockwiseRotation - from PdfPig.pdf,1,1,0.6,248216,0,0,0,ok
full-v2,corpus,SmallCropbox.pdf,1,1,1.9,1618264,0,0,0,ok
full-v2,corpus,TIKA-1552-0.pdf,1,5,35.8,23502672,1,1,1,ok
full-v2,corpus,TIKA-2054-0.pdf,1,5,25.7,20912632,1,0,0,ok
full-v2,corpus,TIKA-469-0.pdf,1,2,7.1,4686360,0,0,0,ok
full-v2,corpus,Test.Doc.pdf,1,1,2.3,1738648,0,0,0,ok
full-v2,corpus,TrueTypeTablesGlyphDataTableReadGlyphsError.pdf,1,1,9.9,4531832,1,1,0,ok
full-v2,corpus,Two Page Text Only - from libre office.pdf,1,2,2.0,1733088,0,0,0,ok
full-v2,corpus,Type0 Font.pdf,1,1,10.3,10340040,0,0,0,ok
full-v2,corpus,Type0_CJK_Font.pdf,1,5,82.5,4859856,0,0,0,ok
full-v2,corpus,Type3Test.pdf,1,1,0.7,157072,0,0,0,ok
full-v2,corpus,Various Content Types.pdf,1,1,2.0,271128,1,0,0,ok
full-v2,corpus,Why.does.this.not.work.pdf,1,1,1.8,1050680,0,0,0,ok
full-v2,corpus,_citUR2jB1_ay56u6vELzk.pdf,1,2,2.9,2366920,0,0,0,ok
full-v2,corpus,annotation-comments.pdf,1,1,0.7,296320,0,0,0,ok
full-v2,corpus,bold-italic.pdf,1,1,2.7,1898288,0,0,0,ok
full-v2,corpus,bookmarks-with-accented-characters.pdf,1,1,0.5,331704,0,0,0,ok
full-v2,corpus,byz.pdf,1,1,3.6,2270944,0,0,0,ok
full-v2,corpus,capas.pdf,1,5,7.7,8260048,0,0,0,ok
full-v2,corpus,cat-genetics.pdf,1,1,8.2,6761600,1,0,0,ok
full-v2,corpus,cat-genetics_bobld.pdf,1,1,7.3,7030320,0,0,0,ok
full-v2,corpus,cmap-parsing-exception.pdf,1,1,19.9,13352240,0,0,0,ok
full-v2,corpus,cropped-and-rotated.pdf,1,1,1.5,775112,0,0,0,ok
full-v2,corpus,data.pdf,1,3,6.0,4097432,0,0,0,ok
full-v2,corpus,dotnet-ai.pdf,1,5,28.2,32306536,1,1,1,ok
full-v2,corpus,felltypes-test.pdf,1,1,15.3,4980720,1,0,0,ok
full-v2,corpus,hex_0x0006.pdf,1,1,1.1,659456,0,0,0,ok
full-v2,corpus,inherited_mediabox.pdf,1,1,0.3,55144,0,0,0,ok
full-v2,corpus,iron-ore-q2-q3-2013.pdf,1,5,46.2,37259648,2,1,1,ok
full-v2,corpus,issue_1163.pdf,1,2,0.5,183968,0,0,0,ok
full-v2,corpus,issue_1330.pdf,1,1,0.2,57464,0,0,0,ok
full-v2,corpus,issue_1331.pdf,1,1,2.5,1593464,0,0,0,ok
full-v2,corpus,issue_671.pdf,1,2,27.6,18272184,1,0,0,ok
full-v2,corpus,issue_881.pdf,1,1,1.5,778344,0,0,0,ok
full-v2,corpus,issues-1176-1.pdf,1,1,2.9,2167376,0,0,0,ok
full-v2,corpus,issues-1176.pdf,1,1,3.2,7145440,0,0,0,ok
full-v2,corpus,journal.pone.0196757.pdf,1,5,44.2,35444080,0,0,0,ok
full-v2,corpus,jtehm-melillo-2679746.pdf,1,5,103.9,52740408,3,1,1,ok
full-v2,corpus,little-pig-in-armenian.pdf,1,1,1.0,318608,0,0,0,ok
full-v2,corpus,odwriteex.pdf,1,1,1.1,781080,0,0,0,ok
full-v2,corpus,outline.pdf,1,3,2.2,1120672,0,0,0,ok
full-v2,corpus,output_w3c_csswg_drafts_issues2023.pdf,1,1,0.8,235472,0,0,0,ok
full-v2,corpus,path_ext_oddeven.pdf,1,1,1.7,1155544,0,0,0,ok
full-v2,corpus,pop-bugzilla37292.pdf,1,4,8.5,7960000,0,0,0,ok
full-v2,corpus,reference-2-numeric-error.pdf,1,1,16.3,7149896,0,0,0,ok
full-v2,corpus,soundandvision.pdf,1,1,3.3,2022272,0,0,0,ok
full-v2,corpus,ssm2163.pdf,1,5,24.3,10913672,0,0,0,ok
full-v2,corpus,steam_in_page_dict.pdf,1,1,0.6,103648,0,0,0,ok
full-v2,corpus,test-2_so_74165171.pdf,1,1,129.5,41194384,1,0,0,ok
full-v2,corpus,testPdf-1.pdf,1,2,20.9,6058200,1,1,1,ok
full-v2,corpus,test_a-5.pdf,1,5,102.0,70128480,2,1,0,ok
full-v2,corpus,test_a.pdf,1,5,100.9,69147504,3,1,1,ok
full-v2,corpus,toc.pdf,1,5,7.7,7516000,0,0,0,ok
full-v2,corpus,type3-font-zero-height.pdf,1,1,16.2,8055248,0,0,0,ok
full-v2,corpus,0000851.pdf,2,5,299.9,118582184,3,1,1,ok
full-v2,corpus,11194059_2017-11_de_s.pdf,2,2,24.7,27666040,0,0,0,ok
full-v2,corpus,2006_Swedish_Touring_Car_Championship.pdf,2,4,7.4,7845136,0,0,0,ok
full-v2,corpus,2108.11480.pdf,2,5,109.4,75438080,4,2,0,ok
full-v2,corpus,22060_A1_01_Plans-1.pdf,2,1,5.1,9374304,0,0,0,ok
full-v2,corpus,6.Secrets.to.Startup.Success.PDFDrive.pdf,2,5,25.3,24665144,0,0,0,ok
full-v2,corpus,68-1990-01_A.pdf,2,5,71.5,44393680,2,1,1,ok
full-v2,corpus,AcroFormsBasicFields.pdf,2,1,1.0,594504,0,0,0,ok
full-v2,corpus,Approved_Document_B__fire_safety__volume_2_-_Buildings_other_than_dwellings__2019_edition_incorporating_2020_and_2022_amendments.pdf,2,5,56.8,52107624,4,3,2,ok
full-v2,corpus,Arve.nr.1615.17.04.2026.pdf,2,1,1.8,1193416,0,0,0,ok
full-v2,corpus,ClipPathLetterFilter-Test1.pdf,2,5,12.1,12121216,0,0,0,ok
full-v2,corpus,ClipPathLetterFilter-Test2.pdf,2,1,7.2,8698120,0,0,0,ok
full-v2,corpus,ColorIssue.pdf,2,1,43.7,33584784,1,1,1,ok
full-v2,corpus,DeviceN_CS_test.pdf,2,5,28.2,21669592,2,1,1,ok
full-v2,corpus,Diacritics_export.pdf,2,1,2.0,2355600,0,0,0,ok
full-v2,corpus,EmptyPdf.pdf,2,1,0.3,38136,0,0,0,ok
full-v2,corpus,ErcotFacts.pdf,2,2,18.0,13358088,1,0,0,ok
full-v2,corpus,FICTIF_TABLE_INDEX.pdf,2,5,13.5,14804968,0,0,0,ok
full-v2,corpus,FarmerMac.pdf,2,5,12.4,13700184,0,0,0,ok
full-v2,corpus,Font Size Test - from google chrome print pdf.pdf,2,1,0.9,480160,0,0,0,ok
full-v2,corpus,Font Size Test - from libre office.pdf,2,1,0.5,187968,0,0,0,ok
full-v2,corpus,FontMatrix-1.pdf,2,1,0.4,216832,0,0,0,ok
full-v2,corpus,FontMatrix-concat.pdf,2,1,0.2,134744,0,0,0,ok
full-v2,corpus,FontMatrix-otf-bad-hmtx.pdf,2,1,1.1,746472,0,0,0,ok
full-v2,corpus,FontMatrix-otf.pdf,2,1,1.2,742536,0,0,0,ok
full-v2,corpus,FontMatrix-raw.pdf,2,1,1.1,683136,0,0,0,ok
full-v2,corpus,GHOSTSCRIPT-692564-0.pdf,2,1,0.8,547440,0,0,0,ok
full-v2,corpus,GHOSTSCRIPT-695513-0.pdf,2,1,2.2,3520632,0,0,0,ok
full-v2,corpus,GHOSTSCRIPT-696171-0.pdf,2,5,17.6,11332208,1,0,0,ok
full-v2,corpus,GHOSTSCRIPT-696547-0.zip-7.pdf,2,1,12.8,7493184,1,1,1,ok
full-v2,corpus,GHOSTSCRIPT-696547-0.zip-9.pdf,2,1,4.0,7355504,0,0,0,ok
full-v2,corpus,GHOSTSCRIPT-697234-0.pdf,2,3,27.5,22673768,1,0,0,ok
full-v2,corpus,GHOSTSCRIPT-697507-0.pdf,2,1,8.8,7969760,0,0,0,ok
full-v2,corpus,GHOSTSCRIPT-697984-3.pdf,2,1,3.2,1619744,0,0,0,ok
full-v2,corpus,GHOSTSCRIPT-698168-0.pdf,2,1,2.3,2816400,0,0,0,ok
full-v2,corpus,GHOSTSCRIPT-698363-0.pdf,2,1,5.1,466808,0,0,0,ok
full-v2,corpus,GHOSTSCRIPT-698721-0.zip-6.pdf,2,2,6.9,7315512,0,0,0,ok
full-v2,corpus,GHOSTSCRIPT-698721-1.pdf,2,1,1.6,2031968,0,0,0,ok
full-v2,corpus,GHOSTSCRIPT-699035-0.pdf,2,5,49.0,38418216,3,1,1,ok
full-v2,corpus,GHOSTSCRIPT-699178-0.pdf,2,3,7.5,8418216,0,0,0,ok
full-v2,corpus,GHOSTSCRIPT-699375-5.pdf,2,1,4.1,3068008,0,0,0,ok
full-v2,corpus,GHOSTSCRIPT-699488-0.pdf,2,1,8.0,8119672,0,0,0,ok
full-v2,corpus,GHOSTSCRIPT-699554-0.zip-4.pdf,2,1,1.7,1650120,0,0,0,ok
full-v2,corpus,GHOSTSCRIPT-700125-1.pdf,2,5,22.5,16241400,1,0,0,ok
full-v2,corpus,GHOSTSCRIPT-700139-0.pdf,2,2,162.7,116371488,4,2,2,ok
full-v2,corpus,GHOSTSCRIPT-700236-1.pdf,2,5,14.5,13418376,0,0,0,ok
full-v2,corpus,GHOSTSCRIPT-700288-1.pdf,2,1,7.2,4618064,0,0,0,ok
full-v2,corpus,GHOSTSCRIPT-700370-2.pdf,2,1,2.5,1596336,0,0,0,ok
full-v2,corpus,GHOSTSCRIPT-700931-0.7z-5.pdf,2,2,1.9,1221512,0,0,0,ok
full-v2,corpus,GHOSTSCRIPT-702013-1.pdf,2,1,5.1,3792544,0,0,0,ok
full-v2,corpus,Gamebook.pdf,2,5,18.5,9352656,0,0,0,ok
full-v2,corpus,GlyphDataTableReadCompositeGlyphError.pdf,2,1,5.2,2886624,0,0,0,ok
full-v2,corpus,Grapheme clusters emoji.pdf,2,1,0.5,149744,0,0,0,ok
full-v2,corpus,ICML03-081.pdf,2,5,26.4,17289832,0,0,0,ok
full-v2,corpus,Indexed-DeviceRGB-JPXDecode-0-.0.0.255.0.-Font-F1_1_missing_char_255-1.pdf,2,1,30.9,16978312,0,0,0,ok
full-v2,corpus,IndexedCS_negative_and_high.pdf,2,1,0.5,82128,0,0,0,ok
full-v2,corpus,Judgement Document.pdf,2,5,10.8,9126344,0,0,0,ok
full-v2,corpus,LKR824191.pdf,2,1,26.2,4364464,1,1,1,ok
full-v2,corpus,Layer pdf - 322_High_Holborn_building_Brochure.pdf,2,3,38.7,37978872,1,0,0,ok
full-v2,corpus,MOZILLA-10084-0.pdf,2,1,3.4,3212168,0,0,0,ok
full-v2,corpus,MOZILLA-10225-0.pdf,2,5,11.9,22993704,0,0,0,ok
full-v2,corpus,MOZILLA-10372-2.pdf,2,5,28.5,13029712,2,1,1,ok
full-v2,corpus,MOZILLA-2775-1.pdf,2,5,15.4,17724168,0,0,0,ok
full-v2,corpus,MOZILLA-3136-0.pdf,2,4,241.3,217846776,3,1,1,ok
full-v2,corpus,MOZILLA-7375-0.pdf,2,5,45.0,16128032,1,1,0,ok
full-v2,corpus,MOZILLA-9176-2.pdf,2,5,8.3,9939912,1,1,1,ok
full-v2,corpus,MOZILLA-LINK-3264-0.pdf,2,5,2.0,3292600,0,0,0,ok
full-v2,corpus,MOZILLA-LINK-5251-1.pdf,2,2,2.4,2267184,0,0,0,ok
full-v2,corpus,Math119FakingData.pdf,2,5,10.6,9253216,1,1,0,ok
full-v2,corpus,Motor Insurance claim form.pdf,2,3,104.4,69292576,4,4,2,ok
full-v2,corpus,Multiple Page - from Mortality Statistics.pdf,2,5,6.5,8263360,0,0,0,ok
full-v2,corpus,OPEN.RABBIT.ENGLISH.LOP.pdf,2,5,23.6,27775784,1,0,0,ok
full-v2,corpus,Old Gutnish Internet Explorer.pdf,2,3,12.0,14269896,0,0,0,ok
full-v2,corpus,P2P-33713919.pdf,2,5,33.4,23131880,2,2,1,ok
full-v2,corpus,PDFBOX-1869-4-1.pdf,2,1,0.7,410904,0,0,0,ok
full-v2,corpus,PDFBOX-492-4.jar-8.pdf,2,2,21.2,16923176,1,0,0,ok
full-v2,corpus,PDFBOX-624-2.pdf,2,5,10.5,11326864,0,0,0,ok
full-v2,corpus,Pig Production Handbook.pdf,2,5,9.1,11469752,0,0,0,ok
full-v2,corpus,Pig Reproduction Powerpoint.pdf,2,5,5.2,9150496,0,0,0,ok
full-v2,corpus,Publication_of_award_of_Bids_for_Transport_Sector__August_2016.pdf,2,5,7.9,8288424,0,0,0,ok
full-v2,corpus,Rotated Text Libre Office.pdf,2,1,0.9,238040,0,0,0,ok
full-v2,corpus,Rotation 45.pdf,2,4,28.0,10029152,1,1,1,ok
full-v2,corpus,SPARC - v9 Architecture Manual.pdf,2,5,92.2,74093328,4,3,1,ok
full-v2,corpus,SPE8EF26T0545.pdf,2,5,12.2,11453240,0,0,0,ok
full-v2,corpus,ShowTextOpWithUnbalancedRoundBrackets.pdf,2,1,5.3,4630032,0,0,0,ok
full-v2,corpus,Single Page Broken Offsets - from google drive.pdf,2,1,1.8,590456,0,0,0,ok
full-v2,corpus,Single Page Form Content - from itext 1_1.pdf,2,1,1.1,786768,0,0,0,ok
full-v2,corpus,Single Page Hyperlinks - from open office.pdf,2,1,1.3,360608,0,0,0,ok
full-v2,corpus,Single Page Images - from libre office.pdf,2,1,0.6,377896,0,0,0,ok
full-v2,corpus,Single Page Non Latin - from acrobat distiller.pdf,2,1,1.0,396552,0,0,0,ok
full-v2,corpus,Single Page Simple - from google drive.pdf,2,1,1.1,583472,0,0,0,ok
full-v2,corpus,Single Page Simple - from inkscape.pdf,2,1,0.5,150224,0,0,0,ok
full-v2,corpus,Single Page Simple - from open office.pdf,2,1,0.6,270408,0,0,0,ok
full-v2,corpus,Single Page Type 1 Font.pdf,2,1,0.3,86136,0,0,0,ok
full-v2,corpus,SinglePage180ClockwiseRotation - from PdfPig.pdf,2,1,0.4,202016,0,0,0,ok
full-v2,corpus,SinglePage270ClockwiseRotation - from PdfPig.pdf,2,1,0.4,202016,0,0,0,ok
full-v2,corpus,SinglePage90ClockwiseRotation - from PdfPig.pdf,2,1,0.5,202016,0,0,0,ok
full-v2,corpus,SmallCropbox.pdf,2,1,1.8,1683656,0,0,0,ok
full-v2,corpus,TIKA-1552-0.pdf,2,5,32.2,23477400,1,0,0,ok
full-v2,corpus,TIKA-2054-0.pdf,2,5,32.9,20915760,2,1,1,ok
full-v2,corpus,TIKA-469-0.pdf,2,2,4.8,4677936,0,0,0,ok
full-v2,corpus,Test.Doc.pdf,2,1,2.1,1679728,0,0,0,ok
full-v2,corpus,TrueTypeTablesGlyphDataTableReadGlyphsError.pdf,2,1,5.5,3650576,0,0,0,ok
full-v2,corpus,Two Page Text Only - from libre office.pdf,2,2,1.8,1570040,0,0,0,ok
full-v2,corpus,Type0 Font.pdf,2,1,9.3,9721608,0,0,0,ok
full-v2,corpus,Type0_CJK_Font.pdf,2,5,11.2,3212680,0,0,0,ok
full-v2,corpus,Type3Test.pdf,2,1,0.5,155680,0,0,0,ok
full-v2,corpus,Various Content Types.pdf,2,1,0.6,256488,0,0,0,ok
full-v2,corpus,Why.does.this.not.work.pdf,2,1,1.5,1036216,0,0,0,ok
full-v2,corpus,_citUR2jB1_ay56u6vELzk.pdf,2,2,2.0,2255528,0,0,0,ok
full-v2,corpus,annotation-comments.pdf,2,1,0.6,283648,0,0,0,ok
full-v2,corpus,bold-italic.pdf,2,1,2.4,1617296,0,0,0,ok
full-v2,corpus,bookmarks-with-accented-characters.pdf,2,1,0.6,331680,0,0,0,ok
full-v2,corpus,byz.pdf,2,1,2.8,2270848,0,0,0,ok
full-v2,corpus,capas.pdf,2,5,8.0,8006296,1,0,0,ok
full-v2,corpus,cat-genetics.pdf,2,1,5.3,6760848,0,0,0,ok
full-v2,corpus,cat-genetics_bobld.pdf,2,1,5.5,7029656,0,0,0,ok
full-v2,corpus,cmap-parsing-exception.pdf,2,1,27.2,13185288,1,1,1,ok
full-v2,corpus,cropped-and-rotated.pdf,2,1,1.4,744536,0,0,0,ok
full-v2,corpus,data.pdf,2,3,7.4,4097368,1,0,0,ok
full-v2,corpus,dotnet-ai.pdf,2,5,21.0,31616840,1,1,1,ok
full-v2,corpus,felltypes-test.pdf,2,1,9.3,4979760,1,1,0,ok
full-v2,corpus,hex_0x0006.pdf,2,1,1.1,658712,0,0,0,ok
full-v2,corpus,inherited_mediabox.pdf,2,1,0.2,55048,0,0,0,ok
full-v2,corpus,iron-ore-q2-q3-2013.pdf,2,5,22.8,36511064,1,0,0,ok
full-v2,corpus,issue_1163.pdf,2,2,0.4,183328,0,0,0,ok
full-v2,corpus,issue_1330.pdf,2,1,0.2,57440,0,0,0,ok
full-v2,corpus,issue_1331.pdf,2,1,1.7,1351392,0,0,0,ok
full-v2,corpus,issue_671.pdf,2,2,19.6,17837432,0,0,0,ok
full-v2,corpus,issue_881.pdf,2,1,1.3,617560,0,0,0,ok
full-v2,corpus,issues-1176-1.pdf,2,1,2.2,2166328,0,0,0,ok
full-v2,corpus,issues-1176.pdf,2,1,3.5,7145080,0,0,0,ok
full-v2,corpus,journal.pone.0196757.pdf,2,5,53.3,35386416,1,0,0,ok
full-v2,corpus,jtehm-melillo-2679746.pdf,2,5,61.1,52736168,0,0,0,ok
full-v2,corpus,little-pig-in-armenian.pdf,2,1,0.9,306848,0,0,0,ok
full-v2,corpus,odwriteex.pdf,2,1,1.2,715424,0,0,0,ok
full-v2,corpus,outline.pdf,2,3,2.5,1087336,0,0,0,ok
full-v2,corpus,output_w3c_csswg_drafts_issues2023.pdf,2,1,0.7,235240,0,0,0,ok
full-v2,corpus,path_ext_oddeven.pdf,2,1,1.8,1040080,0,0,0,ok
full-v2,corpus,pop-bugzilla37292.pdf,2,4,9.5,7589808,0,0,0,ok
full-v2,corpus,reference-2-numeric-error.pdf,2,1,11.4,7147424,0,0,0,ok
full-v2,corpus,soundandvision.pdf,2,1,2.7,1856432,0,0,0,ok
full-v2,corpus,ssm2163.pdf,2,5,12.3,10255328,0,0,0,ok
full-v2,corpus,steam_in_page_dict.pdf,2,1,0.4,103552,0,0,0,ok
full-v2,corpus,test-2_so_74165171.pdf,2,1,86.9,42182072,2,2,1,ok
full-v2,corpus,testPdf-1.pdf,2,2,16.5,5835696,1,1,1,ok
full-v2,corpus,test_a-5.pdf,2,5,83.2,69774888,2,1,1,ok
full-v2,corpus,test_a.pdf,2,5,82.9,69772776,2,0,0,ok
full-v2,corpus,toc.pdf,2,5,5.6,7515824,0,0,0,ok
full-v2,corpus,type3-font-zero-height.pdf,2,1,20.3,8052392,1,1,1,ok
full-v2,corpus,0000851.pdf,3,5,225.1,118451120,5,2,1,ok
full-v2,corpus,11194059_2017-11_de_s.pdf,3,2,25.6,27613336,0,0,0,ok
full-v2,corpus,2006_Swedish_Touring_Car_Championship.pdf,3,4,9.5,7628896,0,0,0,ok
full-v2,corpus,2108.11480.pdf,3,5,98.8,74835224,4,2,0,ok
full-v2,corpus,22060_A1_01_Plans-1.pdf,3,1,4.8,9374280,0,0,0,ok
full-v2,corpus,6.Secrets.to.Startup.Success.PDFDrive.pdf,3,5,20.7,24665144,0,0,0,ok
full-v2,corpus,68-1990-01_A.pdf,3,5,59.0,44393680,2,1,1,ok
full-v2,corpus,AcroFormsBasicFields.pdf,3,1,0.8,594504,0,0,0,ok
full-v2,corpus,Approved_Document_B__fire_safety__volume_2_-_Buildings_other_than_dwellings__2019_edition_incorporating_2020_and_2022_amendments.pdf,3,5,46.8,52107624,4,3,2,ok
full-v2,corpus,Arve.nr.1615.17.04.2026.pdf,3,1,1.5,1193416,0,0,0,ok
full-v2,corpus,ClipPathLetterFilter-Test1.pdf,3,5,10.9,12121216,0,0,0,ok
full-v2,corpus,ClipPathLetterFilter-Test2.pdf,3,1,6.8,8698120,0,0,0,ok
full-v2,corpus,ColorIssue.pdf,3,1,40.5,33584784,1,1,1,ok
full-v2,corpus,DeviceN_CS_test.pdf,3,5,27.0,21669592,2,1,1,ok
full-v2,corpus,Diacritics_export.pdf,3,1,1.9,2355600,0,0,0,ok
full-v2,corpus,EmptyPdf.pdf,3,1,0.3,38136,0,0,0,ok
full-v2,corpus,ErcotFacts.pdf,3,2,16.6,13358088,1,0,0,ok
full-v2,corpus,FICTIF_TABLE_INDEX.pdf,3,5,12.9,14804968,0,0,0,ok
full-v2,corpus,FarmerMac.pdf,3,5,11.8,13700184,0,0,0,ok
full-v2,corpus,Font Size Test - from google chrome print pdf.pdf,3,1,1.2,480160,0,0,0,ok
full-v2,corpus,Font Size Test - from libre office.pdf,3,1,0.5,187968,0,0,0,ok
full-v2,corpus,FontMatrix-1.pdf,3,1,0.4,216832,0,0,0,ok
full-v2,corpus,FontMatrix-concat.pdf,3,1,0.3,134744,0,0,0,ok
full-v2,corpus,FontMatrix-otf-bad-hmtx.pdf,3,1,1.2,746472,0,0,0,ok
full-v2,corpus,FontMatrix-otf.pdf,3,1,1.1,742536,0,0,0,ok
full-v2,corpus,FontMatrix-raw.pdf,3,1,1.1,683136,0,0,0,ok
full-v2,corpus,GHOSTSCRIPT-692564-0.pdf,3,1,0.8,547440,0,0,0,ok
full-v2,corpus,GHOSTSCRIPT-695513-0.pdf,3,1,2.1,3520632,0,0,0,ok
full-v2,corpus,GHOSTSCRIPT-696171-0.pdf,3,5,16.6,11332208,1,0,0,ok
full-v2,corpus,GHOSTSCRIPT-696547-0.zip-7.pdf,3,1,12.8,7493184,1,1,1,ok
full-v2,corpus,GHOSTSCRIPT-696547-0.zip-9.pdf,3,1,4.0,7355504,0,0,0,ok
full-v2,corpus,GHOSTSCRIPT-697234-0.pdf,3,3,26.0,22673768,1,0,0,ok
full-v2,corpus,GHOSTSCRIPT-697507-0.pdf,3,1,8.6,7969760,0,0,0,ok
full-v2,corpus,GHOSTSCRIPT-697984-3.pdf,3,1,2.3,1619744,0,0,0,ok
full-v2,corpus,GHOSTSCRIPT-698168-0.pdf,3,1,2.1,2816400,0,0,0,ok
full-v2,corpus,GHOSTSCRIPT-698363-0.pdf,3,1,1.6,466400,0,0,0,ok
full-v2,corpus,GHOSTSCRIPT-698721-0.zip-6.pdf,3,2,6.5,7315512,0,0,0,ok
full-v2,corpus,GHOSTSCRIPT-698721-1.pdf,3,1,1.6,2031968,0,0,0,ok
full-v2,corpus,GHOSTSCRIPT-699035-0.pdf,3,5,48.7,38418216,3,1,1,ok
full-v2,corpus,GHOSTSCRIPT-699178-0.pdf,3,3,7.3,8418216,0,0,0,ok
full-v2,corpus,GHOSTSCRIPT-699375-5.pdf,3,1,4.0,3068008,0,0,0,ok
full-v2,corpus,GHOSTSCRIPT-699488-0.pdf,3,1,8.3,8119672,0,0,0,ok
full-v2,corpus,GHOSTSCRIPT-699554-0.zip-4.pdf,3,1,1.7,1650120,0,0,0,ok
full-v2,corpus,GHOSTSCRIPT-700125-1.pdf,3,5,23.9,16241400,1,0,0,ok
full-v2,corpus,GHOSTSCRIPT-700139-0.pdf,3,2,144.7,116371488,4,2,2,ok
full-v2,corpus,GHOSTSCRIPT-700236-1.pdf,3,5,13.8,13418376,0,0,0,ok
full-v2,corpus,GHOSTSCRIPT-700288-1.pdf,3,1,6.2,4618064,0,0,0,ok
full-v2,corpus,GHOSTSCRIPT-700370-2.pdf,3,1,2.3,1596336,0,0,0,ok
full-v2,corpus,GHOSTSCRIPT-700931-0.7z-5.pdf,3,2,1.9,1221512,0,0,0,ok
full-v2,corpus,GHOSTSCRIPT-702013-1.pdf,3,1,6.5,3792544,0,0,0,ok
full-v2,corpus,Gamebook.pdf,3,5,12.8,9352656,0,0,0,ok
full-v2,corpus,GlyphDataTableReadCompositeGlyphError.pdf,3,1,5.0,2886624,0,0,0,ok
full-v2,corpus,Grapheme clusters emoji.pdf,3,1,0.5,149744,0,0,0,ok
full-v2,corpus,ICML03-081.pdf,3,5,22.0,17289832,0,0,0,ok
full-v2,corpus,Indexed-DeviceRGB-JPXDecode-0-.0.0.255.0.-Font-F1_1_missing_char_255-1.pdf,3,1,30.2,16978312,0,0,0,ok
full-v2,corpus,IndexedCS_negative_and_high.pdf,3,1,0.5,82128,0,0,0,ok
full-v2,corpus,Judgement Document.pdf,3,5,9.9,9126344,0,0,0,ok
full-v2,corpus,LKR824191.pdf,3,1,24.7,4363840,1,1,1,ok
full-v2,corpus,Layer pdf - 322_High_Holborn_building_Brochure.pdf,3,3,43.4,37978872,2,2,0,ok
full-v2,corpus,MOZILLA-10084-0.pdf,3,1,7.2,3212168,1,0,0,ok
full-v2,corpus,MOZILLA-10225-0.pdf,3,5,12.4,22994000,0,0,0,ok
full-v2,corpus,MOZILLA-10372-2.pdf,3,5,21.8,13029712,2,1,1,ok
full-v2,corpus,MOZILLA-2775-1.pdf,3,5,13.4,17724168,0,0,0,ok
full-v2,corpus,MOZILLA-3136-0.pdf,3,4,208.5,217846776,4,2,1,ok
full-v2,corpus,MOZILLA-7375-0.pdf,3,5,15.7,16128032,0,0,0,ok
full-v2,corpus,MOZILLA-9176-2.pdf,3,5,25.8,9939704,1,1,1,ok
full-v2,corpus,MOZILLA-LINK-3264-0.pdf,3,5,1.8,3292600,0,0,0,ok
full-v2,corpus,MOZILLA-LINK-5251-1.pdf,3,2,2.0,2267184,0,0,0,ok
full-v2,corpus,Math119FakingData.pdf,3,5,8.8,9253216,1,0,0,ok
full-v2,corpus,Motor Insurance claim form.pdf,3,3,103.9,69227016,4,4,2,ok
full-v2,corpus,Multiple Page - from Mortality Statistics.pdf,3,5,11.4,8263880,1,0,0,ok
full-v2,corpus,OPEN.RABBIT.ENGLISH.LOP.pdf,3,5,21.7,27775992,0,0,0,ok
full-v2,corpus,Old Gutnish Internet Explorer.pdf,3,3,12.5,14269688,0,0,0,ok
full-v2,corpus,P2P-33713919.pdf,3,5,33.9,23131880,2,1,1,ok
full-v2,corpus,PDFBOX-1869-4-1.pdf,3,1,0.8,410904,0,0,0,ok
full-v2,corpus,PDFBOX-492-4.jar-8.pdf,3,2,19.5,16923176,0,0,0,ok
full-v2,corpus,PDFBOX-624-2.pdf,3,5,10.0,11326656,0,0,0,ok
full-v2,corpus,Pig Production Handbook.pdf,3,5,9.1,11469752,0,0,0,ok
full-v2,corpus,Pig Reproduction Powerpoint.pdf,3,5,4.4,9150496,0,0,0,ok
full-v2,corpus,Publication_of_award_of_Bids_for_Transport_Sector__August_2016.pdf,3,5,20.1,8288424,1,1,0,ok
full-v2,corpus,Rotated Text Libre Office.pdf,3,1,0.7,238248,0,0,0,ok
full-v2,corpus,Rotation 45.pdf,3,4,23.1,9898576,1,1,1,ok
full-v2,corpus,SPARC - v9 Architecture Manual.pdf,3,5,77.4,74093328,4,3,1,ok
full-v2,corpus,SPE8EF26T0545.pdf,3,5,9.2,11453240,0,0,0,ok
full-v2,corpus,ShowTextOpWithUnbalancedRoundBrackets.pdf,3,1,4.7,4630032,0,0,0,ok
full-v2,corpus,Single Page Broken Offsets - from google drive.pdf,3,1,1.7,590456,0,0,0,ok
full-v2,corpus,Single Page Form Content - from itext 1_1.pdf,3,1,1.0,786768,0,0,0,ok
full-v2,corpus,Single Page Hyperlinks - from open office.pdf,3,1,0.7,360608,0,0,0,ok
full-v2,corpus,Single Page Images - from libre office.pdf,3,1,0.5,377896,0,0,0,ok
full-v2,corpus,Single Page Non Latin - from acrobat distiller.pdf,3,1,0.9,396552,0,0,0,ok
full-v2,corpus,Single Page Simple - from google drive.pdf,3,1,1.0,583472,0,0,0,ok
full-v2,corpus,Single Page Simple - from inkscape.pdf,3,1,0.4,150224,0,0,0,ok
full-v2,corpus,Single Page Simple - from open office.pdf,3,1,0.5,270408,0,0,0,ok
full-v2,corpus,Single Page Type 1 Font.pdf,3,1,0.3,86136,0,0,0,ok
full-v2,corpus,SinglePage180ClockwiseRotation - from PdfPig.pdf,3,1,0.4,202016,0,0,0,ok
full-v2,corpus,SinglePage270ClockwiseRotation - from PdfPig.pdf,3,1,0.4,202016,0,0,0,ok
full-v2,corpus,SinglePage90ClockwiseRotation - from PdfPig.pdf,3,1,0.4,202016,0,0,0,ok
full-v2,corpus,SmallCropbox.pdf,3,1,1.6,1683656,0,0,0,ok
full-v2,corpus,TIKA-1552-0.pdf,3,5,30.8,23477400,1,0,0,ok
full-v2,corpus,TIKA-2054-0.pdf,3,5,32.4,20915760,2,1,1,ok
full-v2,corpus,TIKA-469-0.pdf,3,2,4.4,4677936,0,0,0,ok
full-v2,corpus,Test.Doc.pdf,3,1,2.1,1679728,0,0,0,ok
full-v2,corpus,TrueTypeTablesGlyphDataTableReadGlyphsError.pdf,3,1,5.2,3650576,0,0,0,ok
full-v2,corpus,Two Page Text Only - from libre office.pdf,3,2,1.8,1570040,0,0,0,ok
full-v2,corpus,Type0 Font.pdf,3,1,9.1,9721608,0,0,0,ok
full-v2,corpus,Type0_CJK_Font.pdf,3,5,9.5,3212680,0,0,0,ok
full-v2,corpus,Type3Test.pdf,3,1,0.4,155680,0,0,0,ok
full-v2,corpus,Various Content Types.pdf,3,1,0.4,256488,0,0,0,ok
full-v2,corpus,Why.does.this.not.work.pdf,3,1,1.4,1036216,0,0,0,ok
full-v2,corpus,_citUR2jB1_ay56u6vELzk.pdf,3,2,2.0,2255528,0,0,0,ok
full-v2,corpus,annotation-comments.pdf,3,1,0.6,283648,0,0,0,ok
full-v2,corpus,bold-italic.pdf,3,1,2.3,1617296,0,0,0,ok
full-v2,corpus,bookmarks-with-accented-characters.pdf,3,1,0.5,331680,0,0,0,ok
full-v2,corpus,byz.pdf,3,1,2.2,2270848,0,0,0,ok
full-v2,corpus,capas.pdf,3,5,9.3,8006296,1,0,0,ok
full-v2,corpus,cat-genetics.pdf,3,1,5.4,6760848,0,0,0,ok
full-v2,corpus,cat-genetics_bobld.pdf,3,1,5.5,7029656,0,0,0,ok
full-v2,corpus,cmap-parsing-exception.pdf,3,1,25.3,13316384,1,1,1,ok
full-v2,corpus,cropped-and-rotated.pdf,3,1,1.5,744536,0,0,0,ok
full-v2,corpus,data.pdf,3,3,6.2,4097368,1,0,0,ok
full-v2,corpus,dotnet-ai.pdf,3,5,20.7,31616840,1,1,1,ok
full-v2,corpus,felltypes-test.pdf,3,1,9.3,4979760,1,1,0,ok
full-v2,corpus,hex_0x0006.pdf,3,1,0.9,658712,0,0,0,ok
full-v2,corpus,inherited_mediabox.pdf,3,1,0.2,55048,0,0,0,ok
full-v2,corpus,iron-ore-q2-q3-2013.pdf,3,5,21.1,36511064,1,0,0,ok
full-v2,corpus,issue_1163.pdf,3,2,0.4,183328,0,0,0,ok
full-v2,corpus,issue_1330.pdf,3,1,0.2,57440,0,0,0,ok
full-v2,corpus,issue_1331.pdf,3,1,1.6,1351392,0,0,0,ok
full-v2,corpus,issue_671.pdf,3,2,19.0,17837432,0,0,0,ok
full-v2,corpus,issue_881.pdf,3,1,1.0,617560,0,0,0,ok
full-v2,corpus,issues-1176-1.pdf,3,1,2.1,2166328,0,0,0,ok
full-v2,corpus,issues-1176.pdf,3,1,3.2,7145080,0,0,0,ok
full-v2,corpus,journal.pone.0196757.pdf,3,5,37.0,35386416,1,0,0,ok
full-v2,corpus,jtehm-melillo-2679746.pdf,3,5,53.4,52736168,0,0,0,ok
full-v2,corpus,little-pig-in-armenian.pdf,3,1,0.8,306848,0,0,0,ok
full-v2,corpus,odwriteex.pdf,3,1,1.0,715424,0,0,0,ok
full-v2,corpus,outline.pdf,3,3,2.3,1087336,0,0,0,ok
full-v2,corpus,output_w3c_csswg_drafts_issues2023.pdf,3,1,0.6,235240,0,0,0,ok
full-v2,corpus,path_ext_oddeven.pdf,3,1,1.6,1040080,0,0,0,ok
full-v2,corpus,pop-bugzilla37292.pdf,3,4,8.8,7589808,0,0,0,ok
full-v2,corpus,reference-2-numeric-error.pdf,3,1,10.3,7147424,0,0,0,ok
full-v2,corpus,soundandvision.pdf,3,1,2.5,1856432,0,0,0,ok
full-v2,corpus,ssm2163.pdf,3,5,11.3,10255328,0,0,0,ok
full-v2,corpus,steam_in_page_dict.pdf,3,1,0.4,103552,0,0,0,ok
full-v2,corpus,test-2_so_74165171.pdf,3,1,88.1,42182072,2,2,1,ok
full-v2,corpus,testPdf-1.pdf,3,2,18.8,5966792,1,1,1,ok
full-v2,corpus,test_a-5.pdf,3,5,88.8,69775424,2,1,1,ok
full-v2,corpus,test_a.pdf,3,5,85.4,69772776,2,0,0,ok
full-v2,corpus,toc.pdf,3,5,5.4,7515824,0,0,0,ok
full-v2,corpus,type3-font-zero-height.pdf,3,1,21.2,8052392,1,1,1,ok
baseline,corpus,0000851.pdf,1,5,1122.6,170032088,6,2,2,ok
baseline,corpus,11194059_2017-11_de_s.pdf,1,2,142.7,27827576,2,1,1,ok
baseline,corpus,2006_Swedish_Touring_Car_Championship.pdf,1,4,31.1,7885032,0,0,0,ok
baseline,corpus,2108.11480.pdf,1,5,211.0,76923336,2,1,0,ok
baseline,corpus,22060_A1_01_Plans-1.pdf,1,1,25.8,9572496,2,2,2,ok
baseline,corpus,6.Secrets.to.Startup.Success.PDFDrive.pdf,1,5,78.2,24744608,1,0,0,ok
baseline,corpus,68-1990-01_A.pdf,1,5,221.7,64734280,1,0,0,ok
baseline,corpus,AcroFormsBasicFields.pdf,1,1,1.8,595912,0,0,0,ok
baseline,corpus,Approved_Document_B__fire_safety__volume_2_-_Buildings_other_than_dwellings__2019_edition_incorporating_2020_and_2022_amendments.pdf,1,5,123.6,52520992,4,3,2,ok
baseline,corpus,Arve.nr.1615.17.04.2026.pdf,1,1,5.3,1271328,0,0,0,ok
baseline,corpus,ClipPathLetterFilter-Test1.pdf,1,5,101.9,41326680,0,0,0,ok
baseline,corpus,ClipPathLetterFilter-Test2.pdf,1,1,30.0,8847088,0,0,0,ok
baseline,corpus,ColorIssue.pdf,1,1,142.2,34477656,3,3,3,ok
baseline,corpus,DeviceN_CS_test.pdf,1,5,85.5,22233608,1,0,0,ok
baseline,corpus,Diacritics_export.pdf,1,1,10.9,2357768,0,0,0,ok
baseline,corpus,EmptyPdf.pdf,1,1,0.8,38080,0,0,0,ok
baseline,corpus,ErcotFacts.pdf,1,2,87.9,14125208,0,0,0,ok
baseline,corpus,FICTIF_TABLE_INDEX.pdf,1,5,81.9,15510744,0,0,0,ok
baseline,corpus,FarmerMac.pdf,1,5,101.1,14125848,1,1,0,ok
baseline,corpus,Font Size Test - from google chrome print pdf.pdf,1,1,2.9,505744,0,0,0,ok
baseline,corpus,Font Size Test - from libre office.pdf,1,1,1.8,207696,0,0,0,ok
baseline,corpus,FontMatrix-1.pdf,1,1,1.2,216480,0,0,0,ok
baseline,corpus,FontMatrix-concat.pdf,1,1,0.4,134184,0,0,0,ok
baseline,corpus,FontMatrix-otf-bad-hmtx.pdf,1,1,6.8,757352,0,0,0,ok
baseline,corpus,FontMatrix-otf.pdf,1,1,3.9,749472,0,0,0,ok
baseline,corpus,FontMatrix-raw.pdf,1,1,3.6,690144,0,0,0,ok
baseline,corpus,GHOSTSCRIPT-692564-0.pdf,1,1,5.8,553296,0,0,0,ok
baseline,corpus,GHOSTSCRIPT-695513-0.pdf,1,1,23.0,3676560,1,1,1,ok
baseline,corpus,GHOSTSCRIPT-696171-0.pdf,1,5,57.4,11420672,0,0,0,ok
baseline,corpus,GHOSTSCRIPT-696547-0.zip-7.pdf,1,1,32.5,7367208,1,0,0,ok
baseline,corpus,GHOSTSCRIPT-696547-0.zip-9.pdf,1,1,26.3,7366672,0,0,0,ok
baseline,corpus,GHOSTSCRIPT-697234-0.pdf,1,3,200.9,22757248,1,0,0,ok
baseline,corpus,GHOSTSCRIPT-697507-0.pdf,1,1,54.4,8001144,0,0,0,ok
baseline,corpus,GHOSTSCRIPT-697984-3.pdf,1,1,15.4,1730680,0,0,0,ok
baseline,corpus,GHOSTSCRIPT-698168-0.pdf,1,1,14.9,2819256,0,0,0,ok
baseline,corpus,GHOSTSCRIPT-698363-0.pdf,1,1,31.2,476048,0,0,0,ok
baseline,corpus,GHOSTSCRIPT-698721-0.zip-6.pdf,1,2,62.5,7741856,0,0,0,ok
baseline,corpus,GHOSTSCRIPT-698721-1.pdf,1,1,10.4,2153192,0,0,0,ok
baseline,corpus,GHOSTSCRIPT-699035-0.pdf,1,5,276.5,38422056,2,1,1,ok
baseline,corpus,GHOSTSCRIPT-699178-0.pdf,1,3,26.9,8609648,0,0,0,ok
baseline,corpus,GHOSTSCRIPT-699375-5.pdf,1,1,10.0,3272424,0,0,0,ok
baseline,corpus,GHOSTSCRIPT-699488-0.pdf,1,1,24.3,8127440,0,0,0,ok
baseline,corpus,GHOSTSCRIPT-699554-0.zip-4.pdf,1,1,5.4,1656096,0,0,0,ok
baseline,corpus,GHOSTSCRIPT-700125-1.pdf,1,5,61.6,17640504,1,1,0,ok
baseline,corpus,GHOSTSCRIPT-700139-0.pdf,1,2,316.4,117738952,4,2,2,ok
baseline,corpus,GHOSTSCRIPT-700236-1.pdf,1,5,33.6,13572832,0,0,0,ok
baseline,corpus,GHOSTSCRIPT-700288-1.pdf,1,1,12.8,4643008,0,0,0,ok
baseline,corpus,GHOSTSCRIPT-700370-2.pdf,1,1,8.2,1734248,1,0,0,ok
baseline,corpus,GHOSTSCRIPT-700931-0.7z-5.pdf,1,2,2.7,1230856,0,0,0,ok
baseline,corpus,GHOSTSCRIPT-702013-1.pdf,1,1,7.4,3953664,0,0,0,ok
baseline,corpus,Gamebook.pdf,1,5,117.4,150825424,9,9,8,ok
baseline,corpus,GlyphDataTableReadCompositeGlyphError.pdf,1,1,14.4,3809400,0,0,0,ok
baseline,corpus,Grapheme clusters emoji.pdf,1,1,1.3,155368,0,0,0,ok
baseline,corpus,ICML03-081.pdf,1,5,44.8,17385280,1,0,0,ok
baseline,corpus,Indexed-DeviceRGB-JPXDecode-0-.0.0.255.0.-Font-F1_1_missing_char_255-1.pdf,1,1,56.1,17089480,0,0,0,ok
baseline,corpus,IndexedCS_negative_and_high.pdf,1,1,1.2,85056,0,0,0,ok
baseline,corpus,Judgement Document.pdf,1,5,36.0,11061656,1,1,1,ok
baseline,corpus,LKR824191.pdf,1,1,9.5,4164104,0,0,0,ok
baseline,corpus,Layer pdf - 322_High_Holborn_building_Brochure.pdf,1,3,79.0,38364232,2,0,0,ok
baseline,corpus,MOZILLA-10084-0.pdf,1,1,7.7,3233200,0,0,0,ok
baseline,corpus,MOZILLA-10225-0.pdf,1,5,35.8,23548392,1,1,1,ok
baseline,corpus,MOZILLA-10372-2.pdf,1,5,29.2,13029808,1,0,0,ok
baseline,corpus,MOZILLA-2775-1.pdf,1,5,33.7,17805088,0,0,0,ok
baseline,corpus,MOZILLA-3136-0.pdf,1,4,586.5,219981272,6,3,2,ok
baseline,corpus,MOZILLA-7375-0.pdf,1,5,35.0,16128824,1,0,0,ok
baseline,corpus,MOZILLA-9176-2.pdf,1,5,3.2,9937888,0,0,0,ok
baseline,corpus,MOZILLA-LINK-3264-0.pdf,1,5,4.3,3568856,0,0,0,ok
baseline,corpus,MOZILLA-LINK-5251-1.pdf,1,2,5.8,2288816,0,0,0,ok
baseline,corpus,Math119FakingData.pdf,1,5,19.3,9332480,0,0,0,ok
baseline,corpus,Motor Insurance claim form.pdf,1,3,188.5,69569696,2,1,1,ok
baseline,corpus,Multiple Page - from Mortality Statistics.pdf,1,5,33.8,15835000,1,0,0,ok
baseline,corpus,OPEN.RABBIT.ENGLISH.LOP.pdf,1,5,39.3,27964200,0,0,0,ok
baseline,corpus,Old Gutnish Internet Explorer.pdf,1,3,23.7,14921848,0,0,0,ok
baseline,corpus,P2P-33713919.pdf,1,5,43.4,23100616,1,0,0,ok
baseline,corpus,PDFBOX-1869-4-1.pdf,1,1,1.7,487688,0,0,0,ok
baseline,corpus,PDFBOX-492-4.jar-8.pdf,1,2,39.5,16923736,0,0,0,ok
baseline,corpus,PDFBOX-624-2.pdf,1,5,18.4,11353288,0,0,0,ok
baseline,corpus,Pig Production Handbook.pdf,1,5,15.7,11661096,0,0,0,ok
baseline,corpus,Pig Reproduction Powerpoint.pdf,1,5,6.7,9216656,0,0,0,ok
baseline,corpus,Publication_of_award_of_Bids_for_Transport_Sector__August_2016.pdf,1,5,18.3,8528320,0,0,0,ok
baseline,corpus,Rotated Text Libre Office.pdf,1,1,1.0,276984,0,0,0,ok
baseline,corpus,Rotation 45.pdf,1,4,67.4,17817224,2,1,1,ok
baseline,corpus,SPARC - v9 Architecture Manual.pdf,1,5,230.3,108578312,5,2,0,ok
baseline,corpus,SPE8EF26T0545.pdf,1,5,15.9,11406640,0,0,0,ok
baseline,corpus,ShowTextOpWithUnbalancedRoundBrackets.pdf,1,1,11.3,4638600,1,1,0,ok
baseline,corpus,Single Page Broken Offsets - from google drive.pdf,1,1,2.5,611904,0,0,0,ok
baseline,corpus,Single Page Form Content - from itext 1_1.pdf,1,1,1.8,785248,0,0,0,ok
baseline,corpus,Single Page Hyperlinks - from open office.pdf,1,1,1.1,411544,0,0,0,ok
baseline,corpus,Single Page Images - from libre office.pdf,1,1,0.7,392976,0,0,0,ok
baseline,corpus,Single Page Non Latin - from acrobat distiller.pdf,1,1,1.3,417528,0,0,0,ok
baseline,corpus,Single Page Simple - from google drive.pdf,1,1,1.5,604640,0,0,0,ok
baseline,corpus,Single Page Simple - from inkscape.pdf,1,1,0.7,171088,0,0,0,ok
baseline,corpus,Single Page Simple - from open office.pdf,1,1,0.7,291872,0,0,0,ok
baseline,corpus,Single Page Type 1 Font.pdf,1,1,0.4,85216,0,0,0,ok
baseline,corpus,SinglePage180ClockwiseRotation - from PdfPig.pdf,1,1,0.6,248640,0,0,0,ok
baseline,corpus,SinglePage270ClockwiseRotation - from PdfPig.pdf,1,1,0.6,248568,0,0,0,ok
baseline,corpus,SinglePage90ClockwiseRotation - from PdfPig.pdf,1,1,0.6,248568,0,0,0,ok
baseline,corpus,SmallCropbox.pdf,1,1,2.3,1683328,0,0,0,ok
baseline,corpus,TIKA-1552-0.pdf,1,5,43.5,23498576,2,1,0,ok
baseline,corpus,TIKA-2054-0.pdf,1,5,51.0,23790736,2,1,1,ok
baseline,corpus,TIKA-469-0.pdf,1,2,9.6,4753776,0,0,0,ok
baseline,corpus,Test.Doc.pdf,1,1,3.7,1738488,0,0,0,ok
baseline,corpus,TrueTypeTablesGlyphDataTableReadGlyphsError.pdf,1,1,11.3,4079432,0,0,0,ok
baseline,corpus,Two Page Text Only - from libre office.pdf,1,2,3.4,1750352,0,0,0,ok
baseline,corpus,Type0 Font.pdf,1,1,19.4,10340976,0,0,0,ok
baseline,corpus,Type0_CJK_Font.pdf,1,5,129.8,4917912,0,0,0,ok
baseline,corpus,Type3Test.pdf,1,1,0.8,158248,0,0,0,ok
baseline,corpus,Various Content Types.pdf,1,1,1.2,279952,0,0,0,ok
baseline,corpus,Why.does.this.not.work.pdf,1,1,3.0,1050064,0,0,0,ok
baseline,corpus,_citUR2jB1_ay56u6vELzk.pdf,1,2,3.1,2369792,0,0,0,ok
baseline,corpus,annotation-comments.pdf,1,1,1.0,295912,0,0,0,ok
baseline,corpus,bold-italic.pdf,1,1,4.2,1899280,0,0,0,ok
baseline,corpus,bookmarks-with-accented-characters.pdf,1,1,0.9,331280,0,0,0,ok
baseline,corpus,byz.pdf,1,1,7.3,2270064,1,0,0,ok
baseline,corpus,capas.pdf,1,5,12.1,8296080,0,0,0,ok
baseline,corpus,cat-genetics.pdf,1,1,10.9,6778984,0,0,0,ok
baseline,corpus,cat-genetics_bobld.pdf,1,1,10.8,7025704,0,0,0,ok
baseline,corpus,cmap-parsing-exception.pdf,1,1,28.2,13349904,0,0,0,ok
baseline,corpus,cropped-and-rotated.pdf,1,1,2.4,774896,0,0,0,ok
baseline,corpus,data.pdf,1,3,7.7,4105464,0,0,0,ok
baseline,corpus,dotnet-ai.pdf,1,5,36.2,32510224,1,1,1,ok
baseline,corpus,felltypes-test.pdf,1,1,23.1,4980560,0,0,0,ok
baseline,corpus,hex_0x0006.pdf,1,1,1.6,659472,0,0,0,ok
baseline,corpus,inherited_mediabox.pdf,1,1,0.3,54600,0,0,0,ok
baseline,corpus,iron-ore-q2-q3-2013.pdf,1,5,57.6,36693592,2,1,1,ok
baseline,corpus,issue_1163.pdf,1,2,0.7,182960,0,0,0,ok
baseline,corpus,issue_1330.pdf,1,1,0.4,56480,0,0,0,ok
baseline,corpus,issue_1331.pdf,1,1,2.5,1594616,0,0,0,ok
baseline,corpus,issue_671.pdf,1,2,33.1,18336664,1,0,0,ok
baseline,corpus,issue_881.pdf,1,1,1.6,777600,0,0,0,ok
baseline,corpus,issues-1176-1.pdf,1,1,3.6,2168040,0,0,0,ok
baseline,corpus,issues-1176.pdf,1,1,4.8,7144312,0,0,0,ok
baseline,corpus,journal.pone.0196757.pdf,1,5,61.0,35683304,0,0,0,ok
baseline,corpus,jtehm-melillo-2679746.pdf,1,5,106.6,53096416,2,1,1,ok
baseline,corpus,little-pig-in-armenian.pdf,1,1,1.0,323840,0,0,0,ok
baseline,corpus,odwriteex.pdf,1,1,1.1,784360,0,0,0,ok
baseline,corpus,outline.pdf,1,3,2.8,1120904,0,0,0,ok
baseline,corpus,output_w3c_csswg_drafts_issues2023.pdf,1,1,1.1,262144,0,0,0,ok
baseline,corpus,path_ext_oddeven.pdf,1,1,2.1,1157376,0,0,0,ok
baseline,corpus,pop-bugzilla37292.pdf,1,4,9.9,7988984,0,0,0,ok
baseline,corpus,reference-2-numeric-error.pdf,1,1,19.8,7196176,0,0,0,ok
baseline,corpus,soundandvision.pdf,1,1,2.9,2022840,0,0,0,ok
baseline,corpus,ssm2163.pdf,1,5,32.2,11263072,1,0,0,ok
baseline,corpus,steam_in_page_dict.pdf,1,1,0.5,103256,0,0,0,ok
baseline,corpus,test-2_so_74165171.pdf,1,1,137.0,41196904,1,1,1,ok
baseline,corpus,testPdf-1.pdf,1,2,6.1,6058792,0,0,0,ok
baseline,corpus,test_a-5.pdf,1,5,156.4,70167232,2,1,0,ok
baseline,corpus,test_a.pdf,1,5,180.0,69186520,3,1,1,ok
baseline,corpus,toc.pdf,1,5,9.1,7514624,0,0,0,ok
baseline,corpus,type3-font-zero-height.pdf,1,1,21.1,8061768,0,0,0,ok
baseline,corpus,0000851.pdf,2,5,343.2,122572344,4,1,1,ok
baseline,corpus,11194059_2017-11_de_s.pdf,2,2,27.2,27665896,0,0,0,ok
baseline,corpus,2006_Swedish_Touring_Car_Championship.pdf,2,4,10.3,7883120,0,0,0,ok
baseline,corpus,2108.11480.pdf,2,5,117.6,76745136,0,0,0,ok
baseline,corpus,22060_A1_01_Plans-1.pdf,2,1,31.0,9435752,1,1,1,ok
baseline,corpus,6.Secrets.to.Startup.Success.PDFDrive.pdf,2,5,27.8,24740776,1,0,0,ok
baseline,corpus,68-1990-01_A.pdf,2,5,43.9,44576648,0,0,0,ok
baseline,corpus,AcroFormsBasicFields.pdf,2,1,1.0,593832,0,0,0,ok
baseline,corpus,Approved_Document_B__fire_safety__volume_2_-_Buildings_other_than_dwellings__2019_edition_incorporating_2020_and_2022_amendments.pdf,2,5,56.1,52516648,3,3,2,ok
baseline,corpus,Arve.nr.1615.17.04.2026.pdf,2,1,1.7,1270968,0,0,0,ok
baseline,corpus,ClipPathLetterFilter-Test1.pdf,2,5,11.1,12728992,0,0,0,ok
baseline,corpus,ClipPathLetterFilter-Test2.pdf,2,1,8.6,8846800,1,0,0,ok
baseline,corpus,ColorIssue.pdf,2,1,48.5,34475032,2,2,2,ok
baseline,corpus,DeviceN_CS_test.pdf,2,5,21.7,22085528,1,0,0,ok
baseline,corpus,Diacritics_export.pdf,2,1,2.5,2354704,0,0,0,ok
baseline,corpus,EmptyPdf.pdf,2,1,0.4,37576,0,0,0,ok
baseline,corpus,ErcotFacts.pdf,2,2,16.5,14114336,0,0,0,ok
baseline,corpus,FICTIF_TABLE_INDEX.pdf,2,5,15.3,15508296,0,0,0,ok
baseline,corpus,FarmerMac.pdf,2,5,12.9,14125632,0,0,0,ok
baseline,corpus,Font Size Test - from google chrome print pdf.pdf,2,1,1.5,505536,0,0,0,ok
baseline,corpus,Font Size Test - from libre office.pdf,2,1,8.2,207448,1,1,0,ok
baseline,corpus,FontMatrix-1.pdf,2,1,0.6,216616,0,0,0,ok
baseline,corpus,FontMatrix-concat.pdf,2,1,0.2,134184,0,0,0,ok
baseline,corpus,FontMatrix-otf-bad-hmtx.pdf,2,1,1.2,753408,0,0,0,ok
baseline,corpus,FontMatrix-otf.pdf,2,1,1.2,749472,0,0,0,ok
baseline,corpus,FontMatrix-raw.pdf,2,1,1.2,690072,0,0,0,ok
baseline,corpus,GHOSTSCRIPT-692564-0.pdf,2,1,0.9,552696,0,0,0,ok
baseline,corpus,GHOSTSCRIPT-695513-0.pdf,2,1,2.5,3541504,0,0,0,ok
baseline,corpus,GHOSTSCRIPT-696171-0.pdf,2,5,10.8,11349720,0,0,0,ok
baseline,corpus,GHOSTSCRIPT-696547-0.zip-7.pdf,2,1,6.1,7366712,1,0,0,ok
baseline,corpus,GHOSTSCRIPT-696547-0.zip-9.pdf,2,1,13.7,7504392,1,1,1,ok
baseline,corpus,GHOSTSCRIPT-697234-0.pdf,2,3,28.4,22751896,1,0,0,ok
baseline,corpus,GHOSTSCRIPT-697507-0.pdf,2,1,9.6,8063912,0,0,0,ok
baseline,corpus,GHOSTSCRIPT-697984-3.pdf,2,1,3.4,1712680,0,0,0,ok
baseline,corpus,GHOSTSCRIPT-698168-0.pdf,2,1,2.3,2818968,0,0,0,ok
baseline,corpus,GHOSTSCRIPT-698363-0.pdf,2,1,4.9,465920,0,0,0,ok
baseline,corpus,GHOSTSCRIPT-698721-0.zip-6.pdf,2,2,12.0,7741072,0,0,0,ok
baseline,corpus,GHOSTSCRIPT-698721-1.pdf,2,1,1.8,2153192,0,0,0,ok
baseline,corpus,GHOSTSCRIPT-699035-0.pdf,2,5,47.6,38413528,1,0,0,ok
baseline,corpus,GHOSTSCRIPT-699178-0.pdf,2,3,8.0,8609136,0,0,0,ok
baseline,corpus,GHOSTSCRIPT-699375-5.pdf,2,1,4.2,3270840,0,0,0,ok
baseline,corpus,GHOSTSCRIPT-699488-0.pdf,2,1,9.0,8125856,0,0,0,ok
baseline,corpus,GHOSTSCRIPT-699554-0.zip-4.pdf,2,1,1.7,1656024,0,0,0,ok
baseline,corpus,GHOSTSCRIPT-700125-1.pdf,2,5,17.7,17640256,0,0,0,ok
baseline,corpus,GHOSTSCRIPT-700139-0.pdf,2,2,190.0,117646288,4,2,2,ok
baseline,corpus,GHOSTSCRIPT-700236-1.pdf,2,5,22.0,13572088,1,1,0,ok
baseline,corpus,GHOSTSCRIPT-700288-1.pdf,2,1,5.6,4643232,0,0,0,ok
baseline,corpus,GHOSTSCRIPT-700370-2.pdf,2,1,2.0,1596056,0,0,0,ok
baseline,corpus,GHOSTSCRIPT-700931-0.7z-5.pdf,2,2,1.7,1230576,0,0,0,ok
baseline,corpus,GHOSTSCRIPT-702013-1.pdf,2,1,6.4,3953016,1,0,0,ok
baseline,corpus,Gamebook.pdf,2,5,10.6,9367320,0,0,0,ok
baseline,corpus,GlyphDataTableReadCompositeGlyphError.pdf,2,1,4.7,2902736,0,0,0,ok
baseline,corpus,Grapheme clusters emoji.pdf,2,1,0.5,155224,0,0,0,ok
baseline,corpus,ICML03-081.pdf,2,5,24.7,17315624,1,0,0,ok
baseline,corpus,Indexed-DeviceRGB-JPXDecode-0-.0.0.255.0.-Font-F1_1_missing_char_255-1.pdf,2,1,25.7,17067432,0,0,0,ok
baseline,corpus,IndexedCS_negative_and_high.pdf,2,1,0.5,85056,0,0,0,ok
baseline,corpus,Judgement Document.pdf,2,5,7.9,9127904,0,0,0,ok
baseline,corpus,LKR824191.pdf,2,1,4.2,4163752,0,0,0,ok
baseline,corpus,Layer pdf - 322_High_Holborn_building_Brochure.pdf,2,3,41.8,37981744,0,0,0,ok
baseline,corpus,MOZILLA-10084-0.pdf,2,1,4.6,3227936,0,0,0,ok
baseline,corpus,MOZILLA-10225-0.pdf,2,5,15.3,23062600,0,0,0,ok
baseline,corpus,MOZILLA-10372-2.pdf,2,5,29.5,13030320,1,1,1,ok
baseline,corpus,MOZILLA-2775-1.pdf,2,5,17.6,17808416,1,0,0,ok
baseline,corpus,MOZILLA-3136-0.pdf,2,4,263.0,217930512,6,3,2,ok
baseline,corpus,MOZILLA-7375-0.pdf,2,5,31.4,16127600,1,0,0,ok
baseline,corpus,MOZILLA-9176-2.pdf,2,5,3.0,9937888,0,0,0,ok
baseline,corpus,MOZILLA-LINK-3264-0.pdf,2,5,2.2,3448256,0,0,0,ok
baseline,corpus,MOZILLA-LINK-5251-1.pdf,2,2,2.5,2210032,0,0,0,ok
baseline,corpus,Math119FakingData.pdf,2,5,8.0,9330824,0,0,0,ok
baseline,corpus,Motor Insurance claim form.pdf,2,3,110.0,68932264,2,1,1,ok
baseline,corpus,Multiple Page - from Mortality Statistics.pdf,2,5,6.8,8290144,0,0,0,ok
baseline,corpus,OPEN.RABBIT.ENGLISH.LOP.pdf,2,5,23.1,27774056,0,0,0,ok
baseline,corpus,Old Gutnish Internet Explorer.pdf,2,3,12.7,14276992,0,0,0,ok
baseline,corpus,P2P-33713919.pdf,2,5,27.0,23058872,1,0,0,ok
baseline,corpus,PDFBOX-1869-4-1.pdf,2,1,0.9,487536,0,0,0,ok
baseline,corpus,PDFBOX-492-4.jar-8.pdf,2,2,19.5,16922104,0,0,0,ok
baseline,corpus,PDFBOX-624-2.pdf,2,5,9.8,11351800,0,0,0,ok
baseline,corpus,Pig Production Handbook.pdf,2,5,8.7,11660472,0,0,0,ok
baseline,corpus,Pig Reproduction Powerpoint.pdf,2,5,5.3,9214160,0,0,0,ok
baseline,corpus,Publication_of_award_of_Bids_for_Transport_Sector__August_2016.pdf,2,5,22.9,8490696,1,1,1,ok
baseline,corpus,Rotated Text Libre Office.pdf,2,1,0.6,243760,0,0,0,ok
baseline,corpus,Rotation 45.pdf,2,4,13.0,10018568,0,0,0,ok
baseline,corpus,SPARC - v9 Architecture Manual.pdf,2,5,92.0,108577984,5,1,0,ok
baseline,corpus,SPE8EF26T0545.pdf,2,5,12.5,11399896,1,0,0,ok
baseline,corpus,ShowTextOpWithUnbalancedRoundBrackets.pdf,2,1,4.8,4638424,0,0,0,ok
baseline,corpus,Single Page Broken Offsets - from google drive.pdf,2,1,1.7,590240,0,0,0,ok
baseline,corpus,Single Page Form Content - from itext 1_1.pdf,2,1,1.0,785080,0,0,0,ok
baseline,corpus,Single Page Hyperlinks - from open office.pdf,2,1,0.7,366520,0,0,0,ok
baseline,corpus,Single Page Images - from libre office.pdf,2,1,0.5,387120,0,0,0,ok
baseline,corpus,Single Page Non Latin - from acrobat distiller.pdf,2,1,0.9,397560,0,0,0,ok
baseline,corpus,Single Page Simple - from google drive.pdf,2,1,1.6,583256,0,0,0,ok
baseline,corpus,Single Page Simple - from inkscape.pdf,2,1,0.4,154000,0,0,0,ok
baseline,corpus,Single Page Simple - from open office.pdf,2,1,0.5,268496,0,0,0,ok
baseline,corpus,Single Page Type 1 Font.pdf,2,1,0.3,85344,0,0,0,ok
baseline,corpus,SinglePage180ClockwiseRotation - from PdfPig.pdf,2,1,0.5,202368,0,0,0,ok
baseline,corpus,SinglePage270ClockwiseRotation - from PdfPig.pdf,2,1,0.5,202368,0,0,0,ok
baseline,corpus,SinglePage90ClockwiseRotation - from PdfPig.pdf,2,1,0.4,202368,0,0,0,ok
baseline,corpus,SmallCropbox.pdf,2,1,1.6,1617600,0,0,0,ok
baseline,corpus,TIKA-1552-0.pdf,2,5,19.6,23480008,0,0,0,ok
baseline,corpus,TIKA-2054-0.pdf,2,5,22.6,23583520,0,0,0,ok
baseline,corpus,TIKA-469-0.pdf,2,2,11.4,4744856,1,1,0,ok
baseline,corpus,Test.Doc.pdf,2,1,2.0,1679776,0,0,0,ok
baseline,corpus,TrueTypeTablesGlyphDataTableReadGlyphsError.pdf,2,1,5.5,3647216,0,0,0,ok
baseline,corpus,Two Page Text Only - from libre office.pdf,2,2,1.7,1587512,0,0,0,ok
baseline,corpus,Type0 Font.pdf,2,1,17.5,9790840,1,1,1,ok
baseline,corpus,Type0_CJK_Font.pdf,2,5,11.8,3271000,0,0,0,ok
baseline,corpus,Type3Test.pdf,2,1,0.5,156856,0,0,0,ok
baseline,corpus,Various Content Types.pdf,2,1,0.5,265312,0,0,0,ok
baseline,corpus,Why.does.this.not.work.pdf,2,1,1.4,1039928,0,0,0,ok
baseline,corpus,_citUR2jB1_ay56u6vELzk.pdf,2,2,1.9,2257352,0,0,0,ok
baseline,corpus,annotation-comments.pdf,2,1,0.7,283240,0,0,0,ok
baseline,corpus,bold-italic.pdf,2,1,2.5,1618288,0,0,0,ok
baseline,corpus,bookmarks-with-accented-characters.pdf,2,1,0.5,331256,0,0,0,ok
baseline,corpus,byz.pdf,2,1,2.5,2269968,0,0,0,ok
baseline,corpus,capas.pdf,2,5,8.8,8042120,1,0,0,ok
baseline,corpus,cat-genetics.pdf,2,1,5.4,6778232,0,0,0,ok
baseline,corpus,cat-genetics_bobld.pdf,2,1,5.6,7025248,0,0,0,ok
baseline,corpus,cmap-parsing-exception.pdf,2,1,17.2,13114656,0,0,0,ok
baseline,corpus,cropped-and-rotated.pdf,2,1,1.4,744056,0,0,0,ok
baseline,corpus,data.pdf,2,3,4.2,4105248,0,0,0,ok
baseline,corpus,dotnet-ai.pdf,2,5,29.2,31820320,1,1,1,ok
baseline,corpus,felltypes-test.pdf,2,1,9.2,4979600,0,0,0,ok
baseline,corpus,hex_0x0006.pdf,2,1,1.0,658728,0,0,0,ok
baseline,corpus,inherited_mediabox.pdf,2,1,0.3,54504,0,0,0,ok
baseline,corpus,iron-ore-q2-q3-2013.pdf,2,5,23.5,36514592,1,0,0,ok
baseline,corpus,issue_1163.pdf,2,2,0.4,182856,0,0,0,ok
baseline,corpus,issue_1330.pdf,2,1,0.2,56456,0,0,0,ok
baseline,corpus,issue_1331.pdf,2,1,1.8,1352544,0,0,0,ok
baseline,corpus,issue_671.pdf,2,2,21.3,17901912,0,0,0,ok
baseline,corpus,issue_881.pdf,2,1,1.2,616816,0,0,0,ok
baseline,corpus,issues-1176-1.pdf,2,1,2.3,2166992,0,0,0,ok
baseline,corpus,issues-1176.pdf,2,1,3.6,7143952,0,0,0,ok
baseline,corpus,journal.pone.0196757.pdf,2,5,45.9,35629760,1,0,0,ok
baseline,corpus,jtehm-melillo-2679746.pdf,2,5,78.2,53032472,2,1,1,ok
baseline,corpus,little-pig-in-armenian.pdf,2,1,0.8,312968,0,0,0,ok
baseline,corpus,odwriteex.pdf,2,1,0.9,784264,0,0,0,ok
baseline,corpus,outline.pdf,2,3,1.9,1087568,0,0,0,ok
baseline,corpus,output_w3c_csswg_drafts_issues2023.pdf,2,1,0.6,261912,0,0,0,ok
baseline,corpus,path_ext_oddeven.pdf,2,1,1.8,1041912,0,0,0,ok
baseline,corpus,pop-bugzilla37292.pdf,2,4,7.7,7622912,0,0,0,ok
baseline,corpus,reference-2-numeric-error.pdf,2,1,9.1,7193704,0,0,0,ok
baseline,corpus,soundandvision.pdf,2,1,2.4,1857000,0,0,0,ok
baseline,corpus,ssm2163.pdf,2,5,9.5,10616776,0,0,0,ok
baseline,corpus,steam_in_page_dict.pdf,2,1,0.4,102952,0,0,0,ok
baseline,corpus,test-2_so_74165171.pdf,2,1,63.3,41192344,1,1,0,ok
baseline,corpus,testPdf-1.pdf,2,2,21.1,5704840,1,0,0,ok
baseline,corpus,test_a-5.pdf,2,5,73.1,69748824,2,1,1,ok
baseline,corpus,test_a.pdf,2,5,74.0,68894216,1,0,0,ok
baseline,corpus,toc.pdf,2,5,7.9,7514448,0,0,0,ok
baseline,corpus,type3-font-zero-height.pdf,2,1,9.7,8056264,0,0,0,ok
baseline,corpus,0000851.pdf,3,5,223.3,122547512,5,3,1,ok
baseline,corpus,11194059_2017-11_de_s.pdf,3,2,25.8,27547680,0,0,0,ok
baseline,corpus,2006_Swedish_Touring_Car_Championship.pdf,3,4,9.0,7666976,0,0,0,ok
baseline,corpus,2108.11480.pdf,3,5,75.9,76142400,0,0,0,ok
baseline,corpus,22060_A1_01_Plans-1.pdf,3,1,6.3,9433640,0,0,0,ok
baseline,corpus,6.Secrets.to.Startup.Success.PDFDrive.pdf,3,5,51.8,24742680,2,1,1,ok
baseline,corpus,68-1990-01_A.pdf,3,5,43.0,44326760,0,0,0,ok
baseline,corpus,AcroFormsBasicFields.pdf,3,1,0.9,593832,0,0,0,ok
baseline,corpus,Approved_Document_B__fire_safety__volume_2_-_Buildings_other_than_dwellings__2019_edition_incorporating_2020_and_2022_amendments.pdf,3,5,47.4,52514968,2,1,1,ok
baseline,corpus,Arve.nr.1615.17.04.2026.pdf,3,1,1.7,1193736,0,0,0,ok
baseline,corpus,ClipPathLetterFilter-Test1.pdf,3,5,10.7,12173056,0,0,0,ok
baseline,corpus,ClipPathLetterFilter-Test2.pdf,3,1,6.9,8697712,0,0,0,ok
baseline,corpus,ColorIssue.pdf,3,1,36.1,34353832,1,1,1,ok
baseline,corpus,DeviceN_CS_test.pdf,3,5,20.0,21628272,1,0,0,ok
baseline,corpus,Diacritics_export.pdf,3,1,2.0,2350584,0,0,0,ok
baseline,corpus,EmptyPdf.pdf,3,1,0.2,37576,0,0,0,ok
baseline,corpus,ErcotFacts.pdf,3,2,13.4,13717520,0,0,0,ok
baseline,corpus,FICTIF_TABLE_INDEX.pdf,3,5,21.8,14874648,1,1,1,ok
baseline,corpus,FarmerMac.pdf,3,5,13.0,13732288,1,0,0,ok
baseline,corpus,Font Size Test - from google chrome print pdf.pdf,3,1,0.9,480496,0,0,0,ok
baseline,corpus,Font Size Test - from libre office.pdf,3,1,0.4,193480,0,0,0,ok
baseline,corpus,FontMatrix-1.pdf,3,1,0.3,216408,0,0,0,ok
baseline,corpus,FontMatrix-concat.pdf,3,1,0.2,134184,0,0,0,ok
baseline,corpus,FontMatrix-otf-bad-hmtx.pdf,3,1,1.2,757528,0,0,0,ok
baseline,corpus,FontMatrix-otf.pdf,3,1,1.1,749472,0,0,0,ok
baseline,corpus,FontMatrix-raw.pdf,3,1,1.2,690072,0,0,0,ok
baseline,corpus,GHOSTSCRIPT-692564-0.pdf,3,1,0.7,552696,0,0,0,ok
baseline,corpus,GHOSTSCRIPT-695513-0.pdf,3,1,3.2,3541504,0,0,0,ok
baseline,corpus,GHOSTSCRIPT-696171-0.pdf,3,5,11.4,11349720,1,1,0,ok
baseline,corpus,GHOSTSCRIPT-696547-0.zip-7.pdf,3,1,3.8,7366920,0,0,0,ok
baseline,corpus,GHOSTSCRIPT-696547-0.zip-9.pdf,3,1,3.6,7366320,0,0,0,ok
baseline,corpus,GHOSTSCRIPT-697234-0.pdf,3,3,28.8,22751632,2,1,0,ok
baseline,corpus,GHOSTSCRIPT-697507-0.pdf,3,1,8.1,7998264,0,0,0,ok
baseline,corpus,GHOSTSCRIPT-697984-3.pdf,3,1,2.2,1652392,0,0,0,ok
baseline,corpus,GHOSTSCRIPT-698168-0.pdf,3,1,2.0,2818968,0,0,0,ok
baseline,corpus,GHOSTSCRIPT-698363-0.pdf,3,1,1.6,465080,0,0,0,ok
baseline,corpus,GHOSTSCRIPT-698721-0.zip-6.pdf,3,2,6.1,7741072,0,0,0,ok
baseline,corpus,GHOSTSCRIPT-698721-1.pdf,3,1,1.4,2153192,0,0,0,ok
baseline,corpus,GHOSTSCRIPT-699035-0.pdf,3,5,44.7,38413528,1,1,0,ok
baseline,corpus,GHOSTSCRIPT-699178-0.pdf,3,3,6.6,8437008,0,0,0,ok
baseline,corpus,GHOSTSCRIPT-699375-5.pdf,3,1,9.7,3074808,1,1,0,ok
baseline,corpus,GHOSTSCRIPT-699488-0.pdf,3,1,6.7,8126064,0,0,0,ok
baseline,corpus,GHOSTSCRIPT-699554-0.zip-4.pdf,3,1,1.4,1656024,0,0,0,ok
baseline,corpus,GHOSTSCRIPT-700125-1.pdf,3,5,12.6,17640256,1,0,0,ok
baseline,corpus,GHOSTSCRIPT-700139-0.pdf,3,2,122.1,116177248,3,2,1,ok
baseline,corpus,GHOSTSCRIPT-700236-1.pdf,3,5,16.3,13572088,0,0,0,ok
baseline,corpus,GHOSTSCRIPT-700288-1.pdf,3,1,5.7,4642936,0,0,0,ok
baseline,corpus,GHOSTSCRIPT-700370-2.pdf,3,1,2.4,1596056,0,0,0,ok
baseline,corpus,GHOSTSCRIPT-700931-0.7z-5.pdf,3,2,1.6,1230576,0,0,0,ok
baseline,corpus,GHOSTSCRIPT-702013-1.pdf,3,1,4.5,3953016,0,0,0,ok
baseline,corpus,Gamebook.pdf,3,5,11.5,9367112,0,0,0,ok
baseline,corpus,GlyphDataTableReadCompositeGlyphError.pdf,3,1,22.7,2902736,1,1,0,ok
baseline,corpus,Grapheme clusters emoji.pdf,3,1,0.6,155432,0,0,0,ok
baseline,corpus,ICML03-081.pdf,3,5,20.6,17315624,1,0,0,ok
baseline,corpus,Indexed-DeviceRGB-JPXDecode-0-.0.0.255.0.-Font-F1_1_missing_char_255-1.pdf,3,1,23.2,17067432,0,0,0,ok
baseline,corpus,IndexedCS_negative_and_high.pdf,3,1,0.4,85056,0,0,0,ok
baseline,corpus,Judgement Document.pdf,3,5,7.2,9127904,0,0,0,ok
baseline,corpus,LKR824191.pdf,3,1,2.9,4163752,0,0,0,ok
baseline,corpus,Layer pdf - 322_High_Holborn_building_Brochure.pdf,3,3,48.8,37853296,2,1,1,ok
baseline,corpus,MOZILLA-10084-0.pdf,3,1,3.3,3232320,0,0,0,ok
baseline,corpus,MOZILLA-10225-0.pdf,3,5,14.5,23062688,0,0,0,ok
baseline,corpus,MOZILLA-10372-2.pdf,3,5,10.1,13027528,0,0,0,ok
baseline,corpus,MOZILLA-2775-1.pdf,3,5,27.1,17942040,1,1,1,ok
baseline,corpus,MOZILLA-3136-0.pdf,3,4,270.8,217799472,7,3,2,ok
baseline,corpus,MOZILLA-7375-0.pdf,3,5,15.7,16127600,1,0,0,ok
baseline,corpus,MOZILLA-9176-2.pdf,3,5,2.2,9937888,0,0,0,ok
baseline,corpus,MOZILLA-LINK-3264-0.pdf,3,5,2.1,3448256,0,0,0,ok
baseline,corpus,MOZILLA-LINK-5251-1.pdf,3,2,2.2,2210032,0,0,0,ok
baseline,corpus,Math119FakingData.pdf,3,5,7.8,9330824,0,0,0,ok
baseline,corpus,Motor Insurance claim form.pdf,3,3,92.4,68932264,2,1,1,ok
baseline,corpus,Multiple Page - from Mortality Statistics.pdf,3,5,6.8,8290144,0,0,0,ok
baseline,corpus,OPEN.RABBIT.ENGLISH.LOP.pdf,3,5,37.2,27774056,1,0,0,ok
baseline,corpus,Old Gutnish Internet Explorer.pdf,3,3,12.0,14277200,0,0,0,ok
baseline,corpus,P2P-33713919.pdf,3,5,13.2,23058872,0,0,0,ok
baseline,corpus,PDFBOX-1869-4-1.pdf,3,1,0.8,487328,0,0,0,ok
baseline,corpus,PDFBOX-492-4.jar-8.pdf,3,2,18.8,16922104,0,0,0,ok
baseline,corpus,PDFBOX-624-2.pdf,3,5,9.9,11351800,0,0,0,ok
baseline,corpus,Pig Production Handbook.pdf,3,5,8.6,11660472,0,0,0,ok
baseline,corpus,Pig Reproduction Powerpoint.pdf,3,5,5.1,9214160,0,0,0,ok
baseline,corpus,Publication_of_award_of_Bids_for_Transport_Sector__August_2016.pdf,3,5,25.2,8490696,1,1,1,ok
baseline,corpus,Rotated Text Libre Office.pdf,3,1,0.7,243760,0,0,0,ok
baseline,corpus,Rotation 45.pdf,3,4,13.9,10019088,1,0,0,ok
baseline,corpus,SPARC - v9 Architecture Manual.pdf,3,5,96.5,108578192,4,1,0,ok
baseline,corpus,SPE8EF26T0545.pdf,3,5,19.0,11399896,1,1,0,ok
baseline,corpus,ShowTextOpWithUnbalancedRoundBrackets.pdf,3,1,5.8,4638424,0,0,0,ok
baseline,corpus,Single Page Broken Offsets - from google drive.pdf,3,1,2.1,590240,0,0,0,ok
baseline,corpus,Single Page Form Content - from itext 1_1.pdf,3,1,1.2,785080,0,0,0,ok
baseline,corpus,Single Page Hyperlinks - from open office.pdf,3,1,0.9,366520,0,0,0,ok
baseline,corpus,Single Page Images - from libre office.pdf,3,1,0.7,387120,0,0,0,ok
baseline,corpus,Single Page Non Latin - from acrobat distiller.pdf,3,1,1.1,397560,0,0,0,ok
baseline,corpus,Single Page Simple - from google drive.pdf,3,1,1.3,583256,0,0,0,ok
baseline,corpus,Single Page Simple - from inkscape.pdf,3,1,0.6,154000,0,0,0,ok
baseline,corpus,Single Page Simple - from open office.pdf,3,1,2.8,268496,1,0,0,ok
baseline,corpus,Single Page Type 1 Font.pdf,3,1,0.5,85552,0,0,0,ok
baseline,corpus,SinglePage180ClockwiseRotation - from PdfPig.pdf,3,1,0.8,202368,0,0,0,ok
baseline,corpus,SinglePage270ClockwiseRotation - from PdfPig.pdf,3,1,1.0,202368,0,0,0,ok
baseline,corpus,SinglePage90ClockwiseRotation - from PdfPig.pdf,3,1,0.8,202368,0,0,0,ok
baseline,corpus,SmallCropbox.pdf,3,1,2.1,1617600,0,0,0,ok
baseline,corpus,TIKA-1552-0.pdf,3,5,34.6,23480008,1,1,0,ok
baseline,corpus,TIKA-2054-0.pdf,3,5,31.1,23583728,1,0,0,ok
baseline,corpus,TIKA-469-0.pdf,3,2,6.1,4745064,0,0,0,ok
baseline,corpus,Test.Doc.pdf,3,1,2.8,1679568,0,0,0,ok
baseline,corpus,TrueTypeTablesGlyphDataTableReadGlyphsError.pdf,3,1,7.2,3647216,0,0,0,ok
baseline,corpus,Two Page Text Only - from libre office.pdf,3,2,2.3,1587512,0,0,0,ok
baseline,corpus,Type0 Font.pdf,3,1,24.7,9790840,1,1,1,ok
baseline,corpus,Type0_CJK_Font.pdf,3,5,12.0,3271000,0,0,0,ok
baseline,corpus,Type3Test.pdf,3,1,0.5,156856,0,0,0,ok
baseline,corpus,Various Content Types.pdf,3,1,0.5,265312,0,0,0,ok
baseline,corpus,Why.does.this.not.work.pdf,3,1,1.8,1039928,0,0,0,ok
baseline,corpus,_citUR2jB1_ay56u6vELzk.pdf,3,2,2.4,2257352,0,0,0,ok
baseline,corpus,annotation-comments.pdf,3,1,0.7,283240,0,0,0,ok
baseline,corpus,bold-italic.pdf,3,1,2.8,1618288,0,0,0,ok
baseline,corpus,bookmarks-with-accented-characters.pdf,3,1,0.6,331256,0,0,0,ok
baseline,corpus,byz.pdf,3,1,2.9,2269968,0,0,0,ok
baseline,corpus,capas.pdf,3,5,9.5,8042120,1,0,0,ok
baseline,corpus,cat-genetics.pdf,3,1,6.5,6778232,0,0,0,ok
baseline,corpus,cat-genetics_bobld.pdf,3,1,6.6,7025248,0,0,0,ok
baseline,corpus,cmap-parsing-exception.pdf,3,1,20.4,13114656,0,0,0,ok
baseline,corpus,cropped-and-rotated.pdf,3,1,1.5,744056,0,0,0,ok
baseline,corpus,data.pdf,3,3,4.9,4105248,0,0,0,ok
baseline,corpus,dotnet-ai.pdf,3,5,23.4,31750976,1,0,0,ok
baseline,corpus,felltypes-test.pdf,3,1,10.5,4974992,0,0,0,ok
baseline,corpus,hex_0x0006.pdf,3,1,1.1,658728,0,0,0,ok
baseline,corpus,inherited_mediabox.pdf,3,1,0.3,54504,0,0,0,ok
baseline,corpus,iron-ore-q2-q3-2013.pdf,3,5,35.9,36587528,2,1,1,ok
baseline,corpus,issue_1163.pdf,3,2,0.5,182912,0,0,0,ok
baseline,corpus,issue_1330.pdf,3,1,0.2,56456,0,0,0,ok
baseline,corpus,issue_1331.pdf,3,1,1.9,1352544,0,0,0,ok
baseline,corpus,issue_671.pdf,3,2,22.1,17901912,0,0,0,ok
baseline,corpus,issue_881.pdf,3,1,1.3,616816,0,0,0,ok
baseline,corpus,issues-1176-1.pdf,3,1,2.4,2166992,0,0,0,ok
baseline,corpus,issues-1176.pdf,3,1,3.1,7143952,0,0,0,ok
baseline,corpus,journal.pone.0196757.pdf,3,5,44.0,35630192,1,0,0,ok
baseline,corpus,jtehm-melillo-2679746.pdf,3,5,95.3,53032472,2,2,1,ok
baseline,corpus,little-pig-in-armenian.pdf,3,1,1.1,312968,0,0,0,ok
baseline,corpus,odwriteex.pdf,3,1,1.3,784264,0,0,0,ok
baseline,corpus,outline.pdf,3,3,2.3,1087568,0,0,0,ok
baseline,corpus,output_w3c_csswg_drafts_issues2023.pdf,3,1,0.7,261912,0,0,0,ok
baseline,corpus,path_ext_oddeven.pdf,3,1,1.9,1041912,0,0,0,ok
baseline,corpus,pop-bugzilla37292.pdf,3,4,18.5,7622912,1,0,0,ok
baseline,corpus,reference-2-numeric-error.pdf,3,1,11.9,7193912,0,0,0,ok
baseline,corpus,soundandvision.pdf,3,1,3.2,1857000,0,0,0,ok
baseline,corpus,ssm2163.pdf,3,5,13.5,10616776,0,0,0,ok
baseline,corpus,steam_in_page_dict.pdf,3,1,0.6,102952,0,0,0,ok
baseline,corpus,test-2_so_74165171.pdf,3,1,63.7,41192344,0,0,0,ok
baseline,corpus,testPdf-1.pdf,3,2,50.0,5704632,1,1,0,ok
baseline,corpus,test_a-5.pdf,3,5,104.0,69748824,2,1,1,ok
baseline,corpus,test_a.pdf,3,5,97.2,69287480,1,0,0,ok
baseline,corpus,toc.pdf,3,5,10.3,7514448,0,0,0,ok
baseline,corpus,type3-font-zero-height.pdf,3,1,12.4,8056264,0,0,0,ok
scanner-only,corpus,0000851.pdf,1,5,1460.5,165936352,6,2,2,ok
scanner-only,corpus,11194059_2017-11_de_s.pdf,1,2,164.8,27828112,2,1,1,ok
scanner-only,corpus,2006_Swedish_Touring_Car_Championship.pdf,1,4,36.6,7848656,0,0,0,ok
scanner-only,corpus,2108.11480.pdf,1,5,228.0,76573792,2,1,0,ok
scanner-only,corpus,22060_A1_01_Plans-1.pdf,1,1,27.9,9377736,1,1,1,ok
scanner-only,corpus,6.Secrets.to.Startup.Success.PDFDrive.pdf,1,5,87.0,24744456,1,0,0,ok
scanner-only,corpus,68-1990-01_A.pdf,1,5,215.5,65076288,4,2,2,ok
scanner-only,corpus,AcroFormsBasicFields.pdf,1,1,1.6,595912,0,0,0,ok
scanner-only,corpus,Approved_Document_B__fire_safety__volume_2_-_Buildings_other_than_dwellings__2019_edition_incorporating_2020_and_2022_amendments.pdf,1,5,103.9,52108712,2,1,1,ok
scanner-only,corpus,Arve.nr.1615.17.04.2026.pdf,1,1,4.0,1270984,0,0,0,ok
scanner-only,corpus,ClipPathLetterFilter-Test1.pdf,1,5,103.4,41545680,3,2,2,ok
scanner-only,corpus,ClipPathLetterFilter-Test2.pdf,1,1,29.8,8847440,1,0,0,ok
scanner-only,corpus,ColorIssue.pdf,1,1,107.9,34171912,3,2,2,ok
scanner-only,corpus,DeviceN_CS_test.pdf,1,5,66.8,22079504,1,1,1,ok
scanner-only,corpus,Diacritics_export.pdf,1,1,9.1,2357824,1,0,0,ok
scanner-only,corpus,EmptyPdf.pdf,1,1,0.6,38424,0,0,0,ok
scanner-only,corpus,ErcotFacts.pdf,1,2,52.1,13767928,0,0,0,ok
scanner-only,corpus,FICTIF_TABLE_INDEX.pdf,1,5,48.6,15510744,0,0,0,ok
scanner-only,corpus,FarmerMac.pdf,1,5,62.0,14096528,0,0,0,ok
scanner-only,corpus,Font Size Test - from google chrome print pdf.pdf,1,1,2.4,505192,0,0,0,ok
scanner-only,corpus,Font Size Test - from libre office.pdf,1,1,1.5,202368,0,0,0,ok
scanner-only,corpus,FontMatrix-1.pdf,1,1,0.9,216480,0,0,0,ok
scanner-only,corpus,FontMatrix-concat.pdf,1,1,0.3,134320,0,0,0,ok
scanner-only,corpus,FontMatrix-otf-bad-hmtx.pdf,1,1,4.9,750416,0,0,0,ok
scanner-only,corpus,FontMatrix-otf.pdf,1,1,2.6,742536,0,0,0,ok
scanner-only,corpus,FontMatrix-raw.pdf,1,1,2.5,683208,0,0,0,ok
scanner-only,corpus,GHOSTSCRIPT-692564-0.pdf,1,1,4.7,547824,0,0,0,ok
scanner-only,corpus,GHOSTSCRIPT-695513-0.pdf,1,1,13.7,3522080,1,0,0,ok
scanner-only,corpus,GHOSTSCRIPT-696171-0.pdf,1,5,44.8,11336536,0,0,0,ok
scanner-only,corpus,GHOSTSCRIPT-696547-0.zip-7.pdf,1,1,37.4,7493280,1,1,1,ok
scanner-only,corpus,GHOSTSCRIPT-696547-0.zip-9.pdf,1,1,24.2,7355456,0,0,0,ok
scanner-only,corpus,GHOSTSCRIPT-697234-0.pdf,1,3,128.2,22683096,1,0,0,ok
scanner-only,corpus,GHOSTSCRIPT-697507-0.pdf,1,1,26.4,7974168,0,0,0,ok
scanner-only,corpus,GHOSTSCRIPT-697984-3.pdf,1,1,8.2,1698064,0,0,0,ok
scanner-only,corpus,GHOSTSCRIPT-698168-0.pdf,1,1,7.7,2816472,0,0,0,ok
scanner-only,corpus,GHOSTSCRIPT-698363-0.pdf,1,1,12.6,476960,0,0,0,ok
scanner-only,corpus,GHOSTSCRIPT-698721-0.zip-6.pdf,1,2,20.3,7317800,0,0,0,ok
scanner-only,corpus,GHOSTSCRIPT-698721-1.pdf,1,1,4.6,2031984,0,0,0,ok
scanner-only,corpus,GHOSTSCRIPT-699035-0.pdf,1,5,182.7,38422056,3,1,1,ok
scanner-only,corpus,GHOSTSCRIPT-699178-0.pdf,1,3,25.2,8591432,0,0,0,ok
scanner-only,corpus,GHOSTSCRIPT-699375-5.pdf,1,1,9.7,3266624,0,0,0,ok
scanner-only,corpus,GHOSTSCRIPT-699488-0.pdf,1,1,24.4,8122256,0,0,0,ok
scanner-only,corpus,GHOSTSCRIPT-699554-0.zip-4.pdf,1,1,5.1,1650168,0,0,0,ok
scanner-only,corpus,GHOSTSCRIPT-700125-1.pdf,1,5,66.3,17688520,1,0,0,ok
scanner-only,corpus,GHOSTSCRIPT-700139-0.pdf,1,2,403.1,117870048,5,2,2,ok
scanner-only,corpus,GHOSTSCRIPT-700236-1.pdf,1,5,42.7,13447840,0,0,0,ok
scanner-only,corpus,GHOSTSCRIPT-700288-1.pdf,1,1,20.3,4618136,0,0,0,ok
scanner-only,corpus,GHOSTSCRIPT-700370-2.pdf,1,1,5.0,1734776,0,0,0,ok
scanner-only,corpus,GHOSTSCRIPT-700931-0.7z-5.pdf,1,2,3.9,1222072,0,0,0,ok
scanner-only,corpus,GHOSTSCRIPT-702013-1.pdf,1,1,12.3,3791496,0,0,0,ok
scanner-only,corpus,Gamebook.pdf,1,5,182.2,150811592,9,9,8,ok
scanner-only,corpus,GlyphDataTableReadCompositeGlyphError.pdf,1,1,19.4,3793288,0,0,0,ok
scanner-only,corpus,Grapheme clusters emoji.pdf,1,1,0.9,149672,0,0,0,ok
scanner-only,corpus,ICML03-081.pdf,1,5,63.1,17361976,1,0,0,ok
scanner-only,corpus,Indexed-DeviceRGB-JPXDecode-0-.0.0.255.0.-Font-F1_1_missing_char_255-1.pdf,1,1,54.8,17001784,0,0,0,ok
scanner-only,corpus,IndexedCS_negative_and_high.pdf,1,1,1.1,81744,0,0,0,ok
scanner-only,corpus,Judgement Document.pdf,1,5,45.1,11061656,1,1,1,ok
scanner-only,corpus,LKR824191.pdf,1,1,16.4,4165016,1,0,0,ok
scanner-only,corpus,Layer pdf - 322_High_Holborn_building_Brochure.pdf,1,3,169.7,38364440,1,0,0,ok
scanner-only,corpus,MOZILLA-10084-0.pdf,1,1,11.0,3213352,0,0,0,ok
scanner-only,corpus,MOZILLA-10225-0.pdf,1,5,42.7,23482600,1,1,1,ok
scanner-only,corpus,MOZILLA-10372-2.pdf,1,5,40.8,13029808,1,0,0,ok
scanner-only,corpus,MOZILLA-2775-1.pdf,1,5,49.5,17723856,0,0,0,ok
scanner-only,corpus,MOZILLA-3136-0.pdf,1,4,724.3,219850176,6,3,2,ok
scanner-only,corpus,MOZILLA-7375-0.pdf,1,5,49.8,16140944,1,0,0,ok
scanner-only,corpus,MOZILLA-9176-2.pdf,1,5,2.9,9937888,0,0,0,ok
scanner-only,corpus,MOZILLA-LINK-3264-0.pdf,1,5,5.9,3432984,0,0,0,ok
scanner-only,corpus,MOZILLA-LINK-5251-1.pdf,1,2,9.5,2280816,0,0,0,ok
scanner-only,corpus,Math119FakingData.pdf,1,5,29.9,9253608,0,0,0,ok
scanner-only,corpus,Motor Insurance claim form.pdf,1,3,268.1,69472176,3,1,1,ok
scanner-only,corpus,Multiple Page - from Mortality Statistics.pdf,1,5,32.6,15809952,0,0,0,ok
scanner-only,corpus,OPEN.RABBIT.ENGLISH.LOP.pdf,1,5,54.1,27965992,0,0,0,ok
scanner-only,corpus,Old Gutnish Internet Explorer.pdf,1,3,37.2,14915464,1,0,0,ok
scanner-only,corpus,P2P-33713919.pdf,1,5,38.1,23045584,0,0,0,ok
scanner-only,corpus,PDFBOX-1869-4-1.pdf,1,1,1.8,410792,0,0,0,ok
scanner-only,corpus,PDFBOX-492-4.jar-8.pdf,1,2,41.5,16857184,0,0,0,ok
scanner-only,corpus,PDFBOX-624-2.pdf,1,5,20.0,11332840,0,0,0,ok
scanner-only,corpus,Pig Production Handbook.pdf,1,5,16.7,11473760,0,0,0,ok
scanner-only,corpus,Pig Reproduction Powerpoint.pdf,1,5,6.8,9154000,0,0,0,ok
scanner-only,corpus,Publication_of_award_of_Bids_for_Transport_Sector__August_2016.pdf,1,5,36.2,8727768,1,1,1,ok
scanner-only,corpus,Rotated Text Libre Office.pdf,1,1,0.9,271864,0,0,0,ok
scanner-only,corpus,Rotation 45.pdf,1,4,38.9,17593632,1,0,0,ok
scanner-only,corpus,SPARC - v9 Architecture Manual.pdf,1,5,177.8,73961728,1,0,0,ok
scanner-only,corpus,SPE8EF26T0545.pdf,1,5,44.6,11406640,1,0,0,ok
scanner-only,corpus,ShowTextOpWithUnbalancedRoundBrackets.pdf,1,1,8.7,4630568,0,0,0,ok
scanner-only,corpus,Single Page Broken Offsets - from google drive.pdf,1,1,2.1,611696,0,0,0,ok
scanner-only,corpus,Single Page Form Content - from itext 1_1.pdf,1,1,1.6,786160,0,0,0,ok
scanner-only,corpus,Single Page Hyperlinks - from open office.pdf,1,1,1.0,405816,0,0,0,ok
scanner-only,corpus,Single Page Images - from libre office.pdf,1,1,0.7,384320,0,0,0,ok
scanner-only,corpus,Single Page Non Latin - from acrobat distiller.pdf,1,1,1.3,416304,0,0,0,ok
scanner-only,corpus,Single Page Simple - from google drive.pdf,1,1,1.5,604640,0,0,0,ok
scanner-only,corpus,Single Page Simple - from inkscape.pdf,1,1,0.6,167096,0,0,0,ok
scanner-only,corpus,Single Page Simple - from open office.pdf,1,1,0.7,292784,0,0,0,ok
scanner-only,corpus,Single Page Type 1 Font.pdf,1,1,0.3,85600,0,0,0,ok
scanner-only,corpus,SinglePage180ClockwiseRotation - from PdfPig.pdf,1,1,0.6,247880,0,0,0,ok
scanner-only,corpus,SinglePage270ClockwiseRotation - from PdfPig.pdf,1,1,0.6,247808,0,0,0,ok
scanner-only,corpus,SinglePage90ClockwiseRotation - from PdfPig.pdf,1,1,0.6,247808,0,0,0,ok
scanner-only,corpus,SmallCropbox.pdf,1,1,2.4,1618296,0,0,0,ok
scanner-only,corpus,TIKA-1552-0.pdf,1,5,46.9,23505432,2,1,1,ok
scanner-only,corpus,TIKA-2054-0.pdf,1,5,30.5,21595360,0,0,0,ok
scanner-only,corpus,TIKA-469-0.pdf,1,2,7.8,4687320,0,0,0,ok
scanner-only,corpus,Test.Doc.pdf,1,1,3.0,1738488,0,0,0,ok
scanner-only,corpus,TrueTypeTablesGlyphDataTableReadGlyphsError.pdf,1,1,12.7,4079432,0,0,0,ok
scanner-only,corpus,Two Page Text Only - from libre office.pdf,1,2,2.6,1734664,0,0,0,ok
scanner-only,corpus,Type0 Font.pdf,1,1,12.5,10340408,0,0,0,ok
scanner-only,corpus,Type0_CJK_Font.pdf,1,5,78.6,4863264,0,0,0,ok
scanner-only,corpus,Type3Test.pdf,1,1,0.6,156664,0,0,0,ok
scanner-only,corpus,Various Content Types.pdf,1,1,0.9,271696,0,0,0,ok
scanner-only,corpus,Why.does.this.not.work.pdf,1,1,2.1,1050064,0,0,0,ok
scanner-only,corpus,_citUR2jB1_ay56u6vELzk.pdf,1,2,2.9,2368744,0,0,0,ok
scanner-only,corpus,annotation-comments.pdf,1,1,0.8,295912,0,0,0,ok
scanner-only,corpus,bold-italic.pdf,1,1,4.2,1898320,0,0,0,ok
scanner-only,corpus,bookmarks-with-accented-characters.pdf,1,1,0.7,331280,0,0,0,ok
scanner-only,corpus,byz.pdf,1,1,5.5,2270976,1,0,0,ok
scanner-only,corpus,capas.pdf,1,5,11.1,8261960,0,0,0,ok
scanner-only,corpus,cat-genetics.pdf,1,1,8.6,6762760,0,0,0,ok
scanner-only,corpus,cat-genetics_bobld.pdf,1,1,9.0,7031272,0,0,0,ok
scanner-only,corpus,cmap-parsing-exception.pdf,1,1,31.9,13351904,1,1,0,ok
scanner-only,corpus,cropped-and-rotated.pdf,1,1,1.9,775104,0,0,0,ok
scanner-only,corpus,data.pdf,1,3,6.6,4097664,0,0,0,ok
scanner-only,corpus,dotnet-ai.pdf,1,5,31.1,32342272,1,1,1,ok
scanner-only,corpus,felltypes-test.pdf,1,1,17.9,4980560,1,0,0,ok
scanner-only,corpus,hex_0x0006.pdf,1,1,1.6,659680,0,0,0,ok
scanner-only,corpus,inherited_mediabox.pdf,1,1,0.3,54736,0,0,0,ok
scanner-only,corpus,iron-ore-q2-q3-2013.pdf,1,5,52.2,37213976,2,1,1,ok
scanner-only,corpus,issue_1163.pdf,1,2,0.6,183880,0,0,0,ok
scanner-only,corpus,issue_1330.pdf,1,1,0.3,56864,0,0,0,ok
scanner-only,corpus,issue_1331.pdf,1,1,2.4,1592688,0,0,0,ok
scanner-only,corpus,issue_671.pdf,1,2,27.4,18319080,1,0,0,ok
scanner-only,corpus,issue_881.pdf,1,1,1.6,778128,0,0,0,ok
scanner-only,corpus,issues-1176-1.pdf,1,1,3.3,2167160,0,0,0,ok
scanner-only,corpus,issues-1176.pdf,1,1,4.7,7145224,0,0,0,ok
scanner-only,corpus,journal.pone.0196757.pdf,1,5,51.3,35447592,0,0,0,ok
scanner-only,corpus,jtehm-melillo-2679746.pdf,1,5,98.6,52742400,3,1,1,ok
scanner-only,corpus,little-pig-in-armenian.pdf,1,1,1.1,318792,0,0,0,ok
scanner-only,corpus,odwriteex.pdf,1,1,1.1,780864,0,0,0,ok
scanner-only,corpus,outline.pdf,1,3,2.8,1120904,0,0,0,ok
scanner-only,corpus,output_w3c_csswg_drafts_issues2023.pdf,1,1,0.7,235296,0,0,0,ok
scanner-only,corpus,path_ext_oddeven.pdf,1,1,2.2,1155328,0,0,0,ok
scanner-only,corpus,pop-bugzilla37292.pdf,1,4,9.9,7962088,0,0,0,ok
scanner-only,corpus,reference-2-numeric-error.pdf,1,1,16.7,7150456,0,0,0,ok
scanner-only,corpus,soundandvision.pdf,1,1,3.7,2022496,0,0,0,ok
scanner-only,corpus,ssm2163.pdf,1,5,18.0,10918200,0,0,0,ok
scanner-only,corpus,steam_in_page_dict.pdf,1,1,0.5,103432,0,0,0,ok
scanner-only,corpus,test-2_so_74165171.pdf,1,1,124.1,41193976,1,0,0,ok
scanner-only,corpus,testPdf-1.pdf,1,2,20.4,6058168,1,1,1,ok
scanner-only,corpus,test_a-5.pdf,1,5,108.7,70130008,2,1,0,ok
scanner-only,corpus,test_a.pdf,1,5,103.6,69149088,3,1,1,ok
scanner-only,corpus,toc.pdf,1,5,6.1,7516624,0,0,0,ok
scanner-only,corpus,type3-font-zero-height.pdf,1,1,18.8,8054128,0,0,0,ok
scanner-only,corpus,0000851.pdf,2,5,322.6,118446880,3,1,1,ok
scanner-only,corpus,11194059_2017-11_de_s.pdf,2,2,23.7,27670688,0,0,0,ok
scanner-only,corpus,2006_Swedish_Touring_Car_Championship.pdf,2,4,7.6,7846840,0,0,0,ok
scanner-only,corpus,2108.11480.pdf,2,5,136.5,76420264,4,2,0,ok
scanner-only,corpus,22060_A1_01_Plans-1.pdf,2,1,4.6,9372736,0,0,0,ok
scanner-only,corpus,6.Secrets.to.Startup.Success.PDFDrive.pdf,2,5,22.5,24670056,0,0,0,ok
scanner-only,corpus,68-1990-01_A.pdf,2,5,62.8,44648856,2,1,1,ok
scanner-only,corpus,AcroFormsBasicFields.pdf,2,1,0.8,594096,0,0,0,ok
scanner-only,corpus,Approved_Document_B__fire_safety__volume_2_-_Buildings_other_than_dwellings__2019_edition_incorporating_2020_and_2022_amendments.pdf,2,5,47.1,52106568,4,3,2,ok
scanner-only,corpus,Arve.nr.1615.17.04.2026.pdf,2,1,1.6,1270624,0,0,0,ok
scanner-only,corpus,ClipPathLetterFilter-Test1.pdf,2,5,11.3,12679168,0,0,0,ok
scanner-only,corpus,ClipPathLetterFilter-Test2.pdf,2,1,6.9,8846800,0,0,0,ok
scanner-only,corpus,ColorIssue.pdf,2,1,41.0,33703912,1,1,1,ok
scanner-only,corpus,DeviceN_CS_test.pdf,2,5,25.8,22062864,2,1,1,ok
scanner-only,corpus,Diacritics_export.pdf,2,1,1.9,2355384,0,0,0,ok
scanner-only,corpus,EmptyPdf.pdf,2,1,0.2,37712,0,0,0,ok
scanner-only,corpus,ErcotFacts.pdf,2,2,17.5,13757056,1,0,0,ok
scanner-only,corpus,FICTIF_TABLE_INDEX.pdf,2,5,15.1,15508504,0,0,0,ok
scanner-only,corpus,FarmerMac.pdf,2,5,12.7,14096312,0,0,0,ok
scanner-only,corpus,Font Size Test - from google chrome print pdf.pdf,2,1,1.0,505192,0,0,0,ok
scanner-only,corpus,Font Size Test - from libre office.pdf,2,1,0.5,202120,0,0,0,ok
scanner-only,corpus,FontMatrix-1.pdf,2,1,0.4,216408,0,0,0,ok
scanner-only,corpus,FontMatrix-concat.pdf,2,1,0.2,134320,0,0,0,ok
scanner-only,corpus,FontMatrix-otf-bad-hmtx.pdf,2,1,1.1,746472,0,0,0,ok
scanner-only,corpus,FontMatrix-otf.pdf,2,1,1.2,742536,0,0,0,ok
scanner-only,corpus,FontMatrix-raw.pdf,2,1,1.3,683136,0,0,0,ok
scanner-only,corpus,GHOSTSCRIPT-692564-0.pdf,2,1,0.8,547224,0,0,0,ok
scanner-only,corpus,GHOSTSCRIPT-695513-0.pdf,2,1,2.1,3520856,0,0,0,ok
scanner-only,corpus,GHOSTSCRIPT-696171-0.pdf,2,5,17.6,11335320,1,0,0,ok
scanner-only,corpus,GHOSTSCRIPT-696547-0.zip-7.pdf,2,1,12.1,7492992,1,1,1,ok
scanner-only,corpus,GHOSTSCRIPT-696547-0.zip-9.pdf,2,1,4.0,7355312,0,0,0,ok
scanner-only,corpus,GHOSTSCRIPT-697234-0.pdf,2,3,26.4,22677480,1,0,0,ok
scanner-only,corpus,GHOSTSCRIPT-697507-0.pdf,2,1,8.6,7971288,0,0,0,ok
scanner-only,corpus,GHOSTSCRIPT-697984-3.pdf,2,1,3.0,1680064,0,0,0,ok
scanner-only,corpus,GHOSTSCRIPT-698168-0.pdf,2,1,2.1,2816184,0,0,0,ok
scanner-only,corpus,GHOSTSCRIPT-698363-0.pdf,2,1,4.5,466400,0,0,0,ok
scanner-only,corpus,GHOSTSCRIPT-698721-0.zip-6.pdf,2,2,11.2,7317016,0,0,0,ok
scanner-only,corpus,GHOSTSCRIPT-698721-1.pdf,2,1,1.5,2031984,0,0,0,ok
scanner-only,corpus,GHOSTSCRIPT-699035-0.pdf,2,5,43.4,38420296,3,1,1,ok
scanner-only,corpus,GHOSTSCRIPT-699178-0.pdf,2,3,6.9,8591216,0,0,0,ok
scanner-only,corpus,GHOSTSCRIPT-699375-5.pdf,2,1,4.1,3265040,0,0,0,ok
scanner-only,corpus,GHOSTSCRIPT-699488-0.pdf,2,1,7.3,8120672,0,0,0,ok
scanner-only,corpus,GHOSTSCRIPT-699554-0.zip-4.pdf,2,1,1.4,1650096,0,0,0,ok
scanner-only,corpus,GHOSTSCRIPT-700125-1.pdf,2,5,22.1,17688272,1,0,0,ok
scanner-only,corpus,GHOSTSCRIPT-700139-0.pdf,2,2,154.2,117646432,4,2,2,ok
scanner-only,corpus,GHOSTSCRIPT-700236-1.pdf,2,5,12.6,13422472,0,0,0,ok
scanner-only,corpus,GHOSTSCRIPT-700288-1.pdf,2,1,6.4,4618064,0,0,0,ok
scanner-only,corpus,GHOSTSCRIPT-700370-2.pdf,2,1,2.2,1596584,0,0,0,ok
scanner-only,corpus,GHOSTSCRIPT-700931-0.7z-5.pdf,2,2,1.7,1222000,0,0,0,ok
scanner-only,corpus,GHOSTSCRIPT-702013-1.pdf,2,1,5.4,3790848,1,0,0,ok
scanner-only,corpus,Gamebook.pdf,2,5,9.9,9353488,0,0,0,ok
scanner-only,corpus,GlyphDataTableReadCompositeGlyphError.pdf,2,1,4.6,2886624,0,0,0,ok
scanner-only,corpus,Grapheme clusters emoji.pdf,2,1,0.5,149528,0,0,0,ok
scanner-only,corpus,ICML03-081.pdf,2,5,20.9,17292320,1,0,0,ok
scanner-only,corpus,Indexed-DeviceRGB-JPXDecode-0-.0.0.255.0.-Font-F1_1_missing_char_255-1.pdf,2,1,23.7,16979736,0,0,0,ok
scanner-only,corpus,IndexedCS_negative_and_high.pdf,2,1,0.4,81744,0,0,0,ok
scanner-only,corpus,Judgement Document.pdf,2,5,7.0,9127904,0,0,0,ok
scanner-only,corpus,LKR824191.pdf,2,1,15.9,4364056,1,1,1,ok
scanner-only,corpus,Layer pdf - 322_High_Holborn_building_Brochure.pdf,2,3,37.2,37982008,1,0,0,ok
scanner-only,corpus,MOZILLA-10084-0.pdf,2,1,3.4,3212416,0,0,0,ok
scanner-only,corpus,MOZILLA-10225-0.pdf,2,5,12.6,22996808,0,0,0,ok
scanner-only,corpus,MOZILLA-10372-2.pdf,2,5,28.6,13030320,2,1,1,ok
scanner-only,corpus,MOZILLA-2775-1.pdf,2,5,14.3,17727184,0,0,0,ok
scanner-only,corpus,MOZILLA-3136-0.pdf,2,4,236.5,217800520,3,1,1,ok
scanner-only,corpus,MOZILLA-7375-0.pdf,2,5,40.5,16139720,1,1,0,ok
scanner-only,corpus,MOZILLA-9176-2.pdf,2,5,8.3,9940536,1,1,1,ok
scanner-only,corpus,MOZILLA-LINK-3264-0.pdf,2,5,2.1,3312736,0,0,0,ok
scanner-only,corpus,MOZILLA-LINK-5251-1.pdf,2,2,2.5,2267592,0,0,0,ok
scanner-only,corpus,Math119FakingData.pdf,2,5,11.2,9256072,1,1,0,ok
scanner-only,corpus,Motor Insurance claim form.pdf,2,3,106.5,69295824,4,4,2,ok
scanner-only,corpus,Multiple Page - from Mortality Statistics.pdf,2,5,6.7,8266304,0,0,0,ok
scanner-only,corpus,OPEN.RABBIT.ENGLISH.LOP.pdf,2,5,24.7,27776056,1,0,0,ok
scanner-only,corpus,Old Gutnish Internet Explorer.pdf,2,3,11.8,14270816,0,0,0,ok
scanner-only,corpus,P2P-33713919.pdf,2,5,32.3,23137376,2,2,1,ok
scanner-only,corpus,PDFBOX-1869-4-1.pdf,2,1,1.2,410904,0,0,0,ok
scanner-only,corpus,PDFBOX-492-4.jar-8.pdf,2,2,20.6,16925320,1,0,0,ok
scanner-only,corpus,PDFBOX-624-2.pdf,2,5,9.3,11331560,0,0,0,ok
scanner-only,corpus,Pig Production Handbook.pdf,2,5,8.3,11473136,0,0,0,ok
scanner-only,corpus,Pig Reproduction Powerpoint.pdf,2,5,4.2,9151504,0,0,0,ok
scanner-only,corpus,Publication_of_award_of_Bids_for_Transport_Sector__August_2016.pdf,2,5,7.5,8291248,0,0,0,ok
scanner-only,corpus,Rotated Text Libre Office.pdf,2,1,0.5,238224,0,0,0,ok
scanner-only,corpus,Rotation 45.pdf,2,4,28.5,10063216,1,1,1,ok
scanner-only,corpus,SPARC - v9 Architecture Manual.pdf,2,5,73.8,74095408,4,3,1,ok
scanner-only,corpus,SPE8EF26T0545.pdf,2,5,9.0,11399952,0,0,0,ok
scanner-only,corpus,ShowTextOpWithUnbalancedRoundBrackets.pdf,2,1,4.4,4630064,0,0,0,ok
scanner-only,corpus,Single Page Broken Offsets - from google drive.pdf,2,1,1.4,590240,0,0,0,ok
scanner-only,corpus,Single Page Form Content - from itext 1_1.pdf,2,1,1.0,785992,0,0,0,ok
scanner-only,corpus,Single Page Hyperlinks - from open office.pdf,2,1,0.7,360792,0,0,0,ok
scanner-only,corpus,Single Page Images - from libre office.pdf,2,1,0.5,378464,0,0,0,ok
scanner-only,corpus,Single Page Non Latin - from acrobat distiller.pdf,2,1,0.8,396336,0,0,0,ok
scanner-only,corpus,Single Page Simple - from google drive.pdf,2,1,0.9,583256,0,0,0,ok
scanner-only,corpus,Single Page Simple - from inkscape.pdf,2,1,0.4,150008,0,0,0,ok
scanner-only,corpus,Single Page Simple - from open office.pdf,2,1,0.5,269408,0,0,0,ok
scanner-only,corpus,Single Page Type 1 Font.pdf,2,1,0.5,85728,0,0,0,ok
scanner-only,corpus,SinglePage180ClockwiseRotation - from PdfPig.pdf,2,1,0.8,201608,0,0,0,ok
scanner-only,corpus,SinglePage270ClockwiseRotation - from PdfPig.pdf,2,1,0.5,201608,0,0,0,ok
scanner-only,corpus,SinglePage90ClockwiseRotation - from PdfPig.pdf,2,1,0.4,201608,0,0,0,ok
scanner-only,corpus,SmallCropbox.pdf,2,1,1.9,1683688,0,0,0,ok
scanner-only,corpus,TIKA-1552-0.pdf,2,5,31.1,23480008,1,0,0,ok
scanner-only,corpus,TIKA-2054-0.pdf,2,5,30.4,21598488,2,1,1,ok
scanner-only,corpus,TIKA-469-0.pdf,2,2,4.3,4679104,0,0,0,ok
scanner-only,corpus,Test.Doc.pdf,2,1,1.8,1679568,0,0,0,ok
scanner-only,corpus,TrueTypeTablesGlyphDataTableReadGlyphsError.pdf,2,1,5.3,3647216,0,0,0,ok
scanner-only,corpus,Two Page Text Only - from libre office.pdf,2,2,1.5,1571824,0,0,0,ok
scanner-only,corpus,Type0 Font.pdf,2,1,8.4,9721976,0,0,0,ok
scanner-only,corpus,Type0_CJK_Font.pdf,2,5,10.2,3216088,0,0,0,ok
scanner-only,corpus,Type3Test.pdf,2,1,0.4,155272,0,0,0,ok
scanner-only,corpus,Various Content Types.pdf,2,1,0.4,257056,0,0,0,ok
scanner-only,corpus,Why.does.this.not.work.pdf,2,1,1.3,1035808,0,0,0,ok
scanner-only,corpus,_citUR2jB1_ay56u6vELzk.pdf,2,2,1.8,2257352,0,0,0,ok
scanner-only,corpus,annotation-comments.pdf,2,1,0.5,283240,0,0,0,ok
scanner-only,corpus,bold-italic.pdf,2,1,2.2,1617328,0,0,0,ok
scanner-only,corpus,bookmarks-with-accented-characters.pdf,2,1,0.4,331256,0,0,0,ok
scanner-only,corpus,byz.pdf,2,1,4.0,2270880,1,0,0,ok
scanner-only,corpus,capas.pdf,2,5,6.9,8008208,0,0,0,ok
scanner-only,corpus,cat-genetics.pdf,2,1,5.2,6761800,0,0,0,ok
scanner-only,corpus,cat-genetics_bobld.pdf,2,1,7.8,7030816,1,0,0,ok
scanner-only,corpus,cmap-parsing-exception.pdf,2,1,26.0,13316256,1,1,1,ok
scanner-only,corpus,cropped-and-rotated.pdf,2,1,1.5,744320,0,0,0,ok
scanner-only,corpus,data.pdf,2,3,6.7,4097600,1,0,0,ok
scanner-only,corpus,dotnet-ai.pdf,2,5,24.5,31652576,1,1,1,ok
scanner-only,corpus,felltypes-test.pdf,2,1,9.9,4979600,1,1,0,ok
scanner-only,corpus,hex_0x0006.pdf,2,1,1.1,658936,0,0,0,ok
scanner-only,corpus,inherited_mediabox.pdf,2,1,0.3,54640,0,0,0,ok
scanner-only,corpus,iron-ore-q2-q3-2013.pdf,2,5,22.9,36514592,1,0,0,ok
scanner-only,corpus,issue_1163.pdf,2,2,0.5,183240,0,0,0,ok
scanner-only,corpus,issue_1330.pdf,2,1,0.2,56840,0,0,0,ok
scanner-only,corpus,issue_1331.pdf,2,1,1.7,1350616,0,0,0,ok
scanner-only,corpus,issue_671.pdf,2,2,19.8,17884328,0,0,0,ok
scanner-only,corpus,issue_881.pdf,2,1,1.1,617344,0,0,0,ok
scanner-only,corpus,issues-1176-1.pdf,2,1,2.1,2166112,0,0,0,ok
scanner-only,corpus,issues-1176.pdf,2,1,3.4,7144864,0,0,0,ok
scanner-only,corpus,journal.pone.0196757.pdf,2,5,46.2,35389928,1,0,0,ok
scanner-only,corpus,jtehm-melillo-2679746.pdf,2,5,56.6,52738160,0,0,0,ok
scanner-only,corpus,little-pig-in-armenian.pdf,2,1,0.9,307032,0,0,0,ok
scanner-only,corpus,odwriteex.pdf,2,1,1.1,715208,0,0,0,ok
scanner-only,corpus,outline.pdf,2,3,2.0,1087568,0,0,0,ok
scanner-only,corpus,output_w3c_csswg_drafts_issues2023.pdf,2,1,0.6,235064,0,0,0,ok
scanner-only,corpus,path_ext_oddeven.pdf,2,1,1.6,1039864,0,0,0,ok
scanner-only,corpus,pop-bugzilla37292.pdf,2,4,9.5,7591896,0,0,0,ok
scanner-only,corpus,reference-2-numeric-error.pdf,2,1,11.2,7147984,0,0,0,ok
scanner-only,corpus,soundandvision.pdf,2,1,2.7,1856656,0,0,0,ok
scanner-only,corpus,ssm2163.pdf,2,5,11.4,10259856,0,0,0,ok
scanner-only,corpus,steam_in_page_dict.pdf,2,1,0.4,103336,0,0,0,ok
scanner-only,corpus,test-2_so_74165171.pdf,2,1,84.3,42181664,2,2,1,ok
scanner-only,corpus,testPdf-1.pdf,2,2,15.2,5835608,1,1,1,ok
scanner-only,corpus,test_a-5.pdf,2,5,71.5,69777008,2,1,1,ok
scanner-only,corpus,test_a.pdf,2,5,70.7,69774360,2,0,0,ok
scanner-only,corpus,toc.pdf,2,5,4.8,7516448,0,0,0,ok
scanner-only,corpus,type3-font-zero-height.pdf,2,1,18.6,8051272,1,1,1,ok
scanner-only,corpus,0000851.pdf,3,5,198.1,118446912,5,2,1,ok
scanner-only,corpus,11194059_2017-11_de_s.pdf,3,2,23.0,27617984,0,0,0,ok
scanner-only,corpus,2006_Swedish_Touring_Car_Championship.pdf,3,4,8.9,7630600,0,0,0,ok
scanner-only,corpus,2108.11480.pdf,3,5,91.5,75817480,4,2,0,ok
scanner-only,corpus,22060_A1_01_Plans-1.pdf,3,1,4.7,9372736,0,0,0,ok
scanner-only,corpus,6.Secrets.to.Startup.Success.PDFDrive.pdf,3,5,20.9,24670056,0,0,0,ok
scanner-only,corpus,68-1990-01_A.pdf,3,5,55.3,44398968,2,1,1,ok
scanner-only,corpus,AcroFormsBasicFields.pdf,3,1,0.8,594096,0,0,0,ok
scanner-only,corpus,Approved_Document_B__fire_safety__volume_2_-_Buildings_other_than_dwellings__2019_edition_incorporating_2020_and_2022_amendments.pdf,3,5,43.5,52106568,4,3,2,ok
scanner-only,corpus,Arve.nr.1615.17.04.2026.pdf,3,1,1.4,1193392,0,0,0,ok
scanner-only,corpus,ClipPathLetterFilter-Test1.pdf,3,5,10.3,12123232,0,0,0,ok
scanner-only,corpus,ClipPathLetterFilter-Test2.pdf,3,1,6.6,8697712,0,0,0,ok
scanner-only,corpus,ColorIssue.pdf,3,1,40.2,33585160,1,1,1,ok
scanner-only,corpus,DeviceN_CS_test.pdf,3,5,25.2,21671856,2,1,1,ok
scanner-only,corpus,Diacritics_export.pdf,3,1,2.2,2355384,0,0,0,ok
scanner-only,corpus,EmptyPdf.pdf,3,1,0.5,37712,0,0,0,ok
scanner-only,corpus,ErcotFacts.pdf,3,2,15.7,13360240,1,0,0,ok
scanner-only,corpus,FICTIF_TABLE_INDEX.pdf,3,5,12.5,14806504,0,0,0,ok
scanner-only,corpus,FarmerMac.pdf,3,5,11.3,13702760,0,0,0,ok
scanner-only,corpus,Font Size Test - from google chrome print pdf.pdf,3,1,0.9,479944,0,0,0,ok
scanner-only,corpus,Font Size Test - from libre office.pdf,3,1,0.5,188152,0,0,0,ok
scanner-only,corpus,FontMatrix-1.pdf,3,1,0.3,216408,0,0,0,ok
scanner-only,corpus,FontMatrix-concat.pdf,3,1,0.2,134320,0,0,0,ok
scanner-only,corpus,FontMatrix-otf-bad-hmtx.pdf,3,1,1.1,746472,0,0,0,ok
scanner-only,corpus,FontMatrix-otf.pdf,3,1,1.1,742536,0,0,0,ok
scanner-only,corpus,FontMatrix-raw.pdf,3,1,1.0,683136,0,0,0,ok
scanner-only,corpus,GHOSTSCRIPT-692564-0.pdf,3,1,0.7,547224,0,0,0,ok
scanner-only,corpus,GHOSTSCRIPT-695513-0.pdf,3,1,2.4,3520856,0,0,0,ok
scanner-only,corpus,GHOSTSCRIPT-696171-0.pdf,3,5,14.4,11335320,1,0,0,ok
scanner-only,corpus,GHOSTSCRIPT-696547-0.zip-7.pdf,3,1,11.0,7492992,1,1,1,ok
scanner-only,corpus,GHOSTSCRIPT-696547-0.zip-9.pdf,3,1,3.4,7355312,0,0,0,ok
scanner-only,corpus,GHOSTSCRIPT-697234-0.pdf,3,3,23.7,22677480,1,0,0,ok
scanner-only,corpus,GHOSTSCRIPT-697507-0.pdf,3,1,7.4,7971288,0,0,0,ok
scanner-only,corpus,GHOSTSCRIPT-697984-3.pdf,3,1,2.4,1619776,0,0,0,ok
scanner-only,corpus,GHOSTSCRIPT-698168-0.pdf,3,1,1.9,2816184,0,0,0,ok
scanner-only,corpus,GHOSTSCRIPT-698363-0.pdf,3,1,1.4,465992,0,0,0,ok
scanner-only,corpus,GHOSTSCRIPT-698721-0.zip-6.pdf,3,2,5.5,7317016,0,0,0,ok
scanner-only,corpus,GHOSTSCRIPT-698721-1.pdf,3,1,1.4,2031984,0,0,0,ok
scanner-only,corpus,GHOSTSCRIPT-699035-0.pdf,3,5,42.1,38420296,3,1,1,ok
scanner-only,corpus,GHOSTSCRIPT-699178-0.pdf,3,3,6.4,8419088,0,0,0,ok
scanner-only,corpus,GHOSTSCRIPT-699375-5.pdf,3,1,3.2,3069008,0,0,0,ok
scanner-only,corpus,GHOSTSCRIPT-699488-0.pdf,3,1,6.8,8120672,0,0,0,ok
scanner-only,corpus,GHOSTSCRIPT-699554-0.zip-4.pdf,3,1,1.3,1650096,0,0,0,ok
scanner-only,corpus,GHOSTSCRIPT-700125-1.pdf,3,5,23.9,17688272,1,0,0,ok
scanner-only,corpus,GHOSTSCRIPT-700139-0.pdf,3,2,121.6,116192168,5,3,2,ok
scanner-only,corpus,GHOSTSCRIPT-700236-1.pdf,3,5,11.9,13422472,1,0,0,ok
scanner-only,corpus,GHOSTSCRIPT-700288-1.pdf,3,1,4.8,4618272,0,0,0,ok
scanner-only,corpus,GHOSTSCRIPT-700370-2.pdf,3,1,1.9,1596584,0,0,0,ok
scanner-only,corpus,GHOSTSCRIPT-700931-0.7z-5.pdf,3,2,1.3,1222000,0,0,0,ok
scanner-only,corpus,GHOSTSCRIPT-702013-1.pdf,3,1,3.0,3790848,0,0,0,ok
scanner-only,corpus,Gamebook.pdf,3,5,7.9,9353280,0,0,0,ok
scanner-only,corpus,GlyphDataTableReadCompositeGlyphError.pdf,3,1,4.2,2886624,0,0,0,ok
scanner-only,corpus,Grapheme clusters emoji.pdf,3,1,0.3,149528,0,0,0,ok
scanner-only,corpus,ICML03-081.pdf,3,5,24.4,17292320,1,0,0,ok
scanner-only,corpus,Indexed-DeviceRGB-JPXDecode-0-.0.0.255.0.-Font-F1_1_missing_char_255-1.pdf,3,1,21.4,16979736,0,0,0,ok
scanner-only,corpus,IndexedCS_negative_and_high.pdf,3,1,0.4,81744,0,0,0,ok
scanner-only,corpus,Judgement Document.pdf,3,5,6.3,9127904,0,0,0,ok
scanner-only,corpus,LKR824191.pdf,3,1,13.0,4363968,1,1,1,ok
scanner-only,corpus,Layer pdf - 322_High_Holborn_building_Brochure.pdf,3,3,31.9,37982008,1,0,0,ok
scanner-only,corpus,MOZILLA-10084-0.pdf,3,1,3.1,3212416,0,0,0,ok
scanner-only,corpus,MOZILLA-10225-0.pdf,3,5,12.6,22996896,0,0,0,ok
scanner-only,corpus,MOZILLA-10372-2.pdf,3,5,21.2,13030320,2,1,1,ok
scanner-only,corpus,MOZILLA-2775-1.pdf,3,5,12.4,17727184,0,0,0,ok
scanner-only,corpus,MOZILLA-3136-0.pdf,3,4,242.6,217832000,8,4,2,ok
scanner-only,corpus,MOZILLA-7375-0.pdf,3,5,14.9,16139720,0,0,0,ok
scanner-only,corpus,MOZILLA-9176-2.pdf,3,5,2.8,9937680,0,0,0,ok
scanner-only,corpus,MOZILLA-LINK-3264-0.pdf,3,5,2.2,3312384,0,0,0,ok
scanner-only,corpus,MOZILLA-LINK-5251-1.pdf,3,2,2.7,2202032,0,0,0,ok
scanner-only,corpus,Math119FakingData.pdf,3,5,10.0,9251952,0,0,0,ok
scanner-only,corpus,Motor Insurance claim form.pdf,3,3,131.1,68834056,3,1,1,ok
scanner-only,corpus,Multiple Page - from Mortality Statistics.pdf,3,5,8.0,8266304,0,0,0,ok
scanner-only,corpus,OPEN.RABBIT.ENGLISH.LOP.pdf,3,5,23.7,27776056,0,0,0,ok
scanner-only,corpus,Old Gutnish Internet Explorer.pdf,3,3,23.9,14270608,1,0,0,ok
scanner-only,corpus,P2P-33713919.pdf,3,5,13.6,23003840,0,0,0,ok
scanner-only,corpus,PDFBOX-1869-4-1.pdf,3,1,0.7,410640,0,0,0,ok
scanner-only,corpus,PDFBOX-492-4.jar-8.pdf,3,2,19.6,16855552,0,0,0,ok
scanner-only,corpus,PDFBOX-624-2.pdf,3,5,9.2,11331352,0,0,0,ok
scanner-only,corpus,Pig Production Handbook.pdf,3,5,8.8,11473136,0,0,0,ok
scanner-only,corpus,Pig Reproduction Powerpoint.pdf,3,5,4.5,9151504,0,0,0,ok
scanner-only,corpus,Publication_of_award_of_Bids_for_Transport_Sector__August_2016.pdf,3,5,7.1,8291248,0,0,0,ok
scanner-only,corpus,Rotated Text Libre Office.pdf,3,1,0.5,238224,0,0,0,ok
scanner-only,corpus,Rotation 45.pdf,3,4,29.8,10063216,1,1,1,ok
scanner-only,corpus,SPARC - v9 Architecture Manual.pdf,3,5,79.8,73961664,2,0,0,ok
scanner-only,corpus,SPE8EF26T0545.pdf,3,5,9.0,11399896,0,0,0,ok
scanner-only,corpus,ShowTextOpWithUnbalancedRoundBrackets.pdf,3,1,4.4,4629976,0,0,0,ok
scanner-only,corpus,Single Page Broken Offsets - from google drive.pdf,3,1,1.8,590240,0,0,0,ok
scanner-only,corpus,Single Page Form Content - from itext 1_1.pdf,3,1,0.9,785992,0,0,0,ok
scanner-only,corpus,Single Page Hyperlinks - from open office.pdf,3,1,0.7,360792,0,0,0,ok
scanner-only,corpus,Single Page Images - from libre office.pdf,3,1,0.5,378464,0,0,0,ok
scanner-only,corpus,Single Page Non Latin - from acrobat distiller.pdf,3,1,0.8,396336,0,0,0,ok
scanner-only,corpus,Single Page Simple - from google drive.pdf,3,1,0.9,583256,0,0,0,ok
scanner-only,corpus,Single Page Simple - from inkscape.pdf,3,1,0.4,150008,0,0,0,ok
scanner-only,corpus,Single Page Simple - from open office.pdf,3,1,0.4,269408,0,0,0,ok
scanner-only,corpus,Single Page Type 1 Font.pdf,3,1,0.3,85728,0,0,0,ok
scanner-only,corpus,SinglePage180ClockwiseRotation - from PdfPig.pdf,3,1,0.4,201608,0,0,0,ok
scanner-only,corpus,SinglePage270ClockwiseRotation - from PdfPig.pdf,3,1,0.4,201608,0,0,0,ok
scanner-only,corpus,SinglePage90ClockwiseRotation - from PdfPig.pdf,3,1,0.4,201608,0,0,0,ok
scanner-only,corpus,SmallCropbox.pdf,3,1,1.5,1683688,0,0,0,ok
scanner-only,corpus,TIKA-1552-0.pdf,3,5,18.5,23480008,0,0,0,ok
scanner-only,corpus,TIKA-2054-0.pdf,3,5,17.9,21394856,0,0,0,ok
scanner-only,corpus,TIKA-469-0.pdf,3,2,4.4,4678752,0,0,0,ok
scanner-only,corpus,Test.Doc.pdf,3,1,1.7,1679568,0,0,0,ok
scanner-only,corpus,TrueTypeTablesGlyphDataTableReadGlyphsError.pdf,3,1,5.3,3647216,0,0,0,ok
scanner-only,corpus,Two Page Text Only - from libre office.pdf,3,2,1.5,1571824,0,0,0,ok
scanner-only,corpus,Type0 Font.pdf,3,1,27.6,9790272,1,1,1,ok
scanner-only,corpus,Type0_CJK_Font.pdf,3,5,8.4,3216352,0,0,0,ok
scanner-only,corpus,Type3Test.pdf,3,1,0.3,155272,0,0,0,ok
scanner-only,corpus,Various Content Types.pdf,3,1,0.4,257056,0,0,0,ok
scanner-only,corpus,Why.does.this.not.work.pdf,3,1,1.3,1039928,0,0,0,ok
scanner-only,corpus,_citUR2jB1_ay56u6vELzk.pdf,3,2,1.8,2257352,0,0,0,ok
scanner-only,corpus,annotation-comments.pdf,3,1,1.5,283240,1,0,0,ok
scanner-only,corpus,bold-italic.pdf,3,1,2.2,1617536,0,0,0,ok
scanner-only,corpus,bookmarks-with-accented-characters.pdf,3,1,0.4,331256,0,0,0,ok
scanner-only,corpus,byz.pdf,3,1,1.9,2270880,0,0,0,ok
scanner-only,corpus,capas.pdf,3,5,5.5,8008000,0,0,0,ok
scanner-only,corpus,cat-genetics.pdf,3,1,5.0,6761800,0,0,0,ok
scanner-only,corpus,cat-genetics_bobld.pdf,3,1,5.7,7030816,1,0,0,ok
scanner-only,corpus,cmap-parsing-exception.pdf,3,1,15.8,13116864,0,0,0,ok
scanner-only,corpus,cropped-and-rotated.pdf,3,1,1.0,744056,0,0,0,ok
scanner-only,corpus,data.pdf,3,3,3.5,4097448,0,0,0,ok
scanner-only,corpus,dotnet-ai.pdf,3,5,17.1,31583024,1,0,0,ok
scanner-only,corpus,felltypes-test.pdf,3,1,7.8,4974992,0,0,0,ok
scanner-only,corpus,hex_0x0006.pdf,3,1,0.8,658728,0,0,0,ok
scanner-only,corpus,inherited_mediabox.pdf,3,1,0.2,54640,0,0,0,ok
scanner-only,corpus,iron-ore-q2-q3-2013.pdf,3,5,32.8,36587576,2,1,1,ok
scanner-only,corpus,issue_1163.pdf,3,2,0.4,183296,0,0,0,ok
scanner-only,corpus,issue_1330.pdf,3,1,0.2,56840,0,0,0,ok
scanner-only,corpus,issue_1331.pdf,3,1,1.6,1350616,0,0,0,ok
scanner-only,corpus,issue_671.pdf,3,2,19.3,17884328,0,0,0,ok
scanner-only,corpus,issue_881.pdf,3,1,1.1,617344,0,0,0,ok
scanner-only,corpus,issues-1176-1.pdf,3,1,2.1,2166112,0,0,0,ok
scanner-only,corpus,issues-1176.pdf,3,1,2.8,7144864,0,0,0,ok
scanner-only,corpus,journal.pone.0196757.pdf,3,5,37.5,35390360,1,0,0,ok
scanner-only,corpus,jtehm-melillo-2679746.pdf,3,5,68.9,52740272,2,2,1,ok
scanner-only,corpus,little-pig-in-armenian.pdf,3,1,0.8,307920,0,0,0,ok
scanner-only,corpus,odwriteex.pdf,3,1,0.8,780768,0,0,0,ok
scanner-only,corpus,outline.pdf,3,3,5.7,1087568,1,0,0,ok
scanner-only,corpus,output_w3c_csswg_drafts_issues2023.pdf,3,1,0.6,235272,0,0,0,ok
scanner-only,corpus,path_ext_oddeven.pdf,3,1,1.2,1039864,0,0,0,ok
scanner-only,corpus,pop-bugzilla37292.pdf,3,4,6.4,7596016,0,0,0,ok
scanner-only,corpus,reference-2-numeric-error.pdf,3,1,7.9,7147984,0,0,0,ok
scanner-only,corpus,soundandvision.pdf,3,1,2.0,1856656,0,0,0,ok
scanner-only,corpus,ssm2163.pdf,3,5,8.3,10267784,0,0,0,ok
scanner-only,corpus,steam_in_page_dict.pdf,3,1,0.3,103336,0,0,0,ok
scanner-only,corpus,test-2_so_74165171.pdf,3,1,78.4,41191912,1,1,0,ok
scanner-only,corpus,testPdf-1.pdf,3,2,5.7,5701720,0,0,0,ok
scanner-only,corpus,test_a-5.pdf,3,5,84.1,69711184,3,1,1,ok
scanner-only,corpus,test_a.pdf,3,5,68.4,69643264,1,0,0,ok
scanner-only,corpus,toc.pdf,3,5,5.3,7516448,0,0,0,ok
scanner-only,corpus,type3-font-zero-height.pdf,3,1,9.0,8048624,0,0,0,ok
scanner+form,corpus,0000851.pdf,1,5,1110.1,165946376,6,2,2,ok
scanner+form,corpus,11194059_2017-11_de_s.pdf,1,2,129.6,27828736,2,1,1,ok
scanner+form,corpus,2006_Swedish_Touring_Car_Championship.pdf,1,4,32.5,7849360,0,0,0,ok
scanner+form,corpus,2108.11480.pdf,1,5,202.9,75594752,2,1,0,ok
scanner+form,corpus,22060_A1_01_Plans-1.pdf,1,1,24.0,9379736,1,1,1,ok
scanner+form,corpus,6.Secrets.to.Startup.Success.PDFDrive.pdf,1,5,79.2,24745336,1,0,0,ok
scanner+form,corpus,68-1990-01_A.pdf,1,5,200.1,64947584,4,2,2,ok
scanner+form,corpus,AcroFormsBasicFields.pdf,1,1,1.6,596088,0,0,0,ok
scanner+form,corpus,Approved_Document_B__fire_safety__volume_2_-_Buildings_other_than_dwellings__2019_edition_incorporating_2020_and_2022_amendments.pdf,1,5,107.9,52137560,2,1,1,ok
scanner+form,corpus,Arve.nr.1615.17.04.2026.pdf,1,1,4.1,1271160,0,0,0,ok
scanner+form,corpus,ClipPathLetterFilter-Test1.pdf,1,5,104.0,41546832,3,2,2,ok
scanner+form,corpus,ClipPathLetterFilter-Test2.pdf,1,1,31.3,8847616,1,0,0,ok
scanner+form,corpus,ColorIssue.pdf,1,1,125.7,34172360,3,2,2,ok
scanner+form,corpus,DeviceN_CS_test.pdf,1,5,72.4,22081744,1,1,1,ok
scanner+form,corpus,Diacritics_export.pdf,1,1,9.2,2358000,1,0,0,ok
scanner+form,corpus,EmptyPdf.pdf,1,1,0.4,38424,0,0,0,ok
scanner+form,corpus,ErcotFacts.pdf,1,2,55.9,13768824,0,0,0,ok
scanner+form,corpus,FICTIF_TABLE_INDEX.pdf,1,5,51.6,15512984,0,0,0,ok
scanner+form,corpus,FarmerMac.pdf,1,5,64.8,14097408,0,0,0,ok
scanner+form,corpus,Font Size Test - from google chrome print pdf.pdf,1,1,2.2,505368,0,0,0,ok
scanner+form,corpus,Font Size Test - from libre office.pdf,1,1,1.4,202544,0,0,0,ok
scanner+form,corpus,FontMatrix-1.pdf,1,1,0.9,216480,0,0,0,ok
scanner+form,corpus,FontMatrix-concat.pdf,1,1,0.3,134320,0,0,0,ok
scanner+form,corpus,FontMatrix-otf-bad-hmtx.pdf,1,1,5.0,750592,0,0,0,ok
scanner+form,corpus,FontMatrix-otf.pdf,1,1,2.9,742712,0,0,0,ok
scanner+form,corpus,FontMatrix-raw.pdf,1,1,2.9,683384,0,0,0,ok
scanner+form,corpus,GHOSTSCRIPT-692564-0.pdf,1,1,4.4,548000,0,0,0,ok
scanner+form,corpus,GHOSTSCRIPT-695513-0.pdf,1,1,13.3,3522256,1,0,0,ok
scanner+form,corpus,GHOSTSCRIPT-696171-0.pdf,1,5,44.8,11337416,0,0,0,ok
scanner+form,corpus,GHOSTSCRIPT-696547-0.zip-7.pdf,1,1,31.8,7493456,1,1,1,ok
scanner+form,corpus,GHOSTSCRIPT-696547-0.zip-9.pdf,1,1,21.4,7355632,0,0,0,ok
scanner+form,corpus,GHOSTSCRIPT-697234-0.pdf,1,3,111.5,22683624,1,0,0,ok
scanner+form,corpus,GHOSTSCRIPT-697507-0.pdf,1,1,25.6,7975112,0,0,0,ok
scanner+form,corpus,GHOSTSCRIPT-697984-3.pdf,1,1,7.1,1698240,0,0,0,ok
scanner+form,corpus,GHOSTSCRIPT-698168-0.pdf,1,1,7.6,2816648,0,0,0,ok
scanner+form,corpus,GHOSTSCRIPT-698363-0.pdf,1,1,12.5,477136,0,0,0,ok
scanner+form,corpus,GHOSTSCRIPT-698721-0.zip-6.pdf,1,2,19.5,7318696,0,0,0,ok
scanner+form,corpus,GHOSTSCRIPT-698721-1.pdf,1,1,4.3,2032432,0,0,0,ok
scanner+form,corpus,GHOSTSCRIPT-699035-0.pdf,1,5,196.0,38422936,3,1,1,ok
scanner+form,corpus,GHOSTSCRIPT-699178-0.pdf,1,3,25.9,8592776,0,0,0,ok
scanner+form,corpus,GHOSTSCRIPT-699375-5.pdf,1,1,10.0,3266800,0,0,0,ok
scanner+form,corpus,GHOSTSCRIPT-699488-0.pdf,1,1,25.0,8122432,0,0,0,ok
scanner+form,corpus,GHOSTSCRIPT-699554-0.zip-4.pdf,1,1,4.2,1650344,0,0,0,ok
scanner+form,corpus,GHOSTSCRIPT-700125-1.pdf,1,5,52.0,16342360,0,0,0,ok
scanner+form,corpus,GHOSTSCRIPT-700139-0.pdf,1,2,385.5,117894416,5,2,2,ok
scanner+form,corpus,GHOSTSCRIPT-700236-1.pdf,1,5,27.8,13424096,0,0,0,ok
scanner+form,corpus,GHOSTSCRIPT-700288-1.pdf,1,1,11.7,4618312,0,0,0,ok
scanner+form,corpus,GHOSTSCRIPT-700370-2.pdf,1,1,3.6,1734952,0,0,0,ok
scanner+form,corpus,GHOSTSCRIPT-700931-0.7z-5.pdf,1,2,3.1,1222424,0,0,0,ok
scanner+form,corpus,GHOSTSCRIPT-702013-1.pdf,1,1,7.9,3793496,0,0,0,ok
scanner+form,corpus,Gamebook.pdf,1,5,122.9,150812472,9,9,8,ok
scanner+form,corpus,GlyphDataTableReadCompositeGlyphError.pdf,1,1,13.1,3793464,0,0,0,ok
scanner+form,corpus,Grapheme clusters emoji.pdf,1,1,0.6,149848,0,0,0,ok
scanner+form,corpus,ICML03-081.pdf,1,5,40.5,17363624,2,1,0,ok
scanner+form,corpus,Indexed-DeviceRGB-JPXDecode-0-.0.0.255.0.-Font-F1_1_missing_char_255-1.pdf,1,1,43.6,17001960,0,0,0,ok
scanner+form,corpus,IndexedCS_negative_and_high.pdf,1,1,1.1,81920,0,0,0,ok
scanner+form,corpus,Judgement Document.pdf,1,5,23.7,11062536,1,1,1,ok
scanner+form,corpus,LKR824191.pdf,1,1,6.5,4165192,1,0,0,ok
scanner+form,corpus,Layer pdf - 322_High_Holborn_building_Brochure.pdf,1,3,52.0,38364968,1,0,0,ok
scanner+form,corpus,MOZILLA-10084-0.pdf,1,1,5.8,3213528,0,0,0,ok
scanner+form,corpus,MOZILLA-10225-0.pdf,1,5,30.2,23483480,1,1,1,ok
scanner+form,corpus,MOZILLA-10372-2.pdf,1,5,23.0,13030512,1,0,0,ok
scanner+form,corpus,MOZILLA-2775-1.pdf,1,5,28.6,17724736,0,0,0,ok
scanner+form,corpus,MOZILLA-3136-0.pdf,1,4,475.5,220007672,6,3,2,ok
scanner+form,corpus,MOZILLA-7375-0.pdf,1,5,24.6,16132648,1,0,0,ok
scanner+form,corpus,MOZILLA-9176-2.pdf,1,5,2.3,9938768,0,0,0,ok
scanner+form,corpus,MOZILLA-LINK-3264-0.pdf,1,5,2.9,3433864,0,0,0,ok
scanner+form,corpus,MOZILLA-LINK-5251-1.pdf,1,2,3.5,2281168,0,0,0,ok
scanner+form,corpus,Math119FakingData.pdf,1,5,15.7,9254488,0,0,0,ok
scanner+form,corpus,Motor Insurance claim form.pdf,1,3,155.5,69472704,3,1,1,ok
scanner+form,corpus,Multiple Page - from Mortality Statistics.pdf,1,5,23.1,15810832,0,0,0,ok
scanner+form,corpus,OPEN.RABBIT.ENGLISH.LOP.pdf,1,5,33.0,27967416,0,0,0,ok
scanner+form,corpus,Old Gutnish Internet Explorer.pdf,1,3,31.7,14915992,1,0,0,ok
scanner+form,corpus,P2P-33713919.pdf,1,5,23.6,23047824,0,0,0,ok
scanner+form,corpus,PDFBOX-1869-4-1.pdf,1,1,1.4,410968,0,0,0,ok
scanner+form,corpus,PDFBOX-492-4.jar-8.pdf,1,2,28.9,16857808,0,0,0,ok
scanner+form,corpus,PDFBOX-624-2.pdf,1,5,14.3,11333720,0,0,0,ok
scanner+form,corpus,Pig Production Handbook.pdf,1,5,12.2,11474736,0,0,0,ok
scanner+form,corpus,Pig Reproduction Powerpoint.pdf,1,5,5.4,9154880,0,0,0,ok
scanner+form,corpus,Publication_of_award_of_Bids_for_Transport_Sector__August_2016.pdf,1,5,26.2,8728648,1,1,1,ok
scanner+form,corpus,Rotated Text Libre Office.pdf,1,1,0.8,272040,0,0,0,ok
scanner+form,corpus,Rotation 45.pdf,1,4,33.4,17564112,1,0,0,ok
scanner+form,corpus,SPARC - v9 Architecture Manual.pdf,1,5,152.7,73962608,1,0,0,ok
scanner+form,corpus,SPE8EF26T0545.pdf,1,5,12.5,11437216,0,0,0,ok
scanner+form,corpus,ShowTextOpWithUnbalancedRoundBrackets.pdf,1,1,26.9,4630536,1,0,0,ok
scanner+form,corpus,Single Page Broken Offsets - from google drive.pdf,1,1,1.9,612080,0,0,0,ok
scanner+form,corpus,Single Page Form Content - from itext 1_1.pdf,1,1,1.3,786608,0,0,0,ok
scanner+form,corpus,Single Page Hyperlinks - from open office.pdf,1,1,0.8,405992,0,0,0,ok
scanner+form,corpus,Single Page Images - from libre office.pdf,1,1,0.6,384496,0,0,0,ok
scanner+form,corpus,Single Page Non Latin - from acrobat distiller.pdf,1,1,1.1,416480,0,0,0,ok
scanner+form,corpus,Single Page Simple - from google drive.pdf,1,1,1.5,604816,0,0,0,ok
scanner+form,corpus,Single Page Simple - from inkscape.pdf,1,1,0.5,167272,0,0,0,ok
scanner+form,corpus,Single Page Simple - from open office.pdf,1,1,0.6,292960,0,0,0,ok
scanner+form,corpus,Single Page Type 1 Font.pdf,1,1,0.3,85776,0,0,0,ok
scanner+form,corpus,SinglePage180ClockwiseRotation - from PdfPig.pdf,1,1,0.5,248056,0,0,0,ok
scanner+form,corpus,SinglePage270ClockwiseRotation - from PdfPig.pdf,1,1,0.6,247984,0,0,0,ok
scanner+form,corpus,SinglePage90ClockwiseRotation - from PdfPig.pdf,1,1,0.5,247984,0,0,0,ok
scanner+form,corpus,SmallCropbox.pdf,1,1,1.9,1618472,0,0,0,ok
scanner+form,corpus,TIKA-1552-0.pdf,1,5,42.5,23506136,2,1,1,ok
scanner+form,corpus,TIKA-2054-0.pdf,1,5,25.6,20941280,0,0,0,ok
scanner+form,corpus,TIKA-469-0.pdf,1,2,7.3,4687672,0,0,0,ok
scanner+form,corpus,Test.Doc.pdf,1,1,2.8,1738664,0,0,0,ok
scanner+form,corpus,TrueTypeTablesGlyphDataTableReadGlyphsError.pdf,1,1,11.4,4081432,0,0,0,ok
scanner+form,corpus,Two Page Text Only - from libre office.pdf,1,2,2.1,1735016,0,0,0,ok
scanner+form,corpus,Type0 Font.pdf,1,1,11.4,10340584,0,0,0,ok
scanner+form,corpus,Type0_CJK_Font.pdf,1,5,75.9,4864144,0,0,0,ok
scanner+form,corpus,Type3Test.pdf,1,1,0.7,156840,0,0,0,ok
scanner+form,corpus,Various Content Types.pdf,1,1,0.9,271872,0,0,0,ok
scanner+form,corpus,Why.does.this.not.work.pdf,1,1,2.0,1050240,0,0,0,ok
scanner+form,corpus,_citUR2jB1_ay56u6vELzk.pdf,1,2,3.4,2369096,0,0,0,ok
scanner+form,corpus,annotation-comments.pdf,1,1,0.8,296088,0,0,0,ok
scanner+form,corpus,bold-italic.pdf,1,1,3.7,1898496,0,0,0,ok
scanner+form,corpus,bookmarks-with-accented-characters.pdf,1,1,0.6,331280,0,0,0,ok
scanner+form,corpus,byz.pdf,1,1,3.6,2271152,0,0,0,ok
scanner+form,corpus,capas.pdf,1,5,10.9,8262632,1,0,0,ok
scanner+form,corpus,cat-genetics.pdf,1,1,7.5,6763144,0,0,0,ok
scanner+form,corpus,cat-genetics_bobld.pdf,1,1,10.4,7031448,1,1,0,ok
scanner+form,corpus,cmap-parsing-exception.pdf,1,1,27.9,13352560,0,0,0,ok
scanner+form,corpus,cropped-and-rotated.pdf,1,1,1.7,775072,0,0,0,ok
scanner+form,corpus,data.pdf,1,3,7.9,4098192,1,0,0,ok
scanner+form,corpus,dotnet-ai.pdf,1,5,28.2,32312560,1,1,1,ok
scanner+form,corpus,felltypes-test.pdf,1,1,17.0,4980736,1,0,0,ok
scanner+form,corpus,hex_0x0006.pdf,1,1,1.3,659856,0,0,0,ok
scanner+form,corpus,inherited_mediabox.pdf,1,1,0.3,54912,0,0,0,ok
scanner+form,corpus,iron-ore-q2-q3-2013.pdf,1,5,48.4,37215944,2,1,1,ok
scanner+form,corpus,issue_1163.pdf,1,2,0.4,184232,0,0,0,ok
scanner+form,corpus,issue_1330.pdf,1,1,0.2,57040,0,0,0,ok
scanner+form,corpus,issue_1331.pdf,1,1,2.2,1593136,0,0,0,ok
scanner+form,corpus,issue_671.pdf,1,2,25.5,18274816,1,0,0,ok
scanner+form,corpus,issue_881.pdf,1,1,1.4,778304,0,0,0,ok
scanner+form,corpus,issues-1176-1.pdf,1,1,3.5,2167336,0,0,0,ok
scanner+form,corpus,issues-1176.pdf,1,1,4.1,7145400,0,0,0,ok
scanner+form,corpus,journal.pone.0196757.pdf,1,5,48.0,35448744,0,0,0,ok
scanner+form,corpus,jtehm-melillo-2679746.pdf,1,5,89.3,52744640,3,1,1,ok
scanner+form,corpus,little-pig-in-armenian.pdf,1,1,0.9,318968,0,0,0,ok
scanner+form,corpus,odwriteex.pdf,1,1,1.0,781040,0,0,0,ok
scanner+form,corpus,outline.pdf,1,3,2.8,1121432,0,0,0,ok
scanner+form,corpus,output_w3c_csswg_drafts_issues2023.pdf,1,1,0.9,235744,0,0,0,ok
scanner+form,corpus,path_ext_oddeven.pdf,1,1,2.3,1155504,0,0,0,ok
scanner+form,corpus,pop-bugzilla37292.pdf,1,4,10.1,7962792,0,0,0,ok
scanner+form,corpus,reference-2-numeric-error.pdf,1,1,16.4,7150632,0,0,0,ok
scanner+form,corpus,soundandvision.pdf,1,1,3.2,2022672,0,0,0,ok
scanner+form,corpus,ssm2163.pdf,1,5,17.6,10919080,0,0,0,ok
scanner+form,corpus,steam_in_page_dict.pdf,1,1,0.4,103608,0,0,0,ok
scanner+form,corpus,test-2_so_74165171.pdf,1,1,132.0,41194152,1,0,0,ok
scanner+form,corpus,testPdf-1.pdf,1,2,20.5,6058520,1,1,1,ok
scanner+form,corpus,test_a-5.pdf,1,5,110.4,70130888,2,1,0,ok
scanner+form,corpus,test_a.pdf,1,5,119.3,69149968,3,1,1,ok
scanner+form,corpus,toc.pdf,1,5,7.0,7517504,0,0,0,ok
scanner+form,corpus,type3-font-zero-height.pdf,1,1,16.5,8054576,0,0,0,ok
scanner+form,corpus,0000851.pdf,2,5,342.3,118456768,3,1,1,ok
scanner+form,corpus,11194059_2017-11_de_s.pdf,2,2,33.2,27671312,0,0,0,ok
scanner+form,corpus,2006_Swedish_Touring_Car_Championship.pdf,2,4,9.0,7847544,0,0,0,ok
scanner+form,corpus,2108.11480.pdf,2,5,154.8,75441336,4,2,0,ok
scanner+form,corpus,22060_A1_01_Plans-1.pdf,2,1,4.9,9374736,0,0,0,ok
scanner+form,corpus,6.Secrets.to.Startup.Success.PDFDrive.pdf,2,5,24.9,24670936,0,0,0,ok
scanner+form,corpus,68-1990-01_A.pdf,2,5,60.6,44651096,2,1,1,ok
scanner+form,corpus,AcroFormsBasicFields.pdf,2,1,0.9,594272,0,0,0,ok
scanner+form,corpus,Approved_Document_B__fire_safety__volume_2_-_Buildings_other_than_dwellings__2019_edition_incorporating_2020_and_2022_amendments.pdf,2,5,54.3,52110792,4,3,2,ok
scanner+form,corpus,Arve.nr.1615.17.04.2026.pdf,2,1,1.6,1270800,0,0,0,ok
scanner+form,corpus,ClipPathLetterFilter-Test1.pdf,2,5,11.1,12680320,0,0,0,ok
scanner+form,corpus,ClipPathLetterFilter-Test2.pdf,2,1,6.8,8846976,0,0,0,ok
scanner+form,corpus,ColorIssue.pdf,2,1,44.8,33704360,1,1,1,ok
scanner+form,corpus,DeviceN_CS_test.pdf,2,5,27.3,22065104,2,1,1,ok
scanner+form,corpus,Diacritics_export.pdf,2,1,2.0,2355560,0,0,0,ok
scanner+form,corpus,EmptyPdf.pdf,2,1,0.2,37712,0,0,0,ok
scanner+form,corpus,ErcotFacts.pdf,2,2,18.2,13757952,1,0,0,ok
scanner+form,corpus,FICTIF_TABLE_INDEX.pdf,2,5,14.1,15510744,0,0,0,ok
scanner+form,corpus,FarmerMac.pdf,2,5,12.7,14097192,0,0,0,ok
scanner+form,corpus,Font Size Test - from google chrome print pdf.pdf,2,1,1.1,505368,0,0,0,ok
scanner+form,corpus,Font Size Test - from libre office.pdf,2,1,0.5,202296,0,0,0,ok
scanner+form,corpus,FontMatrix-1.pdf,2,1,0.4,216408,0,0,0,ok
scanner+form,corpus,FontMatrix-concat.pdf,2,1,0.3,134320,0,0,0,ok
scanner+form,corpus,FontMatrix-otf-bad-hmtx.pdf,2,1,1.2,746648,0,0,0,ok
scanner+form,corpus,FontMatrix-otf.pdf,2,1,1.2,742712,0,0,0,ok
scanner+form,corpus,FontMatrix-raw.pdf,2,1,1.2,683312,0,0,0,ok
scanner+form,corpus,GHOSTSCRIPT-692564-0.pdf,2,1,0.8,547400,0,0,0,ok
scanner+form,corpus,GHOSTSCRIPT-695513-0.pdf,2,1,2.3,3521032,0,0,0,ok
scanner+form,corpus,GHOSTSCRIPT-696171-0.pdf,2,5,16.7,11336200,1,0,0,ok
scanner+form,corpus,GHOSTSCRIPT-696547-0.zip-7.pdf,2,1,12.7,7493168,1,1,1,ok
scanner+form,corpus,GHOSTSCRIPT-696547-0.zip-9.pdf,2,1,4.1,7355488,0,0,0,ok
scanner+form,corpus,GHOSTSCRIPT-697234-0.pdf,2,3,26.3,22678008,1,0,0,ok
scanner+form,corpus,GHOSTSCRIPT-697507-0.pdf,2,1,9.0,7972232,0,0,0,ok
scanner+form,corpus,GHOSTSCRIPT-697984-3.pdf,2,1,3.1,1680240,0,0,0,ok
scanner+form,corpus,GHOSTSCRIPT-698168-0.pdf,2,1,2.4,2816360,0,0,0,ok
scanner+form,corpus,GHOSTSCRIPT-698363-0.pdf,2,1,4.5,466576,0,0,0,ok
scanner+form,corpus,GHOSTSCRIPT-698721-0.zip-6.pdf,2,2,7.2,7317912,0,0,0,ok
scanner+form,corpus,GHOSTSCRIPT-698721-1.pdf,2,1,1.6,2032432,0,0,0,ok
scanner+form,corpus,GHOSTSCRIPT-699035-0.pdf,2,5,48.1,38421176,3,1,1,ok
scanner+form,corpus,GHOSTSCRIPT-699178-0.pdf,2,3,7.8,8592560,0,0,0,ok
scanner+form,corpus,GHOSTSCRIPT-699375-5.pdf,2,1,4.6,3265216,0,0,0,ok
scanner+form,corpus,GHOSTSCRIPT-699488-0.pdf,2,1,8.4,8120848,0,0,0,ok
scanner+form,corpus,GHOSTSCRIPT-699554-0.zip-4.pdf,2,1,1.6,1650272,0,0,0,ok
scanner+form,corpus,GHOSTSCRIPT-700125-1.pdf,2,5,24.0,16342112,1,0,0,ok
scanner+form,corpus,GHOSTSCRIPT-700139-0.pdf,2,2,173.3,117539912,4,2,2,ok
scanner+form,corpus,GHOSTSCRIPT-700236-1.pdf,2,5,15.1,13423352,0,0,0,ok
scanner+form,corpus,GHOSTSCRIPT-700288-1.pdf,2,1,6.8,4618240,0,0,0,ok
scanner+form,corpus,GHOSTSCRIPT-700370-2.pdf,2,1,2.4,1596760,0,0,0,ok
scanner+form,corpus,GHOSTSCRIPT-700931-0.7z-5.pdf,2,2,2.0,1222352,0,0,0,ok
scanner+form,corpus,GHOSTSCRIPT-702013-1.pdf,2,1,6.3,3792848,0,0,0,ok
scanner+form,corpus,Gamebook.pdf,2,5,19.5,9354160,0,0,0,ok
scanner+form,corpus,GlyphDataTableReadCompositeGlyphError.pdf,2,1,5.3,2886800,0,0,0,ok
scanner+form,corpus,Grapheme clusters emoji.pdf,2,1,0.5,149704,0,0,0,ok
scanner+form,corpus,ICML03-081.pdf,2,5,26.0,17293968,0,0,0,ok
scanner+form,corpus,Indexed-DeviceRGB-JPXDecode-0-.0.0.255.0.-Font-F1_1_missing_char_255-1.pdf,2,1,34.1,16979704,0,0,0,ok
scanner+form,corpus,IndexedCS_negative_and_high.pdf,2,1,0.5,81920,0,0,0,ok
scanner+form,corpus,Judgement Document.pdf,2,5,14.7,9128784,1,0,0,ok
scanner+form,corpus,LKR824191.pdf,2,1,14.1,4363816,1,1,1,ok
scanner+form,corpus,Layer pdf - 322_High_Holborn_building_Brochure.pdf,2,3,42.8,37982536,1,0,0,ok
scanner+form,corpus,MOZILLA-10084-0.pdf,2,1,3.8,3212592,0,0,0,ok
scanner+form,corpus,MOZILLA-10225-0.pdf,2,5,13.3,22997776,0,0,0,ok
scanner+form,corpus,MOZILLA-10372-2.pdf,2,5,26.3,13031024,2,1,1,ok
scanner+form,corpus,MOZILLA-2775-1.pdf,2,5,15.9,17728064,0,0,0,ok
scanner+form,corpus,MOZILLA-3136-0.pdf,2,4,245.9,217826920,3,1,1,ok
scanner+form,corpus,MOZILLA-7375-0.pdf,2,5,55.7,16131424,1,1,0,ok
scanner+form,corpus,MOZILLA-9176-2.pdf,2,5,8.9,9940448,1,1,1,ok
scanner+form,corpus,MOZILLA-LINK-3264-0.pdf,2,5,2.1,3314304,0,0,0,ok
scanner+form,corpus,MOZILLA-LINK-5251-1.pdf,2,2,3.1,2267944,0,0,0,ok
scanner+form,corpus,Math119FakingData.pdf,2,5,8.3,9256952,0,0,0,ok
scanner+form,corpus,Motor Insurance claim form.pdf,2,3,125.8,69296144,4,3,2,ok
scanner+form,corpus,Multiple Page - from Mortality Statistics.pdf,2,5,7.5,8267184,0,0,0,ok
scanner+form,corpus,OPEN.RABBIT.ENGLISH.LOP.pdf,2,5,24.0,27777480,0,0,0,ok
scanner+form,corpus,Old Gutnish Internet Explorer.pdf,2,3,13.3,14271136,0,0,0,ok
scanner+form,corpus,P2P-33713919.pdf,2,5,31.0,23139616,1,1,1,ok
scanner+form,corpus,PDFBOX-1869-4-1.pdf,2,1,4.0,411080,1,1,0,ok
scanner+form,corpus,PDFBOX-492-4.jar-8.pdf,2,2,24.0,16926152,1,0,0,ok
scanner+form,corpus,PDFBOX-624-2.pdf,2,5,10.1,11332440,0,0,0,ok
scanner+form,corpus,Pig Production Handbook.pdf,2,5,9.4,11474112,0,0,0,ok
scanner+form,corpus,Pig Reproduction Powerpoint.pdf,2,5,4.5,9152384,0,0,0,ok
scanner+form,corpus,Publication_of_award_of_Bids_for_Transport_Sector__August_2016.pdf,2,5,7.8,8292128,0,0,0,ok
scanner+form,corpus,Rotated Text Libre Office.pdf,2,1,0.7,238400,0,0,0,ok
scanner+form,corpus,Rotation 45.pdf,2,4,25.1,10033696,1,1,1,ok
scanner+form,corpus,SPARC - v9 Architecture Manual.pdf,2,5,89.3,74096288,4,3,1,ok
scanner+form,corpus,SPE8EF26T0545.pdf,2,5,10.9,11430528,0,0,0,ok
scanner+form,corpus,ShowTextOpWithUnbalancedRoundBrackets.pdf,2,1,5.2,4630240,0,0,0,ok
scanner+form,corpus,Single Page Broken Offsets - from google drive.pdf,2,1,1.8,590416,0,0,0,ok
scanner+form,corpus,Single Page Form Content - from itext 1_1.pdf,2,1,1.1,786440,0,0,0,ok
scanner+form,corpus,Single Page Hyperlinks - from open office.pdf,2,1,0.8,360968,0,0,0,ok
scanner+form,corpus,Single Page Images - from libre office.pdf,2,1,0.6,378640,0,0,0,ok
scanner+form,corpus,Single Page Non Latin - from acrobat distiller.pdf,2,1,1.0,396512,0,0,0,ok
scanner+form,corpus,Single Page Simple - from google drive.pdf,2,1,1.1,583432,0,0,0,ok
scanner+form,corpus,Single Page Simple - from inkscape.pdf,2,1,0.6,150184,0,0,0,ok
scanner+form,corpus,Single Page Simple - from open office.pdf,2,1,0.6,269584,0,0,0,ok
scanner+form,corpus,Single Page Type 1 Font.pdf,2,1,0.3,85904,0,0,0,ok
scanner+form,corpus,SinglePage180ClockwiseRotation - from PdfPig.pdf,2,1,0.6,201784,0,0,0,ok
scanner+form,corpus,SinglePage270ClockwiseRotation - from PdfPig.pdf,2,1,0.6,201784,0,0,0,ok
scanner+form,corpus,SinglePage90ClockwiseRotation - from PdfPig.pdf,2,1,0.6,201784,0,0,0,ok
scanner+form,corpus,SmallCropbox.pdf,2,1,1.8,1683864,0,0,0,ok
scanner+form,corpus,TIKA-1552-0.pdf,2,5,35.8,23480712,1,0,0,ok
scanner+form,corpus,TIKA-2054-0.pdf,2,5,33.8,20944408,2,1,1,ok
scanner+form,corpus,TIKA-469-0.pdf,2,2,5.9,4679456,0,0,0,ok
scanner+form,corpus,Test.Doc.pdf,2,1,2.5,1679744,0,0,0,ok
scanner+form,corpus,TrueTypeTablesGlyphDataTableReadGlyphsError.pdf,2,1,6.5,3649216,0,0,0,ok
scanner+form,corpus,Two Page Text Only - from libre office.pdf,2,2,2.1,1572176,0,0,0,ok
scanner+form,corpus,Type0 Font.pdf,2,1,11.2,9722152,0,0,0,ok
scanner+form,corpus,Type0_CJK_Font.pdf,2,5,14.0,3216968,0,0,0,ok
scanner+form,corpus,Type3Test.pdf,2,1,0.5,155448,0,0,0,ok
scanner+form,corpus,Various Content Types.pdf,2,1,0.6,257232,0,0,0,ok
scanner+form,corpus,Why.does.this.not.work.pdf,2,1,1.8,1035984,0,0,0,ok
scanner+form,corpus,_citUR2jB1_ay56u6vELzk.pdf,2,2,3.2,2257704,0,0,0,ok
scanner+form,corpus,annotation-comments.pdf,2,1,0.9,283416,0,0,0,ok
scanner+form,corpus,bold-italic.pdf,2,1,3.5,1617504,0,0,0,ok
scanner+form,corpus,bookmarks-with-accented-characters.pdf,2,1,0.6,331256,0,0,0,ok
scanner+form,corpus,byz.pdf,2,1,3.2,2271056,0,0,0,ok
scanner+form,corpus,capas.pdf,2,5,8.9,8008880,1,0,0,ok
scanner+form,corpus,cat-genetics.pdf,2,1,6.7,6762184,0,0,0,ok
scanner+form,corpus,cat-genetics_bobld.pdf,2,1,9.8,7030992,1,0,0,ok
scanner+form,corpus,cmap-parsing-exception.pdf,2,1,29.7,13185608,1,1,1,ok
scanner+form,corpus,cropped-and-rotated.pdf,2,1,1.5,744496,0,0,0,ok
scanner+form,corpus,data.pdf,2,3,7.6,4098128,1,0,0,ok
scanner+form,corpus,dotnet-ai.pdf,2,5,23.4,31622656,1,1,1,ok
scanner+form,corpus,felltypes-test.pdf,2,1,10.9,4979776,1,1,0,ok
scanner+form,corpus,hex_0x0006.pdf,2,1,1.0,659112,0,0,0,ok
scanner+form,corpus,inherited_mediabox.pdf,2,1,0.3,54816,0,0,0,ok
scanner+form,corpus,iron-ore-q2-q3-2013.pdf,2,5,23.6,36516560,1,0,0,ok
scanner+form,corpus,issue_1163.pdf,2,2,0.4,183592,0,0,0,ok
scanner+form,corpus,issue_1330.pdf,2,1,0.2,57016,0,0,0,ok
scanner+form,corpus,issue_1331.pdf,2,1,1.8,1351064,0,0,0,ok
scanner+form,corpus,issue_671.pdf,2,2,21.0,17840064,0,0,0,ok
scanner+form,corpus,issue_881.pdf,2,1,1.1,617520,0,0,0,ok
scanner+form,corpus,issues-1176-1.pdf,2,1,2.3,2166288,0,0,0,ok
scanner+form,corpus,issues-1176.pdf,2,1,4.1,7145040,0,0,0,ok
scanner+form,corpus,journal.pone.0196757.pdf,2,5,45.7,35391080,1,0,0,ok
scanner+form,corpus,jtehm-melillo-2679746.pdf,2,5,58.9,52740400,0,0,0,ok
scanner+form,corpus,little-pig-in-armenian.pdf,2,1,1.0,307208,0,0,0,ok
scanner+form,corpus,odwriteex.pdf,2,1,1.2,715384,0,0,0,ok
scanner+form,corpus,outline.pdf,2,3,2.6,1088096,0,0,0,ok
scanner+form,corpus,output_w3c_csswg_drafts_issues2023.pdf,2,1,0.7,235512,0,0,0,ok
scanner+form,corpus,path_ext_oddeven.pdf,2,1,1.8,1040040,0,0,0,ok
scanner+form,corpus,pop-bugzilla37292.pdf,2,4,9.5,7592600,0,0,0,ok
scanner+form,corpus,reference-2-numeric-error.pdf,2,1,12.0,7148160,0,0,0,ok
scanner+form,corpus,soundandvision.pdf,2,1,2.9,1856832,0,0,0,ok
scanner+form,corpus,ssm2163.pdf,2,5,12.9,10260736,0,0,0,ok
scanner+form,corpus,steam_in_page_dict.pdf,2,1,0.4,103512,0,0,0,ok
scanner+form,corpus,test-2_so_74165171.pdf,2,1,91.4,42181840,2,2,1,ok
scanner+form,corpus,testPdf-1.pdf,2,2,16.4,5835960,1,1,1,ok
scanner+form,corpus,test_a-5.pdf,2,5,74.7,69775240,2,0,0,ok
scanner+form,corpus,test_a.pdf,2,5,86.8,68794696,3,2,1,ok
scanner+form,corpus,toc.pdf,2,5,8.4,7517384,1,0,0,ok
scanner+form,corpus,type3-font-zero-height.pdf,2,1,9.4,8049280,0,0,0,ok
scanner+form,corpus,0000851.pdf,3,5,198.6,118588424,4,2,1,ok
scanner+form,corpus,11194059_2017-11_de_s.pdf,3,2,39.6,27548248,1,0,0,ok
scanner+form,corpus,2006_Swedish_Touring_Car_Championship.pdf,3,4,6.7,7631512,0,0,0,ok
scanner+form,corpus,2108.11480.pdf,3,5,68.5,74972416,3,2,1,ok
scanner+form,corpus,22060_A1_01_Plans-1.pdf,3,1,15.8,9374736,1,0,0,ok
scanner+form,corpus,6.Secrets.to.Startup.Success.PDFDrive.pdf,3,5,17.8,24675264,0,0,0,ok
scanner+form,corpus,68-1990-01_A.pdf,3,5,54.6,44401208,2,1,1,ok
scanner+form,corpus,AcroFormsBasicFields.pdf,3,1,0.9,594272,0,0,0,ok
scanner+form,corpus,Approved_Document_B__fire_safety__volume_2_-_Buildings_other_than_dwellings__2019_edition_incorporating_2020_and_2022_amendments.pdf,3,5,50.5,52111072,4,4,2,ok
scanner+form,corpus,Arve.nr.1615.17.04.2026.pdf,3,1,1.8,1193568,0,0,0,ok
scanner+form,corpus,ClipPathLetterFilter-Test1.pdf,3,5,9.8,12124384,0,0,0,ok
scanner+form,corpus,ClipPathLetterFilter-Test2.pdf,3,1,7.5,8697888,1,0,0,ok
scanner+form,corpus,ColorIssue.pdf,3,1,36.6,33585688,1,1,1,ok
scanner+form,corpus,DeviceN_CS_test.pdf,3,5,16.7,21540736,1,0,0,ok
scanner+form,corpus,Diacritics_export.pdf,3,1,1.9,2354880,0,0,0,ok
scanner+form,corpus,EmptyPdf.pdf,3,1,0.2,37712,0,0,0,ok
scanner+form,corpus,ErcotFacts.pdf,3,2,12.7,13361136,0,0,0,ok
scanner+form,corpus,FICTIF_TABLE_INDEX.pdf,3,5,14.3,14808536,0,0,0,ok
scanner+form,corpus,FarmerMac.pdf,3,5,22.6,13703640,1,1,0,ok
scanner+form,corpus,Font Size Test - from google chrome print pdf.pdf,3,1,1.3,480328,0,0,0,ok
scanner+form,corpus,Font Size Test - from libre office.pdf,3,1,0.4,188328,0,0,0,ok
scanner+form,corpus,FontMatrix-1.pdf,3,1,0.3,216408,0,0,0,ok
scanner+form,corpus,FontMatrix-concat.pdf,3,1,0.2,134320,0,0,0,ok
scanner+form,corpus,FontMatrix-otf-bad-hmtx.pdf,3,1,1.1,746648,0,0,0,ok
scanner+form,corpus,FontMatrix-otf.pdf,3,1,1.2,742712,0,0,0,ok
scanner+form,corpus,FontMatrix-raw.pdf,3,1,1.1,683312,0,0,0,ok
scanner+form,corpus,GHOSTSCRIPT-692564-0.pdf,3,1,0.8,547400,0,0,0,ok
scanner+form,corpus,GHOSTSCRIPT-695513-0.pdf,3,1,9.1,3654864,1,1,1,ok
scanner+form,corpus,GHOSTSCRIPT-696171-0.pdf,3,5,10.6,11406144,1,0,0,ok
scanner+form,corpus,GHOSTSCRIPT-696547-0.zip-7.pdf,3,1,3.6,7355304,0,0,0,ok
scanner+form,corpus,GHOSTSCRIPT-696547-0.zip-9.pdf,3,1,3.8,7354704,0,0,0,ok
scanner+form,corpus,GHOSTSCRIPT-697234-0.pdf,3,3,27.7,22678008,1,0,0,ok
scanner+form,corpus,GHOSTSCRIPT-697507-0.pdf,3,1,7.8,7906672,0,0,0,ok
scanner+form,corpus,GHOSTSCRIPT-697984-3.pdf,3,1,2.3,1619952,0,0,0,ok
scanner+form,corpus,GHOSTSCRIPT-698168-0.pdf,3,1,1.9,2816360,0,0,0,ok
scanner+form,corpus,GHOSTSCRIPT-698363-0.pdf,3,1,1.4,466168,0,0,0,ok
scanner+form,corpus,GHOSTSCRIPT-698721-0.zip-6.pdf,3,2,7.6,7317912,0,0,0,ok
scanner+form,corpus,GHOSTSCRIPT-698721-1.pdf,3,1,1.8,2032432,0,0,0,ok
scanner+form,corpus,GHOSTSCRIPT-699035-0.pdf,3,5,58.5,38421176,1,1,1,ok
scanner+form,corpus,GHOSTSCRIPT-699178-0.pdf,3,3,10.0,8420432,1,1,0,ok
scanner+form,corpus,GHOSTSCRIPT-699375-5.pdf,3,1,3.0,3069392,0,0,0,ok
scanner+form,corpus,GHOSTSCRIPT-699488-0.pdf,3,1,7.5,8120848,1,0,0,ok
scanner+form,corpus,GHOSTSCRIPT-699554-0.zip-4.pdf,3,1,1.3,1650480,0,0,0,ok
scanner+form,corpus,GHOSTSCRIPT-700125-1.pdf,3,5,15.5,16342112,1,1,0,ok
scanner+form,corpus,GHOSTSCRIPT-700139-0.pdf,3,2,124.2,116210040,4,1,1,ok
scanner+form,corpus,GHOSTSCRIPT-700236-1.pdf,3,5,12.6,13423352,0,0,0,ok
scanner+form,corpus,GHOSTSCRIPT-700288-1.pdf,3,1,5.6,4618240,0,0,0,ok
scanner+form,corpus,GHOSTSCRIPT-700370-2.pdf,3,1,2.0,1596760,0,0,0,ok
scanner+form,corpus,GHOSTSCRIPT-700931-0.7z-5.pdf,3,2,1.5,1222352,0,0,0,ok
scanner+form,corpus,GHOSTSCRIPT-702013-1.pdf,3,1,5.0,3792848,0,0,0,ok
scanner+form,corpus,Gamebook.pdf,3,5,10.9,9354160,0,0,0,ok
scanner+form,corpus,GlyphDataTableReadCompositeGlyphError.pdf,3,1,4.2,2886800,0,0,0,ok
scanner+form,corpus,Grapheme clusters emoji.pdf,3,1,0.4,149704,0,0,0,ok
scanner+form,corpus,ICML03-081.pdf,3,5,20.5,17293968,0,0,0,ok
scanner+form,corpus,Indexed-DeviceRGB-JPXDecode-0-.0.0.255.0.-Font-F1_1_missing_char_255-1.pdf,3,1,39.4,16979704,1,1,0,ok
scanner+form,corpus,IndexedCS_negative_and_high.pdf,3,1,0.5,82128,0,0,0,ok
scanner+form,corpus,Judgement Document.pdf,3,5,7.9,9128784,1,0,0,ok
scanner+form,corpus,LKR824191.pdf,3,1,2.7,4165048,0,0,0,ok
scanner+form,corpus,Layer pdf - 322_High_Holborn_building_Brochure.pdf,3,3,43.5,37984920,2,1,1,ok
scanner+form,corpus,MOZILLA-10084-0.pdf,3,1,3.1,3212648,0,0,0,ok
scanner+form,corpus,MOZILLA-10225-0.pdf,3,5,12.5,22997776,0,0,0,ok
scanner+form,corpus,MOZILLA-10372-2.pdf,3,5,20.9,13162120,2,1,1,ok
scanner+form,corpus,MOZILLA-2775-1.pdf,3,5,12.9,17728064,0,0,0,ok
scanner+form,corpus,MOZILLA-3136-0.pdf,3,4,238.3,217858400,7,3,2,ok
scanner+form,corpus,MOZILLA-7375-0.pdf,3,5,27.1,16131424,1,0,0,ok
scanner+form,corpus,MOZILLA-9176-2.pdf,3,5,2.0,9938768,0,0,0,ok
scanner+form,corpus,MOZILLA-LINK-3264-0.pdf,3,5,1.7,3313264,0,0,0,ok
scanner+form,corpus,MOZILLA-LINK-5251-1.pdf,3,2,2.0,2202384,0,0,0,ok
scanner+form,corpus,Math119FakingData.pdf,3,5,7.6,9252832,0,0,0,ok
scanner+form,corpus,Motor Insurance claim form.pdf,3,3,100.6,68834584,2,1,1,ok
scanner+form,corpus,Multiple Page - from Mortality Statistics.pdf,3,5,5.9,8267184,0,0,0,ok
scanner+form,corpus,OPEN.RABBIT.ENGLISH.LOP.pdf,3,5,20.4,27777480,0,0,0,ok
scanner+form,corpus,Old Gutnish Internet Explorer.pdf,3,3,21.7,14271136,1,0,0,ok
scanner+form,corpus,P2P-33713919.pdf,3,5,12.4,23006080,0,0,0,ok
scanner+form,corpus,PDFBOX-1869-4-1.pdf,3,1,0.7,410816,0,0,0,ok
scanner+form,corpus,PDFBOX-492-4.jar-8.pdf,3,2,16.8,16856176,0,0,0,ok
scanner+form,corpus,PDFBOX-624-2.pdf,3,5,9.3,11332232,0,0,0,ok
scanner+form,corpus,Pig Production Handbook.pdf,3,5,7.9,11474112,0,0,0,ok
scanner+form,corpus,Pig Reproduction Powerpoint.pdf,3,5,3.7,9152384,0,0,0,ok
scanner+form,corpus,Publication_of_award_of_Bids_for_Transport_Sector__August_2016.pdf,3,5,22.9,8360424,1,1,1,ok
scanner+form,corpus,Rotated Text Libre Office.pdf,3,1,0.6,238664,0,0,0,ok
scanner+form,corpus,Rotation 45.pdf,3,4,13.2,9900384,1,0,0,ok
scanner+form,corpus,SPARC - v9 Architecture Manual.pdf,3,5,54.5,73962488,1,0,0,ok
scanner+form,corpus,SPE8EF26T0545.pdf,3,5,9.1,11430472,0,0,0,ok
scanner+form,corpus,ShowTextOpWithUnbalancedRoundBrackets.pdf,3,1,4.7,4630152,0,0,0,ok
scanner+form,corpus,Single Page Broken Offsets - from google drive.pdf,3,1,1.6,590416,0,0,0,ok
scanner+form,corpus,Single Page Form Content - from itext 1_1.pdf,3,1,0.9,786440,0,0,0,ok
scanner+form,corpus,Single Page Hyperlinks - from open office.pdf,3,1,0.7,360968,0,0,0,ok
scanner+form,corpus,Single Page Images - from libre office.pdf,3,1,0.5,378640,0,0,0,ok
scanner+form,corpus,Single Page Non Latin - from acrobat distiller.pdf,3,1,1.4,396512,0,0,0,ok
scanner+form,corpus,Single Page Simple - from google drive.pdf,3,1,1.1,583432,0,0,0,ok
scanner+form,corpus,Single Page Simple - from inkscape.pdf,3,1,0.4,150184,0,0,0,ok
scanner+form,corpus,Single Page Simple - from open office.pdf,3,1,0.4,269584,0,0,0,ok
scanner+form,corpus,Single Page Type 1 Font.pdf,3,1,0.2,85904,0,0,0,ok
scanner+form,corpus,SinglePage180ClockwiseRotation - from PdfPig.pdf,3,1,0.5,201784,0,0,0,ok
scanner+form,corpus,SinglePage270ClockwiseRotation - from PdfPig.pdf,3,1,0.4,201784,0,0,0,ok
scanner+form,corpus,SinglePage90ClockwiseRotation - from PdfPig.pdf,3,1,0.4,201784,0,0,0,ok
scanner+form,corpus,SmallCropbox.pdf,3,1,1.5,1618304,0,0,0,ok
scanner+form,corpus,TIKA-1552-0.pdf,3,5,24.0,23480712,0,0,0,ok
scanner+form,corpus,TIKA-2054-0.pdf,3,5,38.4,20747544,2,1,1,ok
scanner+form,corpus,TIKA-469-0.pdf,3,2,4.3,4679456,0,0,0,ok
scanner+form,corpus,Test.Doc.pdf,3,1,1.8,1679744,0,0,0,ok
scanner+form,corpus,TrueTypeTablesGlyphDataTableReadGlyphsError.pdf,3,1,5.4,3649216,0,0,0,ok
scanner+form,corpus,Two Page Text Only - from libre office.pdf,3,2,1.6,1572176,0,0,0,ok
scanner+form,corpus,Type0 Font.pdf,3,1,8.7,9787712,0,0,0,ok
scanner+form,corpus,Type0_CJK_Font.pdf,3,5,9.4,3216968,0,0,0,ok
scanner+form,corpus,Type3Test.pdf,3,1,0.4,155448,0,0,0,ok
scanner+form,corpus,Various Content Types.pdf,3,1,0.4,257232,0,0,0,ok
scanner+form,corpus,Why.does.this.not.work.pdf,3,1,1.4,1035984,0,0,0,ok
scanner+form,corpus,_citUR2jB1_ay56u6vELzk.pdf,3,2,1.9,2257704,0,0,0,ok
scanner+form,corpus,annotation-comments.pdf,3,1,0.6,283416,0,0,0,ok
scanner+form,corpus,bold-italic.pdf,3,1,2.3,1617504,0,0,0,ok
scanner+form,corpus,bookmarks-with-accented-characters.pdf,3,1,0.5,331256,0,0,0,ok
scanner+form,corpus,byz.pdf,3,1,2.1,2271056,0,0,0,ok
scanner+form,corpus,capas.pdf,3,5,7.2,8008880,1,0,0,ok
scanner+form,corpus,cat-genetics.pdf,3,1,4.9,6762184,0,0,0,ok
scanner+form,corpus,cat-genetics_bobld.pdf,3,1,8.4,7030992,1,0,0,ok
scanner+form,corpus,cmap-parsing-exception.pdf,3,1,17.2,13248408,0,0,0,ok
scanner+form,corpus,cropped-and-rotated.pdf,3,1,1.1,744232,0,0,0,ok
scanner+form,corpus,data.pdf,3,3,3.7,4097976,0,0,0,ok
scanner+form,corpus,dotnet-ai.pdf,3,5,25.4,31622448,1,1,1,ok
scanner+form,corpus,felltypes-test.pdf,3,1,8.6,4979776,1,0,0,ok
scanner+form,corpus,hex_0x0006.pdf,3,1,0.9,659112,0,0,0,ok
scanner+form,corpus,inherited_mediabox.pdf,3,1,0.2,54816,0,0,0,ok
scanner+form,corpus,iron-ore-q2-q3-2013.pdf,3,5,20.6,36517080,1,0,0,ok
scanner+form,corpus,issue_1163.pdf,3,2,0.4,183592,0,0,0,ok
scanner+form,corpus,issue_1330.pdf,3,1,0.2,57016,0,0,0,ok
scanner+form,corpus,issue_1331.pdf,3,1,1.6,1351064,0,0,0,ok
scanner+form,corpus,issue_671.pdf,3,2,18.7,17840064,0,0,0,ok
scanner+form,corpus,issue_881.pdf,3,1,1.0,617520,0,0,0,ok
scanner+form,corpus,issues-1176-1.pdf,3,1,2.1,2166288,0,0,0,ok
scanner+form,corpus,issues-1176.pdf,3,1,12.6,7344488,1,1,1,ok
scanner+form,corpus,journal.pone.0196757.pdf,3,5,27.9,35452864,1,0,0,ok
scanner+form,corpus,jtehm-melillo-2679746.pdf,3,5,60.4,52740400,2,1,0,ok
scanner+form,corpus,little-pig-in-armenian.pdf,3,1,0.7,307416,0,0,0,ok
scanner+form,corpus,odwriteex.pdf,3,1,0.9,715384,0,0,0,ok
scanner+form,corpus,outline.pdf,3,3,1.9,1088096,0,0,0,ok
scanner+form,corpus,output_w3c_csswg_drafts_issues2023.pdf,3,1,0.5,235512,0,0,0,ok
scanner+form,corpus,path_ext_oddeven.pdf,3,1,1.3,1040040,0,0,0,ok
scanner+form,corpus,pop-bugzilla37292.pdf,3,4,6.7,7592600,0,0,0,ok
scanner+form,corpus,reference-2-numeric-error.pdf,3,1,8.0,7148160,0,0,0,ok
scanner+form,corpus,soundandvision.pdf,3,1,2.2,1856832,0,0,0,ok
scanner+form,corpus,ssm2163.pdf,3,5,10.6,10260736,0,0,0,ok
scanner+form,corpus,steam_in_page_dict.pdf,3,1,0.4,103512,0,0,0,ok
scanner+form,corpus,test-2_so_74165171.pdf,3,1,71.8,42181840,2,2,1,ok
scanner+form,corpus,testPdf-1.pdf,3,2,5.6,5833464,0,0,0,ok
scanner+form,corpus,test_a-5.pdf,3,5,85.4,69774976,2,0,0,ok
scanner+form,corpus,test_a.pdf,3,5,85.1,68794696,2,1,1,ok
scanner+form,corpus,toc.pdf,3,5,5.1,7517384,0,0,0,ok
scanner+form,corpus,type3-font-zero-height.pdf,3,1,9.1,8049072,0,0,0,ok
full,corpus,0000851.pdf,1,5,1081.4,165940352,6,2,2,ok
full,corpus,11194059_2017-11_de_s.pdf,1,2,122.0,27823184,2,1,1,ok
full,corpus,2006_Swedish_Touring_Car_Championship.pdf,1,4,29.4,7846672,0,0,0,ok
full,corpus,2108.11480.pdf,1,5,200.8,75615880,2,1,0,ok
full,corpus,22060_A1_01_Plans-1.pdf,1,1,24.8,9378848,1,1,1,ok
full,corpus,6.Secrets.to.Startup.Success.PDFDrive.pdf,1,5,77.8,24739416,1,0,0,ok
full,corpus,68-1990-01_A.pdf,1,5,210.5,64939776,4,2,2,ok
full,corpus,AcroFormsBasicFields.pdf,1,1,1.9,596040,0,0,0,ok
full,corpus,Approved_Document_B__fire_safety__volume_2_-_Buildings_other_than_dwellings__2019_edition_incorporating_2020_and_2022_amendments.pdf,1,5,125.2,52109488,2,1,1,ok
full,corpus,Arve.nr.1615.17.04.2026.pdf,1,1,4.8,1270728,0,0,0,ok
full,corpus,ClipPathLetterFilter-Test1.pdf,1,5,110.7,41543384,3,2,2,ok
full,corpus,ClipPathLetterFilter-Test2.pdf,1,1,27.8,8847568,1,0,0,ok
full,corpus,ColorIssue.pdf,1,1,103.5,34171256,3,2,2,ok
full,corpus,DeviceN_CS_test.pdf,1,5,58.6,22076960,1,1,1,ok
full,corpus,Diacritics_export.pdf,1,1,7.9,2357760,1,0,0,ok
full,corpus,EmptyPdf.pdf,1,1,0.4,38568,0,0,0,ok
full,corpus,ErcotFacts.pdf,1,2,46.7,13765496,0,0,0,ok
full,corpus,FICTIF_TABLE_INDEX.pdf,1,5,42.5,15508928,0,0,0,ok
full,corpus,FarmerMac.pdf,1,5,55.6,14093672,0,0,0,ok
full,corpus,Font Size Test - from google chrome print pdf.pdf,1,1,1.7,505128,0,0,0,ok
full,corpus,Font Size Test - from libre office.pdf,1,1,1.2,201904,0,0,0,ok
full,corpus,FontMatrix-1.pdf,1,1,0.9,216624,0,0,0,ok
full,corpus,FontMatrix-concat.pdf,1,1,0.3,134464,0,0,0,ok
full,corpus,FontMatrix-otf-bad-hmtx.pdf,1,1,4.5,750136,0,0,0,ok
full,corpus,FontMatrix-otf.pdf,1,1,2.8,742256,0,0,0,ok
full,corpus,FontMatrix-raw.pdf,1,1,2.4,682928,0,0,0,ok
full,corpus,GHOSTSCRIPT-692564-0.pdf,1,1,3.9,547760,0,0,0,ok
full,corpus,GHOSTSCRIPT-695513-0.pdf,1,1,12.0,3521576,1,0,0,ok
full,corpus,GHOSTSCRIPT-696171-0.pdf,1,5,38.9,11333144,0,0,0,ok
full,corpus,GHOSTSCRIPT-696547-0.zip-7.pdf,1,1,32.1,7493192,1,1,1,ok
full,corpus,GHOSTSCRIPT-696547-0.zip-9.pdf,1,1,21.1,7355368,0,0,0,ok
full,corpus,GHOSTSCRIPT-697234-0.pdf,1,3,112.1,22679104,1,0,0,ok
full,corpus,GHOSTSCRIPT-697507-0.pdf,1,1,28.3,7972360,0,0,0,ok
full,corpus,GHOSTSCRIPT-697984-3.pdf,1,1,7.6,1697752,0,0,0,ok
full,corpus,GHOSTSCRIPT-698168-0.pdf,1,1,9.2,2816408,0,0,0,ok
full,corpus,GHOSTSCRIPT-698363-0.pdf,1,1,13.9,477088,0,0,0,ok
full,corpus,GHOSTSCRIPT-698721-0.zip-6.pdf,1,2,21.2,7316016,0,0,0,ok
full,corpus,GHOSTSCRIPT-698721-1.pdf,1,1,4.7,2031688,0,0,0,ok
full,corpus,GHOSTSCRIPT-699035-0.pdf,1,5,214.8,38419696,3,1,1,ok
full,corpus,GHOSTSCRIPT-699178-0.pdf,1,3,26.1,8590280,0,0,0,ok
full,corpus,GHOSTSCRIPT-699375-5.pdf,1,1,9.0,3265344,0,0,0,ok
full,corpus,GHOSTSCRIPT-699488-0.pdf,1,1,24.9,8120976,0,0,0,ok
full,corpus,GHOSTSCRIPT-699554-0.zip-4.pdf,1,1,4.3,1649912,0,0,0,ok
full,corpus,GHOSTSCRIPT-700125-1.pdf,1,5,51.7,16241368,0,0,0,ok
full,corpus,GHOSTSCRIPT-700139-0.pdf,1,2,418.3,117918008,5,2,2,ok
full,corpus,GHOSTSCRIPT-700236-1.pdf,1,5,47.5,13418840,0,0,0,ok
full,corpus,GHOSTSCRIPT-700288-1.pdf,1,1,21.8,4617856,0,0,0,ok
full,corpus,GHOSTSCRIPT-700370-2.pdf,1,1,6.3,1734248,0,0,0,ok
full,corpus,GHOSTSCRIPT-700931-0.7z-5.pdf,1,2,4.2,1221304,0,0,0,ok
full,corpus,GHOSTSCRIPT-702013-1.pdf,1,1,13.4,3792912,0,0,0,ok
full,corpus,Gamebook.pdf,1,5,151.6,150810688,9,9,8,ok
full,corpus,GlyphDataTableReadCompositeGlyphError.pdf,1,1,18.9,3793008,0,0,0,ok
full,corpus,Grapheme clusters emoji.pdf,1,1,0.9,149608,0,0,0,ok
full,corpus,ICML03-081.pdf,1,5,60.2,17359208,2,1,0,ok
full,corpus,Indexed-DeviceRGB-JPXDecode-0-.0.0.255.0.-Font-F1_1_missing_char_255-1.pdf,1,1,55.4,17000288,0,0,0,ok
full,corpus,IndexedCS_negative_and_high.pdf,1,1,1.2,81848,0,0,0,ok
full,corpus,Judgement Document.pdf,1,5,43.5,11059816,1,1,1,ok
full,corpus,LKR824191.pdf,1,1,17.1,4165144,1,0,0,ok
full,corpus,Layer pdf - 322_High_Holborn_building_Brochure.pdf,1,3,151.8,38361024,1,0,0,ok
full,corpus,MOZILLA-10084-0.pdf,1,1,9.4,3212824,0,0,0,ok
full,corpus,MOZILLA-10225-0.pdf,1,5,38.9,23479496,1,1,1,ok
full,corpus,MOZILLA-10372-2.pdf,1,5,38.1,13028920,1,0,0,ok
full,corpus,MOZILLA-2775-1.pdf,1,5,46.2,17720560,0,0,0,ok
full,corpus,MOZILLA-3136-0.pdf,1,4,784.6,220027472,6,3,2,ok
full,corpus,MOZILLA-7375-0.pdf,1,5,55.8,16128976,1,0,0,ok
full,corpus,MOZILLA-9176-2.pdf,1,5,2.8,9936984,0,0,0,ok
full,corpus,MOZILLA-LINK-3264-0.pdf,1,5,5.6,3412568,0,0,0,ok
full,corpus,MOZILLA-LINK-5251-1.pdf,1,2,10.0,2280128,0,0,0,ok
full,corpus,Math119FakingData.pdf,1,5,31.7,9250472,0,0,0,ok
full,corpus,Motor Insurance claim form.pdf,1,3,289.0,69468648,3,1,1,ok
full,corpus,Multiple Page - from Mortality Statistics.pdf,1,5,31.0,15806728,0,0,0,ok
full,corpus,OPEN.RABBIT.ENGLISH.LOP.pdf,1,5,44.5,27965440,0,0,0,ok
full,corpus,Old Gutnish Internet Explorer.pdf,1,3,37.5,14914264,1,0,0,ok
full,corpus,P2P-33713919.pdf,1,5,34.3,23039808,0,0,0,ok
full,corpus,PDFBOX-1869-4-1.pdf,1,1,1.5,410512,0,0,0,ok
full,corpus,PDFBOX-492-4.jar-8.pdf,1,2,38.3,16854760,0,0,0,ok
full,corpus,PDFBOX-624-2.pdf,1,5,17.9,11327864,0,0,0,ok
full,corpus,Pig Production Handbook.pdf,1,5,14.8,11470096,0,0,0,ok
full,corpus,Pig Reproduction Powerpoint.pdf,1,5,6.3,9152712,0,0,0,ok
full,corpus,Publication_of_award_of_Bids_for_Transport_Sector__August_2016.pdf,1,5,30.6,8724608,1,1,1,ok
full,corpus,Rotated Text Libre Office.pdf,1,1,0.8,271456,0,0,0,ok
full,corpus,Rotation 45.pdf,1,4,40.0,17559288,1,0,0,ok
full,corpus,SPARC - v9 Architecture Manual.pdf,1,5,169.4,73959368,1,0,0,ok
full,corpus,SPE8EF26T0545.pdf,1,5,16.4,11460488,0,0,0,ok
full,corpus,ShowTextOpWithUnbalancedRoundBrackets.pdf,1,1,29.9,4630048,1,0,0,ok
full,corpus,Single Page Broken Offsets - from google drive.pdf,1,1,2.1,611840,0,0,0,ok
full,corpus,Single Page Form Content - from itext 1_1.pdf,1,1,1.8,786656,0,0,0,ok
full,corpus,Single Page Hyperlinks - from open office.pdf,1,1,0.9,405352,0,0,0,ok
full,corpus,Single Page Images - from libre office.pdf,1,1,0.6,383472,0,0,0,ok
full,corpus,Single Page Non Latin - from acrobat distiller.pdf,1,1,1.1,416240,0,0,0,ok
full,corpus,Single Page Simple - from google drive.pdf,1,1,1.4,604576,0,0,0,ok
full,corpus,Single Page Simple - from inkscape.pdf,1,1,0.5,167032,0,0,0,ok
full,corpus,Single Page Simple - from open office.pdf,1,1,0.6,293504,0,0,0,ok
full,corpus,Single Page Type 1 Font.pdf,1,1,0.3,85728,0,0,0,ok
full,corpus,SinglePage180ClockwiseRotation - from PdfPig.pdf,1,1,0.5,248008,0,0,0,ok
full,corpus,SinglePage270ClockwiseRotation - from PdfPig.pdf,1,1,0.5,247936,0,0,0,ok
full,corpus,SinglePage90ClockwiseRotation - from PdfPig.pdf,1,1,0.5,247936,0,0,0,ok
full,corpus,SmallCropbox.pdf,1,1,1.8,1617984,0,0,0,ok
full,corpus,TIKA-1552-0.pdf,1,5,38.0,23502544,1,1,1,ok
full,corpus,TIKA-2054-0.pdf,1,5,25.6,20912352,1,0,0,ok
full,corpus,TIKA-469-0.pdf,1,2,6.8,4686080,0,0,0,ok
full,corpus,Test.Doc.pdf,1,1,2.7,1738368,0,0,0,ok
full,corpus,TrueTypeTablesGlyphDataTableReadGlyphsError.pdf,1,1,10.1,4531552,1,1,0,ok
full,corpus,Two Page Text Only - from libre office.pdf,1,2,2.2,1732808,0,0,0,ok
full,corpus,Type0 Font.pdf,1,1,9.9,10339760,0,0,0,ok
full,corpus,Type0_CJK_Font.pdf,1,5,63.6,4859576,0,0,0,ok
full,corpus,Type3Test.pdf,1,1,0.7,156792,0,0,0,ok
full,corpus,Various Content Types.pdf,1,1,1.5,270848,1,0,0,ok
full,corpus,Why.does.this.not.work.pdf,1,1,2.3,1050400,0,0,0,ok
full,corpus,_citUR2jB1_ay56u6vELzk.pdf,1,2,3.0,2366640,0,0,0,ok
full,corpus,annotation-comments.pdf,1,1,0.7,296040,0,0,0,ok
full,corpus,bold-italic.pdf,1,1,2.8,1898008,0,0,0,ok
full,corpus,bookmarks-with-accented-characters.pdf,1,1,0.6,331424,0,0,0,ok
full,corpus,byz.pdf,1,1,3.9,2270664,0,0,0,ok
full,corpus,capas.pdf,1,5,8.2,8259768,0,0,0,ok
full,corpus,cat-genetics.pdf,1,1,9.0,6761320,1,0,0,ok
full,corpus,cat-genetics_bobld.pdf,1,1,8.3,7030040,0,0,0,ok
full,corpus,cmap-parsing-exception.pdf,1,1,20.2,13351960,0,0,0,ok
full,corpus,cropped-and-rotated.pdf,1,1,1.4,774832,0,0,0,ok
full,corpus,data.pdf,1,3,6.1,4097152,0,0,0,ok
full,corpus,dotnet-ai.pdf,1,5,29.2,32306256,1,1,1,ok
full,corpus,felltypes-test.pdf,1,1,15.3,4980440,1,0,0,ok
full,corpus,hex_0x0006.pdf,1,1,1.3,659176,0,0,0,ok
full,corpus,inherited_mediabox.pdf,1,1,0.3,54864,0,0,0,ok
full,corpus,iron-ore-q2-q3-2013.pdf,1,5,46.2,37210168,2,1,1,ok
full,corpus,issue_1163.pdf,1,2,0.5,183688,0,0,0,ok
full,corpus,issue_1330.pdf,1,1,0.2,57184,0,0,0,ok
full,corpus,issue_1331.pdf,1,1,2.1,1593184,0,0,0,ok
full,corpus,issue_671.pdf,1,2,26.9,18272128,1,0,0,ok
full,corpus,issue_881.pdf,1,1,1.4,778064,0,0,0,ok
full,corpus,issues-1176-1.pdf,1,1,3.1,2167096,0,0,0,ok
full,corpus,issues-1176.pdf,1,1,3.2,7145160,0,0,0,ok
full,corpus,journal.pone.0196757.pdf,1,5,46.1,35443800,0,0,0,ok
full,corpus,jtehm-melillo-2679746.pdf,1,5,96.4,52740128,3,1,1,ok
full,corpus,little-pig-in-armenian.pdf,1,1,1.0,318328,0,0,0,ok
full,corpus,odwriteex.pdf,1,1,1.0,780800,0,0,0,ok
full,corpus,outline.pdf,1,3,2.3,1120392,0,0,0,ok
full,corpus,output_w3c_csswg_drafts_issues2023.pdf,1,1,0.7,235192,0,0,0,ok
full,corpus,path_ext_oddeven.pdf,1,1,1.7,1155264,0,0,0,ok
full,corpus,pop-bugzilla37292.pdf,1,4,8.1,7959720,0,0,0,ok
full,corpus,reference-2-numeric-error.pdf,1,1,16.9,7149616,0,0,0,ok
full,corpus,soundandvision.pdf,1,1,3.3,2021992,0,0,0,ok
full,corpus,ssm2163.pdf,1,5,18.0,10913392,0,0,0,ok
full,corpus,steam_in_page_dict.pdf,1,1,3.2,103368,0,0,0,ok
full,corpus,test-2_so_74165171.pdf,1,1,122.1,41194104,1,0,0,ok
full,corpus,testPdf-1.pdf,1,2,19.6,6057976,1,1,1,ok
full,corpus,test_a-5.pdf,1,5,92.7,70128144,2,1,0,ok
full,corpus,test_a.pdf,1,5,90.9,69147224,3,1,1,ok
full,corpus,toc.pdf,1,5,5.8,7515720,0,0,0,ok
full,corpus,type3-font-zero-height.pdf,1,1,18.0,8054968,0,0,0,ok
full,corpus,0000851.pdf,2,5,301.2,118450696,3,1,1,ok
full,corpus,11194059_2017-11_de_s.pdf,2,2,27.0,27665760,0,0,0,ok
full,corpus,2006_Swedish_Touring_Car_Championship.pdf,2,4,8.5,7844856,0,0,0,ok
full,corpus,2108.11480.pdf,2,5,112.2,75437912,4,2,0,ok
full,corpus,22060_A1_01_Plans-1.pdf,2,1,4.6,9374024,0,0,0,ok
full,corpus,6.Secrets.to.Startup.Success.PDFDrive.pdf,2,5,23.4,24664960,0,0,0,ok
full,corpus,68-1990-01_A.pdf,2,5,63.0,44393400,2,1,1,ok
full,corpus,AcroFormsBasicFields.pdf,2,1,0.8,594224,0,0,0,ok
full,corpus,Approved_Document_B__fire_safety__volume_2_-_Buildings_other_than_dwellings__2019_edition_incorporating_2020_and_2022_amendments.pdf,2,5,48.2,52107344,4,3,2,ok
full,corpus,Arve.nr.1615.17.04.2026.pdf,2,1,1.6,1193136,0,0,0,ok
full,corpus,ClipPathLetterFilter-Test1.pdf,2,5,10.0,12120936,0,0,0,ok
full,corpus,ClipPathLetterFilter-Test2.pdf,2,1,6.9,8697840,0,0,0,ok
full,corpus,ColorIssue.pdf,2,1,38.8,33584504,1,1,1,ok
full,corpus,DeviceN_CS_test.pdf,2,5,25.5,21669312,2,1,1,ok
full,corpus,Diacritics_export.pdf,2,1,1.9,2355320,0,0,0,ok
full,corpus,EmptyPdf.pdf,2,1,0.2,37856,0,0,0,ok
full,corpus,ErcotFacts.pdf,2,2,16.9,13357808,1,0,0,ok
full,corpus,FICTIF_TABLE_INDEX.pdf,2,5,12.7,14804688,0,0,0,ok
full,corpus,FarmerMac.pdf,2,5,11.2,13699904,0,0,0,ok
full,corpus,Font Size Test - from google chrome print pdf.pdf,2,1,0.9,479880,0,0,0,ok
full,corpus,Font Size Test - from libre office.pdf,2,1,0.5,187688,0,0,0,ok
full,corpus,FontMatrix-1.pdf,2,1,0.4,216552,0,0,0,ok
full,corpus,FontMatrix-concat.pdf,2,1,0.2,134464,0,0,0,ok
full,corpus,FontMatrix-otf-bad-hmtx.pdf,2,1,1.1,746192,0,0,0,ok
full,corpus,FontMatrix-otf.pdf,2,1,1.1,742256,0,0,0,ok
full,corpus,FontMatrix-raw.pdf,2,1,1.1,682856,0,0,0,ok
full,corpus,GHOSTSCRIPT-692564-0.pdf,2,1,0.7,547160,0,0,0,ok
full,corpus,GHOSTSCRIPT-695513-0.pdf,2,1,2.0,3520352,0,0,0,ok
full,corpus,GHOSTSCRIPT-696171-0.pdf,2,5,14.1,11331928,1,0,0,ok
full,corpus,GHOSTSCRIPT-696547-0.zip-7.pdf,2,1,15.7,7492904,1,1,1,ok
full,corpus,GHOSTSCRIPT-696547-0.zip-9.pdf,2,1,3.9,7355224,0,0,0,ok
full,corpus,GHOSTSCRIPT-697234-0.pdf,2,3,25.3,22673488,1,0,0,ok
full,corpus,GHOSTSCRIPT-697507-0.pdf,2,1,9.0,7969480,0,0,0,ok
full,corpus,GHOSTSCRIPT-697984-3.pdf,2,1,3.2,1619464,0,0,0,ok
full,corpus,GHOSTSCRIPT-698168-0.pdf,2,1,3.2,2816120,0,0,0,ok
full,corpus,GHOSTSCRIPT-698363-0.pdf,2,1,2.1,466528,0,0,0,ok
full,corpus,GHOSTSCRIPT-698721-0.zip-6.pdf,2,2,6.6,7315232,0,0,0,ok
full,corpus,GHOSTSCRIPT-698721-1.pdf,2,1,1.7,2031688,0,0,0,ok
full,corpus,GHOSTSCRIPT-699035-0.pdf,2,5,47.6,38417936,3,1,1,ok
full,corpus,GHOSTSCRIPT-699178-0.pdf,2,3,7.3,8417936,0,0,0,ok
full,corpus,GHOSTSCRIPT-699375-5.pdf,2,1,3.7,3067728,0,0,0,ok
full,corpus,GHOSTSCRIPT-699488-0.pdf,2,1,8.1,8119392,0,0,0,ok
full,corpus,GHOSTSCRIPT-699554-0.zip-4.pdf,2,1,1.6,1649840,0,0,0,ok
full,corpus,GHOSTSCRIPT-700125-1.pdf,2,5,23.2,16241120,1,0,0,ok
full,corpus,GHOSTSCRIPT-700139-0.pdf,2,2,164.1,116371432,4,2,2,ok
full,corpus,GHOSTSCRIPT-700236-1.pdf,2,5,13.2,13418096,0,0,0,ok
full,corpus,GHOSTSCRIPT-700288-1.pdf,2,1,5.3,4617784,0,0,0,ok
full,corpus,GHOSTSCRIPT-700370-2.pdf,2,1,2.2,1596056,0,0,0,ok
full,corpus,GHOSTSCRIPT-700931-0.7z-5.pdf,2,2,1.6,1221232,0,0,0,ok
full,corpus,GHOSTSCRIPT-702013-1.pdf,2,1,4.1,3792264,0,0,0,ok
full,corpus,Gamebook.pdf,2,5,17.2,9352376,0,0,0,ok
full,corpus,GlyphDataTableReadCompositeGlyphError.pdf,2,1,5.1,2886344,0,0,0,ok
full,corpus,Grapheme clusters emoji.pdf,2,1,0.6,149464,0,0,0,ok
full,corpus,ICML03-081.pdf,2,5,27.8,17289552,0,0,0,ok
full,corpus,Indexed-DeviceRGB-JPXDecode-0-.0.0.255.0.-Font-F1_1_missing_char_255-1.pdf,2,1,31.8,16978032,0,0,0,ok
full,corpus,IndexedCS_negative_and_high.pdf,2,1,0.5,81848,0,0,0,ok
full,corpus,Judgement Document.pdf,2,5,10.4,9126064,0,0,0,ok
full,corpus,LKR824191.pdf,2,1,26.2,4364184,1,1,1,ok
full,corpus,Layer pdf - 322_High_Holborn_building_Brochure.pdf,2,3,38.3,37978592,1,0,0,ok
full,corpus,MOZILLA-10084-0.pdf,2,1,3.9,3211888,0,0,0,ok
full,corpus,MOZILLA-10225-0.pdf,2,5,12.3,22993424,0,0,0,ok
full,corpus,MOZILLA-10372-2.pdf,2,5,29.2,13029432,2,1,1,ok
full,corpus,MOZILLA-2775-1.pdf,2,5,14.3,17723888,0,0,0,ok
full,corpus,MOZILLA-3136-0.pdf,2,4,226.6,217879512,3,1,1,ok
full,corpus,MOZILLA-7375-0.pdf,2,5,42.9,16127752,1,1,0,ok
full,corpus,MOZILLA-9176-2.pdf,2,5,8.2,9938944,1,1,1,ok
full,corpus,MOZILLA-LINK-3264-0.pdf,2,5,1.9,3293008,0,0,0,ok
full,corpus,MOZILLA-LINK-5251-1.pdf,2,2,2.7,2266904,0,0,0,ok
full,corpus,Math119FakingData.pdf,2,5,9.4,9252936,1,1,0,ok
full,corpus,Motor Insurance claim form.pdf,2,3,102.5,69292296,4,4,2,ok
full,corpus,Multiple Page - from Mortality Statistics.pdf,2,5,6.1,8263080,0,0,0,ok
full,corpus,OPEN.RABBIT.ENGLISH.LOP.pdf,2,5,23.4,27775504,1,0,0,ok
full,corpus,Old Gutnish Internet Explorer.pdf,2,3,11.1,14269616,0,0,0,ok
full,corpus,P2P-33713919.pdf,2,5,34.6,23131600,2,2,1,ok
full,corpus,PDFBOX-1869-4-1.pdf,2,1,0.7,410624,0,0,0,ok
full,corpus,PDFBOX-492-4.jar-8.pdf,2,2,19.7,16922896,1,0,0,ok
full,corpus,PDFBOX-624-2.pdf,2,5,9.0,11326584,0,0,0,ok
full,corpus,Pig Production Handbook.pdf,2,5,8.5,11469472,0,0,0,ok
full,corpus,Pig Reproduction Powerpoint.pdf,2,5,4.4,9150216,0,0,0,ok
full,corpus,Publication_of_award_of_Bids_for_Transport_Sector__August_2016.pdf,2,5,8.1,8288144,0,0,0,ok
full,corpus,Rotated Text Libre Office.pdf,2,1,0.6,237760,0,0,0,ok
full,corpus,Rotation 45.pdf,2,4,29.7,10028872,1,1,1,ok
full,corpus,SPARC - v9 Architecture Manual.pdf,2,5,82.2,74093048,4,3,1,ok
full,corpus,SPE8EF26T0545.pdf,2,5,10.1,11453800,0,0,0,ok
full,corpus,ShowTextOpWithUnbalancedRoundBrackets.pdf,2,1,5.6,4629752,0,0,0,ok
full,corpus,Single Page Broken Offsets - from google drive.pdf,2,1,1.8,590176,0,0,0,ok
full,corpus,Single Page Form Content - from itext 1_1.pdf,2,1,1.3,786488,0,0,0,ok
full,corpus,Single Page Hyperlinks - from open office.pdf,2,1,0.9,360328,0,0,0,ok
full,corpus,Single Page Images - from libre office.pdf,2,1,0.6,377616,0,0,0,ok
full,corpus,Single Page Non Latin - from acrobat distiller.pdf,2,1,1.0,396272,0,0,0,ok
full,corpus,Single Page Simple - from google drive.pdf,2,1,1.3,583192,0,0,0,ok
full,corpus,Single Page Simple - from inkscape.pdf,2,1,0.5,149944,0,0,0,ok
full,corpus,Single Page Simple - from open office.pdf,2,1,0.7,270128,0,0,0,ok
full,corpus,Single Page Type 1 Font.pdf,2,1,0.3,85856,0,0,0,ok
full,corpus,SinglePage180ClockwiseRotation - from PdfPig.pdf,2,1,0.5,201736,0,0,0,ok
full,corpus,SinglePage270ClockwiseRotation - from PdfPig.pdf,2,1,0.5,201736,0,0,0,ok
full,corpus,SinglePage90ClockwiseRotation - from PdfPig.pdf,2,1,0.4,201736,0,0,0,ok
full,corpus,SmallCropbox.pdf,2,1,2.1,1683376,0,0,0,ok
full,corpus,TIKA-1552-0.pdf,2,5,31.5,23477120,1,0,0,ok
full,corpus,TIKA-2054-0.pdf,2,5,29.3,20915480,2,1,1,ok
full,corpus,TIKA-469-0.pdf,2,2,4.1,4677656,0,0,0,ok
full,corpus,Test.Doc.pdf,2,1,1.9,1679448,0,0,0,ok
full,corpus,TrueTypeTablesGlyphDataTableReadGlyphsError.pdf,2,1,5.0,3650296,0,0,0,ok
full,corpus,Two Page Text Only - from libre office.pdf,2,2,1.7,1569760,0,0,0,ok
full,corpus,Type0 Font.pdf,2,1,8.9,9721328,0,0,0,ok
full,corpus,Type0_CJK_Font.pdf,2,5,10.9,3212400,0,0,0,ok
full,corpus,Type3Test.pdf,2,1,0.5,155400,0,0,0,ok
full,corpus,Various Content Types.pdf,2,1,0.5,256208,0,0,0,ok
full,corpus,Why.does.this.not.work.pdf,2,1,1.4,1035936,0,0,0,ok
full,corpus,_citUR2jB1_ay56u6vELzk.pdf,2,2,2.0,2255248,0,0,0,ok
full,corpus,annotation-comments.pdf,2,1,0.6,283368,0,0,0,ok
full,corpus,bold-italic.pdf,2,1,2.3,1617016,0,0,0,ok
full,corpus,bookmarks-with-accented-characters.pdf,2,1,0.4,331400,0,0,0,ok
full,corpus,byz.pdf,2,1,2.5,2270568,0,0,0,ok
full,corpus,capas.pdf,2,5,8.1,8006016,1,0,0,ok
full,corpus,cat-genetics.pdf,2,1,5.1,6760568,0,0,0,ok
full,corpus,cat-genetics_bobld.pdf,2,1,5.2,7029376,0,0,0,ok
full,corpus,cmap-parsing-exception.pdf,2,1,26.3,13316104,1,1,1,ok
full,corpus,cropped-and-rotated.pdf,2,1,1.3,744256,0,0,0,ok
full,corpus,data.pdf,2,3,6.7,4097088,1,0,0,ok
full,corpus,dotnet-ai.pdf,2,5,20.8,31616560,1,1,1,ok
full,corpus,felltypes-test.pdf,2,1,9.2,4979480,1,1,0,ok
full,corpus,hex_0x0006.pdf,2,1,0.9,658432,0,0,0,ok
full,corpus,inherited_mediabox.pdf,2,1,0.2,54768,0,0,0,ok
full,corpus,iron-ore-q2-q3-2013.pdf,2,5,20.3,36510784,1,0,0,ok
full,corpus,issue_1163.pdf,2,2,0.4,183048,0,0,0,ok
full,corpus,issue_1330.pdf,2,1,0.2,57160,0,0,0,ok
full,corpus,issue_1331.pdf,2,1,1.7,1351112,0,0,0,ok
full,corpus,issue_671.pdf,2,2,18.6,17837376,0,0,0,ok
full,corpus,issue_881.pdf,2,1,1.0,617280,0,0,0,ok
full,corpus,issues-1176-1.pdf,2,1,2.1,2166048,0,0,0,ok
full,corpus,issues-1176.pdf,2,1,3.9,7144800,0,0,0,ok
full,corpus,journal.pone.0196757.pdf,2,5,49.7,35386136,1,0,0,ok
full,corpus,jtehm-melillo-2679746.pdf,2,5,56.8,52735888,0,0,0,ok
full,corpus,little-pig-in-armenian.pdf,2,1,0.9,306568,0,0,0,ok
full,corpus,odwriteex.pdf,2,1,1.0,715144,0,0,0,ok
full,corpus,outline.pdf,2,3,2.0,1087056,0,0,0,ok
full,corpus,output_w3c_csswg_drafts_issues2023.pdf,2,1,0.6,234960,0,0,0,ok
full,corpus,path_ext_oddeven.pdf,2,1,1.6,1039800,0,0,0,ok
full,corpus,pop-bugzilla37292.pdf,2,4,8.8,7589528,0,0,0,ok
full,corpus,reference-2-numeric-error.pdf,2,1,10.6,7147144,0,0,0,ok
full,corpus,soundandvision.pdf,2,1,2.4,1856152,0,0,0,ok
full,corpus,ssm2163.pdf,2,5,10.9,10255048,0,0,0,ok
full,corpus,steam_in_page_dict.pdf,2,1,0.4,103272,0,0,0,ok
full,corpus,test-2_so_74165171.pdf,2,1,83.0,42181792,2,2,1,ok
full,corpus,testPdf-1.pdf,2,2,15.6,5835416,1,1,1,ok
full,corpus,test_a-5.pdf,2,5,73.6,69775144,2,1,1,ok
full,corpus,test_a.pdf,2,5,69.9,69772496,2,0,0,ok
full,corpus,toc.pdf,2,5,5.2,7515544,0,0,0,ok
full,corpus,type3-font-zero-height.pdf,2,1,18.7,8052112,1,1,1,ok
full,corpus,0000851.pdf,3,5,187.0,118450840,5,2,1,ok
full,corpus,11194059_2017-11_de_s.pdf,3,2,22.6,27613056,0,0,0,ok
full,corpus,2006_Swedish_Touring_Car_Championship.pdf,3,4,8.5,7628616,0,0,0,ok
full,corpus,2108.11480.pdf,3,5,90.3,74834944,4,2,0,ok
full,corpus,22060_A1_01_Plans-1.pdf,3,1,4.4,9374000,0,0,0,ok
full,corpus,6.Secrets.to.Startup.Success.PDFDrive.pdf,3,5,19.6,24664864,0,0,0,ok
full,corpus,68-1990-01_A.pdf,3,5,59.2,44393400,2,1,1,ok
full,corpus,AcroFormsBasicFields.pdf,3,1,0.9,594224,0,0,0,ok
full,corpus,Approved_Document_B__fire_safety__volume_2_-_Buildings_other_than_dwellings__2019_edition_incorporating_2020_and_2022_amendments.pdf,3,5,48.0,52107344,4,3,2,ok
full,corpus,Arve.nr.1615.17.04.2026.pdf,3,1,1.5,1193136,0,0,0,ok
full,corpus,ClipPathLetterFilter-Test1.pdf,3,5,10.3,12120936,0,0,0,ok
full,corpus,ClipPathLetterFilter-Test2.pdf,3,1,6.6,8697840,0,0,0,ok
full,corpus,ColorIssue.pdf,3,1,40.9,33584504,1,1,1,ok
full,corpus,DeviceN_CS_test.pdf,3,5,28.2,21669312,2,1,1,ok
full,corpus,Diacritics_export.pdf,3,1,2.4,2355320,0,0,0,ok
full,corpus,EmptyPdf.pdf,3,1,0.2,37856,0,0,0,ok
full,corpus,ErcotFacts.pdf,3,2,17.2,13357808,1,0,0,ok
full,corpus,FICTIF_TABLE_INDEX.pdf,3,5,14.0,14804688,0,0,0,ok
full,corpus,FarmerMac.pdf,3,5,12.2,13699904,0,0,0,ok
full,corpus,Font Size Test - from google chrome print pdf.pdf,3,1,1.1,479880,0,0,0,ok
full,corpus,Font Size Test - from libre office.pdf,3,1,0.4,187688,0,0,0,ok
full,corpus,FontMatrix-1.pdf,3,1,0.4,216552,0,0,0,ok
full,corpus,FontMatrix-concat.pdf,3,1,0.2,134464,0,0,0,ok
full,corpus,FontMatrix-otf-bad-hmtx.pdf,3,1,1.2,746192,0,0,0,ok
full,corpus,FontMatrix-otf.pdf,3,1,1.2,742256,0,0,0,ok
full,corpus,FontMatrix-raw.pdf,3,1,1.2,682856,0,0,0,ok
full,corpus,GHOSTSCRIPT-692564-0.pdf,3,1,0.9,547160,0,0,0,ok
full,corpus,GHOSTSCRIPT-695513-0.pdf,3,1,2.2,3520352,0,0,0,ok
full,corpus,GHOSTSCRIPT-696171-0.pdf,3,5,16.2,11331928,1,0,0,ok
full,corpus,GHOSTSCRIPT-696547-0.zip-7.pdf,3,1,12.4,7492904,1,1,1,ok
full,corpus,GHOSTSCRIPT-696547-0.zip-9.pdf,3,1,3.9,7355224,0,0,0,ok
full,corpus,GHOSTSCRIPT-697234-0.pdf,3,3,23.4,22673488,1,0,0,ok
full,corpus,GHOSTSCRIPT-697507-0.pdf,3,1,7.8,7969480,0,0,0,ok
full,corpus,GHOSTSCRIPT-697984-3.pdf,3,1,2.4,1619464,0,0,0,ok
full,corpus,GHOSTSCRIPT-698168-0.pdf,3,1,1.9,2816120,0,0,0,ok
full,corpus,GHOSTSCRIPT-698363-0.pdf,3,1,1.7,466120,0,0,0,ok
full,corpus,GHOSTSCRIPT-698721-0.zip-6.pdf,3,2,5.9,7315232,0,0,0,ok
full,corpus,GHOSTSCRIPT-698721-1.pdf,3,1,1.4,2031688,0,0,0,ok
full,corpus,GHOSTSCRIPT-699035-0.pdf,3,5,43.6,38417936,3,1,1,ok
full,corpus,GHOSTSCRIPT-699178-0.pdf,3,3,6.5,8417936,0,0,0,ok
full,corpus,GHOSTSCRIPT-699375-5.pdf,3,1,3.2,3067728,0,0,0,ok
full,corpus,GHOSTSCRIPT-699488-0.pdf,3,1,7.3,8119392,0,0,0,ok
full,corpus,GHOSTSCRIPT-699554-0.zip-4.pdf,3,1,1.4,1649840,0,0,0,ok
full,corpus,GHOSTSCRIPT-700125-1.pdf,3,5,24.3,16241120,1,0,0,ok
full,corpus,GHOSTSCRIPT-700139-0.pdf,3,2,135.6,116240336,4,2,2,ok
full,corpus,GHOSTSCRIPT-700236-1.pdf,3,5,13.8,13418096,0,0,0,ok
full,corpus,GHOSTSCRIPT-700288-1.pdf,3,1,6.3,4617784,0,0,0,ok
full,corpus,GHOSTSCRIPT-700370-2.pdf,3,1,2.2,1596056,0,0,0,ok
full,corpus,GHOSTSCRIPT-700931-0.7z-5.pdf,3,2,1.6,1221232,0,0,0,ok
full,corpus,GHOSTSCRIPT-702013-1.pdf,3,1,5.1,3792264,0,0,0,ok
full,corpus,Gamebook.pdf,3,5,12.1,9352376,0,0,0,ok
full,corpus,GlyphDataTableReadCompositeGlyphError.pdf,3,1,4.4,2886344,0,0,0,ok
full,corpus,Grapheme clusters emoji.pdf,3,1,0.5,149464,0,0,0,ok
full,corpus,ICML03-081.pdf,3,5,21.2,17289552,0,0,0,ok
full,corpus,Indexed-DeviceRGB-JPXDecode-0-.0.0.255.0.-Font-F1_1_missing_char_255-1.pdf,3,1,30.2,16978032,0,0,0,ok
full,corpus,IndexedCS_negative_and_high.pdf,3,1,0.4,81848,0,0,0,ok
full,corpus,Judgement Document.pdf,3,5,9.3,9126064,0,0,0,ok
full,corpus,LKR824191.pdf,3,1,24.4,4364096,1,1,1,ok
full,corpus,Layer pdf - 322_High_Holborn_building_Brochure.pdf,3,3,42.9,37978592,2,2,0,ok
full,corpus,MOZILLA-10084-0.pdf,3,1,7.6,3211888,1,0,0,ok
full,corpus,MOZILLA-10225-0.pdf,3,5,12.7,22993720,0,0,0,ok
full,corpus,MOZILLA-10372-2.pdf,3,5,22.4,13029432,2,1,1,ok
full,corpus,MOZILLA-2775-1.pdf,3,5,13.2,17723888,0,0,0,ok
full,corpus,MOZILLA-3136-0.pdf,3,4,213.4,217846720,4,2,1,ok
full,corpus,MOZILLA-7375-0.pdf,3,5,16.1,16127752,0,0,0,ok
full,corpus,MOZILLA-9176-2.pdf,3,5,25.9,9939424,1,1,1,ok
full,corpus,MOZILLA-LINK-3264-0.pdf,3,5,1.9,3292320,0,0,0,ok
full,corpus,MOZILLA-LINK-5251-1.pdf,3,2,2.3,2266904,0,0,0,ok
full,corpus,Math119FakingData.pdf,3,5,9.4,9252936,1,0,0,ok
full,corpus,Motor Insurance claim form.pdf,3,3,100.0,69226736,4,4,2,ok
full,corpus,Multiple Page - from Mortality Statistics.pdf,3,5,10.9,8263600,1,0,0,ok
full,corpus,OPEN.RABBIT.ENGLISH.LOP.pdf,3,5,20.2,27775712,0,0,0,ok
full,corpus,Old Gutnish Internet Explorer.pdf,3,3,11.1,14269408,0,0,0,ok
full,corpus,P2P-33713919.pdf,3,5,27.2,23131600,2,1,1,ok
full,corpus,PDFBOX-1869-4-1.pdf,3,1,0.7,410624,0,0,0,ok
full,corpus,PDFBOX-492-4.jar-8.pdf,3,2,16.7,16922896,0,0,0,ok
full,corpus,PDFBOX-624-2.pdf,3,5,8.8,11326376,0,0,0,ok
full,corpus,Pig Production Handbook.pdf,3,5,7.7,11469472,0,0,0,ok
full,corpus,Pig Reproduction Powerpoint.pdf,3,5,3.8,9150216,0,0,0,ok
full,corpus,Publication_of_award_of_Bids_for_Transport_Sector__August_2016.pdf,3,5,19.1,8288144,1,1,0,ok
full,corpus,Rotated Text Libre Office.pdf,3,1,0.6,237968,0,0,0,ok
full,corpus,Rotation 45.pdf,3,4,20.5,9898296,1,1,1,ok
full,corpus,SPARC - v9 Architecture Manual.pdf,3,5,66.9,74093048,4,3,1,ok
full,corpus,SPE8EF26T0545.pdf,3,5,8.6,11453800,0,0,0,ok
full,corpus,ShowTextOpWithUnbalancedRoundBrackets.pdf,3,1,4.3,4629752,0,0,0,ok
full,corpus,Single Page Broken Offsets - from google drive.pdf,3,1,1.6,590176,0,0,0,ok
full,corpus,Single Page Form Content - from itext 1_1.pdf,3,1,0.9,786488,0,0,0,ok
full,corpus,Single Page Hyperlinks - from open office.pdf,3,1,0.6,360328,0,0,0,ok
full,corpus,Single Page Images - from libre office.pdf,3,1,0.5,377616,0,0,0,ok
full,corpus,Single Page Non Latin - from acrobat distiller.pdf,3,1,0.8,396272,0,0,0,ok
full,corpus,Single Page Simple - from google drive.pdf,3,1,0.9,583192,0,0,0,ok
full,corpus,Single Page Simple - from inkscape.pdf,3,1,0.4,149944,0,0,0,ok
full,corpus,Single Page Simple - from open office.pdf,3,1,0.4,270128,0,0,0,ok
full,corpus,Single Page Type 1 Font.pdf,3,1,0.2,85856,0,0,0,ok
full,corpus,SinglePage180ClockwiseRotation - from PdfPig.pdf,3,1,0.3,201736,0,0,0,ok
full,corpus,SinglePage270ClockwiseRotation - from PdfPig.pdf,3,1,0.3,201736,0,0,0,ok
full,corpus,SinglePage90ClockwiseRotation - from PdfPig.pdf,3,1,0.5,201736,0,0,0,ok
full,corpus,SmallCropbox.pdf,3,1,1.5,1683376,0,0,0,ok
full,corpus,TIKA-1552-0.pdf,3,5,29.2,23477120,1,0,0,ok
full,corpus,TIKA-2054-0.pdf,3,5,30.0,20915480,2,1,1,ok
full,corpus,TIKA-469-0.pdf,3,2,4.3,4677656,0,0,0,ok
full,corpus,Test.Doc.pdf,3,1,1.8,1679448,0,0,0,ok
full,corpus,TrueTypeTablesGlyphDataTableReadGlyphsError.pdf,3,1,5.0,3650296,0,0,0,ok
full,corpus,Two Page Text Only - from libre office.pdf,3,2,1.6,1569760,0,0,0,ok
full,corpus,Type0 Font.pdf,3,1,8.9,9721328,0,0,0,ok
full,corpus,Type0_CJK_Font.pdf,3,5,8.5,3212400,0,0,0,ok
full,corpus,Type3Test.pdf,3,1,0.3,155400,0,0,0,ok
full,corpus,Various Content Types.pdf,3,1,0.4,256208,0,0,0,ok
full,corpus,Why.does.this.not.work.pdf,3,1,1.4,1035936,0,0,0,ok
full,corpus,_citUR2jB1_ay56u6vELzk.pdf,3,2,1.9,2255248,0,0,0,ok
full,corpus,annotation-comments.pdf,3,1,0.5,283368,0,0,0,ok
full,corpus,bold-italic.pdf,3,1,2.3,1617016,0,0,0,ok
full,corpus,bookmarks-with-accented-characters.pdf,3,1,0.4,331400,0,0,0,ok
full,corpus,byz.pdf,3,1,2.1,2270568,0,0,0,ok
full,corpus,capas.pdf,3,5,7.8,8006016,1,0,0,ok
full,corpus,cat-genetics.pdf,3,1,5.1,6760568,0,0,0,ok
full,corpus,cat-genetics_bobld.pdf,3,1,5.1,7029376,0,0,0,ok
full,corpus,cmap-parsing-exception.pdf,3,1,27.0,13316104,1,1,1,ok
full,corpus,cropped-and-rotated.pdf,3,1,1.2,744256,0,0,0,ok
full,corpus,data.pdf,3,3,5.7,4097088,1,0,0,ok
full,corpus,dotnet-ai.pdf,3,5,19.5,31616560,1,1,1,ok
full,corpus,felltypes-test.pdf,3,1,8.9,4979480,1,1,0,ok
full,corpus,hex_0x0006.pdf,3,1,0.8,658432,0,0,0,ok
full,corpus,inherited_mediabox.pdf,3,1,0.2,54768,0,0,0,ok
full,corpus,iron-ore-q2-q3-2013.pdf,3,5,20.1,36510784,1,0,0,ok
full,corpus,issue_1163.pdf,3,2,0.4,183048,0,0,0,ok
full,corpus,issue_1330.pdf,3,1,0.2,57160,0,0,0,ok
full,corpus,issue_1331.pdf,3,1,2.1,1351112,0,0,0,ok
full,corpus,issue_671.pdf,3,2,18.8,17837376,0,0,0,ok
full,corpus,issue_881.pdf,3,1,1.1,617280,0,0,0,ok
full,corpus,issues-1176-1.pdf,3,1,2.1,2166048,0,0,0,ok
full,corpus,issues-1176.pdf,3,1,2.9,7144800,0,0,0,ok
full,corpus,journal.pone.0196757.pdf,3,5,38.6,35386136,1,0,0,ok
full,corpus,jtehm-melillo-2679746.pdf,3,5,54.9,52735888,0,0,0,ok
full,corpus,little-pig-in-armenian.pdf,3,1,0.8,306568,0,0,0,ok
full,corpus,odwriteex.pdf,3,1,1.1,715144,0,0,0,ok
full,corpus,outline.pdf,3,3,2.0,1087056,0,0,0,ok
full,corpus,output_w3c_csswg_drafts_issues2023.pdf,3,1,0.6,234960,0,0,0,ok
full,corpus,path_ext_oddeven.pdf,3,1,1.8,1039800,0,0,0,ok
full,corpus,pop-bugzilla37292.pdf,3,4,9.3,7589528,0,0,0,ok
full,corpus,reference-2-numeric-error.pdf,3,1,10.4,7147144,0,0,0,ok
full,corpus,soundandvision.pdf,3,1,3.2,1856152,0,0,0,ok
full,corpus,ssm2163.pdf,3,5,12.1,10255048,0,0,0,ok
full,corpus,steam_in_page_dict.pdf,3,1,0.5,103272,0,0,0,ok
full,corpus,test-2_so_74165171.pdf,3,1,83.1,42181792,2,2,1,ok
full,corpus,testPdf-1.pdf,3,2,17.2,5966512,1,1,1,ok
full,corpus,test_a-5.pdf,3,5,78.0,69775144,2,1,1,ok
full,corpus,test_a.pdf,3,5,80.2,69772496,2,0,0,ok
full,corpus,toc.pdf,3,5,4.9,7515544,0,0,0,ok
full,corpus,type3-font-zero-height.pdf,3,1,20.4,8052112,1,1,1,ok
full-v2,corpus,0000851.pdf,1,5,1086.7,165940096,6,2,2,ok
full-v2,corpus,11194059_2017-11_de_s.pdf,1,2,117.6,27823464,2,1,1,ok
full-v2,corpus,2006_Swedish_Touring_Car_Championship.pdf,1,4,28.8,7846952,0,0,0,ok
full-v2,corpus,2108.11480.pdf,1,5,189.3,75591536,2,1,0,ok
full-v2,corpus,22060_A1_01_Plans-1.pdf,1,1,22.5,9379128,1,1,1,ok
full-v2,corpus,6.Secrets.to.Startup.Success.PDFDrive.pdf,1,5,70.3,24739696,1,0,0,ok
full-v2,corpus,68-1990-01_A.pdf,1,5,209.1,65071152,4,2,2,ok
full-v2,corpus,AcroFormsBasicFields.pdf,1,1,1.7,596320,0,0,0,ok
full-v2,corpus,Approved_Document_B__fire_safety__volume_2_-_Buildings_other_than_dwellings__2019_edition_incorporating_2020_and_2022_amendments.pdf,1,5,111.8,52109768,2,1,1,ok
full-v2,corpus,Arve.nr.1615.17.04.2026.pdf,1,1,5.4,1271008,0,0,0,ok
full-v2,corpus,ClipPathLetterFilter-Test1.pdf,1,5,105.9,41568288,3,2,2,ok
full-v2,corpus,ClipPathLetterFilter-Test2.pdf,1,1,28.4,8847848,1,0,0,ok
full-v2,corpus,ColorIssue.pdf,1,1,101.5,34171536,3,2,2,ok
full-v2,corpus,DeviceN_CS_test.pdf,1,5,62.6,22077240,1,1,1,ok
full-v2,corpus,Diacritics_export.pdf,1,1,8.4,2358040,1,0,0,ok
full-v2,corpus,EmptyPdf.pdf,1,1,0.4,38848,0,0,0,ok
full-v2,corpus,ErcotFacts.pdf,1,2,51.8,13765776,0,0,0,ok
full-v2,corpus,FICTIF_TABLE_INDEX.pdf,1,5,44.2,15509208,0,0,0,ok
full-v2,corpus,FarmerMac.pdf,1,5,55.4,14093952,0,0,0,ok
full-v2,corpus,Font Size Test - from google chrome print pdf.pdf,1,1,1.9,505408,0,0,0,ok
full-v2,corpus,Font Size Test - from libre office.pdf,1,1,1.3,202184,0,0,0,ok
full-v2,corpus,FontMatrix-1.pdf,1,1,0.9,216904,0,0,0,ok
full-v2,corpus,FontMatrix-concat.pdf,1,1,0.4,134744,0,0,0,ok
full-v2,corpus,FontMatrix-otf-bad-hmtx.pdf,1,1,4.8,750416,0,0,0,ok
full-v2,corpus,FontMatrix-otf.pdf,1,1,2.7,742536,0,0,0,ok
full-v2,corpus,FontMatrix-raw.pdf,1,1,2.5,683208,0,0,0,ok
full-v2,corpus,GHOSTSCRIPT-692564-0.pdf,1,1,4.4,548040,0,0,0,ok
full-v2,corpus,GHOSTSCRIPT-695513-0.pdf,1,1,12.7,3521856,1,0,0,ok
full-v2,corpus,GHOSTSCRIPT-696171-0.pdf,1,5,43.4,11333424,0,0,0,ok
full-v2,corpus,GHOSTSCRIPT-696547-0.zip-7.pdf,1,1,31.4,7493472,1,1,1,ok
full-v2,corpus,GHOSTSCRIPT-696547-0.zip-9.pdf,1,1,20.1,7355648,0,0,0,ok
full-v2,corpus,GHOSTSCRIPT-697234-0.pdf,1,3,101.9,22679384,1,0,0,ok
full-v2,corpus,GHOSTSCRIPT-697507-0.pdf,1,1,24.0,7972640,0,0,0,ok
full-v2,corpus,GHOSTSCRIPT-697984-3.pdf,1,1,6.1,1698032,0,0,0,ok
full-v2,corpus,GHOSTSCRIPT-698168-0.pdf,1,1,7.5,2816688,0,0,0,ok
full-v2,corpus,GHOSTSCRIPT-698363-0.pdf,1,1,12.5,477368,0,0,0,ok
full-v2,corpus,GHOSTSCRIPT-698721-0.zip-6.pdf,1,2,18.0,7316296,0,0,0,ok
full-v2,corpus,GHOSTSCRIPT-698721-1.pdf,1,1,4.0,2031968,0,0,0,ok
full-v2,corpus,GHOSTSCRIPT-699035-0.pdf,1,5,176.8,38419976,3,1,1,ok
full-v2,corpus,GHOSTSCRIPT-699178-0.pdf,1,3,22.7,8590560,0,0,0,ok
full-v2,corpus,GHOSTSCRIPT-699375-5.pdf,1,1,8.5,3265624,0,0,0,ok
full-v2,corpus,GHOSTSCRIPT-699488-0.pdf,1,1,22.0,8121256,0,0,0,ok
full-v2,corpus,GHOSTSCRIPT-699554-0.zip-4.pdf,1,1,3.7,1650192,0,0,0,ok
full-v2,corpus,GHOSTSCRIPT-700125-1.pdf,1,5,46.8,16241648,0,0,0,ok
full-v2,corpus,GHOSTSCRIPT-700139-0.pdf,1,2,372.0,117918064,5,2,2,ok
full-v2,corpus,GHOSTSCRIPT-700236-1.pdf,1,5,39.1,13419120,0,0,0,ok
full-v2,corpus,GHOSTSCRIPT-700288-1.pdf,1,1,17.9,4618136,0,0,0,ok
full-v2,corpus,GHOSTSCRIPT-700370-2.pdf,1,1,4.5,1734528,0,0,0,ok
full-v2,corpus,GHOSTSCRIPT-700931-0.7z-5.pdf,1,2,3.5,1221584,0,0,0,ok
full-v2,corpus,GHOSTSCRIPT-702013-1.pdf,1,1,11.8,3793192,0,0,0,ok
full-v2,corpus,Gamebook.pdf,1,5,132.7,150810968,9,9,8,ok
full-v2,corpus,GlyphDataTableReadCompositeGlyphError.pdf,1,1,13.0,3793288,0,0,0,ok
full-v2,corpus,Grapheme clusters emoji.pdf,1,1,0.8,149888,0,0,0,ok
full-v2,corpus,ICML03-081.pdf,1,5,53.7,17359488,2,1,0,ok
full-v2,corpus,Indexed-DeviceRGB-JPXDecode-0-.0.0.255.0.-Font-F1_1_missing_char_255-1.pdf,1,1,46.7,17000568,0,0,0,ok
full-v2,corpus,IndexedCS_negative_and_high.pdf,1,1,1.0,82128,0,0,0,ok
full-v2,corpus,Judgement Document.pdf,1,5,35.7,11060096,1,1,1,ok
full-v2,corpus,LKR824191.pdf,1,1,13.7,4165424,1,0,0,ok
full-v2,corpus,Layer pdf - 322_High_Holborn_building_Brochure.pdf,1,3,135.5,38361304,1,0,0,ok
full-v2,corpus,MOZILLA-10084-0.pdf,1,1,8.4,3213104,0,0,0,ok
full-v2,corpus,MOZILLA-10225-0.pdf,1,5,35.0,23479496,1,1,1,ok
full-v2,corpus,MOZILLA-10372-2.pdf,1,5,35.3,13029200,1,0,0,ok
full-v2,corpus,MOZILLA-2775-1.pdf,1,5,43.2,17720840,0,0,0,ok
full-v2,corpus,MOZILLA-3136-0.pdf,1,4,707.0,219896432,6,3,2,ok
full-v2,corpus,MOZILLA-7375-0.pdf,1,5,47.5,16129256,1,0,0,ok
full-v2,corpus,MOZILLA-9176-2.pdf,1,5,2.7,9937264,0,0,0,ok
full-v2,corpus,MOZILLA-LINK-3264-0.pdf,1,5,4.7,3412848,0,0,0,ok
full-v2,corpus,MOZILLA-LINK-5251-1.pdf,1,2,9.5,2280408,0,0,0,ok
full-v2,corpus,Math119FakingData.pdf,1,5,26.8,9250752,0,0,0,ok
full-v2,corpus,Motor Insurance claim form.pdf,1,3,291.6,69468928,3,1,1,ok
full-v2,corpus,Multiple Page - from Mortality Statistics.pdf,1,5,30.3,15807008,0,0,0,ok
full-v2,corpus,OPEN.RABBIT.ENGLISH.LOP.pdf,1,5,47.2,27965720,0,0,0,ok
full-v2,corpus,Old Gutnish Internet Explorer.pdf,1,3,36.9,14914544,1,0,0,ok
full-v2,corpus,P2P-33713919.pdf,1,5,34.2,23040088,0,0,0,ok
full-v2,corpus,PDFBOX-1869-4-1.pdf,1,1,1.6,410792,0,0,0,ok
full-v2,corpus,PDFBOX-492-4.jar-8.pdf,1,2,37.1,16855040,0,0,0,ok
full-v2,corpus,PDFBOX-624-2.pdf,1,5,17.9,11328144,0,0,0,ok
full-v2,corpus,Pig Production Handbook.pdf,1,5,14.6,11470376,0,0,0,ok
full-v2,corpus,Pig Reproduction Powerpoint.pdf,1,5,6.4,9152992,0,0,0,ok
full-v2,corpus,Publication_of_award_of_Bids_for_Transport_Sector__August_2016.pdf,1,5,30.2,8593848,1,1,1,ok
full-v2,corpus,Rotated Text Libre Office.pdf,1,1,0.8,271680,0,0,0,ok
full-v2,corpus,Rotation 45.pdf,1,4,44.2,17559568,1,0,0,ok
full-v2,corpus,SPARC - v9 Architecture Manual.pdf,1,5,173.0,73959648,1,0,0,ok
full-v2,corpus,SPE8EF26T0545.pdf,1,5,13.4,11459928,0,0,0,ok
full-v2,corpus,ShowTextOpWithUnbalancedRoundBrackets.pdf,1,1,29.0,4630328,1,0,0,ok
full-v2,corpus,Single Page Broken Offsets - from google drive.pdf,1,1,1.8,612120,0,0,0,ok
full-v2,corpus,Single Page Form Content - from itext 1_1.pdf,1,1,1.2,786936,0,0,0,ok
full-v2,corpus,Single Page Hyperlinks - from open office.pdf,1,1,0.8,405632,0,0,0,ok
full-v2,corpus,Single Page Images - from libre office.pdf,1,1,0.5,383752,0,0,0,ok
full-v2,corpus,Single Page Non Latin - from acrobat distiller.pdf,1,1,0.9,416520,0,0,0,ok
full-v2,corpus,Single Page Simple - from google drive.pdf,1,1,1.2,604856,0,0,0,ok
full-v2,corpus,Single Page Simple - from inkscape.pdf,1,1,0.4,167312,0,0,0,ok
full-v2,corpus,Single Page Simple - from open office.pdf,1,1,0.5,293784,0,0,0,ok
full-v2,corpus,Single Page Type 1 Font.pdf,1,1,0.3,86008,0,0,0,ok
full-v2,corpus,SinglePage180ClockwiseRotation - from PdfPig.pdf,1,1,0.5,248288,0,0,0,ok
full-v2,corpus,SinglePage270ClockwiseRotation - from PdfPig.pdf,1,1,0.5,248216,0,0,0,ok
full-v2,corpus,SinglePage90ClockwiseRotation - from PdfPig.pdf,1,1,0.6,248216,0,0,0,ok
full-v2,corpus,SmallCropbox.pdf,1,1,1.9,1618264,0,0,0,ok
full-v2,corpus,TIKA-1552-0.pdf,1,5,37.9,23633920,2,1,1,ok
full-v2,corpus,TIKA-2054-0.pdf,1,5,25.6,20781536,0,0,0,ok
full-v2,corpus,TIKA-469-0.pdf,1,2,6.8,4686152,0,0,0,ok
full-v2,corpus,Test.Doc.pdf,1,1,2.6,1738648,0,0,0,ok
full-v2,corpus,TrueTypeTablesGlyphDataTableReadGlyphsError.pdf,1,1,8.1,4531832,0,0,0,ok
full-v2,corpus,Two Page Text Only - from libre office.pdf,1,2,2.2,1732880,0,0,0,ok
full-v2,corpus,Type0 Font.pdf,1,1,9.6,10340040,0,0,0,ok
full-v2,corpus,Type0_CJK_Font.pdf,1,5,62.6,4859856,0,0,0,ok
full-v2,corpus,Type3Test.pdf,1,1,0.6,157072,0,0,0,ok
full-v2,corpus,Various Content Types.pdf,1,1,0.9,271128,0,0,0,ok
full-v2,corpus,Why.does.this.not.work.pdf,1,1,2.3,1050472,0,0,0,ok
full-v2,corpus,_citUR2jB1_ay56u6vELzk.pdf,1,2,3.7,2366920,1,0,0,ok
full-v2,corpus,annotation-comments.pdf,1,1,0.8,296528,0,0,0,ok
full-v2,corpus,bold-italic.pdf,1,1,3.0,1898288,0,0,0,ok
full-v2,corpus,bookmarks-with-accented-characters.pdf,1,1,0.7,331704,0,0,0,ok
full-v2,corpus,byz.pdf,1,1,3.6,2270944,0,0,0,ok
full-v2,corpus,capas.pdf,1,5,8.1,8260048,0,0,0,ok
full-v2,corpus,cat-genetics.pdf,1,1,7.3,6761600,0,0,0,ok
full-v2,corpus,cat-genetics_bobld.pdf,1,1,9.5,7030112,1,1,0,ok
full-v2,corpus,cmap-parsing-exception.pdf,1,1,20.9,13352448,1,0,0,ok
full-v2,corpus,cropped-and-rotated.pdf,1,1,1.6,775320,0,0,0,ok
full-v2,corpus,data.pdf,1,3,6.1,4097432,0,0,0,ok
full-v2,corpus,dotnet-ai.pdf,1,5,26.3,32306536,1,1,1,ok
full-v2,corpus,felltypes-test.pdf,1,1,18.0,4980720,1,0,0,ok
full-v2,corpus,hex_0x0006.pdf,1,1,1.4,659456,0,0,0,ok
full-v2,corpus,inherited_mediabox.pdf,1,1,0.3,55144,0,0,0,ok
full-v2,corpus,iron-ore-q2-q3-2013.pdf,1,5,50.7,36690792,2,1,1,ok
full-v2,corpus,issue_1163.pdf,1,2,0.6,183432,0,0,0,ok
full-v2,corpus,issue_1330.pdf,1,1,0.3,57464,0,0,0,ok
full-v2,corpus,issue_1331.pdf,1,1,2.6,1593464,0,0,0,ok
full-v2,corpus,issue_671.pdf,1,2,25.8,18272184,1,0,0,ok
full-v2,corpus,issue_881.pdf,1,1,1.5,778344,0,0,0,ok
full-v2,corpus,issues-1176-1.pdf,1,1,3.3,2167376,0,0,0,ok
full-v2,corpus,issues-1176.pdf,1,1,4.5,7145440,0,0,0,ok
full-v2,corpus,journal.pone.0196757.pdf,1,5,68.8,35439960,1,0,0,ok
full-v2,corpus,jtehm-melillo-2679746.pdf,1,5,95.1,52740616,2,1,1,ok
full-v2,corpus,little-pig-in-armenian.pdf,1,1,1.0,318608,0,0,0,ok
full-v2,corpus,odwriteex.pdf,1,1,1.0,781080,0,0,0,ok
full-v2,corpus,outline.pdf,1,3,2.0,1120672,0,0,0,ok
full-v2,corpus,output_w3c_csswg_drafts_issues2023.pdf,1,1,0.7,235472,0,0,0,ok
full-v2,corpus,path_ext_oddeven.pdf,1,1,1.7,1155544,0,0,0,ok
full-v2,corpus,pop-bugzilla37292.pdf,1,4,9.0,7960000,0,0,0,ok
full-v2,corpus,reference-2-numeric-error.pdf,1,1,18.4,7149896,0,0,0,ok
full-v2,corpus,soundandvision.pdf,1,1,2.6,2022272,0,0,0,ok
full-v2,corpus,ssm2163.pdf,1,5,19.6,10913672,0,0,0,ok
full-v2,corpus,steam_in_page_dict.pdf,1,1,3.7,103648,0,0,0,ok
full-v2,corpus,test-2_so_74165171.pdf,1,1,165.0,41196880,2,1,1,ok
full-v2,corpus,testPdf-1.pdf,1,2,6.6,6055760,0,0,0,ok
full-v2,corpus,test_a-5.pdf,1,5,86.0,70128216,2,1,0,ok
full-v2,corpus,test_a.pdf,1,5,100.7,69147504,3,1,1,ok
full-v2,corpus,toc.pdf,1,5,6.3,7516000,0,0,0,ok
full-v2,corpus,type3-font-zero-height.pdf,1,1,17.5,8055248,0,0,0,ok
full-v2,corpus,0000851.pdf,2,5,318.2,118480456,4,2,1,ok
full-v2,corpus,11194059_2017-11_de_s.pdf,2,2,25.4,27477544,1,0,0,ok
full-v2,corpus,2006_Swedish_Touring_Car_Championship.pdf,2,4,6.6,7629200,0,0,0,ok
full-v2,corpus,2108.11480.pdf,2,5,77.9,74835344,1,0,0,ok
full-v2,corpus,22060_A1_01_Plans-1.pdf,2,1,21.5,9376416,1,1,1,ok
full-v2,corpus,6.Secrets.to.Startup.Success.PDFDrive.pdf,2,5,25.6,24735864,1,0,0,ok
full-v2,corpus,68-1990-01_A.pdf,2,5,56.3,44321472,1,0,0,ok
full-v2,corpus,AcroFormsBasicFields.pdf,2,1,0.9,594448,0,0,0,ok
full-v2,corpus,Approved_Document_B__fire_safety__volume_2_-_Buildings_other_than_dwellings__2019_edition_incorporating_2020_and_2022_amendments.pdf,2,5,50.7,52107624,4,3,2,ok
full-v2,corpus,Arve.nr.1615.17.04.2026.pdf,2,1,1.6,1193416,0,0,0,ok
full-v2,corpus,ClipPathLetterFilter-Test1.pdf,2,5,11.0,12121216,0,0,0,ok
full-v2,corpus,ClipPathLetterFilter-Test2.pdf,2,1,6.7,8698120,0,0,0,ok
full-v2,corpus,ColorIssue.pdf,2,1,39.3,34051576,2,2,2,ok
full-v2,corpus,DeviceN_CS_test.pdf,2,5,19.3,21536232,1,1,0,ok
full-v2,corpus,Diacritics_export.pdf,2,1,2.0,2354920,0,0,0,ok
full-v2,corpus,EmptyPdf.pdf,2,1,0.3,38136,0,0,0,ok
full-v2,corpus,ErcotFacts.pdf,2,2,14.4,13358088,1,0,0,ok
full-v2,corpus,FICTIF_TABLE_INDEX.pdf,2,5,12.8,14804968,0,0,0,ok
full-v2,corpus,FarmerMac.pdf,2,5,17.2,13700184,1,0,0,ok
full-v2,corpus,Font Size Test - from google chrome print pdf.pdf,2,1,1.0,480368,0,0,0,ok
full-v2,corpus,Font Size Test - from libre office.pdf,2,1,0.5,187968,0,0,0,ok
full-v2,corpus,FontMatrix-1.pdf,2,1,0.4,216832,0,0,0,ok
full-v2,corpus,FontMatrix-concat.pdf,2,1,0.3,134744,0,0,0,ok
full-v2,corpus,FontMatrix-otf-bad-hmtx.pdf,2,1,1.1,746472,0,0,0,ok
full-v2,corpus,FontMatrix-otf.pdf,2,1,1.2,742536,0,0,0,ok
full-v2,corpus,FontMatrix-raw.pdf,2,1,1.5,683136,0,0,0,ok
full-v2,corpus,GHOSTSCRIPT-692564-0.pdf,2,1,0.8,547440,0,0,0,ok
full-v2,corpus,GHOSTSCRIPT-695513-0.pdf,2,1,2.0,3520632,0,0,0,ok
full-v2,corpus,GHOSTSCRIPT-696171-0.pdf,2,5,9.0,11332208,0,0,0,ok
full-v2,corpus,GHOSTSCRIPT-696547-0.zip-7.pdf,2,1,11.9,7493032,1,1,1,ok
full-v2,corpus,GHOSTSCRIPT-696547-0.zip-9.pdf,2,1,3.7,7355448,0,0,0,ok
full-v2,corpus,GHOSTSCRIPT-697234-0.pdf,2,3,23.9,22673768,1,0,0,ok
full-v2,corpus,GHOSTSCRIPT-697507-0.pdf,2,1,9.2,7969760,1,0,0,ok
full-v2,corpus,GHOSTSCRIPT-697984-3.pdf,2,1,2.7,1619952,0,0,0,ok
full-v2,corpus,GHOSTSCRIPT-698168-0.pdf,2,1,1.8,2816400,0,0,0,ok
full-v2,corpus,GHOSTSCRIPT-698363-0.pdf,2,1,1.5,466808,0,0,0,ok
full-v2,corpus,GHOSTSCRIPT-698721-0.zip-6.pdf,2,2,5.4,7315512,0,0,0,ok
full-v2,corpus,GHOSTSCRIPT-698721-1.pdf,2,1,1.3,2031968,0,0,0,ok
full-v2,corpus,GHOSTSCRIPT-699035-0.pdf,2,5,40.9,38411448,1,1,0,ok
full-v2,corpus,GHOSTSCRIPT-699178-0.pdf,2,3,12.1,8417920,1,1,0,ok
full-v2,corpus,GHOSTSCRIPT-699375-5.pdf,2,1,3.6,3068216,0,0,0,ok
full-v2,corpus,GHOSTSCRIPT-699488-0.pdf,2,1,16.2,8121632,1,1,1,ok
full-v2,corpus,GHOSTSCRIPT-699554-0.zip-4.pdf,2,1,1.6,1655280,0,0,0,ok
full-v2,corpus,GHOSTSCRIPT-700125-1.pdf,2,5,13.2,16241400,1,0,0,ok
full-v2,corpus,GHOSTSCRIPT-700139-0.pdf,2,2,147.3,116364784,4,2,1,ok
full-v2,corpus,GHOSTSCRIPT-700236-1.pdf,2,5,19.1,13418376,1,0,0,ok
full-v2,corpus,GHOSTSCRIPT-700288-1.pdf,2,1,4.4,4618272,0,0,0,ok
full-v2,corpus,GHOSTSCRIPT-700370-2.pdf,2,1,1.7,1596336,0,0,0,ok
full-v2,corpus,GHOSTSCRIPT-700931-0.7z-5.pdf,2,2,1.4,1221512,0,0,0,ok
full-v2,corpus,GHOSTSCRIPT-702013-1.pdf,2,1,3.2,3792544,0,0,0,ok
full-v2,corpus,Gamebook.pdf,2,5,14.1,9352656,0,0,0,ok
full-v2,corpus,GlyphDataTableReadCompositeGlyphError.pdf,2,1,3.9,2886624,0,0,0,ok
full-v2,corpus,Grapheme clusters emoji.pdf,2,1,0.4,149744,0,0,0,ok
full-v2,corpus,ICML03-081.pdf,2,5,19.9,17289832,0,0,0,ok
full-v2,corpus,Indexed-DeviceRGB-JPXDecode-0-.0.0.255.0.-Font-F1_1_missing_char_255-1.pdf,2,1,27.9,16978312,0,0,0,ok
full-v2,corpus,IndexedCS_negative_and_high.pdf,2,1,0.4,82128,0,0,0,ok
full-v2,corpus,Judgement Document.pdf,2,5,9.3,9126344,0,0,0,ok
full-v2,corpus,LKR824191.pdf,2,1,4.0,4165072,0,0,0,ok
full-v2,corpus,Layer pdf - 322_High_Holborn_building_Brochure.pdf,2,3,58.4,37981256,1,1,1,ok
full-v2,corpus,MOZILLA-10084-0.pdf,2,1,3.2,3212224,0,0,0,ok
full-v2,corpus,MOZILLA-10225-0.pdf,2,5,12.9,22993792,1,0,0,ok
full-v2,corpus,MOZILLA-10372-2.pdf,2,5,18.1,13161016,1,1,1,ok
full-v2,corpus,MOZILLA-2775-1.pdf,2,5,13.3,17724168,1,0,0,ok
full-v2,corpus,MOZILLA-3136-0.pdf,2,4,243.9,217976768,6,3,2,ok
full-v2,corpus,MOZILLA-7375-0.pdf,2,5,31.8,16128032,1,1,0,ok
full-v2,corpus,MOZILLA-9176-2.pdf,2,5,2.1,9937264,0,0,0,ok
full-v2,corpus,MOZILLA-LINK-3264-0.pdf,2,5,1.9,3292248,0,0,0,ok
full-v2,corpus,MOZILLA-LINK-5251-1.pdf,2,2,2.1,2201624,0,0,0,ok
full-v2,corpus,Math119FakingData.pdf,2,5,8.3,9249096,1,0,0,ok
full-v2,corpus,Motor Insurance claim form.pdf,2,3,106.8,68831016,3,2,1,ok
full-v2,corpus,Multiple Page - from Mortality Statistics.pdf,2,5,7.3,8263360,0,0,0,ok
full-v2,corpus,OPEN.RABBIT.ENGLISH.LOP.pdf,2,5,21.2,27775784,0,0,0,ok
full-v2,corpus,Old Gutnish Internet Explorer.pdf,2,3,24.7,14337984,1,1,1,ok
full-v2,corpus,P2P-33713919.pdf,2,5,18.6,22998400,2,1,0,ok
full-v2,corpus,PDFBOX-1869-4-1.pdf,2,1,0.8,410848,0,0,0,ok
full-v2,corpus,PDFBOX-492-4.jar-8.pdf,2,2,18.3,16853408,0,0,0,ok
full-v2,corpus,PDFBOX-624-2.pdf,2,5,9.8,11326656,0,0,0,ok
full-v2,corpus,Pig Production Handbook.pdf,2,5,8.3,11469752,0,0,0,ok
full-v2,corpus,Pig Reproduction Powerpoint.pdf,2,5,14.4,9150496,1,1,1,ok
full-v2,corpus,Publication_of_award_of_Bids_for_Transport_Sector__August_2016.pdf,2,5,7.4,8487792,0,0,0,ok
full-v2,corpus,Rotated Text Libre Office.pdf,2,1,0.6,238040,0,0,0,ok
full-v2,corpus,Rotation 45.pdf,2,4,13.5,9895840,1,0,0,ok
full-v2,corpus,SPARC - v9 Architecture Manual.pdf,2,5,62.3,74093272,3,2,1,ok
full-v2,corpus,SPE8EF26T0545.pdf,2,5,9.0,11453240,0,0,0,ok
full-v2,corpus,ShowTextOpWithUnbalancedRoundBrackets.pdf,2,1,18.7,4630032,1,0,0,ok
full-v2,corpus,Single Page Broken Offsets - from google drive.pdf,2,1,1.7,590664,0,0,0,ok
full-v2,corpus,Single Page Form Content - from itext 1_1.pdf,2,1,1.0,786768,0,0,0,ok
full-v2,corpus,Single Page Hyperlinks - from open office.pdf,2,1,0.8,360608,0,0,0,ok
full-v2,corpus,Single Page Images - from libre office.pdf,2,1,0.5,377896,0,0,0,ok
full-v2,corpus,Single Page Non Latin - from acrobat distiller.pdf,2,1,0.8,396552,0,0,0,ok
full-v2,corpus,Single Page Simple - from google drive.pdf,2,1,1.1,583472,0,0,0,ok
full-v2,corpus,Single Page Simple - from inkscape.pdf,2,1,0.4,150224,0,0,0,ok
full-v2,corpus,Single Page Simple - from open office.pdf,2,1,0.5,270408,0,0,0,ok
full-v2,corpus,Single Page Type 1 Font.pdf,2,1,0.3,86136,0,0,0,ok
full-v2,corpus,SinglePage180ClockwiseRotation - from PdfPig.pdf,2,1,0.4,202016,0,0,0,ok
full-v2,corpus,SinglePage270ClockwiseRotation - from PdfPig.pdf,2,1,0.4,202016,0,0,0,ok
full-v2,corpus,SinglePage90ClockwiseRotation - from PdfPig.pdf,2,1,0.4,202016,0,0,0,ok
full-v2,corpus,SmallCropbox.pdf,2,1,1.5,1683656,0,0,0,ok
full-v2,corpus,TIKA-1552-0.pdf,2,5,18.3,23477400,0,0,0,ok
full-v2,corpus,TIKA-2054-0.pdf,2,5,30.6,20915552,2,1,1,ok
full-v2,corpus,TIKA-469-0.pdf,2,2,4.6,4677936,0,0,0,ok
full-v2,corpus,Test.Doc.pdf,2,1,2.0,1679728,0,0,0,ok
full-v2,corpus,TrueTypeTablesGlyphDataTableReadGlyphsError.pdf,2,1,4.9,3650576,0,0,0,ok
full-v2,corpus,Two Page Text Only - from libre office.pdf,2,2,1.8,1570040,0,0,0,ok
full-v2,corpus,Type0 Font.pdf,2,1,8.9,9721608,0,0,0,ok
full-v2,corpus,Type0_CJK_Font.pdf,2,5,10.5,3212680,0,0,0,ok
full-v2,corpus,Type3Test.pdf,2,1,0.4,155680,0,0,0,ok
full-v2,corpus,Various Content Types.pdf,2,1,0.5,256488,0,0,0,ok
full-v2,corpus,Why.does.this.not.work.pdf,2,1,1.6,1036216,0,0,0,ok
full-v2,corpus,_citUR2jB1_ay56u6vELzk.pdf,2,2,1.8,2255528,0,0,0,ok
full-v2,corpus,annotation-comments.pdf,2,1,0.7,283648,0,0,0,ok
full-v2,corpus,bold-italic.pdf,2,1,2.3,1617296,0,0,0,ok
full-v2,corpus,bookmarks-with-accented-characters.pdf,2,1,0.5,331680,0,0,0,ok
full-v2,corpus,byz.pdf,2,1,2.4,2270848,0,0,0,ok
full-v2,corpus,capas.pdf,2,5,7.8,8006296,1,0,0,ok
full-v2,corpus,cat-genetics.pdf,2,1,4.7,6760848,0,0,0,ok
full-v2,corpus,cat-genetics_bobld.pdf,2,1,5.0,7029656,0,0,0,ok
full-v2,corpus,cmap-parsing-exception.pdf,2,1,16.5,13116992,0,0,0,ok
full-v2,corpus,cropped-and-rotated.pdf,2,1,1.3,744272,0,0,0,ok
full-v2,corpus,data.pdf,2,3,4.1,4097216,0,0,0,ok
full-v2,corpus,dotnet-ai.pdf,2,5,24.5,31616632,1,1,1,ok
full-v2,corpus,felltypes-test.pdf,2,1,8.6,4979760,1,0,0,ok
full-v2,corpus,hex_0x0006.pdf,2,1,0.9,658712,0,0,0,ok
full-v2,corpus,inherited_mediabox.pdf,2,1,0.3,55048,0,0,0,ok
full-v2,corpus,iron-ore-q2-q3-2013.pdf,2,5,26.6,37255448,2,1,1,ok
full-v2,corpus,issue_1163.pdf,2,2,0.4,183384,0,0,0,ok
full-v2,corpus,issue_1330.pdf,2,1,0.3,57440,0,0,0,ok
full-v2,corpus,issue_1331.pdf,2,1,1.6,1351392,0,0,0,ok
full-v2,corpus,issue_671.pdf,2,2,26.5,17844288,1,1,1,ok
full-v2,corpus,issue_881.pdf,2,1,1.2,617824,0,0,0,ok
full-v2,corpus,issues-1176-1.pdf,2,1,5.6,2166848,1,0,0,ok
full-v2,corpus,issues-1176.pdf,2,1,3.0,7145288,0,0,0,ok
full-v2,corpus,journal.pone.0196757.pdf,2,5,24.3,35419248,0,0,0,ok
full-v2,corpus,jtehm-melillo-2679746.pdf,2,5,63.9,52935472,2,1,1,ok
full-v2,corpus,little-pig-in-armenian.pdf,2,1,0.8,307056,0,0,0,ok
full-v2,corpus,odwriteex.pdf,2,1,0.9,780984,0,0,0,ok
full-v2,corpus,outline.pdf,2,3,1.9,1087336,0,0,0,ok
full-v2,corpus,output_w3c_csswg_drafts_issues2023.pdf,2,1,0.6,235240,0,0,0,ok
full-v2,corpus,path_ext_oddeven.pdf,2,1,1.4,1040080,0,0,0,ok
full-v2,corpus,pop-bugzilla37292.pdf,2,4,6.6,7593928,0,0,0,ok
full-v2,corpus,reference-2-numeric-error.pdf,2,1,8.6,7147424,0,0,0,ok
full-v2,corpus,soundandvision.pdf,2,1,2.1,1856432,0,0,0,ok
full-v2,corpus,ssm2163.pdf,2,5,18.6,10255328,1,1,0,ok
full-v2,corpus,steam_in_page_dict.pdf,2,1,0.7,103760,0,0,0,ok
full-v2,corpus,test-2_so_74165171.pdf,2,1,60.7,42239488,3,1,1,ok
full-v2,corpus,testPdf-1.pdf,2,2,5.5,5833200,0,0,0,ok
full-v2,corpus,test_a-5.pdf,2,5,82.8,69775160,3,1,1,ok
full-v2,corpus,test_a.pdf,2,5,72.6,68857848,2,1,1,ok
full-v2,corpus,toc.pdf,2,5,5.8,7515880,0,0,0,ok
full-v2,corpus,type3-font-zero-height.pdf,2,1,10.2,8049744,0,0,0,ok
full-v2,corpus,0000851.pdf,3,5,201.1,118480224,5,2,1,ok
full-v2,corpus,11194059_2017-11_de_s.pdf,3,2,22.1,27477496,0,0,0,ok
full-v2,corpus,2006_Swedish_Touring_Car_Championship.pdf,3,4,25.5,7628896,1,1,0,ok
full-v2,corpus,2108.11480.pdf,3,5,81.9,74903848,3,1,1,ok
full-v2,corpus,22060_A1_01_Plans-1.pdf,3,1,4.3,9374280,0,0,0,ok
full-v2,corpus,6.Secrets.to.Startup.Success.PDFDrive.pdf,3,5,17.7,24734824,0,0,0,ok
full-v2,corpus,68-1990-01_A.pdf,3,5,53.6,44524776,2,1,1,ok
full-v2,corpus,AcroFormsBasicFields.pdf,3,1,0.8,594504,0,0,0,ok
full-v2,corpus,Approved_Document_B__fire_safety__volume_2_-_Buildings_other_than_dwellings__2019_edition_incorporating_2020_and_2022_amendments.pdf,3,5,41.5,52107104,3,2,2,ok
full-v2,corpus,Arve.nr.1615.17.04.2026.pdf,3,1,1.5,1193416,0,0,0,ok
full-v2,corpus,ClipPathLetterFilter-Test1.pdf,3,5,9.8,12121216,0,0,0,ok
full-v2,corpus,ClipPathLetterFilter-Test2.pdf,3,1,7.0,8698120,0,0,0,ok
full-v2,corpus,ColorIssue.pdf,3,1,39.2,34051424,2,2,2,ok
full-v2,corpus,DeviceN_CS_test.pdf,3,5,20.2,21535696,2,1,0,ok
full-v2,corpus,Diacritics_export.pdf,3,1,1.8,2350800,0,0,0,ok
full-v2,corpus,EmptyPdf.pdf,3,1,0.2,38136,0,0,0,ok
full-v2,corpus,ErcotFacts.pdf,3,2,12.6,13358088,0,0,0,ok
full-v2,corpus,FICTIF_TABLE_INDEX.pdf,3,5,12.5,14803712,0,0,0,ok
full-v2,corpus,FarmerMac.pdf,3,5,19.5,13700184,1,1,0,ok
full-v2,corpus,Font Size Test - from google chrome print pdf.pdf,3,1,0.9,480368,0,0,0,ok
full-v2,corpus,Font Size Test - from libre office.pdf,3,1,0.5,187968,0,0,0,ok
full-v2,corpus,FontMatrix-1.pdf,3,1,0.4,216832,0,0,0,ok
full-v2,corpus,FontMatrix-concat.pdf,3,1,0.2,134744,0,0,0,ok
full-v2,corpus,FontMatrix-otf-bad-hmtx.pdf,3,1,1.1,746472,0,0,0,ok
full-v2,corpus,FontMatrix-otf.pdf,3,1,1.2,742536,0,0,0,ok
full-v2,corpus,FontMatrix-raw.pdf,3,1,1.1,683136,0,0,0,ok
full-v2,corpus,GHOSTSCRIPT-692564-0.pdf,3,1,0.8,547440,0,0,0,ok
full-v2,corpus,GHOSTSCRIPT-695513-0.pdf,3,1,9.1,3523368,1,1,1,ok
full-v2,corpus,GHOSTSCRIPT-696171-0.pdf,3,5,9.5,11402152,0,0,0,ok
full-v2,corpus,GHOSTSCRIPT-696547-0.zip-7.pdf,3,1,4.8,7355112,1,0,0,ok
full-v2,corpus,GHOSTSCRIPT-696547-0.zip-9.pdf,3,1,4.1,7354928,0,0,0,ok
full-v2,corpus,GHOSTSCRIPT-697234-0.pdf,3,3,29.0,22673768,1,0,0,ok
full-v2,corpus,GHOSTSCRIPT-697507-0.pdf,3,1,8.8,7904200,0,0,0,ok
full-v2,corpus,GHOSTSCRIPT-697984-3.pdf,3,1,2.3,1619744,0,0,0,ok
full-v2,corpus,GHOSTSCRIPT-698168-0.pdf,3,1,2.0,2816400,0,0,0,ok
full-v2,corpus,GHOSTSCRIPT-698363-0.pdf,3,1,1.5,466400,0,0,0,ok
full-v2,corpus,GHOSTSCRIPT-698721-0.zip-6.pdf,3,2,6.6,7315512,0,0,0,ok
full-v2,corpus,GHOSTSCRIPT-698721-1.pdf,3,1,1.5,2031968,0,0,0,ok
full-v2,corpus,GHOSTSCRIPT-699035-0.pdf,3,5,56.1,38418216,2,1,1,ok
full-v2,corpus,GHOSTSCRIPT-699178-0.pdf,3,3,7.6,8418216,0,0,0,ok
full-v2,corpus,GHOSTSCRIPT-699375-5.pdf,3,1,3.8,3068008,0,0,0,ok
full-v2,corpus,GHOSTSCRIPT-699488-0.pdf,3,1,8.0,8119672,0,0,0,ok
full-v2,corpus,GHOSTSCRIPT-699554-0.zip-4.pdf,3,1,1.6,1650120,0,0,0,ok
full-v2,corpus,GHOSTSCRIPT-700125-1.pdf,3,5,15.4,16241400,0,0,0,ok
full-v2,corpus,GHOSTSCRIPT-700139-0.pdf,3,2,156.0,116367224,5,3,2,ok
full-v2,corpus,GHOSTSCRIPT-700236-1.pdf,3,5,13.4,13418376,0,0,0,ok
full-v2,corpus,GHOSTSCRIPT-700288-1.pdf,3,1,5.1,4618152,0,0,0,ok
full-v2,corpus,GHOSTSCRIPT-700370-2.pdf,3,1,2.3,1596336,0,0,0,ok
full-v2,corpus,GHOSTSCRIPT-700931-0.7z-5.pdf,3,2,1.9,1221512,0,0,0,ok
full-v2,corpus,GHOSTSCRIPT-702013-1.pdf,3,1,5.4,3792544,0,0,0,ok
full-v2,corpus,Gamebook.pdf,3,5,12.4,9352656,0,0,0,ok
full-v2,corpus,GlyphDataTableReadCompositeGlyphError.pdf,3,1,5.2,2886624,0,0,0,ok
full-v2,corpus,Grapheme clusters emoji.pdf,3,1,0.5,149744,0,0,0,ok
full-v2,corpus,ICML03-081.pdf,3,5,23.8,17289832,0,0,0,ok
full-v2,corpus,Indexed-DeviceRGB-JPXDecode-0-.0.0.255.0.-Font-F1_1_missing_char_255-1.pdf,3,1,31.6,16978312,0,0,0,ok
full-v2,corpus,IndexedCS_negative_and_high.pdf,3,1,0.5,82128,0,0,0,ok
full-v2,corpus,Judgement Document.pdf,3,5,11.1,9126344,0,0,0,ok
full-v2,corpus,LKR824191.pdf,3,1,4.4,4165072,0,0,0,ok
full-v2,corpus,Layer pdf - 322_High_Holborn_building_Brochure.pdf,3,3,56.1,37978608,1,0,0,ok
full-v2,corpus,MOZILLA-10084-0.pdf,3,1,3.5,3208048,0,0,0,ok
full-v2,corpus,MOZILLA-10225-0.pdf,3,5,13.8,22993704,0,0,0,ok
full-v2,corpus,MOZILLA-10372-2.pdf,3,5,23.5,13029712,2,1,1,ok
full-v2,corpus,MOZILLA-2775-1.pdf,3,5,13.7,17724168,0,0,0,ok
full-v2,corpus,MOZILLA-3136-0.pdf,3,4,250.1,218009352,6,3,2,ok
full-v2,corpus,MOZILLA-7375-0.pdf,3,5,31.1,16128032,1,1,0,ok
full-v2,corpus,MOZILLA-9176-2.pdf,3,5,1.9,9937264,0,0,0,ok
full-v2,corpus,MOZILLA-LINK-3264-0.pdf,3,5,1.9,3292248,0,0,0,ok
full-v2,corpus,MOZILLA-LINK-5251-1.pdf,3,2,3.8,2201624,1,0,0,ok
full-v2,corpus,Math119FakingData.pdf,3,5,6.8,9249304,0,0,0,ok
full-v2,corpus,Motor Insurance claim form.pdf,3,3,89.5,68830808,2,1,1,ok
full-v2,corpus,Multiple Page - from Mortality Statistics.pdf,3,5,6.3,8263360,0,0,0,ok
full-v2,corpus,OPEN.RABBIT.ENGLISH.LOP.pdf,3,5,36.7,28106248,2,1,1,ok
full-v2,corpus,Old Gutnish Internet Explorer.pdf,3,3,11.5,14269952,0,0,0,ok
full-v2,corpus,P2P-33713919.pdf,3,5,12.7,22998136,0,0,0,ok
full-v2,corpus,PDFBOX-1869-4-1.pdf,3,1,0.7,410640,0,0,0,ok
full-v2,corpus,PDFBOX-492-4.jar-8.pdf,3,2,26.0,16853408,1,0,0,ok
full-v2,corpus,PDFBOX-624-2.pdf,3,5,9.6,11326864,0,0,0,ok
full-v2,corpus,Pig Production Handbook.pdf,3,5,8.3,11469752,0,0,0,ok
full-v2,corpus,Pig Reproduction Powerpoint.pdf,3,5,15.1,9284384,1,1,1,ok
full-v2,corpus,Publication_of_award_of_Bids_for_Transport_Sector__August_2016.pdf,3,5,8.8,8354192,1,0,0,ok
full-v2,corpus,Rotated Text Libre Office.pdf,3,1,0.5,238248,0,0,0,ok
full-v2,corpus,Rotation 45.pdf,3,4,12.0,9895320,0,0,0,ok
full-v2,corpus,SPARC - v9 Architecture Manual.pdf,3,5,80.9,74095560,3,2,2,ok
full-v2,corpus,SPE8EF26T0545.pdf,3,5,10.6,11453240,1,0,0,ok
full-v2,corpus,ShowTextOpWithUnbalancedRoundBrackets.pdf,3,1,4.9,4630240,0,0,0,ok
full-v2,corpus,Single Page Broken Offsets - from google drive.pdf,3,1,1.3,590456,0,0,0,ok
full-v2,corpus,Single Page Form Content - from itext 1_1.pdf,3,1,0.8,786768,0,0,0,ok
full-v2,corpus,Single Page Hyperlinks - from open office.pdf,3,1,0.6,360608,0,0,0,ok
full-v2,corpus,Single Page Images - from libre office.pdf,3,1,0.4,377896,0,0,0,ok
full-v2,corpus,Single Page Non Latin - from acrobat distiller.pdf,3,1,0.8,396552,0,0,0,ok
full-v2,corpus,Single Page Simple - from google drive.pdf,3,1,0.9,583472,0,0,0,ok
full-v2,corpus,Single Page Simple - from inkscape.pdf,3,1,0.4,150224,0,0,0,ok
full-v2,corpus,Single Page Simple - from open office.pdf,3,1,0.4,270408,0,0,0,ok
full-v2,corpus,Single Page Type 1 Font.pdf,3,1,0.2,86136,0,0,0,ok
full-v2,corpus,SinglePage180ClockwiseRotation - from PdfPig.pdf,3,1,0.3,202016,0,0,0,ok
full-v2,corpus,SinglePage270ClockwiseRotation - from PdfPig.pdf,3,1,0.3,202016,0,0,0,ok
full-v2,corpus,SinglePage90ClockwiseRotation - from PdfPig.pdf,3,1,0.3,202016,0,0,0,ok
full-v2,corpus,SmallCropbox.pdf,3,1,1.3,1683656,0,0,0,ok
full-v2,corpus,TIKA-1552-0.pdf,3,5,16.7,23477400,0,0,0,ok
full-v2,corpus,TIKA-2054-0.pdf,3,5,33.5,20712128,2,1,0,ok
full-v2,corpus,TIKA-469-0.pdf,3,2,4.5,4677792,0,0,0,ok
full-v2,corpus,Test.Doc.pdf,3,1,1.8,1679728,0,0,0,ok
full-v2,corpus,TrueTypeTablesGlyphDataTableReadGlyphsError.pdf,3,1,4.5,3650576,0,0,0,ok
full-v2,corpus,Two Page Text Only - from libre office.pdf,3,2,1.4,1570040,0,0,0,ok
full-v2,corpus,Type0 Font.pdf,3,1,8.0,9721608,0,0,0,ok
full-v2,corpus,Type0_CJK_Font.pdf,3,5,8.5,3212680,0,0,0,ok
full-v2,corpus,Type3Test.pdf,3,1,0.3,155528,0,0,0,ok
full-v2,corpus,Various Content Types.pdf,3,1,0.4,256488,0,0,0,ok
full-v2,corpus,Why.does.this.not.work.pdf,3,1,1.3,1036216,0,0,0,ok
full-v2,corpus,_citUR2jB1_ay56u6vELzk.pdf,3,2,1.7,2254480,0,0,0,ok
full-v2,corpus,annotation-comments.pdf,3,1,0.5,283648,0,0,0,ok
full-v2,corpus,bold-italic.pdf,3,1,2.5,1617296,0,0,0,ok
full-v2,corpus,bookmarks-with-accented-characters.pdf,3,1,0.4,331680,0,0,0,ok
full-v2,corpus,byz.pdf,3,1,2.1,2270848,0,0,0,ok
full-v2,corpus,capas.pdf,3,5,5.8,8006296,0,0,0,ok
full-v2,corpus,cat-genetics.pdf,3,1,20.1,6762600,1,1,1,ok
full-v2,corpus,cat-genetics_bobld.pdf,3,1,5.7,7034816,0,0,0,ok
full-v2,corpus,cmap-parsing-exception.pdf,3,1,19.6,13248088,1,0,0,ok
full-v2,corpus,cropped-and-rotated.pdf,3,1,1.3,744480,0,0,0,ok
full-v2,corpus,data.pdf,3,3,3.8,4097368,0,0,0,ok
full-v2,corpus,dotnet-ai.pdf,3,5,23.2,31616632,1,1,1,ok
full-v2,corpus,felltypes-test.pdf,3,1,8.9,4979760,1,0,0,ok
full-v2,corpus,hex_0x0006.pdf,3,1,1.3,658712,0,0,0,ok
full-v2,corpus,inherited_mediabox.pdf,3,1,0.3,55048,0,0,0,ok
full-v2,corpus,iron-ore-q2-q3-2013.pdf,3,5,26.9,37174712,2,1,1,ok
full-v2,corpus,issue_1163.pdf,3,2,0.6,183384,0,0,0,ok
full-v2,corpus,issue_1330.pdf,3,1,0.3,57440,0,0,0,ok
full-v2,corpus,issue_1331.pdf,3,1,1.6,1417040,0,0,0,ok
full-v2,corpus,issue_671.pdf,3,2,21.8,17841552,1,0,0,ok
full-v2,corpus,issue_881.pdf,3,1,1.1,617768,0,0,0,ok
full-v2,corpus,issues-1176-1.pdf,3,1,2.1,2166848,0,0,0,ok
full-v2,corpus,issues-1176.pdf,3,1,13.6,7344528,1,1,1,ok
full-v2,corpus,journal.pone.0196757.pdf,3,5,30.6,35448200,1,0,0,ok
full-v2,corpus,jtehm-melillo-2679746.pdf,3,5,71.2,52869376,2,2,1,ok
full-v2,corpus,little-pig-in-armenian.pdf,3,1,0.8,307736,0,0,0,ok
full-v2,corpus,odwriteex.pdf,3,1,7.6,780984,1,0,0,ok
full-v2,corpus,outline.pdf,3,3,1.8,1087544,0,0,0,ok
full-v2,corpus,output_w3c_csswg_drafts_issues2023.pdf,3,1,0.8,235240,0,0,0,ok
full-v2,corpus,path_ext_oddeven.pdf,3,1,1.3,1040080,0,0,0,ok
full-v2,corpus,pop-bugzilla37292.pdf,3,4,6.6,7593928,0,0,0,ok
full-v2,corpus,reference-2-numeric-error.pdf,3,1,7.9,7147424,0,0,0,ok
full-v2,corpus,soundandvision.pdf,3,1,1.9,1856432,0,0,0,ok
full-v2,corpus,ssm2163.pdf,3,5,8.6,10263256,0,0,0,ok
full-v2,corpus,steam_in_page_dict.pdf,3,1,0.4,103552,0,0,0,ok
full-v2,corpus,test-2_so_74165171.pdf,3,1,69.3,42239488,1,1,1,ok
full-v2,corpus,testPdf-1.pdf,3,2,16.6,5833200,1,0,0,ok
full-v2,corpus,test_a-5.pdf,3,5,68.4,69775368,2,1,1,ok
full-v2,corpus,test_a.pdf,3,5,96.4,69644328,5,3,1,ok
full-v2,corpus,toc.pdf,3,5,4.8,7515880,0,0,0,ok
full-v2,corpus,type3-font-zero-height.pdf,3,1,8.5,8049744,0,0,0,ok
baseline,corpus,0000851.pdf,1,5,1111.6,170194664,7,3,3,ok
baseline,corpus,11194059_2017-11_de_s.pdf,1,2,107.8,27690248,0,0,0,ok
baseline,corpus,2006_Swedish_Touring_Car_Championship.pdf,1,4,33.9,7884680,0,0,0,ok
baseline,corpus,2108.11480.pdf,1,5,220.7,76828600,1,0,0,ok
baseline,corpus,22060_A1_01_Plans-1.pdf,1,1,33.8,9438848,1,1,1,ok
baseline,corpus,6.Secrets.to.Startup.Success.PDFDrive.pdf,1,5,80.8,24744456,1,0,0,ok
baseline,corpus,68-1990-01_A.pdf,1,5,206.1,64741624,3,1,1,ok
baseline,corpus,AcroFormsBasicFields.pdf,1,1,1.8,595912,0,0,0,ok
baseline,corpus,Approved_Document_B__fire_safety__volume_2_-_Buildings_other_than_dwellings__2019_edition_incorporating_2020_and_2022_amendments.pdf,1,5,112.5,52523192,5,4,3,ok
baseline,corpus,Arve.nr.1615.17.04.2026.pdf,1,1,4.5,1271328,0,0,0,ok
baseline,corpus,ClipPathLetterFilter-Test1.pdf,1,5,85.8,41326680,0,0,0,ok
baseline,corpus,ClipPathLetterFilter-Test2.pdf,1,1,21.6,8847088,0,0,0,ok
baseline,corpus,ColorIssue.pdf,1,1,92.7,34032000,1,0,0,ok
baseline,corpus,DeviceN_CS_test.pdf,1,5,49.0,22166936,0,0,0,ok
baseline,corpus,Diacritics_export.pdf,1,1,6.2,2353440,0,0,0,ok
baseline,corpus,EmptyPdf.pdf,1,1,0.4,38080,0,0,0,ok
baseline,corpus,ErcotFacts.pdf,1,2,45.6,14125208,0,0,0,ok
baseline,corpus,FICTIF_TABLE_INDEX.pdf,1,5,42.2,15509696,0,0,0,ok
baseline,corpus,FarmerMac.pdf,1,5,52.1,14125848,0,0,0,ok
baseline,corpus,Font Size Test - from google chrome print pdf.pdf,1,1,1.8,505536,0,0,0,ok
baseline,corpus,Font Size Test - from libre office.pdf,1,1,1.2,207672,0,0,0,ok
baseline,corpus,FontMatrix-1.pdf,1,1,0.9,216480,0,0,0,ok
baseline,corpus,FontMatrix-concat.pdf,1,1,0.3,134184,0,0,0,ok
baseline,corpus,FontMatrix-otf-bad-hmtx.pdf,1,1,5.0,757352,0,0,0,ok
baseline,corpus,FontMatrix-otf.pdf,1,1,2.4,749472,0,0,0,ok
baseline,corpus,FontMatrix-raw.pdf,1,1,2.3,690144,0,0,0,ok
baseline,corpus,GHOSTSCRIPT-692564-0.pdf,1,1,3.9,553296,0,0,0,ok
baseline,corpus,GHOSTSCRIPT-695513-0.pdf,1,1,10.7,3542728,0,0,0,ok
baseline,corpus,GHOSTSCRIPT-696171-0.pdf,1,5,44.7,11350728,0,0,0,ok
baseline,corpus,GHOSTSCRIPT-696547-0.zip-7.pdf,1,1,25.2,7367208,0,0,0,ok
baseline,corpus,GHOSTSCRIPT-696547-0.zip-9.pdf,1,1,44.2,7373232,1,1,1,ok
baseline,corpus,GHOSTSCRIPT-697234-0.pdf,1,3,110.5,22757512,1,0,0,ok
baseline,corpus,GHOSTSCRIPT-697507-0.pdf,1,1,24.9,8066792,0,0,0,ok
baseline,corpus,GHOSTSCRIPT-697984-3.pdf,1,1,7.4,1730680,0,0,0,ok
baseline,corpus,GHOSTSCRIPT-698168-0.pdf,1,1,7.2,2819256,0,0,0,ok
baseline,corpus,GHOSTSCRIPT-698363-0.pdf,1,1,11.7,476480,0,0,0,ok
baseline,corpus,GHOSTSCRIPT-698721-0.zip-6.pdf,1,2,21.2,7741856,0,0,0,ok
baseline,corpus,GHOSTSCRIPT-698721-1.pdf,1,1,4.6,2153192,0,0,0,ok
baseline,corpus,GHOSTSCRIPT-699035-0.pdf,1,5,183.8,38417400,2,1,1,ok
baseline,corpus,GHOSTSCRIPT-699178-0.pdf,1,3,24.6,8614304,1,0,0,ok
baseline,corpus,GHOSTSCRIPT-699375-5.pdf,1,1,9.4,3272632,0,0,0,ok
baseline,corpus,GHOSTSCRIPT-699488-0.pdf,1,1,20.2,8127440,0,0,0,ok
baseline,corpus,GHOSTSCRIPT-699554-0.zip-4.pdf,1,1,3.7,1656096,0,0,0,ok
baseline,corpus,GHOSTSCRIPT-700125-1.pdf,1,5,49.7,17640504,0,0,0,ok
baseline,corpus,GHOSTSCRIPT-700139-0.pdf,1,2,377.2,117736160,5,3,1,ok
baseline,corpus,GHOSTSCRIPT-700236-1.pdf,1,5,40.7,13572832,1,0,0,ok
baseline,corpus,GHOSTSCRIPT-700288-1.pdf,1,1,18.9,4643216,0,0,0,ok
baseline,corpus,GHOSTSCRIPT-700370-2.pdf,1,1,4.7,1734248,0,0,0,ok
baseline,corpus,GHOSTSCRIPT-700931-0.7z-5.pdf,1,2,3.7,1230648,0,0,0,ok
baseline,corpus,GHOSTSCRIPT-702013-1.pdf,1,1,11.4,3953664,0,0,0,ok
baseline,corpus,Gamebook.pdf,1,5,132.7,150825424,9,9,8,ok
baseline,corpus,GlyphDataTableReadCompositeGlyphError.pdf,1,1,16.8,3809400,0,0,0,ok
baseline,corpus,Grapheme clusters emoji.pdf,1,1,0.9,155368,0,0,0,ok
baseline,corpus,ICML03-081.pdf,1,5,53.7,17385280,1,0,0,ok
baseline,corpus,Indexed-DeviceRGB-JPXDecode-0-.0.0.255.0.-Font-F1_1_missing_char_255-1.pdf,1,1,50.7,17089480,0,0,0,ok
baseline,corpus,IndexedCS_negative_and_high.pdf,1,1,1.0,85056,0,0,0,ok
baseline,corpus,Judgement Document.pdf,1,5,42.3,11061656,1,1,1,ok
baseline,corpus,LKR824191.pdf,1,1,16.7,4164104,1,0,0,ok
baseline,corpus,Layer pdf - 322_High_Holborn_building_Brochure.pdf,1,3,147.9,38364440,1,0,0,ok
baseline,corpus,MOZILLA-10084-0.pdf,1,1,9.5,3233200,0,0,0,ok
baseline,corpus,MOZILLA-10225-0.pdf,1,5,36.6,23548392,1,1,1,ok
baseline,corpus,MOZILLA-10372-2.pdf,1,5,38.9,13029808,1,0,0,ok
baseline,corpus,MOZILLA-2775-1.pdf,1,5,42.1,17805088,0,0,0,ok
baseline,corpus,MOZILLA-3136-0.pdf,1,4,572.9,219981656,6,3,2,ok
baseline,corpus,MOZILLA-7375-0.pdf,1,5,28.3,16128944,1,0,0,ok
baseline,corpus,MOZILLA-9176-2.pdf,1,5,2.4,9938008,0,0,0,ok
baseline,corpus,MOZILLA-LINK-3264-0.pdf,1,5,3.7,3568976,0,0,0,ok
baseline,corpus,MOZILLA-LINK-5251-1.pdf,1,2,6.3,2288864,0,0,0,ok
baseline,corpus,Math119FakingData.pdf,1,5,20.7,9332600,0,0,0,ok
baseline,corpus,Motor Insurance claim form.pdf,1,3,188.2,69570544,3,1,1,ok
baseline,corpus,Multiple Page - from Mortality Statistics.pdf,1,5,30.7,15833704,0,0,0,ok
baseline,corpus,OPEN.RABBIT.ENGLISH.LOP.pdf,1,5,38.3,27963992,0,0,0,ok
baseline,corpus,Old Gutnish Internet Explorer.pdf,1,3,31.6,14921848,1,0,0,ok
baseline,corpus,P2P-33713919.pdf,1,5,22.8,23100824,0,0,0,ok
baseline,corpus,PDFBOX-1869-4-1.pdf,1,1,1.5,487480,0,0,0,ok
baseline,corpus,PDFBOX-492-4.jar-8.pdf,1,2,29.4,16923736,0,0,0,ok
baseline,corpus,PDFBOX-624-2.pdf,1,5,13.5,11353288,0,0,0,ok
baseline,corpus,Pig Production Handbook.pdf,1,5,11.9,11661096,0,0,0,ok
baseline,corpus,Pig Reproduction Powerpoint.pdf,1,5,5.3,9216656,0,0,0,ok
baseline,corpus,Publication_of_award_of_Bids_for_Transport_Sector__August_2016.pdf,1,5,28.4,8727768,1,1,1,ok
baseline,corpus,Rotated Text Libre Office.pdf,1,1,0.7,277192,0,0,0,ok
baseline,corpus,Rotation 45.pdf,1,4,38.3,17682816,1,0,0,ok
baseline,corpus,SPARC - v9 Architecture Manual.pdf,1,5,193.4,108578312,5,2,0,ok
baseline,corpus,SPE8EF26T0545.pdf,1,5,12.3,11406640,1,0,0,ok
baseline,corpus,ShowTextOpWithUnbalancedRoundBrackets.pdf,1,1,6.0,4638808,0,0,0,ok
baseline,corpus,Single Page Broken Offsets - from google drive.pdf,1,1,1.7,611696,0,0,0,ok
baseline,corpus,Single Page Form Content - from itext 1_1.pdf,1,1,1.3,785248,0,0,0,ok
baseline,corpus,Single Page Hyperlinks - from open office.pdf,1,1,0.8,411544,0,0,0,ok
baseline,corpus,Single Page Images - from libre office.pdf,1,1,0.6,392976,0,0,0,ok
baseline,corpus,Single Page Non Latin - from acrobat distiller.pdf,1,1,1.0,417528,0,0,0,ok
baseline,corpus,Single Page Simple - from google drive.pdf,1,1,1.1,604640,0,0,0,ok
baseline,corpus,Single Page Simple - from inkscape.pdf,1,1,0.5,171088,0,0,0,ok
baseline,corpus,Single Page Simple - from open office.pdf,1,1,0.6,291872,0,0,0,ok
baseline,corpus,Single Page Type 1 Font.pdf,1,1,0.3,85216,0,0,0,ok
baseline,corpus,SinglePage180ClockwiseRotation - from PdfPig.pdf,1,1,0.5,248640,0,0,0,ok
baseline,corpus,SinglePage270ClockwiseRotation - from PdfPig.pdf,1,1,0.5,248568,0,0,0,ok
baseline,corpus,SinglePage90ClockwiseRotation - from PdfPig.pdf,1,1,0.5,248568,0,0,0,ok
baseline,corpus,SmallCropbox.pdf,1,1,1.8,1617768,0,0,0,ok
baseline,corpus,TIKA-1552-0.pdf,1,5,29.2,23498576,2,1,0,ok
baseline,corpus,TIKA-2054-0.pdf,1,5,35.4,23790736,2,1,1,ok
baseline,corpus,TIKA-469-0.pdf,1,2,6.3,4753776,0,0,0,ok
baseline,corpus,Test.Doc.pdf,1,1,2.2,1738488,0,0,0,ok
baseline,corpus,TrueTypeTablesGlyphDataTableReadGlyphsError.pdf,1,1,7.5,4528472,0,0,0,ok
baseline,corpus,Two Page Text Only - from libre office.pdf,1,2,1.9,1750352,0,0,0,ok
baseline,corpus,Type0 Font.pdf,1,1,9.1,10340976,0,0,0,ok
baseline,corpus,Type0_CJK_Font.pdf,1,5,59.3,4917912,0,0,0,ok
baseline,corpus,Type3Test.pdf,1,1,0.5,158248,0,0,0,ok
baseline,corpus,Various Content Types.pdf,1,1,0.8,279952,0,0,0,ok
baseline,corpus,Why.does.this.not.work.pdf,1,1,1.6,1050064,0,0,0,ok
baseline,corpus,_citUR2jB1_ay56u6vELzk.pdf,1,2,2.5,2369792,0,0,0,ok
baseline,corpus,annotation-comments.pdf,1,1,0.7,295912,0,0,0,ok
baseline,corpus,bold-italic.pdf,1,1,2.6,1899280,0,0,0,ok
baseline,corpus,bookmarks-with-accented-characters.pdf,1,1,0.5,331280,0,0,0,ok
baseline,corpus,byz.pdf,1,1,4.4,2270064,1,0,0,ok
baseline,corpus,capas.pdf,1,5,7.3,8296080,0,0,0,ok
baseline,corpus,cat-genetics.pdf,1,1,6.4,6778984,0,0,0,ok
baseline,corpus,cat-genetics_bobld.pdf,1,1,6.5,7025704,0,0,0,ok
baseline,corpus,cmap-parsing-exception.pdf,1,1,18.5,13349904,1,0,0,ok
baseline,corpus,cropped-and-rotated.pdf,1,1,1.2,775104,0,0,0,ok
baseline,corpus,data.pdf,1,3,4.9,4105464,0,0,0,ok
baseline,corpus,dotnet-ai.pdf,1,5,25.6,32510224,1,1,1,ok
baseline,corpus,felltypes-test.pdf,1,1,13.5,4980560,1,0,0,ok
baseline,corpus,hex_0x0006.pdf,1,1,1.4,659680,0,0,0,ok
baseline,corpus,inherited_mediabox.pdf,1,1,0.4,54600,0,0,0,ok
baseline,corpus,iron-ore-q2-q3-2013.pdf,1,5,45.4,37218632,2,1,1,ok
baseline,corpus,issue_1163.pdf,1,2,0.6,182960,0,0,0,ok
baseline,corpus,issue_1330.pdf,1,1,0.2,56480,0,0,0,ok
baseline,corpus,issue_1331.pdf,1,1,1.8,1594616,0,0,0,ok
baseline,corpus,issue_671.pdf,1,2,22.0,18336664,1,0,0,ok
baseline,corpus,issue_881.pdf,1,1,1.2,777600,0,0,0,ok
baseline,corpus,issues-1176-1.pdf,1,1,2.4,2168040,0,0,0,ok
baseline,corpus,issues-1176.pdf,1,1,2.9,7144312,0,0,0,ok
baseline,corpus,journal.pone.0196757.pdf,1,5,53.1,35683304,1,0,0,ok
baseline,corpus,jtehm-melillo-2679746.pdf,1,5,81.6,53034808,2,1,1,ok
baseline,corpus,little-pig-in-armenian.pdf,1,1,0.9,323840,0,0,0,ok
baseline,corpus,odwriteex.pdf,1,1,0.9,784360,0,0,0,ok
baseline,corpus,outline.pdf,1,3,1.7,1120904,0,0,0,ok
baseline,corpus,output_w3c_csswg_drafts_issues2023.pdf,1,1,0.6,262144,0,0,0,ok
baseline,corpus,path_ext_oddeven.pdf,1,1,1.5,1157376,0,0,0,ok
baseline,corpus,pop-bugzilla37292.pdf,1,4,8.1,7988984,0,0,0,ok
baseline,corpus,reference-2-numeric-error.pdf,1,1,14.3,7196176,0,0,0,ok
baseline,corpus,soundandvision.pdf,1,1,2.3,2022840,0,0,0,ok
baseline,corpus,ssm2163.pdf,1,5,16.3,11267192,0,0,0,ok
baseline,corpus,steam_in_page_dict.pdf,1,1,3.0,103048,0,0,0,ok
baseline,corpus,test-2_so_74165171.pdf,1,1,138.4,41196904,2,1,1,ok
baseline,corpus,testPdf-1.pdf,1,2,5.5,6058792,0,0,0,ok
baseline,corpus,test_a-5.pdf,1,5,93.4,70167232,3,2,0,ok
baseline,corpus,test_a.pdf,1,5,79.8,69186520,3,1,1,ok
baseline,corpus,toc.pdf,1,5,6.1,7514624,0,0,0,ok
baseline,corpus,type3-font-zero-height.pdf,1,1,12.3,8061768,0,0,0,ok
baseline,corpus,0000851.pdf,2,5,267.3,122703464,4,1,1,ok
baseline,corpus,11194059_2017-11_de_s.pdf,2,2,24.7,27665896,0,0,0,ok
baseline,corpus,2006_Swedish_Touring_Car_Championship.pdf,2,4,8.8,7883120,0,0,0,ok
baseline,corpus,2108.11480.pdf,2,5,81.7,76745136,0,0,0,ok
baseline,corpus,22060_A1_01_Plans-1.pdf,2,1,34.1,9435600,1,1,1,ok
baseline,corpus,6.Secrets.to.Startup.Success.PDFDrive.pdf,2,5,23.0,24740928,1,0,0,ok
baseline,corpus,68-1990-01_A.pdf,2,5,53.0,44576648,1,0,0,ok
baseline,corpus,AcroFormsBasicFields.pdf,2,1,0.8,594040,0,0,0,ok
baseline,corpus,Approved_Document_B__fire_safety__volume_2_-_Buildings_other_than_dwellings__2019_edition_incorporating_2020_and_2022_amendments.pdf,2,5,48.5,52517168,4,3,2,ok
baseline,corpus,Arve.nr.1615.17.04.2026.pdf,2,1,1.5,1270968,0,0,0,ok
baseline,corpus,ClipPathLetterFilter-Test1.pdf,2,5,10.2,12303616,0,0,0,ok
baseline,corpus,ClipPathLetterFilter-Test2.pdf,2,1,6.5,8697712,0,0,0,ok
baseline,corpus,ColorIssue.pdf,2,1,46.2,34356224,2,2,2,ok
baseline,corpus,DeviceN_CS_test.pdf,2,5,19.2,21694368,1,0,0,ok
baseline,corpus,Diacritics_export.pdf,2,1,2.0,2354704,0,0,0,ok
baseline,corpus,EmptyPdf.pdf,2,1,0.2,37576,0,0,0,ok
baseline,corpus,ErcotFacts.pdf,2,2,14.0,13717520,0,0,0,ok
baseline,corpus,FICTIF_TABLE_INDEX.pdf,2,5,13.0,14806296,0,0,0,ok
baseline,corpus,FarmerMac.pdf,2,5,19.9,13732080,1,1,0,ok
baseline,corpus,Font Size Test - from google chrome print pdf.pdf,2,1,0.9,480496,0,0,0,ok
baseline,corpus,Font Size Test - from libre office.pdf,2,1,0.5,193480,0,0,0,ok
baseline,corpus,FontMatrix-1.pdf,2,1,0.4,216408,0,0,0,ok
baseline,corpus,FontMatrix-concat.pdf,2,1,0.2,134184,0,0,0,ok
baseline,corpus,FontMatrix-otf-bad-hmtx.pdf,2,1,1.1,753408,0,0,0,ok
baseline,corpus,FontMatrix-otf.pdf,2,1,1.1,749472,0,0,0,ok
baseline,corpus,FontMatrix-raw.pdf,2,1,1.1,690072,0,0,0,ok
baseline,corpus,GHOSTSCRIPT-692564-0.pdf,2,1,0.7,552696,0,0,0,ok
baseline,corpus,GHOSTSCRIPT-695513-0.pdf,2,1,2.2,3541504,0,0,0,ok
baseline,corpus,GHOSTSCRIPT-696171-0.pdf,2,5,10.1,11349720,1,0,0,ok
baseline,corpus,GHOSTSCRIPT-696547-0.zip-7.pdf,2,1,11.2,7504784,1,1,1,ok
baseline,corpus,GHOSTSCRIPT-696547-0.zip-9.pdf,2,1,3.6,7367104,0,0,0,ok
baseline,corpus,GHOSTSCRIPT-697234-0.pdf,2,3,25.8,22751632,1,0,0,ok
baseline,corpus,GHOSTSCRIPT-697507-0.pdf,2,1,8.4,8063824,0,0,0,ok
baseline,corpus,GHOSTSCRIPT-697984-3.pdf,2,1,2.7,1652392,0,0,0,ok
baseline,corpus,GHOSTSCRIPT-698168-0.pdf,2,1,1.8,2818968,0,0,0,ok
baseline,corpus,GHOSTSCRIPT-698363-0.pdf,2,1,1.4,465488,0,0,0,ok
baseline,corpus,GHOSTSCRIPT-698721-0.zip-6.pdf,2,2,10.9,7741072,0,0,0,ok
baseline,corpus,GHOSTSCRIPT-698721-1.pdf,2,1,1.5,2153192,0,0,0,ok
baseline,corpus,GHOSTSCRIPT-699035-0.pdf,2,5,45.0,38413528,3,2,0,ok
baseline,corpus,GHOSTSCRIPT-699178-0.pdf,2,3,6.3,8437008,0,0,0,ok
baseline,corpus,GHOSTSCRIPT-699375-5.pdf,2,1,5.1,3074808,1,0,0,ok
baseline,corpus,GHOSTSCRIPT-699488-0.pdf,2,1,6.6,8126064,0,0,0,ok
baseline,corpus,GHOSTSCRIPT-699554-0.zip-4.pdf,2,1,1.2,1656024,0,0,0,ok
baseline,corpus,GHOSTSCRIPT-700125-1.pdf,2,5,24.3,17642904,1,1,1,ok
baseline,corpus,GHOSTSCRIPT-700139-0.pdf,2,2,142.8,116189728,5,1,1,ok
baseline,corpus,GHOSTSCRIPT-700236-1.pdf,2,5,11.9,13572088,0,0,0,ok
baseline,corpus,GHOSTSCRIPT-700288-1.pdf,2,1,4.6,4642936,0,0,0,ok
baseline,corpus,GHOSTSCRIPT-700370-2.pdf,2,1,1.7,1596056,0,0,0,ok
baseline,corpus,GHOSTSCRIPT-700931-0.7z-5.pdf,2,2,1.3,1230576,0,0,0,ok
baseline,corpus,GHOSTSCRIPT-702013-1.pdf,2,1,3.5,3953016,0,0,0,ok
baseline,corpus,Gamebook.pdf,2,5,16.4,9367112,1,1,0,ok
baseline,corpus,GlyphDataTableReadCompositeGlyphError.pdf,2,1,5.7,2902944,1,0,0,ok
baseline,corpus,Grapheme clusters emoji.pdf,2,1,0.4,155432,0,0,0,ok
baseline,corpus,ICML03-081.pdf,2,5,15.8,17315624,0,0,0,ok
baseline,corpus,Indexed-DeviceRGB-JPXDecode-0-.0.0.255.0.-Font-F1_1_missing_char_255-1.pdf,2,1,26.8,17067224,1,0,0,ok
baseline,corpus,IndexedCS_negative_and_high.pdf,2,1,0.4,85264,0,0,0,ok
baseline,corpus,Judgement Document.pdf,2,5,6.6,9127904,0,0,0,ok
baseline,corpus,LKR824191.pdf,2,1,2.7,4163752,0,0,0,ok
baseline,corpus,Layer pdf - 322_High_Holborn_building_Brochure.pdf,2,3,30.5,37981744,0,0,0,ok
baseline,corpus,MOZILLA-10084-0.pdf,2,1,4.1,3227936,0,0,0,ok
baseline,corpus,MOZILLA-10225-0.pdf,2,5,15.6,23062600,0,0,0,ok
baseline,corpus,MOZILLA-10372-2.pdf,2,5,26.4,13030320,2,1,1,ok
baseline,corpus,MOZILLA-2775-1.pdf,2,5,12.7,17808416,0,0,0,ok
baseline,corpus,MOZILLA-3136-0.pdf,2,4,241.1,217930304,7,3,2,ok
baseline,corpus,MOZILLA-7375-0.pdf,2,5,26.4,16127600,1,0,0,ok
baseline,corpus,MOZILLA-9176-2.pdf,2,5,1.9,9937888,0,0,0,ok
baseline,corpus,MOZILLA-LINK-3264-0.pdf,2,5,1.8,3448256,0,0,0,ok
baseline,corpus,MOZILLA-LINK-5251-1.pdf,2,2,2.2,2210032,0,0,0,ok
baseline,corpus,Math119FakingData.pdf,2,5,7.3,9330824,0,0,0,ok
baseline,corpus,Motor Insurance claim form.pdf,2,3,96.0,68932264,2,1,1,ok
baseline,corpus,Multiple Page - from Mortality Statistics.pdf,2,5,5.9,8290144,0,0,0,ok
baseline,corpus,OPEN.RABBIT.ENGLISH.LOP.pdf,2,5,19.5,27774056,0,0,0,ok
baseline,corpus,Old Gutnish Internet Explorer.pdf,2,3,22.7,14276992,1,0,0,ok
baseline,corpus,P2P-33713919.pdf,2,5,12.0,23059080,0,0,0,ok
baseline,corpus,PDFBOX-1869-4-1.pdf,2,1,0.7,487328,0,0,0,ok
baseline,corpus,PDFBOX-492-4.jar-8.pdf,2,2,17.1,16922104,0,0,0,ok
baseline,corpus,PDFBOX-624-2.pdf,2,5,8.4,11351800,0,0,0,ok
baseline,corpus,Pig Production Handbook.pdf,2,5,8.0,11660472,0,0,0,ok
baseline,corpus,Pig Reproduction Powerpoint.pdf,2,5,3.8,9214160,0,0,0,ok
baseline,corpus,Publication_of_award_of_Bids_for_Transport_Sector__August_2016.pdf,2,5,22.5,8359600,1,1,1,ok
baseline,corpus,Rotated Text Libre Office.pdf,2,1,0.5,243760,0,0,0,ok
baseline,corpus,Rotation 45.pdf,2,4,13.0,10019088,1,0,0,ok
baseline,corpus,SPARC - v9 Architecture Manual.pdf,2,5,81.1,108578192,4,1,0,ok
baseline,corpus,SPE8EF26T0545.pdf,2,5,12.8,11399896,1,1,0,ok
baseline,corpus,ShowTextOpWithUnbalancedRoundBrackets.pdf,2,1,4.9,4638424,1,0,0,ok
baseline,corpus,Single Page Broken Offsets - from google drive.pdf,2,1,1.9,590448,0,0,0,ok
baseline,corpus,Single Page Form Content - from itext 1_1.pdf,2,1,0.8,785080,0,0,0,ok
baseline,corpus,Single Page Hyperlinks - from open office.pdf,2,1,0.6,366520,0,0,0,ok
baseline,corpus,Single Page Images - from libre office.pdf,2,1,0.5,387120,0,0,0,ok
baseline,corpus,Single Page Non Latin - from acrobat distiller.pdf,2,1,0.7,397560,0,0,0,ok
baseline,corpus,Single Page Simple - from google drive.pdf,2,1,0.8,583256,0,0,0,ok
baseline,corpus,Single Page Simple - from inkscape.pdf,2,1,0.4,154000,0,0,0,ok
baseline,corpus,Single Page Simple - from open office.pdf,2,1,0.4,268496,0,0,0,ok
baseline,corpus,Single Page Type 1 Font.pdf,2,1,0.2,85344,0,0,0,ok
baseline,corpus,SinglePage180ClockwiseRotation - from PdfPig.pdf,2,1,0.4,202368,0,0,0,ok
baseline,corpus,SinglePage270ClockwiseRotation - from PdfPig.pdf,2,1,0.4,202368,0,0,0,ok
baseline,corpus,SinglePage90ClockwiseRotation - from PdfPig.pdf,2,1,0.4,202368,0,0,0,ok
baseline,corpus,SmallCropbox.pdf,2,1,1.4,1617600,0,0,0,ok
baseline,corpus,TIKA-1552-0.pdf,2,5,16.8,23480008,0,0,0,ok
baseline,corpus,TIKA-2054-0.pdf,2,5,21.5,23583520,2,1,0,ok
baseline,corpus,TIKA-469-0.pdf,2,2,4.0,4745064,0,0,0,ok
baseline,corpus,Test.Doc.pdf,2,1,1.8,1679568,0,0,0,ok
baseline,corpus,TrueTypeTablesGlyphDataTableReadGlyphsError.pdf,2,1,4.5,3647216,0,0,0,ok
baseline,corpus,Two Page Text Only - from libre office.pdf,2,2,1.5,1587512,0,0,0,ok
baseline,corpus,Type0 Font.pdf,2,1,16.4,9790840,1,1,1,ok
baseline,corpus,Type0_CJK_Font.pdf,2,5,10.0,3271000,0,0,0,ok
baseline,corpus,Type3Test.pdf,2,1,0.4,156856,0,0,0,ok
baseline,corpus,Various Content Types.pdf,2,1,0.4,265312,0,0,0,ok
baseline,corpus,Why.does.this.not.work.pdf,2,1,1.2,1039928,0,0,0,ok
baseline,corpus,_citUR2jB1_ay56u6vELzk.pdf,2,2,3.5,2257352,1,0,0,ok
baseline,corpus,annotation-comments.pdf,2,1,0.5,283448,0,0,0,ok
baseline,corpus,bold-italic.pdf,2,1,2.1,1618288,0,0,0,ok
baseline,corpus,bookmarks-with-accented-characters.pdf,2,1,0.4,331256,0,0,0,ok
baseline,corpus,byz.pdf,2,1,2.5,2269968,0,0,0,ok
baseline,corpus,capas.pdf,2,5,5.3,8042120,0,0,0,ok
baseline,corpus,cat-genetics.pdf,2,1,4.5,6778024,0,0,0,ok
baseline,corpus,cat-genetics_bobld.pdf,2,1,5.3,7025248,0,0,0,ok
baseline,corpus,cmap-parsing-exception.pdf,2,1,15.1,13245752,0,0,0,ok
baseline,corpus,cropped-and-rotated.pdf,2,1,1.2,744056,0,0,0,ok
baseline,corpus,data.pdf,2,3,3.7,4105248,0,0,0,ok
baseline,corpus,dotnet-ai.pdf,2,5,25.1,31820320,1,1,1,ok
baseline,corpus,felltypes-test.pdf,2,1,8.7,4979600,1,0,0,ok
baseline,corpus,hex_0x0006.pdf,2,1,0.8,658936,0,0,0,ok
baseline,corpus,inherited_mediabox.pdf,2,1,0.2,54504,0,0,0,ok
baseline,corpus,iron-ore-q2-q3-2013.pdf,2,5,22.0,36515112,1,0,0,ok
baseline,corpus,issue_1163.pdf,2,2,0.4,182856,0,0,0,ok
baseline,corpus,issue_1330.pdf,2,1,0.2,56456,0,0,0,ok
baseline,corpus,issue_1331.pdf,2,1,1.6,1352544,0,0,0,ok
baseline,corpus,issue_671.pdf,2,2,17.7,17901912,0,0,0,ok
baseline,corpus,issue_881.pdf,2,1,1.0,616816,0,0,0,ok
baseline,corpus,issues-1176-1.pdf,2,1,1.9,2166992,0,0,0,ok
baseline,corpus,issues-1176.pdf,2,1,14.0,7343400,1,1,1,ok
baseline,corpus,journal.pone.0196757.pdf,2,5,28.2,35691544,1,0,0,ok
baseline,corpus,jtehm-melillo-2679746.pdf,2,5,58.0,52894776,2,1,0,ok
baseline,corpus,little-pig-in-armenian.pdf,2,1,0.7,312968,0,0,0,ok
baseline,corpus,odwriteex.pdf,2,1,1.0,718704,0,0,0,ok
baseline,corpus,outline.pdf,2,3,1.8,1087568,0,0,0,ok
baseline,corpus,output_w3c_csswg_drafts_issues2023.pdf,2,1,0.6,261912,0,0,0,ok
baseline,corpus,path_ext_oddeven.pdf,2,1,1.3,1041912,0,0,0,ok
baseline,corpus,pop-bugzilla37292.pdf,2,4,6.1,7618792,0,0,0,ok
baseline,corpus,reference-2-numeric-error.pdf,2,1,8.5,7193704,0,0,0,ok
baseline,corpus,soundandvision.pdf,2,1,2.1,1857000,0,0,0,ok
baseline,corpus,ssm2163.pdf,2,5,8.6,10612656,0,0,0,ok
baseline,corpus,steam_in_page_dict.pdf,2,1,0.3,102952,0,0,0,ok
baseline,corpus,test-2_so_74165171.pdf,2,1,73.5,42182096,2,2,1,ok
baseline,corpus,testPdf-1.pdf,2,2,5.6,5836232,0,0,0,ok
baseline,corpus,test_a-5.pdf,2,5,84.7,69811528,2,0,0,ok
baseline,corpus,test_a.pdf,2,5,83.7,68831248,2,1,1,ok
baseline,corpus,toc.pdf,2,5,5.7,7514504,0,0,0,ok
baseline,corpus,type3-font-zero-height.pdf,2,1,11.0,8056264,0,0,0,ok
baseline,corpus,0000851.pdf,3,5,217.1,122540656,4,2,0,ok
baseline,corpus,11194059_2017-11_de_s.pdf,3,2,57.9,27549584,2,1,1,ok
baseline,corpus,2006_Swedish_Touring_Car_Championship.pdf,3,4,7.0,7668016,0,0,0,ok
baseline,corpus,2108.11480.pdf,3,5,71.9,76207960,2,0,0,ok
baseline,corpus,22060_A1_01_Plans-1.pdf,3,1,4.7,9433848,0,0,0,ok
baseline,corpus,6.Secrets.to.Startup.Success.PDFDrive.pdf,3,5,19.1,24674176,0,0,0,ok
baseline,corpus,68-1990-01_A.pdf,3,5,68.3,44333408,3,2,1,ok
baseline,corpus,AcroFormsBasicFields.pdf,3,1,0.9,594096,0,0,0,ok
baseline,corpus,Approved_Document_B__fire_safety__volume_2_-_Buildings_other_than_dwellings__2019_edition_incorporating_2020_and_2022_amendments.pdf,3,5,42.9,52514968,2,1,1,ok
baseline,corpus,Arve.nr.1615.17.04.2026.pdf,3,1,1.8,1193736,0,0,0,ok
baseline,corpus,ClipPathLetterFilter-Test1.pdf,3,5,9.6,12173056,0,0,0,ok
baseline,corpus,ClipPathLetterFilter-Test2.pdf,3,1,6.7,8697712,0,0,0,ok
baseline,corpus,ColorIssue.pdf,3,1,33.2,34223016,1,1,1,ok
baseline,corpus,DeviceN_CS_test.pdf,3,5,23.3,21631008,1,1,1,ok
baseline,corpus,Diacritics_export.pdf,3,1,2.0,2354760,0,0,0,ok
baseline,corpus,EmptyPdf.pdf,3,1,0.3,37576,0,0,0,ok
baseline,corpus,ErcotFacts.pdf,3,2,15.8,13717520,1,1,0,ok
baseline,corpus,FICTIF_TABLE_INDEX.pdf,3,5,13.5,14806504,0,0,0,ok
baseline,corpus,FarmerMac.pdf,3,5,13.7,13732080,1,1,0,ok
baseline,corpus,Font Size Test - from google chrome print pdf.pdf,3,1,0.9,480496,0,0,0,ok
baseline,corpus,Font Size Test - from libre office.pdf,3,1,0.4,193480,0,0,0,ok
baseline,corpus,FontMatrix-1.pdf,3,1,0.4,216408,0,0,0,ok
baseline,corpus,FontMatrix-concat.pdf,3,1,0.2,134184,0,0,0,ok
baseline,corpus,FontMatrix-otf-bad-hmtx.pdf,3,1,1.1,753408,0,0,0,ok
baseline,corpus,FontMatrix-otf.pdf,3,1,1.2,749472,0,0,0,ok
baseline,corpus,FontMatrix-raw.pdf,3,1,1.1,690072,0,0,0,ok
baseline,corpus,GHOSTSCRIPT-692564-0.pdf,3,1,0.8,552696,0,0,0,ok
baseline,corpus,GHOSTSCRIPT-695513-0.pdf,3,1,2.3,3541504,0,0,0,ok
baseline,corpus,GHOSTSCRIPT-696171-0.pdf,3,5,11.7,11349720,1,1,0,ok
baseline,corpus,GHOSTSCRIPT-696547-0.zip-7.pdf,3,1,4.1,7366920,0,0,0,ok
baseline,corpus,GHOSTSCRIPT-696547-0.zip-9.pdf,3,1,3.7,7366320,0,0,0,ok
baseline,corpus,GHOSTSCRIPT-697234-0.pdf,3,3,27.7,22751632,1,1,0,ok
baseline,corpus,GHOSTSCRIPT-697507-0.pdf,3,1,8.2,7998264,0,0,0,ok
baseline,corpus,GHOSTSCRIPT-697984-3.pdf,3,1,2.9,1652392,1,1,0,ok
baseline,corpus,GHOSTSCRIPT-698168-0.pdf,3,1,2.0,2819176,0,0,0,ok
baseline,corpus,GHOSTSCRIPT-698363-0.pdf,3,1,1.5,465080,0,0,0,ok
baseline,corpus,GHOSTSCRIPT-698721-0.zip-6.pdf,3,2,6.6,7741072,0,0,0,ok
baseline,corpus,GHOSTSCRIPT-698721-1.pdf,3,1,1.6,2153192,0,0,0,ok
baseline,corpus,GHOSTSCRIPT-699035-0.pdf,3,5,51.5,38420296,2,2,1,ok
baseline,corpus,GHOSTSCRIPT-699178-0.pdf,3,3,6.7,8437304,0,0,0,ok
baseline,corpus,GHOSTSCRIPT-699375-5.pdf,3,1,3.2,3074808,0,0,0,ok
baseline,corpus,GHOSTSCRIPT-699488-0.pdf,3,1,10.0,8125856,1,0,0,ok
baseline,corpus,GHOSTSCRIPT-699554-0.zip-4.pdf,3,1,1.4,1656232,0,0,0,ok
baseline,corpus,GHOSTSCRIPT-700125-1.pdf,3,5,11.9,17640256,0,0,0,ok
baseline,corpus,GHOSTSCRIPT-700139-0.pdf,3,2,123.8,116185256,4,2,1,ok
baseline,corpus,GHOSTSCRIPT-700236-1.pdf,3,5,18.3,13572088,1,0,0,ok
baseline,corpus,GHOSTSCRIPT-700288-1.pdf,3,1,5.1,4643144,0,0,0,ok
baseline,corpus,GHOSTSCRIPT-700370-2.pdf,3,1,1.9,1596056,0,0,0,ok
baseline,corpus,GHOSTSCRIPT-700931-0.7z-5.pdf,3,2,1.6,1230576,0,0,0,ok
baseline,corpus,GHOSTSCRIPT-702013-1.pdf,3,1,3.7,3953016,0,0,0,ok
baseline,corpus,Gamebook.pdf,3,5,9.7,9367112,0,0,0,ok
baseline,corpus,GlyphDataTableReadCompositeGlyphError.pdf,3,1,4.2,2902736,0,0,0,ok
baseline,corpus,Grapheme clusters emoji.pdf,3,1,0.4,155224,0,0,0,ok
baseline,corpus,ICML03-081.pdf,3,5,20.2,17315624,0,0,0,ok
baseline,corpus,Indexed-DeviceRGB-JPXDecode-0-.0.0.255.0.-Font-F1_1_missing_char_255-1.pdf,3,1,30.4,17067224,0,0,0,ok
baseline,corpus,IndexedCS_negative_and_high.pdf,3,1,0.4,85056,0,0,0,ok
baseline,corpus,Judgement Document.pdf,3,5,11.6,9127904,1,0,0,ok
baseline,corpus,LKR824191.pdf,3,1,3.3,4163960,0,0,0,ok
baseline,corpus,Layer pdf - 322_High_Holborn_building_Brochure.pdf,3,3,43.9,37850648,1,0,0,ok
baseline,corpus,MOZILLA-10084-0.pdf,3,1,3.6,3228144,0,0,0,ok
baseline,corpus,MOZILLA-10225-0.pdf,3,5,13.8,23062600,0,0,0,ok
baseline,corpus,MOZILLA-10372-2.pdf,3,5,24.7,13030320,2,1,1,ok
baseline,corpus,MOZILLA-2775-1.pdf,3,5,13.8,17808416,0,0,0,ok
baseline,corpus,MOZILLA-3136-0.pdf,3,4,234.7,217636632,7,4,1,ok
baseline,corpus,MOZILLA-7375-0.pdf,3,5,30.9,16127600,1,1,0,ok
baseline,corpus,MOZILLA-9176-2.pdf,3,5,12.7,9940536,1,1,1,ok
baseline,corpus,MOZILLA-LINK-3264-0.pdf,3,5,2.3,3448608,0,0,0,ok
baseline,corpus,MOZILLA-LINK-5251-1.pdf,3,2,2.2,2275592,0,0,0,ok
baseline,corpus,Math119FakingData.pdf,3,5,9.2,9334944,1,0,0,ok
baseline,corpus,Motor Insurance claim form.pdf,3,3,101.7,69527712,5,3,3,ok
baseline,corpus,Multiple Page - from Mortality Statistics.pdf,3,5,6.2,8290144,0,0,0,ok
baseline,corpus,OPEN.RABBIT.ENGLISH.LOP.pdf,3,5,21.0,27774056,0,0,0,ok
baseline,corpus,Old Gutnish Internet Explorer.pdf,3,3,21.9,14276992,1,0,0,ok
baseline,corpus,P2P-33713919.pdf,3,5,25.1,23192824,2,1,1,ok
baseline,corpus,PDFBOX-1869-4-1.pdf,3,1,0.9,487592,0,0,0,ok
baseline,corpus,PDFBOX-492-4.jar-8.pdf,3,2,18.8,16991872,0,0,0,ok
baseline,corpus,PDFBOX-624-2.pdf,3,5,8.8,11351800,0,0,0,ok
baseline,corpus,Pig Production Handbook.pdf,3,5,8.4,11660472,0,0,0,ok
baseline,corpus,Pig Reproduction Powerpoint.pdf,3,5,15.2,9214160,1,1,0,ok
baseline,corpus,Publication_of_award_of_Bids_for_Transport_Sector__August_2016.pdf,3,5,17.3,8490848,1,1,1,ok
baseline,corpus,Rotated Text Libre Office.pdf,3,1,0.6,243816,0,0,0,ok
baseline,corpus,Rotation 45.pdf,3,4,17.6,10019088,1,0,0,ok
baseline,corpus,SPARC - v9 Architecture Manual.pdf,3,5,84.2,108711936,4,2,1,ok
baseline,corpus,SPE8EF26T0545.pdf,3,5,14.3,11399952,1,1,0,ok
baseline,corpus,ShowTextOpWithUnbalancedRoundBrackets.pdf,3,1,4.3,4638512,0,0,0,ok
baseline,corpus,Single Page Broken Offsets - from google drive.pdf,3,1,1.4,590240,0,0,0,ok
baseline,corpus,Single Page Form Content - from itext 1_1.pdf,3,1,0.9,785080,0,0,0,ok
baseline,corpus,Single Page Hyperlinks - from open office.pdf,3,1,0.6,366520,0,0,0,ok
baseline,corpus,Single Page Images - from libre office.pdf,3,1,0.4,387120,0,0,0,ok
baseline,corpus,Single Page Non Latin - from acrobat distiller.pdf,3,1,0.8,397560,0,0,0,ok
baseline,corpus,Single Page Simple - from google drive.pdf,3,1,0.9,583256,0,0,0,ok
baseline,corpus,Single Page Simple - from inkscape.pdf,3,1,0.4,154000,0,0,0,ok
baseline,corpus,Single Page Simple - from open office.pdf,3,1,0.4,268496,0,0,0,ok
baseline,corpus,Single Page Type 1 Font.pdf,3,1,0.2,85344,0,0,0,ok
baseline,corpus,SinglePage180ClockwiseRotation - from PdfPig.pdf,3,1,0.3,202368,0,0,0,ok
baseline,corpus,SinglePage270ClockwiseRotation - from PdfPig.pdf,3,1,0.4,202368,0,0,0,ok
baseline,corpus,SinglePage90ClockwiseRotation - from PdfPig.pdf,3,1,0.4,202368,0,0,0,ok
baseline,corpus,SmallCropbox.pdf,3,1,1.4,1683160,0,0,0,ok
baseline,corpus,TIKA-1552-0.pdf,3,5,20.0,23480008,1,0,0,ok
baseline,corpus,TIKA-2054-0.pdf,3,5,28.7,23787208,1,1,1,ok
baseline,corpus,TIKA-469-0.pdf,3,2,5.4,4745152,1,0,0,ok
baseline,corpus,Test.Doc.pdf,3,1,1.8,1679776,0,0,0,ok
baseline,corpus,TrueTypeTablesGlyphDataTableReadGlyphsError.pdf,3,1,5.0,3647216,0,0,0,ok
baseline,corpus,Two Page Text Only - from libre office.pdf,3,2,1.7,1587512,0,0,0,ok
baseline,corpus,Type0 Font.pdf,3,1,8.8,9722544,0,0,0,ok
baseline,corpus,Type0_CJK_Font.pdf,3,5,8.7,3270736,0,0,0,ok
baseline,corpus,Type3Test.pdf,3,1,0.4,156856,0,0,0,ok
baseline,corpus,Various Content Types.pdf,3,1,0.6,265312,0,0,0,ok
baseline,corpus,Why.does.this.not.work.pdf,3,1,1.5,1035808,0,0,0,ok
baseline,corpus,_citUR2jB1_ay56u6vELzk.pdf,3,2,3.3,2257352,1,0,0,ok
baseline,corpus,annotation-comments.pdf,3,1,0.5,283448,0,0,0,ok
baseline,corpus,bold-italic.pdf,3,1,2.2,1618288,0,0,0,ok
baseline,corpus,bookmarks-with-accented-characters.pdf,3,1,0.4,331256,0,0,0,ok
baseline,corpus,byz.pdf,3,1,2.1,2269968,0,0,0,ok
baseline,corpus,capas.pdf,3,5,5.7,8042120,0,0,0,ok
baseline,corpus,cat-genetics.pdf,3,1,5.2,6778024,0,0,0,ok
baseline,corpus,cat-genetics_bobld.pdf,3,1,15.6,7097720,1,1,1,ok
baseline,corpus,cmap-parsing-exception.pdf,3,1,17.6,13245960,0,0,0,ok
baseline,corpus,cropped-and-rotated.pdf,3,1,1.3,744056,0,0,0,ok
baseline,corpus,data.pdf,3,3,3.8,4105400,0,0,0,ok
baseline,corpus,dotnet-ai.pdf,3,5,28.2,31820320,1,1,1,ok
baseline,corpus,felltypes-test.pdf,3,1,9.4,4979600,1,0,0,ok
baseline,corpus,hex_0x0006.pdf,3,1,1.0,658936,0,0,0,ok
baseline,corpus,inherited_mediabox.pdf,3,1,0.3,54504,0,0,0,ok
baseline,corpus,iron-ore-q2-q3-2013.pdf,3,5,25.4,36514592,1,0,0,ok
baseline,corpus,issue_1163.pdf,3,2,0.4,182856,0,0,0,ok
baseline,corpus,issue_1330.pdf,3,1,0.2,56456,0,0,0,ok
baseline,corpus,issue_1331.pdf,3,1,1.6,1352544,0,0,0,ok
baseline,corpus,issue_671.pdf,3,2,29.9,17904560,1,1,1,ok
baseline,corpus,issue_881.pdf,3,1,1.2,617168,0,0,0,ok
baseline,corpus,issues-1176-1.pdf,3,1,2.4,2171632,0,0,0,ok
baseline,corpus,issues-1176.pdf,3,1,3.0,7209512,0,0,0,ok
baseline,corpus,journal.pone.0196757.pdf,3,5,34.2,35662592,1,0,0,ok
baseline,corpus,jtehm-melillo-2679746.pdf,3,5,81.5,53032472,2,2,1,ok
baseline,corpus,little-pig-in-armenian.pdf,3,1,0.8,312968,0,0,0,ok
baseline,corpus,odwriteex.pdf,3,1,0.9,784264,0,0,0,ok
baseline,corpus,outline.pdf,3,3,1.7,1087568,0,0,0,ok
baseline,corpus,output_w3c_csswg_drafts_issues2023.pdf,3,1,0.6,261912,0,0,0,ok
baseline,corpus,path_ext_oddeven.pdf,3,1,1.4,1041912,0,0,0,ok
baseline,corpus,pop-bugzilla37292.pdf,3,4,6.8,7622912,0,0,0,ok
baseline,corpus,reference-2-numeric-error.pdf,3,1,13.8,7193704,1,0,0,ok
baseline,corpus,soundandvision.pdf,3,1,2.4,1857208,0,0,0,ok
baseline,corpus,ssm2163.pdf,3,5,8.8,10616776,0,0,0,ok
baseline,corpus,steam_in_page_dict.pdf,3,1,0.3,102952,0,0,0,ok
baseline,corpus,test-2_so_74165171.pdf,3,1,67.0,42239512,1,1,1,ok
baseline,corpus,testPdf-1.pdf,3,2,18.4,5969824,1,1,1,ok
baseline,corpus,test_a-5.pdf,3,5,83.1,69814440,2,1,1,ok
baseline,corpus,test_a.pdf,3,5,80.8,69811792,2,1,0,ok
baseline,corpus,toc.pdf,3,5,5.5,7514448,0,0,0,ok
baseline,corpus,type3-font-zero-height.pdf,3,1,21.4,8058912,1,1,1,ok
scanner-only,corpus,0000851.pdf,1,5,1090.4,165935968,5,2,2,ok
scanner-only,corpus,11194059_2017-11_de_s.pdf,1,2,124.9,27690248,1,1,0,ok
scanner-only,corpus,2006_Swedish_Touring_Car_Championship.pdf,1,4,33.5,7851304,1,1,1,ok
scanner-only,corpus,2108.11480.pdf,1,5,206.7,76839072,3,1,1,ok
scanner-only,corpus,22060_A1_01_Plans-1.pdf,1,1,24.6,9377736,1,1,1,ok
scanner-only,corpus,6.Secrets.to.Startup.Success.PDFDrive.pdf,1,5,83.5,24744456,1,0,0,ok
scanner-only,corpus,68-1990-01_A.pdf,1,5,224.9,65076008,3,2,2,ok
scanner-only,corpus,AcroFormsBasicFields.pdf,1,1,1.7,595912,0,0,0,ok
scanner-only,corpus,Approved_Document_B__fire_safety__volume_2_-_Buildings_other_than_dwellings__2019_edition_incorporating_2020_and_2022_amendments.pdf,1,5,102.0,52132816,1,1,1,ok
scanner-only,corpus,Arve.nr.1615.17.04.2026.pdf,1,1,11.4,1270984,1,0,0,ok
scanner-only,corpus,ClipPathLetterFilter-Test1.pdf,1,5,105.5,41414792,2,2,2,ok
scanner-only,corpus,ClipPathLetterFilter-Test2.pdf,1,1,22.6,8978536,0,0,0,ok
scanner-only,corpus,ColorIssue.pdf,1,1,102.1,34302800,2,2,2,ok
scanner-only,corpus,DeviceN_CS_test.pdf,1,5,65.0,22079504,1,1,1,ok
scanner-only,corpus,Diacritics_export.pdf,1,1,7.0,2357824,0,0,0,ok
scanner-only,corpus,EmptyPdf.pdf,1,1,0.4,38216,0,0,0,ok
scanner-only,corpus,ErcotFacts.pdf,1,2,55.4,13767928,1,0,0,ok
scanner-only,corpus,FICTIF_TABLE_INDEX.pdf,1,5,47.4,15510952,0,0,0,ok
scanner-only,corpus,FarmerMac.pdf,1,5,55.4,14096528,0,0,0,ok
scanner-only,corpus,Font Size Test - from google chrome print pdf.pdf,1,1,1.9,505192,0,0,0,ok
scanner-only,corpus,Font Size Test - from libre office.pdf,1,1,1.2,202368,0,0,0,ok
scanner-only,corpus,FontMatrix-1.pdf,1,1,0.9,216480,0,0,0,ok
scanner-only,corpus,FontMatrix-concat.pdf,1,1,0.4,134320,0,0,0,ok
scanner-only,corpus,FontMatrix-otf-bad-hmtx.pdf,1,1,4.8,750416,0,0,0,ok
scanner-only,corpus,FontMatrix-otf.pdf,1,1,2.2,742536,0,0,0,ok
scanner-only,corpus,FontMatrix-raw.pdf,1,1,4.8,683208,1,0,0,ok
scanner-only,corpus,GHOSTSCRIPT-692564-0.pdf,1,1,4.0,548032,0,0,0,ok
scanner-only,corpus,GHOSTSCRIPT-695513-0.pdf,1,1,15.9,3655912,1,1,1,ok
scanner-only,corpus,GHOSTSCRIPT-696171-0.pdf,1,5,41.8,11406272,0,0,0,ok
scanner-only,corpus,GHOSTSCRIPT-696547-0.zip-7.pdf,1,1,24.0,7355416,0,0,0,ok
scanner-only,corpus,GHOSTSCRIPT-696547-0.zip-9.pdf,1,1,22.9,7354672,1,0,0,ok
scanner-only,corpus,GHOSTSCRIPT-697234-0.pdf,1,3,108.8,22683304,1,0,0,ok
scanner-only,corpus,GHOSTSCRIPT-697507-0.pdf,1,1,25.8,7908608,0,0,0,ok
scanner-only,corpus,GHOSTSCRIPT-697984-3.pdf,1,1,7.2,1698064,0,0,0,ok
scanner-only,corpus,GHOSTSCRIPT-698168-0.pdf,1,1,7.7,2816472,0,0,0,ok
scanner-only,corpus,GHOSTSCRIPT-698363-0.pdf,1,1,12.1,476960,0,0,0,ok
scanner-only,corpus,GHOSTSCRIPT-698721-0.zip-6.pdf,1,2,20.1,7317800,0,0,0,ok
scanner-only,corpus,GHOSTSCRIPT-698721-1.pdf,1,1,4.3,2031984,0,0,0,ok
scanner-only,corpus,GHOSTSCRIPT-699035-0.pdf,1,5,180.4,38618768,2,1,1,ok
scanner-only,corpus,GHOSTSCRIPT-699178-0.pdf,1,3,22.8,8591376,0,0,0,ok
scanner-only,corpus,GHOSTSCRIPT-699375-5.pdf,1,1,8.6,3266624,0,0,0,ok
scanner-only,corpus,GHOSTSCRIPT-699488-0.pdf,1,1,22.1,8122256,0,0,0,ok
scanner-only,corpus,GHOSTSCRIPT-699554-0.zip-4.pdf,1,1,3.7,1650168,0,0,0,ok
scanner-only,corpus,GHOSTSCRIPT-700125-1.pdf,1,5,64.1,17688520,1,1,0,ok
scanner-only,corpus,GHOSTSCRIPT-700139-0.pdf,1,2,334.4,117874168,5,2,2,ok
scanner-only,corpus,GHOSTSCRIPT-700236-1.pdf,1,5,23.3,13423216,0,0,0,ok
scanner-only,corpus,GHOSTSCRIPT-700288-1.pdf,1,1,10.6,4618136,0,0,0,ok
scanner-only,corpus,GHOSTSCRIPT-700370-2.pdf,1,1,2.8,1734776,0,0,0,ok
scanner-only,corpus,GHOSTSCRIPT-700931-0.7z-5.pdf,1,2,2.3,1222072,0,0,0,ok
scanner-only,corpus,GHOSTSCRIPT-702013-1.pdf,1,1,6.8,3791496,0,0,0,ok
scanner-only,corpus,Gamebook.pdf,1,5,115.7,150811800,9,9,8,ok
scanner-only,corpus,GlyphDataTableReadCompositeGlyphError.pdf,1,1,13.6,3793080,0,0,0,ok
scanner-only,corpus,Grapheme clusters emoji.pdf,1,1,0.7,149672,0,0,0,ok
scanner-only,corpus,ICML03-081.pdf,1,5,35.3,17361976,2,1,0,ok
scanner-only,corpus,Indexed-DeviceRGB-JPXDecode-0-.0.0.255.0.-Font-F1_1_missing_char_255-1.pdf,1,1,38.6,17001784,0,0,0,ok
scanner-only,corpus,IndexedCS_negative_and_high.pdf,1,1,1.0,81744,0,0,0,ok
scanner-only,corpus,Judgement Document.pdf,1,5,22.3,11061656,1,1,1,ok
scanner-only,corpus,LKR824191.pdf,1,1,5.9,4165016,1,0,0,ok
scanner-only,corpus,Layer pdf - 322_High_Holborn_building_Brochure.pdf,1,3,47.5,38364440,1,0,0,ok
scanner-only,corpus,MOZILLA-10084-0.pdf,1,1,5.0,3213352,0,0,0,ok
scanner-only,corpus,MOZILLA-10225-0.pdf,1,5,28.5,23482600,1,1,1,ok
scanner-only,corpus,MOZILLA-10372-2.pdf,1,5,23.2,13029808,1,0,0,ok
scanner-only,corpus,MOZILLA-2775-1.pdf,1,5,25.6,17723856,0,0,0,ok
scanner-only,corpus,MOZILLA-3136-0.pdf,1,4,432.6,219981272,5,3,2,ok
scanner-only,corpus,MOZILLA-7375-0.pdf,1,5,22.2,16140944,0,0,0,ok
scanner-only,corpus,MOZILLA-9176-2.pdf,1,5,2.5,9937680,0,0,0,ok
scanner-only,corpus,MOZILLA-LINK-3264-0.pdf,1,5,9.5,3432984,1,0,0,ok
scanner-only,corpus,MOZILLA-LINK-5251-1.pdf,1,2,4.1,2281024,0,0,0,ok
scanner-only,corpus,Math119FakingData.pdf,1,5,14.0,9253608,0,0,0,ok
scanner-only,corpus,Motor Insurance claim form.pdf,1,3,144.6,69472176,1,1,1,ok
scanner-only,corpus,Multiple Page - from Mortality Statistics.pdf,1,5,32.6,15810352,1,0,0,ok
scanner-only,corpus,OPEN.RABBIT.ENGLISH.LOP.pdf,1,5,33.8,27966104,0,0,0,ok
scanner-only,corpus,Old Gutnish Internet Explorer.pdf,1,3,18.0,14915464,0,0,0,ok
scanner-only,corpus,P2P-33713919.pdf,1,5,36.0,23045376,1,0,0,ok
scanner-only,corpus,PDFBOX-1869-4-1.pdf,1,1,1.4,411000,0,0,0,ok
scanner-only,corpus,PDFBOX-492-4.jar-8.pdf,1,2,29.7,16857184,0,0,0,ok
scanner-only,corpus,PDFBOX-624-2.pdf,1,5,14.9,11332840,0,0,0,ok
scanner-only,corpus,Pig Production Handbook.pdf,1,5,11.5,11473760,0,0,0,ok
scanner-only,corpus,Pig Reproduction Powerpoint.pdf,1,5,6.0,9154000,0,0,0,ok
scanner-only,corpus,Publication_of_award_of_Bids_for_Transport_Sector__August_2016.pdf,1,5,11.1,8528320,0,0,0,ok
scanner-only,corpus,Rotated Text Libre Office.pdf,1,1,0.7,271656,0,0,0,ok
scanner-only,corpus,Rotation 45.pdf,1,4,47.2,17727520,1,1,1,ok
scanner-only,corpus,SPARC - v9 Architecture Manual.pdf,1,5,165.8,73961728,2,0,0,ok
scanner-only,corpus,SPE8EF26T0545.pdf,1,5,14.3,11406640,0,0,0,ok
scanner-only,corpus,ShowTextOpWithUnbalancedRoundBrackets.pdf,1,1,7.8,4630360,0,0,0,ok
scanner-only,corpus,Single Page Broken Offsets - from google drive.pdf,1,1,2.2,611696,0,0,0,ok
scanner-only,corpus,Single Page Form Content - from itext 1_1.pdf,1,1,1.5,786160,0,0,0,ok
scanner-only,corpus,Single Page Hyperlinks - from open office.pdf,1,1,0.9,405816,0,0,0,ok
scanner-only,corpus,Single Page Images - from libre office.pdf,1,1,0.6,384320,0,0,0,ok
scanner-only,corpus,Single Page Non Latin - from acrobat distiller.pdf,1,1,1.2,416304,0,0,0,ok
scanner-only,corpus,Single Page Simple - from google drive.pdf,1,1,1.5,604640,0,0,0,ok
scanner-only,corpus,Single Page Simple - from inkscape.pdf,1,1,0.6,167096,0,0,0,ok
scanner-only,corpus,Single Page Simple - from open office.pdf,1,1,0.7,292784,0,0,0,ok
scanner-only,corpus,Single Page Type 1 Font.pdf,1,1,0.3,85600,0,0,0,ok
scanner-only,corpus,SinglePage180ClockwiseRotation - from PdfPig.pdf,1,1,0.6,247880,0,0,0,ok
scanner-only,corpus,SinglePage270ClockwiseRotation - from PdfPig.pdf,1,1,0.6,247808,0,0,0,ok
scanner-only,corpus,SinglePage90ClockwiseRotation - from PdfPig.pdf,1,1,0.6,247808,0,0,0,ok
scanner-only,corpus,SmallCropbox.pdf,1,1,2.1,1683856,0,0,0,ok
scanner-only,corpus,TIKA-1552-0.pdf,1,5,29.1,23498576,0,0,0,ok
scanner-only,corpus,TIKA-2054-0.pdf,1,5,27.6,21398440,0,0,0,ok
scanner-only,corpus,TIKA-469-0.pdf,1,2,7.3,4687320,0,0,0,ok
scanner-only,corpus,Test.Doc.pdf,1,1,2.9,1738488,0,0,0,ok
scanner-only,corpus,TrueTypeTablesGlyphDataTableReadGlyphsError.pdf,1,1,22.4,4081544,1,1,1,ok
scanner-only,corpus,Two Page Text Only - from libre office.pdf,1,2,2.2,1735552,0,0,0,ok
scanner-only,corpus,Type0 Font.pdf,1,1,10.8,10405968,0,0,0,ok
scanner-only,corpus,Type0_CJK_Font.pdf,1,5,79.9,4863264,0,0,0,ok
scanner-only,corpus,Type3Test.pdf,1,1,0.7,156664,0,0,0,ok
scanner-only,corpus,Various Content Types.pdf,1,1,0.9,271696,0,0,0,ok
scanner-only,corpus,Why.does.this.not.work.pdf,1,1,1.9,1054184,0,0,0,ok
scanner-only,corpus,_citUR2jB1_ay56u6vELzk.pdf,1,2,3.2,2369792,0,0,0,ok
scanner-only,corpus,annotation-comments.pdf,1,1,0.7,295912,0,0,0,ok
scanner-only,corpus,bold-italic.pdf,1,1,3.1,1898320,0,0,0,ok
scanner-only,corpus,bookmarks-with-accented-characters.pdf,1,1,0.7,331280,0,0,0,ok
scanner-only,corpus,byz.pdf,1,1,4.0,2270976,0,0,0,ok
scanner-only,corpus,capas.pdf,1,5,10.4,8261752,1,0,0,ok
scanner-only,corpus,cat-genetics.pdf,1,1,8.4,6762968,0,0,0,ok
scanner-only,corpus,cat-genetics_bobld.pdf,1,1,8.6,7031272,0,0,0,ok
scanner-only,corpus,cmap-parsing-exception.pdf,1,1,22.3,13483000,0,0,0,ok
scanner-only,corpus,cropped-and-rotated.pdf,1,1,1.9,774896,0,0,0,ok
scanner-only,corpus,data.pdf,1,3,6.5,4097664,0,0,0,ok
scanner-only,corpus,dotnet-ai.pdf,1,5,29.5,32342272,2,1,1,ok
scanner-only,corpus,felltypes-test.pdf,1,1,16.1,4980560,0,0,0,ok
scanner-only,corpus,hex_0x0006.pdf,1,1,1.5,659472,0,0,0,ok
scanner-only,corpus,inherited_mediabox.pdf,1,1,0.3,54736,0,0,0,ok
scanner-only,corpus,iron-ore-q2-q3-2013.pdf,1,5,43.2,36554984,1,1,0,ok
scanner-only,corpus,issue_1163.pdf,1,2,0.5,183288,0,0,0,ok
scanner-only,corpus,issue_1330.pdf,1,1,0.2,56864,0,0,0,ok
scanner-only,corpus,issue_1331.pdf,1,1,2.1,1527040,0,0,0,ok
scanner-only,corpus,issue_671.pdf,1,2,34.0,18317608,1,1,1,ok
scanner-only,corpus,issue_881.pdf,1,1,1.5,909368,0,0,0,ok
scanner-only,corpus,issues-1176-1.pdf,1,1,3.3,2171280,0,0,0,ok
scanner-only,corpus,issues-1176.pdf,1,1,4.4,7210784,0,0,0,ok
scanner-only,corpus,journal.pone.0196757.pdf,1,5,57.4,35448128,1,0,0,ok
scanner-only,corpus,jtehm-melillo-2679746.pdf,1,5,86.0,52740496,1,0,0,ok
scanner-only,corpus,little-pig-in-armenian.pdf,1,1,1.1,318112,0,0,0,ok
scanner-only,corpus,odwriteex.pdf,1,1,1.3,715304,0,0,0,ok
scanner-only,corpus,outline.pdf,1,3,2.2,1120904,0,0,0,ok
scanner-only,corpus,output_w3c_csswg_drafts_issues2023.pdf,1,1,0.8,235296,0,0,0,ok
scanner-only,corpus,path_ext_oddeven.pdf,1,1,2.1,1155328,0,0,0,ok
scanner-only,corpus,pop-bugzilla37292.pdf,1,4,9.8,7957968,0,0,0,ok
scanner-only,corpus,reference-2-numeric-error.pdf,1,1,20.8,7150456,0,0,0,ok
scanner-only,corpus,soundandvision.pdf,1,1,3.5,2022496,0,0,0,ok
scanner-only,corpus,ssm2163.pdf,1,5,21.4,10910272,0,0,0,ok
scanner-only,corpus,steam_in_page_dict.pdf,1,1,0.6,103432,0,0,0,ok
scanner-only,corpus,test-2_so_74165171.pdf,1,1,152.3,42183728,1,1,1,ok
scanner-only,corpus,testPdf-1.pdf,1,2,7.9,6055672,0,0,0,ok
scanner-only,corpus,test_a-5.pdf,1,5,165.0,70129800,2,1,0,ok
scanner-only,corpus,test_a.pdf,1,5,127.6,69149088,3,1,1,ok
scanner-only,corpus,toc.pdf,1,5,7.2,7516624,0,0,0,ok
scanner-only,corpus,type3-font-zero-height.pdf,1,1,16.2,8054128,0,0,0,ok
scanner-only,corpus,0000851.pdf,2,5,312.3,118607232,3,1,1,ok
scanner-only,corpus,11194059_2017-11_de_s.pdf,2,2,53.5,27665944,1,1,0,ok
scanner-only,corpus,2006_Swedish_Touring_Car_Championship.pdf,2,4,7.7,7847048,0,0,0,ok
scanner-only,corpus,2108.11480.pdf,2,5,124.2,76420448,2,1,0,ok
scanner-only,corpus,22060_A1_01_Plans-1.pdf,2,1,9.7,9372760,1,0,0,ok
scanner-only,corpus,6.Secrets.to.Startup.Success.PDFDrive.pdf,2,5,22.2,24670264,0,0,0,ok
scanner-only,corpus,68-1990-01_A.pdf,2,5,64.8,44648856,2,1,1,ok
scanner-only,corpus,AcroFormsBasicFields.pdf,2,1,0.9,594096,0,0,0,ok
scanner-only,corpus,Approved_Document_B__fire_safety__volume_2_-_Buildings_other_than_dwellings__2019_edition_incorporating_2020_and_2022_amendments.pdf,2,5,49.6,52106048,3,3,2,ok
scanner-only,corpus,Arve.nr.1615.17.04.2026.pdf,2,1,1.9,1270624,0,0,0,ok
scanner-only,corpus,ClipPathLetterFilter-Test1.pdf,2,5,12.5,12679168,0,0,0,ok
scanner-only,corpus,ClipPathLetterFilter-Test2.pdf,2,1,7.9,8846800,0,0,0,ok
scanner-only,corpus,ColorIssue.pdf,2,1,43.9,33703912,2,1,1,ok
scanner-only,corpus,DeviceN_CS_test.pdf,2,5,14.6,21929656,0,0,0,ok
scanner-only,corpus,Diacritics_export.pdf,2,1,7.0,2354496,1,0,0,ok
scanner-only,corpus,EmptyPdf.pdf,2,1,0.3,37920,0,0,0,ok
scanner-only,corpus,ErcotFacts.pdf,2,2,14.6,13757056,0,0,0,ok
scanner-only,corpus,FICTIF_TABLE_INDEX.pdf,2,5,21.4,15707744,1,1,1,ok
scanner-only,corpus,FarmerMac.pdf,2,5,15.0,14096520,1,0,0,ok
scanner-only,corpus,Font Size Test - from google chrome print pdf.pdf,2,1,0.9,505400,0,0,0,ok
scanner-only,corpus,Font Size Test - from libre office.pdf,2,1,0.6,202120,0,0,0,ok
scanner-only,corpus,FontMatrix-1.pdf,2,1,0.4,216408,0,0,0,ok
scanner-only,corpus,FontMatrix-concat.pdf,2,1,0.2,134320,0,0,0,ok
scanner-only,corpus,FontMatrix-otf-bad-hmtx.pdf,2,1,1.2,750592,0,0,0,ok
scanner-only,corpus,FontMatrix-otf.pdf,2,1,1.2,742536,0,0,0,ok
scanner-only,corpus,FontMatrix-raw.pdf,2,1,1.1,683136,0,0,0,ok
scanner-only,corpus,GHOSTSCRIPT-692564-0.pdf,2,1,0.8,547224,0,0,0,ok
scanner-only,corpus,GHOSTSCRIPT-695513-0.pdf,2,1,2.4,3520856,0,0,0,ok
scanner-only,corpus,GHOSTSCRIPT-696171-0.pdf,2,5,9.5,11335320,0,0,0,ok
scanner-only,corpus,GHOSTSCRIPT-696547-0.zip-7.pdf,2,1,4.0,7354920,0,0,0,ok
scanner-only,corpus,GHOSTSCRIPT-696547-0.zip-9.pdf,2,1,3.7,7354528,0,0,0,ok
scanner-only,corpus,GHOSTSCRIPT-697234-0.pdf,2,3,35.0,22811224,1,1,1,ok
scanner-only,corpus,GHOSTSCRIPT-697507-0.pdf,2,1,11.7,7975552,1,0,0,ok
scanner-only,corpus,GHOSTSCRIPT-697984-3.pdf,2,1,2.9,1680272,0,0,0,ok
scanner-only,corpus,GHOSTSCRIPT-698168-0.pdf,2,1,2.0,2816184,0,0,0,ok
scanner-only,corpus,GHOSTSCRIPT-698363-0.pdf,2,1,4.3,466832,0,0,0,ok
scanner-only,corpus,GHOSTSCRIPT-698721-0.zip-6.pdf,2,2,11.4,7317016,0,0,0,ok
scanner-only,corpus,GHOSTSCRIPT-698721-1.pdf,2,1,1.5,2031984,0,0,0,ok
scanner-only,corpus,GHOSTSCRIPT-699035-0.pdf,2,5,54.7,38415640,2,1,1,ok
scanner-only,corpus,GHOSTSCRIPT-699178-0.pdf,2,3,7.5,8595872,0,0,0,ok
scanner-only,corpus,GHOSTSCRIPT-699375-5.pdf,2,1,3.9,3265040,0,0,0,ok
scanner-only,corpus,GHOSTSCRIPT-699488-0.pdf,2,1,12.3,8120672,1,0,0,ok
scanner-only,corpus,GHOSTSCRIPT-699554-0.zip-4.pdf,2,1,1.6,1650304,0,0,0,ok
scanner-only,corpus,GHOSTSCRIPT-700125-1.pdf,2,5,13.8,17688272,0,0,0,ok
scanner-only,corpus,GHOSTSCRIPT-700139-0.pdf,2,2,148.9,117642168,4,2,2,ok
scanner-only,corpus,GHOSTSCRIPT-700236-1.pdf,2,5,12.8,13422472,1,0,0,ok
scanner-only,corpus,GHOSTSCRIPT-700288-1.pdf,2,1,5.3,4618360,0,0,0,ok
scanner-only,corpus,GHOSTSCRIPT-700370-2.pdf,2,1,1.8,1596584,0,0,0,ok
scanner-only,corpus,GHOSTSCRIPT-700931-0.7z-5.pdf,2,2,1.4,1222000,0,0,0,ok
scanner-only,corpus,GHOSTSCRIPT-702013-1.pdf,2,1,3.4,3790848,0,0,0,ok
scanner-only,corpus,Gamebook.pdf,2,5,11.4,9353280,1,0,0,ok
scanner-only,corpus,GlyphDataTableReadCompositeGlyphError.pdf,2,1,4.0,2886832,0,0,0,ok
scanner-only,corpus,Grapheme clusters emoji.pdf,2,1,0.4,149528,0,0,0,ok
scanner-only,corpus,ICML03-081.pdf,2,5,18.7,17292320,0,0,0,ok
scanner-only,corpus,Indexed-DeviceRGB-JPXDecode-0-.0.0.255.0.-Font-F1_1_missing_char_255-1.pdf,2,1,23.5,16979528,0,0,0,ok
scanner-only,corpus,IndexedCS_negative_and_high.pdf,2,1,0.4,81744,0,0,0,ok
scanner-only,corpus,Judgement Document.pdf,2,5,9.7,9127904,1,0,0,ok
scanner-only,corpus,LKR824191.pdf,2,1,2.9,4164872,0,0,0,ok
scanner-only,corpus,Layer pdf - 322_High_Holborn_building_Brochure.pdf,2,3,31.4,37981744,0,0,0,ok
scanner-only,corpus,MOZILLA-10084-0.pdf,2,1,3.4,3208088,0,0,0,ok
scanner-only,corpus,MOZILLA-10225-0.pdf,2,5,28.8,23003664,1,1,1,ok
scanner-only,corpus,MOZILLA-10372-2.pdf,2,5,11.5,13027792,0,0,0,ok
scanner-only,corpus,MOZILLA-2775-1.pdf,2,5,16.8,17722856,1,0,0,ok
scanner-only,corpus,MOZILLA-3136-0.pdf,2,4,260.4,217963304,8,4,2,ok
scanner-only,corpus,MOZILLA-7375-0.pdf,2,5,11.8,16139720,0,0,0,ok
scanner-only,corpus,MOZILLA-9176-2.pdf,2,5,1.9,9937680,0,0,0,ok
scanner-only,corpus,MOZILLA-LINK-3264-0.pdf,2,5,1.8,3312384,0,0,0,ok
scanner-only,corpus,MOZILLA-LINK-5251-1.pdf,2,2,3.1,2202032,0,0,0,ok
scanner-only,corpus,Math119FakingData.pdf,2,5,10.2,9251952,0,0,0,ok
scanner-only,corpus,Motor Insurance claim form.pdf,2,3,110.5,68834056,3,1,1,ok
scanner-only,corpus,Multiple Page - from Mortality Statistics.pdf,2,5,6.3,8266304,0,0,0,ok
scanner-only,corpus,OPEN.RABBIT.ENGLISH.LOP.pdf,2,5,20.5,27776056,0,0,0,ok
scanner-only,corpus,Old Gutnish Internet Explorer.pdf,2,3,24.9,14338904,1,1,1,ok
scanner-only,corpus,P2P-33713919.pdf,2,5,20.1,23003896,1,0,0,ok
scanner-only,corpus,PDFBOX-1869-4-1.pdf,2,1,0.7,410848,0,0,0,ok
scanner-only,corpus,PDFBOX-492-4.jar-8.pdf,2,2,18.4,16855552,0,0,0,ok
scanner-only,corpus,PDFBOX-624-2.pdf,2,5,9.8,11331352,0,0,0,ok
scanner-only,corpus,Pig Production Handbook.pdf,2,5,8.8,11473136,0,0,0,ok
scanner-only,corpus,Pig Reproduction Powerpoint.pdf,2,5,6.4,9151504,0,0,0,ok
scanner-only,corpus,Publication_of_award_of_Bids_for_Transport_Sector__August_2016.pdf,2,5,20.7,8291248,1,0,0,ok
scanner-only,corpus,Rotated Text Libre Office.pdf,2,1,0.7,238432,0,0,0,ok
scanner-only,corpus,Rotation 45.pdf,2,4,13.1,9929384,0,0,0,ok
scanner-only,corpus,SPARC - v9 Architecture Manual.pdf,2,5,70.9,73964048,2,1,1,ok
scanner-only,corpus,SPE8EF26T0545.pdf,2,5,24.7,11399952,1,0,0,ok
scanner-only,corpus,ShowTextOpWithUnbalancedRoundBrackets.pdf,2,1,4.5,4630272,0,0,0,ok
scanner-only,corpus,Single Page Broken Offsets - from google drive.pdf,2,1,1.6,590240,0,0,0,ok
scanner-only,corpus,Single Page Form Content - from itext 1_1.pdf,2,1,1.2,785992,0,0,0,ok
scanner-only,corpus,Single Page Hyperlinks - from open office.pdf,2,1,0.7,360792,0,0,0,ok
scanner-only,corpus,Single Page Images - from libre office.pdf,2,1,0.5,378464,0,0,0,ok
scanner-only,corpus,Single Page Non Latin - from acrobat distiller.pdf,2,1,0.8,396336,0,0,0,ok
scanner-only,corpus,Single Page Simple - from google drive.pdf,2,1,1.0,583256,0,0,0,ok
scanner-only,corpus,Single Page Simple - from inkscape.pdf,2,1,0.4,150008,0,0,0,ok
scanner-only,corpus,Single Page Simple - from open office.pdf,2,1,0.5,269408,0,0,0,ok
scanner-only,corpus,Single Page Type 1 Font.pdf,2,1,0.2,85728,0,0,0,ok
scanner-only,corpus,SinglePage180ClockwiseRotation - from PdfPig.pdf,2,1,0.4,201608,0,0,0,ok
scanner-only,corpus,SinglePage270ClockwiseRotation - from PdfPig.pdf,2,1,0.4,201608,0,0,0,ok
scanner-only,corpus,SinglePage90ClockwiseRotation - from PdfPig.pdf,2,1,0.4,201608,0,0,0,ok
scanner-only,corpus,SmallCropbox.pdf,2,1,1.5,1683688,0,0,0,ok
scanner-only,corpus,TIKA-1552-0.pdf,2,5,19.0,23480008,0,0,0,ok
scanner-only,corpus,TIKA-2054-0.pdf,2,5,31.2,21598280,1,1,1,ok
scanner-only,corpus,TIKA-469-0.pdf,2,2,4.7,4679104,0,0,0,ok
scanner-only,corpus,Test.Doc.pdf,2,1,2.9,1679568,1,0,0,ok
scanner-only,corpus,TrueTypeTablesGlyphDataTableReadGlyphsError.pdf,2,1,5.0,3647424,0,0,0,ok
scanner-only,corpus,Two Page Text Only - from libre office.pdf,2,2,1.7,1571824,0,0,0,ok
scanner-only,corpus,Type0 Font.pdf,2,1,8.5,9721976,0,0,0,ok
scanner-only,corpus,Type0_CJK_Font.pdf,2,5,11.1,3216088,0,0,0,ok
scanner-only,corpus,Type3Test.pdf,2,1,0.4,155272,0,0,0,ok
scanner-only,corpus,Various Content Types.pdf,2,1,0.5,257056,0,0,0,ok
scanner-only,corpus,Why.does.this.not.work.pdf,2,1,1.4,1035808,0,0,0,ok
scanner-only,corpus,_citUR2jB1_ay56u6vELzk.pdf,2,2,1.8,2257352,0,0,0,ok
scanner-only,corpus,annotation-comments.pdf,2,1,0.6,283240,0,0,0,ok
scanner-only,corpus,bold-italic.pdf,2,1,2.3,1617328,0,0,0,ok
scanner-only,corpus,bookmarks-with-accented-characters.pdf,2,1,0.4,331256,0,0,0,ok
scanner-only,corpus,byz.pdf,2,1,2.5,2270880,1,1,0,ok
scanner-only,corpus,capas.pdf,2,5,6.0,8008208,0,0,0,ok
scanner-only,corpus,cat-genetics.pdf,2,1,5.5,6761800,0,0,0,ok
scanner-only,corpus,cat-genetics_bobld.pdf,2,1,6.6,7030816,1,0,0,ok
scanner-only,corpus,cmap-parsing-exception.pdf,2,1,17.2,13116864,0,0,0,ok
scanner-only,corpus,cropped-and-rotated.pdf,2,1,1.2,744056,0,0,0,ok
scanner-only,corpus,data.pdf,2,3,4.3,4097448,0,0,0,ok
scanner-only,corpus,dotnet-ai.pdf,2,5,23.8,31652368,1,1,1,ok
scanner-only,corpus,felltypes-test.pdf,2,1,8.7,4979600,0,0,0,ok
scanner-only,corpus,hex_0x0006.pdf,2,1,0.9,658728,0,0,0,ok
scanner-only,corpus,inherited_mediabox.pdf,2,1,0.2,54640,0,0,0,ok
scanner-only,corpus,iron-ore-q2-q3-2013.pdf,2,5,30.7,37177720,2,1,1,ok
scanner-only,corpus,issue_1163.pdf,2,2,0.4,183296,0,0,0,ok
scanner-only,corpus,issue_1330.pdf,2,1,0.2,56840,0,0,0,ok
scanner-only,corpus,issue_1331.pdf,2,1,1.6,1416264,0,0,0,ok
scanner-only,corpus,issue_671.pdf,2,2,17.6,17888448,0,0,0,ok
scanner-only,corpus,issue_881.pdf,2,1,1.0,617344,0,0,0,ok
scanner-only,corpus,issues-1176-1.pdf,2,1,2.0,2166112,0,0,0,ok
scanner-only,corpus,issues-1176.pdf,2,1,7.9,7144864,1,0,0,ok
scanner-only,corpus,journal.pone.0196757.pdf,2,5,32.2,35418312,0,0,0,ok
scanner-only,corpus,jtehm-melillo-2679746.pdf,2,5,74.9,52937464,2,2,1,ok
scanner-only,corpus,little-pig-in-armenian.pdf,2,1,0.7,307240,0,0,0,ok
scanner-only,corpus,odwriteex.pdf,2,1,0.9,780768,0,0,0,ok
scanner-only,corpus,outline.pdf,2,3,1.7,1087568,0,0,0,ok
scanner-only,corpus,output_w3c_csswg_drafts_issues2023.pdf,2,1,0.5,235064,0,0,0,ok
scanner-only,corpus,path_ext_oddeven.pdf,2,1,1.3,1039864,0,0,0,ok
scanner-only,corpus,pop-bugzilla37292.pdf,2,4,12.9,7596016,1,0,0,ok
scanner-only,corpus,reference-2-numeric-error.pdf,2,1,8.1,7148192,0,0,0,ok
scanner-only,corpus,soundandvision.pdf,2,1,2.1,1856656,0,0,0,ok
scanner-only,corpus,ssm2163.pdf,2,5,8.2,10259856,0,0,0,ok
scanner-only,corpus,steam_in_page_dict.pdf,2,1,0.3,103336,0,0,0,ok
scanner-only,corpus,test-2_so_74165171.pdf,2,1,65.6,41194408,1,1,1,ok
scanner-only,corpus,testPdf-1.pdf,2,2,6.0,5833112,0,0,0,ok
scanner-only,corpus,test_a-5.pdf,2,5,75.6,69774096,2,1,0,ok
scanner-only,corpus,test_a.pdf,2,5,73.0,68793816,2,1,1,ok
scanner-only,corpus,toc.pdf,2,5,5.0,7516504,0,0,0,ok
scanner-only,corpus,type3-font-zero-height.pdf,2,1,9.6,8048624,0,0,0,ok
scanner-only,corpus,0000851.pdf,3,5,197.5,118476016,4,1,1,ok
scanner-only,corpus,11194059_2017-11_de_s.pdf,3,2,26.2,27547680,0,0,0,ok
scanner-only,corpus,2006_Swedish_Touring_Car_Championship.pdf,3,4,9.1,7630600,0,0,0,ok
scanner-only,corpus,2108.11480.pdf,3,5,69.0,75817480,0,0,0,ok
scanner-only,corpus,22060_A1_01_Plans-1.pdf,3,1,29.3,9374640,1,1,1,ok
scanner-only,corpus,6.Secrets.to.Startup.Success.PDFDrive.pdf,3,5,21.9,24740776,1,0,0,ok
scanner-only,corpus,68-1990-01_A.pdf,3,5,36.6,44326760,0,0,0,ok
scanner-only,corpus,AcroFormsBasicFields.pdf,3,1,0.7,593832,0,0,0,ok
scanner-only,corpus,Approved_Document_B__fire_safety__volume_2_-_Buildings_other_than_dwellings__2019_edition_incorporating_2020_and_2022_amendments.pdf,3,5,52.0,51974952,3,3,2,ok
scanner-only,corpus,Arve.nr.1615.17.04.2026.pdf,3,1,1.5,1193392,0,0,0,ok
scanner-only,corpus,ClipPathLetterFilter-Test1.pdf,3,5,9.9,12123232,0,0,0,ok
scanner-only,corpus,ClipPathLetterFilter-Test2.pdf,3,1,6.4,8697712,0,0,0,ok
scanner-only,corpus,ColorIssue.pdf,3,1,33.9,33918744,1,1,1,ok
scanner-only,corpus,DeviceN_CS_test.pdf,3,5,22.7,21475136,1,1,1,ok
scanner-only,corpus,Diacritics_export.pdf,3,1,2.0,2354760,0,0,0,ok
scanner-only,corpus,EmptyPdf.pdf,3,1,0.2,37712,0,0,0,ok
scanner-only,corpus,ErcotFacts.pdf,3,2,15.4,13360240,1,0,0,ok
scanner-only,corpus,FICTIF_TABLE_INDEX.pdf,3,5,12.2,14806504,0,0,0,ok
scanner-only,corpus,FarmerMac.pdf,3,5,12.1,13702760,0,0,0,ok
scanner-only,corpus,Font Size Test - from google chrome print pdf.pdf,3,1,0.9,479944,0,0,0,ok
scanner-only,corpus,Font Size Test - from libre office.pdf,3,1,0.5,188152,0,0,0,ok
scanner-only,corpus,FontMatrix-1.pdf,3,1,0.4,216408,0,0,0,ok
scanner-only,corpus,FontMatrix-concat.pdf,3,1,0.2,134320,0,0,0,ok
scanner-only,corpus,FontMatrix-otf-bad-hmtx.pdf,3,1,1.1,746472,0,0,0,ok
scanner-only,corpus,FontMatrix-otf.pdf,3,1,1.1,742536,0,0,0,ok
scanner-only,corpus,FontMatrix-raw.pdf,3,1,1.1,683136,0,0,0,ok
scanner-only,corpus,GHOSTSCRIPT-692564-0.pdf,3,1,0.7,547224,0,0,0,ok
scanner-only,corpus,GHOSTSCRIPT-695513-0.pdf,3,1,2.0,3520856,0,0,0,ok
scanner-only,corpus,GHOSTSCRIPT-696171-0.pdf,3,5,9.4,11335320,0,0,0,ok
scanner-only,corpus,GHOSTSCRIPT-696547-0.zip-7.pdf,3,1,3.5,7354920,0,0,0,ok
scanner-only,corpus,GHOSTSCRIPT-696547-0.zip-9.pdf,3,1,3.5,7354528,0,0,0,ok
scanner-only,corpus,GHOSTSCRIPT-697234-0.pdf,3,3,32.9,22677480,1,0,0,ok
scanner-only,corpus,GHOSTSCRIPT-697507-0.pdf,3,1,7.9,7905728,0,0,0,ok
scanner-only,corpus,GHOSTSCRIPT-697984-3.pdf,3,1,2.1,1619776,0,0,0,ok
scanner-only,corpus,GHOSTSCRIPT-698168-0.pdf,3,1,1.8,2816184,0,0,0,ok
scanner-only,corpus,GHOSTSCRIPT-698363-0.pdf,3,1,1.4,465992,0,0,0,ok
scanner-only,corpus,GHOSTSCRIPT-698721-0.zip-6.pdf,3,2,16.6,7454968,1,1,1,ok
scanner-only,corpus,GHOSTSCRIPT-698721-1.pdf,3,1,1.5,2032248,0,0,0,ok
scanner-only,corpus,GHOSTSCRIPT-699035-0.pdf,3,5,39.5,38479088,1,0,0,ok
scanner-only,corpus,GHOSTSCRIPT-699178-0.pdf,3,3,6.5,8418944,0,0,0,ok
scanner-only,corpus,GHOSTSCRIPT-699375-5.pdf,3,1,3.4,3069008,0,0,0,ok
scanner-only,corpus,GHOSTSCRIPT-699488-0.pdf,3,1,7.3,8120672,0,0,0,ok
scanner-only,corpus,GHOSTSCRIPT-699554-0.zip-4.pdf,3,1,1.5,1650096,0,0,0,ok
scanner-only,corpus,GHOSTSCRIPT-700125-1.pdf,3,5,23.6,17688272,1,1,0,ok
scanner-only,corpus,GHOSTSCRIPT-700139-0.pdf,3,2,126.2,116185464,4,2,1,ok
scanner-only,corpus,GHOSTSCRIPT-700236-1.pdf,3,5,15.1,13422472,1,0,0,ok
scanner-only,corpus,GHOSTSCRIPT-700288-1.pdf,3,1,4.6,4618272,0,0,0,ok
scanner-only,corpus,GHOSTSCRIPT-700370-2.pdf,3,1,1.7,1596584,0,0,0,ok
scanner-only,corpus,GHOSTSCRIPT-700931-0.7z-5.pdf,3,2,1.4,1222000,0,0,0,ok
scanner-only,corpus,GHOSTSCRIPT-702013-1.pdf,3,1,3.4,3790848,0,0,0,ok
scanner-only,corpus,Gamebook.pdf,3,5,8.9,9353280,0,0,0,ok
scanner-only,corpus,GlyphDataTableReadCompositeGlyphError.pdf,3,1,3.9,2886624,0,0,0,ok
scanner-only,corpus,Grapheme clusters emoji.pdf,3,1,0.4,149528,0,0,0,ok
scanner-only,corpus,ICML03-081.pdf,3,5,16.1,17292320,0,0,0,ok
scanner-only,corpus,Indexed-DeviceRGB-JPXDecode-0-.0.0.255.0.-Font-F1_1_missing_char_255-1.pdf,3,1,32.7,16979528,1,0,0,ok
scanner-only,corpus,IndexedCS_negative_and_high.pdf,3,1,0.6,81952,0,0,0,ok
scanner-only,corpus,Judgement Document.pdf,3,5,7.1,9127904,0,0,0,ok
scanner-only,corpus,LKR824191.pdf,3,1,3.0,4164664,0,0,0,ok
scanner-only,corpus,Layer pdf - 322_High_Holborn_building_Brochure.pdf,3,3,44.1,37984392,1,1,1,ok
scanner-only,corpus,MOZILLA-10084-0.pdf,3,1,12.3,3212472,1,0,0,ok
scanner-only,corpus,MOZILLA-10225-0.pdf,3,5,13.8,22997104,0,0,0,ok
scanner-only,corpus,MOZILLA-10372-2.pdf,3,5,18.4,13161416,1,1,1,ok
scanner-only,corpus,MOZILLA-2775-1.pdf,3,5,17.1,17727184,1,0,0,ok
scanner-only,corpus,MOZILLA-3136-0.pdf,3,4,240.8,217767936,5,3,1,ok
scanner-only,corpus,MOZILLA-7375-0.pdf,3,5,18.9,16139720,0,0,0,ok
scanner-only,corpus,MOZILLA-9176-2.pdf,3,5,21.0,9940328,1,1,1,ok
scanner-only,corpus,MOZILLA-LINK-3264-0.pdf,3,5,2.1,3312736,0,0,0,ok
scanner-only,corpus,MOZILLA-LINK-5251-1.pdf,3,2,2.3,2267592,0,0,0,ok
scanner-only,corpus,Math119FakingData.pdf,3,5,8.2,9256072,0,0,0,ok
scanner-only,corpus,Motor Insurance claim form.pdf,3,3,97.9,69227320,3,1,1,ok
scanner-only,corpus,Multiple Page - from Mortality Statistics.pdf,3,5,6.4,8266304,0,0,0,ok
scanner-only,corpus,OPEN.RABBIT.ENGLISH.LOP.pdf,3,5,22.0,27776056,0,0,0,ok
scanner-only,corpus,Old Gutnish Internet Explorer.pdf,3,3,12.5,14270608,0,0,0,ok
scanner-only,corpus,P2P-33713919.pdf,3,5,35.2,23006280,2,1,1,ok
scanner-only,corpus,PDFBOX-1869-4-1.pdf,3,1,0.7,410904,0,0,0,ok
scanner-only,corpus,PDFBOX-492-4.jar-8.pdf,3,2,24.0,16925320,1,0,0,ok
scanner-only,corpus,PDFBOX-624-2.pdf,3,5,10.0,11331560,0,0,0,ok
scanner-only,corpus,Pig Production Handbook.pdf,3,5,8.1,11473136,0,0,0,ok
scanner-only,corpus,Pig Reproduction Powerpoint.pdf,3,5,4.4,9151504,0,0,0,ok
scanner-only,corpus,Publication_of_award_of_Bids_for_Transport_Sector__August_2016.pdf,3,5,7.3,8291248,0,0,0,ok
scanner-only,corpus,Rotated Text Libre Office.pdf,3,1,0.5,238224,0,0,0,ok
scanner-only,corpus,Rotation 45.pdf,3,4,21.1,9929904,1,0,0,ok
scanner-only,corpus,SPARC - v9 Architecture Manual.pdf,3,5,66.3,74095352,2,1,1,ok
scanner-only,corpus,SPE8EF26T0545.pdf,3,5,25.1,11399952,1,0,0,ok
scanner-only,corpus,ShowTextOpWithUnbalancedRoundBrackets.pdf,3,1,4.8,4630272,0,0,0,ok
scanner-only,corpus,Single Page Broken Offsets - from google drive.pdf,3,1,1.6,590240,0,0,0,ok
scanner-only,corpus,Single Page Form Content - from itext 1_1.pdf,3,1,0.9,785992,0,0,0,ok
scanner-only,corpus,Single Page Hyperlinks - from open office.pdf,3,1,0.6,360792,0,0,0,ok
scanner-only,corpus,Single Page Images - from libre office.pdf,3,1,0.4,378464,0,0,0,ok
scanner-only,corpus,Single Page Non Latin - from acrobat distiller.pdf,3,1,0.8,396336,0,0,0,ok
scanner-only,corpus,Single Page Simple - from google drive.pdf,3,1,0.9,583256,0,0,0,ok
scanner-only,corpus,Single Page Simple - from inkscape.pdf,3,1,0.4,150008,0,0,0,ok
scanner-only,corpus,Single Page Simple - from open office.pdf,3,1,0.4,269408,0,0,0,ok
scanner-only,corpus,Single Page Type 1 Font.pdf,3,1,0.2,85728,0,0,0,ok
scanner-only,corpus,SinglePage180ClockwiseRotation - from PdfPig.pdf,3,1,0.3,201608,0,0,0,ok
scanner-only,corpus,SinglePage270ClockwiseRotation - from PdfPig.pdf,3,1,0.4,201608,0,0,0,ok
scanner-only,corpus,SinglePage90ClockwiseRotation - from PdfPig.pdf,3,1,0.3,201608,0,0,0,ok
scanner-only,corpus,SmallCropbox.pdf,3,1,1.3,1683688,0,0,0,ok
scanner-only,corpus,TIKA-1552-0.pdf,3,5,19.4,23480008,0,0,0,ok
scanner-only,corpus,TIKA-2054-0.pdf,3,5,18.5,21394856,0,0,0,ok
scanner-only,corpus,TIKA-469-0.pdf,3,2,4.4,4678752,0,0,0,ok
scanner-only,corpus,Test.Doc.pdf,3,1,2.1,1679568,0,0,0,ok
scanner-only,corpus,TrueTypeTablesGlyphDataTableReadGlyphsError.pdf,3,1,5.1,3647216,0,0,0,ok
scanner-only,corpus,Two Page Text Only - from libre office.pdf,3,2,17.3,1574408,1,1,1,ok
scanner-only,corpus,Type0 Font.pdf,3,1,9.8,9787952,0,0,0,ok
scanner-only,corpus,Type0_CJK_Font.pdf,3,5,9.4,3216088,0,0,0,ok
scanner-only,corpus,Type3Test.pdf,3,1,0.5,155272,0,0,0,ok
scanner-only,corpus,Various Content Types.pdf,3,1,0.5,257056,0,0,0,ok
scanner-only,corpus,Why.does.this.not.work.pdf,3,1,1.4,1039928,0,0,0,ok
scanner-only,corpus,_citUR2jB1_ay56u6vELzk.pdf,3,2,2.0,2257352,0,0,0,ok
scanner-only,corpus,annotation-comments.pdf,3,1,0.6,283240,0,0,0,ok
scanner-only,corpus,bold-italic.pdf,3,1,2.3,1617328,0,0,0,ok
scanner-only,corpus,bookmarks-with-accented-characters.pdf,3,1,0.5,331256,0,0,0,ok
scanner-only,corpus,byz.pdf,3,1,2.2,2270880,0,0,0,ok
scanner-only,corpus,capas.pdf,3,5,7.6,8008000,1,1,0,ok
scanner-only,corpus,cat-genetics.pdf,3,1,5.3,6762008,0,0,0,ok
scanner-only,corpus,cat-genetics_bobld.pdf,3,1,5.3,7030816,0,0,0,ok
scanner-only,corpus,cmap-parsing-exception.pdf,3,1,19.3,13247752,1,1,0,ok
scanner-only,corpus,cropped-and-rotated.pdf,3,1,1.3,744264,0,0,0,ok
scanner-only,corpus,data.pdf,3,3,4.2,4097448,0,0,0,ok
scanner-only,corpus,dotnet-ai.pdf,3,5,24.9,31652368,1,1,1,ok
scanner-only,corpus,felltypes-test.pdf,3,1,7.9,4979600,0,0,0,ok
scanner-only,corpus,hex_0x0006.pdf,3,1,0.9,658728,0,0,0,ok
scanner-only,corpus,inherited_mediabox.pdf,3,1,0.2,54640,0,0,0,ok
scanner-only,corpus,iron-ore-q2-q3-2013.pdf,3,5,30.5,37177720,2,1,1,ok
scanner-only,corpus,issue_1163.pdf,3,2,0.4,183296,0,0,0,ok
scanner-only,corpus,issue_1330.pdf,3,1,0.2,56840,0,0,0,ok
scanner-only,corpus,issue_1331.pdf,3,1,1.6,1416264,0,0,0,ok
scanner-only,corpus,issue_671.pdf,3,2,17.8,17888448,0,0,0,ok
scanner-only,corpus,issue_881.pdf,3,1,1.0,617344,0,0,0,ok
scanner-only,corpus,issues-1176-1.pdf,3,1,2.4,2166112,0,0,0,ok
scanner-only,corpus,issues-1176.pdf,3,1,7.3,7144864,1,0,0,ok
scanner-only,corpus,journal.pone.0196757.pdf,3,5,21.8,35418312,0,0,0,ok
scanner-only,corpus,jtehm-melillo-2679746.pdf,3,5,69.5,52937464,2,2,1,ok
scanner-only,corpus,little-pig-in-armenian.pdf,3,1,0.7,307240,0,0,0,ok
scanner-only,corpus,odwriteex.pdf,3,1,0.9,780768,0,0,0,ok
scanner-only,corpus,outline.pdf,3,3,1.7,1087568,0,0,0,ok
scanner-only,corpus,output_w3c_csswg_drafts_issues2023.pdf,3,1,0.5,235064,0,0,0,ok
scanner-only,corpus,path_ext_oddeven.pdf,3,1,1.3,1039864,0,0,0,ok
scanner-only,corpus,pop-bugzilla37292.pdf,3,4,13.0,7596016,1,0,0,ok
scanner-only,corpus,reference-2-numeric-error.pdf,3,1,7.6,7148192,0,0,0,ok
scanner-only,corpus,soundandvision.pdf,3,1,2.0,1856656,0,0,0,ok
scanner-only,corpus,ssm2163.pdf,3,5,7.3,10259856,0,0,0,ok
scanner-only,corpus,steam_in_page_dict.pdf,3,1,0.3,103336,0,0,0,ok
scanner-only,corpus,test-2_so_74165171.pdf,3,1,62.6,41194408,1,1,1,ok
scanner-only,corpus,testPdf-1.pdf,3,2,5.3,5833112,0,0,0,ok
scanner-only,corpus,test_a-5.pdf,3,5,78.1,69774096,2,1,0,ok
scanner-only,corpus,test_a.pdf,3,5,80.1,68793816,2,1,1,ok
scanner-only,corpus,toc.pdf,3,5,5.6,7516504,0,0,0,ok
scanner-only,corpus,type3-font-zero-height.pdf,3,1,9.5,8048624,0,0,0,ok
scanner+form,corpus,0000851.pdf,1,5,1109.7,165945992,5,2,2,ok
scanner+form,corpus,11194059_2017-11_de_s.pdf,1,2,134.4,27690872,1,1,0,ok
scanner+form,corpus,2006_Swedish_Touring_Car_Championship.pdf,1,4,30.5,7849216,0,0,0,ok
scanner+form,corpus,2108.11480.pdf,1,5,208.4,75658616,2,1,1,ok
scanner+form,corpus,22060_A1_01_Plans-1.pdf,1,1,25.9,9382288,2,2,2,ok
scanner+form,corpus,6.Secrets.to.Startup.Success.PDFDrive.pdf,1,5,78.6,24745336,1,0,0,ok
scanner+form,corpus,68-1990-01_A.pdf,1,5,189.4,64736520,0,0,0,ok
scanner+form,corpus,AcroFormsBasicFields.pdf,1,1,2.0,595880,0,0,0,ok
scanner+form,corpus,Approved_Document_B__fire_safety__volume_2_-_Buildings_other_than_dwellings__2019_edition_incorporating_2020_and_2022_amendments.pdf,1,5,119.2,52139240,3,2,2,ok
scanner+form,corpus,Arve.nr.1615.17.04.2026.pdf,1,1,4.2,1271160,0,0,0,ok
scanner+form,corpus,ClipPathLetterFilter-Test1.pdf,1,5,89.0,41278008,0,0,0,ok
scanner+form,corpus,ClipPathLetterFilter-Test2.pdf,1,1,40.9,8981096,1,1,1,ok
scanner+form,corpus,ColorIssue.pdf,1,1,103.6,34172416,2,2,2,ok
scanner+form,corpus,DeviceN_CS_test.pdf,1,5,61.3,22016184,1,1,1,ok
scanner+form,corpus,Diacritics_export.pdf,1,1,6.6,2358000,0,0,0,ok
scanner+form,corpus,EmptyPdf.pdf,1,1,0.4,38216,0,0,0,ok
scanner+form,corpus,ErcotFacts.pdf,1,2,55.8,13768824,1,0,0,ok
scanner+form,corpus,FICTIF_TABLE_INDEX.pdf,1,5,48.7,15513192,0,0,0,ok
scanner+form,corpus,FarmerMac.pdf,1,5,57.3,14097408,0,0,0,ok
scanner+form,corpus,Font Size Test - from google chrome print pdf.pdf,1,1,2.3,505368,0,0,0,ok
scanner+form,corpus,Font Size Test - from libre office.pdf,1,1,1.6,202544,0,0,0,ok
scanner+form,corpus,FontMatrix-1.pdf,1,1,1.0,216480,0,0,0,ok
scanner+form,corpus,FontMatrix-concat.pdf,1,1,0.4,134320,0,0,0,ok
scanner+form,corpus,FontMatrix-otf-bad-hmtx.pdf,1,1,5.1,750592,0,0,0,ok
scanner+form,corpus,FontMatrix-otf.pdf,1,1,2.7,742712,0,0,0,ok
scanner+form,corpus,FontMatrix-raw.pdf,1,1,2.6,683384,0,0,0,ok
scanner+form,corpus,GHOSTSCRIPT-692564-0.pdf,1,1,4.4,548000,0,0,0,ok
scanner+form,corpus,GHOSTSCRIPT-695513-0.pdf,1,1,12.1,3522256,0,0,0,ok
scanner+form,corpus,GHOSTSCRIPT-696171-0.pdf,1,5,47.4,11337208,0,0,0,ok
scanner+form,corpus,GHOSTSCRIPT-696547-0.zip-7.pdf,1,1,35.0,7362504,1,1,1,ok
scanner+form,corpus,GHOSTSCRIPT-696547-0.zip-9.pdf,1,1,22.2,7355056,0,0,0,ok
scanner+form,corpus,GHOSTSCRIPT-697234-0.pdf,1,3,105.0,22683624,0,0,0,ok
scanner+form,corpus,GHOSTSCRIPT-697507-0.pdf,1,1,27.9,7974904,1,1,0,ok
scanner+form,corpus,GHOSTSCRIPT-697984-3.pdf,1,1,8.5,1698448,0,0,0,ok
scanner+form,corpus,GHOSTSCRIPT-698168-0.pdf,1,1,7.3,2816648,0,0,0,ok
scanner+form,corpus,GHOSTSCRIPT-698363-0.pdf,1,1,12.4,477136,0,0,0,ok
scanner+form,corpus,GHOSTSCRIPT-698721-0.zip-6.pdf,1,2,19.4,7318696,0,0,0,ok
scanner+form,corpus,GHOSTSCRIPT-698721-1.pdf,1,1,4.5,2032432,0,0,0,ok
scanner+form,corpus,GHOSTSCRIPT-699035-0.pdf,1,5,185.1,38422936,2,1,1,ok
scanner+form,corpus,GHOSTSCRIPT-699178-0.pdf,1,3,33.6,8592776,1,0,0,ok
scanner+form,corpus,GHOSTSCRIPT-699375-5.pdf,1,1,9.4,3267008,0,0,0,ok
scanner+form,corpus,GHOSTSCRIPT-699488-0.pdf,1,1,22.4,8122432,0,0,0,ok
scanner+form,corpus,GHOSTSCRIPT-699554-0.zip-4.pdf,1,1,4.8,1650344,0,0,0,ok
scanner+form,corpus,GHOSTSCRIPT-700125-1.pdf,1,5,48.2,16342360,0,0,0,ok
scanner+form,corpus,GHOSTSCRIPT-700139-0.pdf,1,2,407.1,117894416,3,2,2,ok
scanner+form,corpus,GHOSTSCRIPT-700236-1.pdf,1,5,46.3,13424096,0,0,0,ok
scanner+form,corpus,GHOSTSCRIPT-700288-1.pdf,1,1,20.4,4618312,0,0,0,ok
scanner+form,corpus,GHOSTSCRIPT-700370-2.pdf,1,1,5.3,1734952,0,0,0,ok
scanner+form,corpus,GHOSTSCRIPT-700931-0.7z-5.pdf,1,2,3.9,1222424,0,0,0,ok
scanner+form,corpus,GHOSTSCRIPT-702013-1.pdf,1,1,12.0,3793496,0,0,0,ok
scanner+form,corpus,Gamebook.pdf,1,5,133.7,150812472,8,8,8,ok
scanner+form,corpus,GlyphDataTableReadCompositeGlyphError.pdf,1,1,16.1,3793256,0,0,0,ok
scanner+form,corpus,Grapheme clusters emoji.pdf,1,1,0.8,149848,0,0,0,ok
scanner+form,corpus,ICML03-081.pdf,1,5,59.2,17363624,1,1,0,ok
scanner+form,corpus,Indexed-DeviceRGB-JPXDecode-0-.0.0.255.0.-Font-F1_1_missing_char_255-1.pdf,1,1,46.7,17001960,0,0,0,ok
scanner+form,corpus,IndexedCS_negative_and_high.pdf,1,1,1.0,81920,0,0,0,ok
scanner+form,corpus,Judgement Document.pdf,1,5,38.5,11062536,1,1,1,ok
scanner+form,corpus,LKR824191.pdf,1,1,15.1,4165192,0,0,0,ok
scanner+form,corpus,Layer pdf - 322_High_Holborn_building_Brochure.pdf,1,3,143.5,38364760,1,0,0,ok
scanner+form,corpus,MOZILLA-10084-0.pdf,1,1,8.5,3213528,0,0,0,ok
scanner+form,corpus,MOZILLA-10225-0.pdf,1,5,36.7,23483480,1,1,1,ok
scanner+form,corpus,MOZILLA-10372-2.pdf,1,5,32.0,13030512,0,0,0,ok
scanner+form,corpus,MOZILLA-2775-1.pdf,1,5,49.1,17724528,1,0,0,ok
scanner+form,corpus,MOZILLA-3136-0.pdf,1,4,603.3,219876784,4,3,2,ok
scanner+form,corpus,MOZILLA-7375-0.pdf,1,5,20.4,16132648,0,0,0,ok
scanner+form,corpus,MOZILLA-9176-2.pdf,1,5,3.1,9938560,0,0,0,ok
scanner+form,corpus,MOZILLA-LINK-3264-0.pdf,1,5,3.1,3433864,0,0,0,ok
scanner+form,corpus,MOZILLA-LINK-5251-1.pdf,1,2,4.3,2281168,0,0,0,ok
scanner+form,corpus,Math119FakingData.pdf,1,5,17.9,9254488,0,0,0,ok
scanner+form,corpus,Motor Insurance claim form.pdf,1,3,151.0,69472792,2,2,1,ok
scanner+form,corpus,Multiple Page - from Mortality Statistics.pdf,1,5,37.6,15811240,1,0,0,ok
scanner+form,corpus,OPEN.RABBIT.ENGLISH.LOP.pdf,1,5,50.2,28232440,1,1,1,ok
scanner+form,corpus,Old Gutnish Internet Explorer.pdf,1,3,19.3,14916344,0,0,0,ok
scanner+form,corpus,P2P-33713919.pdf,1,5,37.3,23047616,1,0,0,ok
scanner+form,corpus,PDFBOX-1869-4-1.pdf,1,1,1.7,411176,0,0,0,ok
scanner+form,corpus,PDFBOX-492-4.jar-8.pdf,1,2,32.1,16857808,0,0,0,ok
scanner+form,corpus,PDFBOX-624-2.pdf,1,5,15.7,11333720,0,0,0,ok
scanner+form,corpus,Pig Production Handbook.pdf,1,5,14.2,11474736,0,0,0,ok
scanner+form,corpus,Pig Reproduction Powerpoint.pdf,1,5,6.5,9154880,0,0,0,ok
scanner+form,corpus,Publication_of_award_of_Bids_for_Transport_Sector__August_2016.pdf,1,5,23.9,8728648,1,1,1,ok
scanner+form,corpus,Rotated Text Libre Office.pdf,1,1,0.7,272040,0,0,0,ok
scanner+form,corpus,Rotation 45.pdf,1,4,33.4,17564112,0,0,0,ok
scanner+form,corpus,SPARC - v9 Architecture Manual.pdf,1,5,156.3,74096144,2,1,1,ok
scanner+form,corpus,SPE8EF26T0545.pdf,1,5,15.7,11437272,0,0,0,ok
scanner+form,corpus,ShowTextOpWithUnbalancedRoundBrackets.pdf,1,1,7.3,4630624,0,0,0,ok
scanner+form,corpus,Single Page Broken Offsets - from google drive.pdf,1,1,1.9,611872,0,0,0,ok
scanner+form,corpus,Single Page Form Content - from itext 1_1.pdf,1,1,1.3,786608,0,0,0,ok
scanner+form,corpus,Single Page Hyperlinks - from open office.pdf,1,1,0.8,405992,0,0,0,ok
scanner+form,corpus,Single Page Images - from libre office.pdf,1,1,0.6,384496,0,0,0,ok
scanner+form,corpus,Single Page Non Latin - from acrobat distiller.pdf,1,1,1.1,416480,0,0,0,ok
scanner+form,corpus,Single Page Simple - from google drive.pdf,1,1,1.4,604816,0,0,0,ok
scanner+form,corpus,Single Page Simple - from inkscape.pdf,1,1,0.5,167272,0,0,0,ok
scanner+form,corpus,Single Page Simple - from open office.pdf,1,1,0.6,292960,0,0,0,ok
scanner+form,corpus,Single Page Type 1 Font.pdf,1,1,0.3,85928,0,0,0,ok
scanner+form,corpus,SinglePage180ClockwiseRotation - from PdfPig.pdf,1,1,0.5,248056,0,0,0,ok
scanner+form,corpus,SinglePage270ClockwiseRotation - from PdfPig.pdf,1,1,0.5,247984,0,0,0,ok
scanner+form,corpus,SinglePage90ClockwiseRotation - from PdfPig.pdf,1,1,0.5,247984,0,0,0,ok
scanner+form,corpus,SmallCropbox.pdf,1,1,2.5,1684032,0,0,0,ok
scanner+form,corpus,TIKA-1552-0.pdf,1,5,30.0,23499280,0,0,0,ok
scanner+form,corpus,TIKA-2054-0.pdf,1,5,33.3,20744360,0,0,0,ok
scanner+form,corpus,TIKA-469-0.pdf,1,2,9.7,4687672,0,0,0,ok
scanner+form,corpus,Test.Doc.pdf,1,1,3.4,1738664,0,0,0,ok
scanner+form,corpus,TrueTypeTablesGlyphDataTableReadGlyphsError.pdf,1,1,11.7,4081432,0,0,0,ok
scanner+form,corpus,Two Page Text Only - from libre office.pdf,1,2,2.8,1735016,0,0,0,ok
scanner+form,corpus,Type0 Font.pdf,1,1,30.2,10408880,1,1,1,ok
scanner+form,corpus,Type0_CJK_Font.pdf,1,5,75.5,4864408,0,0,0,ok
scanner+form,corpus,Type3Test.pdf,1,1,0.6,156840,0,0,0,ok
scanner+form,corpus,Various Content Types.pdf,1,1,0.8,271872,0,0,0,ok
scanner+form,corpus,Why.does.this.not.work.pdf,1,1,2.0,1054360,0,0,0,ok
scanner+form,corpus,_citUR2jB1_ay56u6vELzk.pdf,1,2,3.5,2370144,0,0,0,ok
scanner+form,corpus,annotation-comments.pdf,1,1,1.0,296088,0,0,0,ok
scanner+form,corpus,bold-italic.pdf,1,1,3.6,1898496,0,0,0,ok
scanner+form,corpus,bookmarks-with-accented-characters.pdf,1,1,0.6,331280,0,0,0,ok
scanner+form,corpus,byz.pdf,1,1,4.2,2271152,0,0,0,ok
scanner+form,corpus,capas.pdf,1,5,13.4,8262632,0,0,0,ok
scanner+form,corpus,cat-genetics.pdf,1,1,9.7,6762936,0,0,0,ok
scanner+form,corpus,cat-genetics_bobld.pdf,1,1,11.0,7031448,1,0,0,ok
scanner+form,corpus,cmap-parsing-exception.pdf,1,1,30.3,13352560,0,0,0,ok
scanner+form,corpus,cropped-and-rotated.pdf,1,1,1.8,775072,0,0,0,ok
scanner+form,corpus,data.pdf,1,3,6.9,4098192,0,0,0,ok
scanner+form,corpus,dotnet-ai.pdf,1,5,29.7,32312352,1,1,1,ok
scanner+form,corpus,felltypes-test.pdf,1,1,14.4,4980736,0,0,0,ok
scanner+form,corpus,hex_0x0006.pdf,1,1,1.3,659648,0,0,0,ok
scanner+form,corpus,inherited_mediabox.pdf,1,1,0.3,54912,0,0,0,ok
scanner+form,corpus,iron-ore-q2-q3-2013.pdf,1,5,47.1,36709392,2,1,1,ok
scanner+form,corpus,issue_1163.pdf,1,2,0.4,183696,0,0,0,ok
scanner+form,corpus,issue_1330.pdf,1,1,0.2,57040,0,0,0,ok
scanner+form,corpus,issue_1331.pdf,1,1,2.3,1593048,0,0,0,ok
scanner+form,corpus,issue_671.pdf,1,2,25.0,18270696,0,0,0,ok
scanner+form,corpus,issue_881.pdf,1,1,1.4,778096,0,0,0,ok
scanner+form,corpus,issues-1176-1.pdf,1,1,3.0,2166816,0,0,0,ok
scanner+form,corpus,issues-1176.pdf,1,1,13.4,7344848,1,1,1,ok
scanner+form,corpus,journal.pone.0196757.pdf,1,5,62.2,35478232,1,0,0,ok
scanner+form,corpus,jtehm-melillo-2679746.pdf,1,5,95.4,52875944,1,1,1,ok
scanner+form,corpus,little-pig-in-armenian.pdf,1,1,0.9,318968,0,0,0,ok
scanner+form,corpus,odwriteex.pdf,1,1,1.2,781040,0,0,0,ok
scanner+form,corpus,outline.pdf,1,3,2.6,1121432,0,0,0,ok
scanner+form,corpus,output_w3c_csswg_drafts_issues2023.pdf,1,1,0.7,235744,0,0,0,ok
scanner+form,corpus,path_ext_oddeven.pdf,1,1,2.1,1155504,0,0,0,ok
scanner+form,corpus,pop-bugzilla37292.pdf,1,4,12.4,7962792,0,0,0,ok
scanner+form,corpus,reference-2-numeric-error.pdf,1,1,16.7,7150632,0,0,0,ok
scanner+form,corpus,soundandvision.pdf,1,1,3.3,2022672,0,0,0,ok
scanner+form,corpus,ssm2163.pdf,1,5,29.5,10919080,1,0,0,ok
scanner+form,corpus,steam_in_page_dict.pdf,1,1,0.5,103816,0,0,0,ok
scanner+form,corpus,test-2_so_74165171.pdf,1,1,124.5,42241320,1,1,1,ok
scanner+form,corpus,testPdf-1.pdf,1,2,7.2,6056024,0,0,0,ok
scanner+form,corpus,test_a-5.pdf,1,5,136.7,70133048,2,1,1,ok
scanner+form,corpus,test_a.pdf,1,5,137.6,70130512,2,0,0,ok
scanner+form,corpus,toc.pdf,1,5,6.5,7517448,0,0,0,ok
scanner+form,corpus,type3-font-zero-height.pdf,1,1,33.5,8057224,1,1,1,ok
scanner+form,corpus,0000851.pdf,2,5,284.2,118454920,2,1,0,ok
scanner+form,corpus,11194059_2017-11_de_s.pdf,2,2,51.4,27673280,2,1,1,ok
scanner+form,corpus,2006_Swedish_Touring_Car_Championship.pdf,2,4,8.0,7847896,0,0,0,ok
scanner+form,corpus,2108.11480.pdf,2,5,124.4,75441408,2,0,0,ok
scanner+form,corpus,22060_A1_01_Plans-1.pdf,2,1,4.6,9374760,0,0,0,ok
scanner+form,corpus,6.Secrets.to.Startup.Success.PDFDrive.pdf,2,5,28.1,24670936,0,0,0,ok
scanner+form,corpus,68-1990-01_A.pdf,2,5,71.7,44651096,2,1,1,ok
scanner+form,corpus,AcroFormsBasicFields.pdf,2,1,1.1,594272,0,0,0,ok
scanner+form,corpus,Approved_Document_B__fire_safety__volume_2_-_Buildings_other_than_dwellings__2019_edition_incorporating_2020_and_2022_amendments.pdf,2,5,40.9,52108072,1,1,1,ok
scanner+form,corpus,Arve.nr.1615.17.04.2026.pdf,2,1,1.7,1270800,0,0,0,ok
scanner+form,corpus,ClipPathLetterFilter-Test1.pdf,2,5,21.3,12814672,1,1,1,ok
scanner+form,corpus,ClipPathLetterFilter-Test2.pdf,2,1,7.8,8847240,0,0,0,ok
scanner+form,corpus,ColorIssue.pdf,2,1,35.8,34169040,1,1,1,ok
scanner+form,corpus,DeviceN_CS_test.pdf,2,5,28.2,21868384,2,2,1,ok
scanner+form,corpus,Diacritics_export.pdf,2,1,2.1,2354936,0,0,0,ok
scanner+form,corpus,EmptyPdf.pdf,2,1,0.3,37712,0,0,0,ok
scanner+form,corpus,ErcotFacts.pdf,2,2,14.8,13757952,0,0,0,ok
scanner+form,corpus,FICTIF_TABLE_INDEX.pdf,2,5,17.3,15510536,1,0,0,ok
scanner+form,corpus,FarmerMac.pdf,2,5,13.1,14097400,0,0,0,ok
scanner+form,corpus,Font Size Test - from google chrome print pdf.pdf,2,1,1.1,505368,0,0,0,ok
scanner+form,corpus,Font Size Test - from libre office.pdf,2,1,0.5,202296,0,0,0,ok
scanner+form,corpus,FontMatrix-1.pdf,2,1,0.4,216408,0,0,0,ok
scanner+form,corpus,FontMatrix-concat.pdf,2,1,0.2,134320,0,0,0,ok
scanner+form,corpus,FontMatrix-otf-bad-hmtx.pdf,2,1,1.2,746648,0,0,0,ok
scanner+form,corpus,FontMatrix-otf.pdf,2,1,1.2,742712,0,0,0,ok
scanner+form,corpus,FontMatrix-raw.pdf,2,1,1.1,683312,0,0,0,ok
scanner+form,corpus,GHOSTSCRIPT-692564-0.pdf,2,1,0.8,547400,0,0,0,ok
scanner+form,corpus,GHOSTSCRIPT-695513-0.pdf,2,1,2.2,3521032,0,0,0,ok
scanner+form,corpus,GHOSTSCRIPT-696171-0.pdf,2,5,11.9,11336200,0,0,0,ok
scanner+form,corpus,GHOSTSCRIPT-696547-0.zip-7.pdf,2,1,4.4,7355096,0,0,0,ok
scanner+form,corpus,GHOSTSCRIPT-696547-0.zip-9.pdf,2,1,5.2,7354704,0,0,0,ok
scanner+form,corpus,GHOSTSCRIPT-697234-0.pdf,2,3,31.9,22678008,0,0,0,ok
scanner+form,corpus,GHOSTSCRIPT-697507-0.pdf,2,1,11.2,7906464,0,0,0,ok
scanner+form,corpus,GHOSTSCRIPT-697984-3.pdf,2,1,6.5,1680240,1,1,0,ok
scanner+form,corpus,GHOSTSCRIPT-698168-0.pdf,2,1,2.3,2816568,0,0,0,ok
scanner+form,corpus,GHOSTSCRIPT-698363-0.pdf,2,1,4.6,466576,0,0,0,ok
scanner+form,corpus,GHOSTSCRIPT-698721-0.zip-6.pdf,2,2,15.4,7455864,1,1,1,ok
scanner+form,corpus,GHOSTSCRIPT-698721-1.pdf,2,1,2.1,2032696,0,0,0,ok
scanner+form,corpus,GHOSTSCRIPT-699035-0.pdf,2,5,40.6,38479968,1,0,0,ok
scanner+form,corpus,GHOSTSCRIPT-699178-0.pdf,2,3,7.7,8592416,0,0,0,ok
scanner+form,corpus,GHOSTSCRIPT-699375-5.pdf,2,1,3.8,3265216,0,0,0,ok
scanner+form,corpus,GHOSTSCRIPT-699488-0.pdf,2,1,8.3,8120848,0,0,0,ok
scanner+form,corpus,GHOSTSCRIPT-699554-0.zip-4.pdf,2,1,1.6,1650272,0,0,0,ok
scanner+form,corpus,GHOSTSCRIPT-700125-1.pdf,2,5,13.1,16342112,0,0,0,ok
scanner+form,corpus,GHOSTSCRIPT-700139-0.pdf,2,2,168.3,117533000,3,2,1,ok
scanner+form,corpus,GHOSTSCRIPT-700236-1.pdf,2,5,11.9,13423352,0,0,0,ok
scanner+form,corpus,GHOSTSCRIPT-700288-1.pdf,2,1,4.7,4618240,0,0,0,ok
scanner+form,corpus,GHOSTSCRIPT-700370-2.pdf,2,1,3.0,1596760,1,0,0,ok
scanner+form,corpus,GHOSTSCRIPT-700931-0.7z-5.pdf,2,2,1.6,1222560,0,0,0,ok
scanner+form,corpus,GHOSTSCRIPT-702013-1.pdf,2,1,3.6,3792848,0,0,0,ok
scanner+form,corpus,Gamebook.pdf,2,5,14.7,9354160,0,0,0,ok
scanner+form,corpus,GlyphDataTableReadCompositeGlyphError.pdf,2,1,4.2,2886800,0,0,0,ok
scanner+form,corpus,Grapheme clusters emoji.pdf,2,1,0.4,149704,0,0,0,ok
scanner+form,corpus,ICML03-081.pdf,2,5,19.7,17293968,1,0,0,ok
scanner+form,corpus,Indexed-DeviceRGB-JPXDecode-0-.0.0.255.0.-Font-F1_1_missing_char_255-1.pdf,2,1,23.9,16979912,1,0,0,ok
scanner+form,corpus,IndexedCS_negative_and_high.pdf,2,1,0.4,82128,0,0,0,ok
scanner+form,corpus,Judgement Document.pdf,2,5,6.5,9128784,0,0,0,ok
scanner+form,corpus,LKR824191.pdf,2,1,2.8,4164840,0,0,0,ok
scanner+form,corpus,Layer pdf - 322_High_Holborn_building_Brochure.pdf,2,3,46.1,38050480,2,1,1,ok
scanner+form,corpus,MOZILLA-10084-0.pdf,2,1,3.1,3212648,0,0,0,ok
scanner+form,corpus,MOZILLA-10225-0.pdf,2,5,11.9,22997776,0,0,0,ok
scanner+form,corpus,MOZILLA-10372-2.pdf,2,5,18.6,13031024,1,1,1,ok
scanner+form,corpus,MOZILLA-2775-1.pdf,2,5,13.3,17728064,0,0,0,ok
scanner+form,corpus,MOZILLA-3136-0.pdf,2,4,245.5,217956704,6,2,2,ok
scanner+form,corpus,MOZILLA-7375-0.pdf,2,5,12.1,16131424,0,0,0,ok
scanner+form,corpus,MOZILLA-9176-2.pdf,2,5,2.4,9938560,0,0,0,ok
scanner+form,corpus,MOZILLA-LINK-3264-0.pdf,2,5,2.1,3313264,0,0,0,ok
scanner+form,corpus,MOZILLA-LINK-5251-1.pdf,2,2,3.0,2202384,0,0,0,ok
scanner+form,corpus,Math119FakingData.pdf,2,5,10.7,9252832,0,0,0,ok
scanner+form,corpus,Motor Insurance claim form.pdf,2,3,115.7,68836264,3,3,2,ok
scanner+form,corpus,Multiple Page - from Mortality Statistics.pdf,2,5,6.7,8268240,0,0,0,ok
scanner+form,corpus,OPEN.RABBIT.ENGLISH.LOP.pdf,2,5,30.7,27777480,1,0,0,ok
scanner+form,corpus,Old Gutnish Internet Explorer.pdf,2,3,12.8,14271344,0,0,0,ok
scanner+form,corpus,P2P-33713919.pdf,2,5,13.9,23005872,0,0,0,ok
scanner+form,corpus,PDFBOX-1869-4-1.pdf,2,1,1.1,410816,0,0,0,ok
scanner+form,corpus,PDFBOX-492-4.jar-8.pdf,2,2,33.5,16856176,1,0,0,ok
scanner+form,corpus,PDFBOX-624-2.pdf,2,5,9.7,11332440,0,0,0,ok
scanner+form,corpus,Pig Production Handbook.pdf,2,5,9.5,11474112,0,0,0,ok
scanner+form,corpus,Pig Reproduction Powerpoint.pdf,2,5,4.8,9152384,0,0,0,ok
scanner+form,corpus,Publication_of_award_of_Bids_for_Transport_Sector__August_2016.pdf,2,5,21.9,8491576,1,1,1,ok
scanner+form,corpus,Rotated Text Libre Office.pdf,2,1,0.8,238608,0,0,0,ok
scanner+form,corpus,Rotation 45.pdf,2,4,14.9,9899864,0,0,0,ok
scanner+form,corpus,SPARC - v9 Architecture Manual.pdf,2,5,78.6,74096024,2,1,1,ok
scanner+form,corpus,SPE8EF26T0545.pdf,2,5,9.9,11430528,0,0,0,ok
scanner+form,corpus,ShowTextOpWithUnbalancedRoundBrackets.pdf,2,1,4.8,4630240,0,0,0,ok
scanner+form,corpus,Single Page Broken Offsets - from google drive.pdf,2,1,1.6,590416,0,0,0,ok
scanner+form,corpus,Single Page Form Content - from itext 1_1.pdf,2,1,1.0,786440,0,0,0,ok
scanner+form,corpus,Single Page Hyperlinks - from open office.pdf,2,1,0.8,360968,0,0,0,ok
scanner+form,corpus,Single Page Images - from libre office.pdf,2,1,0.5,378640,0,0,0,ok
scanner+form,corpus,Single Page Non Latin - from acrobat distiller.pdf,2,1,0.9,396512,0,0,0,ok
scanner+form,corpus,Single Page Simple - from google drive.pdf,2,1,1.1,583432,0,0,0,ok
scanner+form,corpus,Single Page Simple - from inkscape.pdf,2,1,0.4,150184,0,0,0,ok
scanner+form,corpus,Single Page Simple - from open office.pdf,2,1,0.5,269584,0,0,0,ok
scanner+form,corpus,Single Page Type 1 Font.pdf,2,1,0.3,85904,0,0,0,ok
scanner+form,corpus,SinglePage180ClockwiseRotation - from PdfPig.pdf,2,1,0.4,201784,0,0,0,ok
scanner+form,corpus,SinglePage270ClockwiseRotation - from PdfPig.pdf,2,1,0.4,201784,0,0,0,ok
scanner+form,corpus,SinglePage90ClockwiseRotation - from PdfPig.pdf,2,1,0.4,201784,0,0,0,ok
scanner+form,corpus,SmallCropbox.pdf,2,1,1.6,1683864,0,0,0,ok
scanner+form,corpus,TIKA-1552-0.pdf,2,5,35.2,23487568,1,1,1,ok
scanner+form,corpus,TIKA-2054-0.pdf,2,5,18.4,20937696,0,0,0,ok
scanner+form,corpus,TIKA-469-0.pdf,2,2,4.5,4679104,0,0,0,ok
scanner+form,corpus,Test.Doc.pdf,2,1,4.7,1679744,1,0,0,ok
scanner+form,corpus,TrueTypeTablesGlyphDataTableReadGlyphsError.pdf,2,1,5.7,3649424,0,0,0,ok
scanner+form,corpus,Two Page Text Only - from libre office.pdf,2,2,2.0,1572176,0,0,0,ok
scanner+form,corpus,Type0 Font.pdf,2,1,9.8,9722152,0,0,0,ok
scanner+form,corpus,Type0_CJK_Font.pdf,2,5,12.0,3216968,0,0,0,ok
scanner+form,corpus,Type3Test.pdf,2,1,0.5,155448,0,0,0,ok
scanner+form,corpus,Various Content Types.pdf,2,1,0.5,257232,0,0,0,ok
scanner+form,corpus,Why.does.this.not.work.pdf,2,1,1.5,1035984,0,0,0,ok
scanner+form,corpus,_citUR2jB1_ay56u6vELzk.pdf,2,2,2.0,2256656,0,0,0,ok
scanner+form,corpus,annotation-comments.pdf,2,1,0.9,283416,0,0,0,ok
scanner+form,corpus,bold-italic.pdf,2,1,2.6,1617504,0,0,0,ok
scanner+form,corpus,bookmarks-with-accented-characters.pdf,2,1,0.6,331256,0,0,0,ok
scanner+form,corpus,byz.pdf,2,1,2.7,2271056,0,0,0,ok
scanner+form,corpus,capas.pdf,2,5,8.0,8008880,1,1,0,ok
scanner+form,corpus,cat-genetics.pdf,2,1,5.7,6762184,0,0,0,ok
scanner+form,corpus,cat-genetics_bobld.pdf,2,1,17.3,7032672,1,1,1,ok
scanner+form,corpus,cmap-parsing-exception.pdf,2,1,18.3,13249520,0,0,0,ok
scanner+form,corpus,cropped-and-rotated.pdf,2,1,1.5,744232,0,0,0,ok
scanner+form,corpus,data.pdf,2,3,4.7,4098128,0,0,0,ok
scanner+form,corpus,dotnet-ai.pdf,2,5,26.2,31622448,1,1,1,ok
scanner+form,corpus,felltypes-test.pdf,2,1,8.8,4979776,0,0,0,ok
scanner+form,corpus,hex_0x0006.pdf,2,1,0.9,658904,0,0,0,ok
scanner+form,corpus,inherited_mediabox.pdf,2,1,0.2,54816,0,0,0,ok
scanner+form,corpus,iron-ore-q2-q3-2013.pdf,2,5,24.4,36516560,1,0,0,ok
scanner+form,corpus,issue_1163.pdf,2,2,0.4,183592,0,0,0,ok
scanner+form,corpus,issue_1330.pdf,2,1,0.2,57016,0,0,0,ok
scanner+form,corpus,issue_1331.pdf,2,1,1.9,1351064,0,0,0,ok
scanner+form,corpus,issue_671.pdf,2,2,29.9,17842712,1,1,1,ok
scanner+form,corpus,issue_881.pdf,2,1,1.2,617872,0,0,0,ok
scanner+form,corpus,issues-1176-1.pdf,2,1,2.4,2170928,0,0,0,ok
scanner+form,corpus,issues-1176.pdf,2,1,3.0,7210600,0,0,0,ok
scanner+form,corpus,journal.pone.0196757.pdf,2,5,44.7,35423912,1,0,0,ok
scanner+form,corpus,jtehm-melillo-2679746.pdf,2,5,67.2,52878096,1,1,1,ok
scanner+form,corpus,little-pig-in-armenian.pdf,2,1,0.8,307416,0,0,0,ok
scanner+form,corpus,odwriteex.pdf,2,1,0.9,780944,0,0,0,ok
scanner+form,corpus,outline.pdf,2,3,1.9,1088096,0,0,0,ok
scanner+form,corpus,output_w3c_csswg_drafts_issues2023.pdf,2,1,0.6,235512,0,0,0,ok
scanner+form,corpus,path_ext_oddeven.pdf,2,1,1.4,1040040,0,0,0,ok
scanner+form,corpus,pop-bugzilla37292.pdf,2,4,16.5,7596720,1,0,0,ok
scanner+form,corpus,reference-2-numeric-error.pdf,2,1,9.2,7148368,0,0,0,ok
scanner+form,corpus,soundandvision.pdf,2,1,2.4,1856832,0,0,0,ok
scanner+form,corpus,ssm2163.pdf,2,5,9.0,10264856,0,0,0,ok
scanner+form,corpus,steam_in_page_dict.pdf,2,1,0.3,103512,0,0,0,ok
scanner+form,corpus,test-2_so_74165171.pdf,2,1,62.8,42239256,1,1,1,ok
scanner+form,corpus,testPdf-1.pdf,2,2,17.4,5835960,1,1,1,ok
scanner+form,corpus,test_a-5.pdf,2,5,76.9,69777888,2,1,1,ok
scanner+form,corpus,test_a.pdf,2,5,67.9,69775240,1,0,0,ok
scanner+form,corpus,toc.pdf,2,5,5.4,7517328,0,0,0,ok
scanner+form,corpus,type3-font-zero-height.pdf,2,1,34.1,8051720,2,2,1,ok
scanner+form,corpus,0000851.pdf,3,5,201.2,118486280,3,1,1,ok
scanner+form,corpus,11194059_2017-11_de_s.pdf,3,2,22.1,27613864,0,0,0,ok
scanner+form,corpus,2006_Swedish_Touring_Car_Championship.pdf,3,4,7.8,7631304,0,0,0,ok
scanner+form,corpus,2108.11480.pdf,3,5,81.5,74838440,2,1,0,ok
scanner+form,corpus,22060_A1_01_Plans-1.pdf,3,1,5.3,9374736,0,0,0,ok
scanner+form,corpus,6.Secrets.to.Startup.Success.PDFDrive.pdf,3,5,33.3,24743560,1,1,1,ok
scanner+form,corpus,68-1990-01_A.pdf,3,5,54.3,44466952,2,1,1,ok
scanner+form,corpus,AcroFormsBasicFields.pdf,3,1,0.8,594272,0,0,0,ok
scanner+form,corpus,Approved_Document_B__fire_safety__volume_2_-_Buildings_other_than_dwellings__2019_edition_incorporating_2020_and_2022_amendments.pdf,3,5,39.8,51970120,1,0,0,ok
scanner+form,corpus,Arve.nr.1615.17.04.2026.pdf,3,1,1.5,1193512,0,0,0,ok
scanner+form,corpus,ClipPathLetterFilter-Test1.pdf,3,5,10.9,12124384,0,0,0,ok
scanner+form,corpus,ClipPathLetterFilter-Test2.pdf,3,1,7.3,8697888,0,0,0,ok
scanner+form,corpus,ColorIssue.pdf,3,1,40.0,34052248,2,2,2,ok
scanner+form,corpus,DeviceN_CS_test.pdf,3,5,21.6,21477376,1,1,1,ok
scanner+form,corpus,Diacritics_export.pdf,3,1,2.0,2354936,0,0,0,ok
scanner+form,corpus,EmptyPdf.pdf,3,1,0.2,37712,0,0,0,ok
scanner+form,corpus,ErcotFacts.pdf,3,2,18.2,13361136,1,0,0,ok
scanner+form,corpus,FICTIF_TABLE_INDEX.pdf,3,5,12.4,14808744,0,0,0,ok
scanner+form,corpus,FarmerMac.pdf,3,5,11.6,13703640,0,0,0,ok
scanner+form,corpus,Font Size Test - from google chrome print pdf.pdf,3,1,0.8,480120,0,0,0,ok
scanner+form,corpus,Font Size Test - from libre office.pdf,3,1,0.4,188328,0,0,0,ok
scanner+form,corpus,FontMatrix-1.pdf,3,1,0.3,216408,0,0,0,ok
scanner+form,corpus,FontMatrix-concat.pdf,3,1,0.2,134320,0,0,0,ok
scanner+form,corpus,FontMatrix-otf-bad-hmtx.pdf,3,1,1.1,746648,0,0,0,ok
scanner+form,corpus,FontMatrix-otf.pdf,3,1,1.1,742712,0,0,0,ok
scanner+form,corpus,FontMatrix-raw.pdf,3,1,1.1,683312,0,0,0,ok
scanner+form,corpus,GHOSTSCRIPT-692564-0.pdf,3,1,0.7,547400,0,0,0,ok
scanner+form,corpus,GHOSTSCRIPT-695513-0.pdf,3,1,11.0,3654864,1,1,1,ok
scanner+form,corpus,GHOSTSCRIPT-696171-0.pdf,3,5,8.8,11406144,0,0,0,ok
scanner+form,corpus,GHOSTSCRIPT-696547-0.zip-7.pdf,3,1,3.7,7355096,0,0,0,ok
scanner+form,corpus,GHOSTSCRIPT-696547-0.zip-9.pdf,3,1,3.5,7354704,0,0,0,ok
scanner+form,corpus,GHOSTSCRIPT-697234-0.pdf,3,3,24.2,22678008,1,0,0,ok
scanner+form,corpus,GHOSTSCRIPT-697507-0.pdf,3,1,7.8,7906672,0,0,0,ok
scanner+form,corpus,GHOSTSCRIPT-697984-3.pdf,3,1,2.1,1619952,0,0,0,ok
scanner+form,corpus,GHOSTSCRIPT-698168-0.pdf,3,1,1.9,2816360,0,0,0,ok
scanner+form,corpus,GHOSTSCRIPT-698363-0.pdf,3,1,1.3,466168,0,0,0,ok
scanner+form,corpus,GHOSTSCRIPT-698721-0.zip-6.pdf,3,2,6.1,7317912,0,0,0,ok
scanner+form,corpus,GHOSTSCRIPT-698721-1.pdf,3,1,1.7,2032432,0,0,0,ok
scanner+form,corpus,GHOSTSCRIPT-699035-0.pdf,3,5,41.5,38421176,1,1,1,ok
scanner+form,corpus,GHOSTSCRIPT-699178-0.pdf,3,3,15.8,8420432,1,0,0,ok
scanner+form,corpus,GHOSTSCRIPT-699375-5.pdf,3,1,3.5,3069392,0,0,0,ok
scanner+form,corpus,GHOSTSCRIPT-699488-0.pdf,3,1,6.4,8120848,0,0,0,ok
scanner+form,corpus,GHOSTSCRIPT-699554-0.zip-4.pdf,3,1,1.3,1650272,0,0,0,ok
scanner+form,corpus,GHOSTSCRIPT-700125-1.pdf,3,5,11.0,16342112,0,0,0,ok
scanner+form,corpus,GHOSTSCRIPT-700139-0.pdf,3,2,117.9,116343512,3,2,2,ok
scanner+form,corpus,GHOSTSCRIPT-700236-1.pdf,3,5,14.6,13423352,0,0,0,ok
scanner+form,corpus,GHOSTSCRIPT-700288-1.pdf,3,1,6.0,4618240,0,0,0,ok
scanner+form,corpus,GHOSTSCRIPT-700370-2.pdf,3,1,2.0,1596760,0,0,0,ok
scanner+form,corpus,GHOSTSCRIPT-700931-0.7z-5.pdf,3,2,1.7,1222352,0,0,0,ok
scanner+form,corpus,GHOSTSCRIPT-702013-1.pdf,3,1,4.4,3792848,0,0,0,ok
scanner+form,corpus,Gamebook.pdf,3,5,11.0,9354160,0,0,0,ok
scanner+form,corpus,GlyphDataTableReadCompositeGlyphError.pdf,3,1,4.4,2886800,0,0,0,ok
scanner+form,corpus,Grapheme clusters emoji.pdf,3,1,0.4,149704,0,0,0,ok
scanner+form,corpus,ICML03-081.pdf,3,5,19.6,17293968,0,0,0,ok
scanner+form,corpus,Indexed-DeviceRGB-JPXDecode-0-.0.0.255.0.-Font-F1_1_missing_char_255-1.pdf,3,1,27.1,16979704,0,0,0,ok
scanner+form,corpus,IndexedCS_negative_and_high.pdf,3,1,0.4,81920,0,0,0,ok
scanner+form,corpus,Judgement Document.pdf,3,5,27.9,9128784,1,0,0,ok
scanner+form,corpus,LKR824191.pdf,3,1,2.7,4165048,0,0,0,ok
scanner+form,corpus,Layer pdf - 322_High_Holborn_building_Brochure.pdf,3,3,35.3,37984920,1,1,1,ok
scanner+form,corpus,MOZILLA-10084-0.pdf,3,1,3.3,3212648,0,0,0,ok
scanner+form,corpus,MOZILLA-10225-0.pdf,3,5,12.1,22997776,0,0,0,ok
scanner+form,corpus,MOZILLA-10372-2.pdf,3,5,18.8,13031024,1,1,1,ok
scanner+form,corpus,MOZILLA-2775-1.pdf,3,5,16.0,17728064,1,0,0,ok
scanner+form,corpus,MOZILLA-3136-0.pdf,3,4,214.8,217696032,5,2,1,ok
scanner+form,corpus,MOZILLA-7375-0.pdf,3,5,11.4,16131424,0,0,0,ok
scanner+form,corpus,MOZILLA-9176-2.pdf,3,5,2.8,9938560,0,0,0,ok
scanner+form,corpus,MOZILLA-LINK-3264-0.pdf,3,5,1.9,3313264,0,0,0,ok
scanner+form,corpus,MOZILLA-LINK-5251-1.pdf,3,2,1.9,2202384,0,0,0,ok
scanner+form,corpus,Math119FakingData.pdf,3,5,7.1,9252832,0,0,0,ok
scanner+form,corpus,Motor Insurance claim form.pdf,3,3,96.5,69165048,2,2,2,ok
scanner+form,corpus,Multiple Page - from Mortality Statistics.pdf,3,5,5.9,8267184,0,0,0,ok
scanner+form,corpus,OPEN.RABBIT.ENGLISH.LOP.pdf,3,5,30.2,27777480,1,0,0,ok
scanner+form,corpus,Old Gutnish Internet Explorer.pdf,3,3,21.6,14339640,1,1,1,ok
scanner+form,corpus,P2P-33713919.pdf,3,5,13.0,23006136,0,0,0,ok
scanner+form,corpus,PDFBOX-1869-4-1.pdf,3,1,0.9,410816,0,0,0,ok
scanner+form,corpus,PDFBOX-492-4.jar-8.pdf,3,2,24.1,16856176,1,0,0,ok
scanner+form,corpus,PDFBOX-624-2.pdf,3,5,9.7,11332440,0,0,0,ok
scanner+form,corpus,Pig Production Handbook.pdf,3,5,8.0,11474112,0,0,0,ok
scanner+form,corpus,Pig Reproduction Powerpoint.pdf,3,5,4.9,9152384,0,0,0,ok
scanner+form,corpus,Publication_of_award_of_Bids_for_Transport_Sector__August_2016.pdf,3,5,19.4,8491520,1,1,1,ok
scanner+form,corpus,Rotated Text Libre Office.pdf,3,1,0.6,238664,0,0,0,ok
scanner+form,corpus,Rotation 45.pdf,3,4,12.4,9899864,0,0,0,ok
scanner+form,corpus,SPARC - v9 Architecture Manual.pdf,3,5,61.8,74096024,2,1,1,ok
scanner+form,corpus,SPE8EF26T0545.pdf,3,5,8.3,11430528,0,0,0,ok
scanner+form,corpus,ShowTextOpWithUnbalancedRoundBrackets.pdf,3,1,4.6,4630240,0,0,0,ok
scanner+form,corpus,Single Page Broken Offsets - from google drive.pdf,3,1,1.9,590416,0,0,0,ok
scanner+form,corpus,Single Page Form Content - from itext 1_1.pdf,3,1,0.8,786440,0,0,0,ok
scanner+form,corpus,Single Page Hyperlinks - from open office.pdf,3,1,0.6,360968,0,0,0,ok
scanner+form,corpus,Single Page Images - from libre office.pdf,3,1,0.5,378640,0,0,0,ok
scanner+form,corpus,Single Page Non Latin - from acrobat distiller.pdf,3,1,0.7,396512,0,0,0,ok
scanner+form,corpus,Single Page Simple - from google drive.pdf,3,1,0.9,583432,0,0,0,ok
scanner+form,corpus,Single Page Simple - from inkscape.pdf,3,1,0.4,150184,0,0,0,ok
scanner+form,corpus,Single Page Simple - from open office.pdf,3,1,0.4,269584,0,0,0,ok
scanner+form,corpus,Single Page Type 1 Font.pdf,3,1,0.2,85904,0,0,0,ok
scanner+form,corpus,SinglePage180ClockwiseRotation - from PdfPig.pdf,3,1,0.4,201784,0,0,0,ok
scanner+form,corpus,SinglePage270ClockwiseRotation - from PdfPig.pdf,3,1,0.4,201784,0,0,0,ok
scanner+form,corpus,SinglePage90ClockwiseRotation - from PdfPig.pdf,3,1,0.3,201784,0,0,0,ok
scanner+form,corpus,SmallCropbox.pdf,3,1,1.3,1683864,0,0,0,ok
scanner+form,corpus,TIKA-1552-0.pdf,3,5,21.7,23480712,0,0,0,ok
scanner+form,corpus,TIKA-2054-0.pdf,3,5,31.6,20944200,1,1,1,ok
scanner+form,corpus,TIKA-469-0.pdf,3,2,4.4,4679456,0,0,0,ok
scanner+form,corpus,Test.Doc.pdf,3,1,1.7,1679744,0,0,0,ok
scanner+form,corpus,TrueTypeTablesGlyphDataTableReadGlyphsError.pdf,3,1,4.8,3649216,0,0,0,ok
scanner+form,corpus,Two Page Text Only - from libre office.pdf,3,2,1.4,1572176,0,0,0,ok
scanner+form,corpus,Type0 Font.pdf,3,1,8.1,9722152,0,0,0,ok
scanner+form,corpus,Type0_CJK_Font.pdf,3,5,9.7,3216968,1,0,0,ok
scanner+form,corpus,Type3Test.pdf,3,1,0.3,155656,0,0,0,ok
scanner+form,corpus,Various Content Types.pdf,3,1,0.4,257232,0,0,0,ok
scanner+form,corpus,Why.does.this.not.work.pdf,3,1,1.7,1035984,0,0,0,ok
scanner+form,corpus,_citUR2jB1_ay56u6vELzk.pdf,3,2,1.8,2257704,0,0,0,ok
scanner+form,corpus,annotation-comments.pdf,3,1,0.5,283416,0,0,0,ok
scanner+form,corpus,bold-italic.pdf,3,1,2.1,1617504,0,0,0,ok
scanner+form,corpus,bookmarks-with-accented-characters.pdf,3,1,0.4,331256,0,0,0,ok
scanner+form,corpus,byz.pdf,3,1,1.9,2271056,0,0,0,ok
scanner+form,corpus,capas.pdf,3,5,5.4,8008880,0,0,0,ok
scanner+form,corpus,cat-genetics.pdf,3,1,5.3,6761976,1,0,0,ok
scanner+form,corpus,cat-genetics_bobld.pdf,3,1,4.7,7031200,0,0,0,ok
scanner+form,corpus,cmap-parsing-exception.pdf,3,1,18.7,13117104,1,0,0,ok
scanner+form,corpus,cropped-and-rotated.pdf,3,1,1.1,744440,0,0,0,ok
scanner+form,corpus,data.pdf,3,3,3.4,4097976,0,0,0,ok
scanner+form,corpus,dotnet-ai.pdf,3,5,23.9,31622448,1,1,1,ok
scanner+form,corpus,felltypes-test.pdf,3,1,7.3,4979776,0,0,0,ok
scanner+form,corpus,hex_0x0006.pdf,3,1,0.8,658904,0,0,0,ok
scanner+form,corpus,inherited_mediabox.pdf,3,1,0.2,54816,0,0,0,ok
scanner+form,corpus,iron-ore-q2-q3-2013.pdf,3,5,25.2,37260528,1,1,1,ok
scanner+form,corpus,issue_1163.pdf,3,2,0.4,183648,0,0,0,ok
scanner+form,corpus,issue_1330.pdf,3,1,0.2,57016,0,0,0,ok
scanner+form,corpus,issue_1331.pdf,3,1,1.4,1351064,0,0,0,ok
scanner+form,corpus,issue_671.pdf,3,2,25.6,17978016,1,1,1,ok
scanner+form,corpus,issue_881.pdf,3,1,1.0,617784,0,0,0,ok
scanner+form,corpus,issues-1176-1.pdf,3,1,1.9,2166808,0,0,0,ok
scanner+form,corpus,issues-1176.pdf,3,1,2.6,7145040,0,0,0,ok
scanner+form,corpus,journal.pone.0196757.pdf,3,5,34.3,35423912,1,0,0,ok
scanner+form,corpus,jtehm-melillo-2679746.pdf,3,5,57.6,52878096,1,1,1,ok
scanner+form,corpus,little-pig-in-armenian.pdf,3,1,0.7,307416,0,0,0,ok
scanner+form,corpus,odwriteex.pdf,3,1,0.8,780944,0,0,0,ok
scanner+form,corpus,outline.pdf,3,3,1.5,1088096,0,0,0,ok
scanner+form,corpus,output_w3c_csswg_drafts_issues2023.pdf,3,1,0.5,235512,0,0,0,ok
scanner+form,corpus,path_ext_oddeven.pdf,3,1,1.3,1040040,0,0,0,ok
scanner+form,corpus,pop-bugzilla37292.pdf,3,4,14.1,7596720,1,1,0,ok
scanner+form,corpus,reference-2-numeric-error.pdf,3,1,7.8,7148368,0,0,0,ok
scanner+form,corpus,soundandvision.pdf,3,1,2.3,1856832,0,0,0,ok
scanner+form,corpus,ssm2163.pdf,3,5,7.5,10264856,0,0,0,ok
scanner+form,corpus,steam_in_page_dict.pdf,3,1,0.3,103512,0,0,0,ok
scanner+form,corpus,test-2_so_74165171.pdf,3,1,55.7,42239256,1,1,1,ok
scanner+form,corpus,testPdf-1.pdf,3,2,5.4,5833464,0,0,0,ok
scanner+form,corpus,test_a-5.pdf,3,5,71.3,69777624,2,1,1,ok
scanner+form,corpus,test_a.pdf,3,5,79.5,68860312,2,1,1,ok
scanner+form,corpus,toc.pdf,3,5,4.8,7517384,0,0,0,ok
scanner+form,corpus,type3-font-zero-height.pdf,3,1,9.0,8049072,0,0,0,ok
full,corpus,0000851.pdf,1,5,1109.4,165940504,5,2,2,ok
full,corpus,11194059_2017-11_de_s.pdf,1,2,129.0,27685320,0,0,0,ok
full,corpus,2006_Swedish_Touring_Car_Championship.pdf,1,4,60.8,7846320,1,1,0,ok
full,corpus,2108.11480.pdf,1,5,216.6,75655328,2,1,1,ok
full,corpus,22060_A1_01_Plans-1.pdf,1,1,24.4,9512648,2,2,2,ok
full,corpus,6.Secrets.to.Startup.Success.PDFDrive.pdf,1,5,73.6,24739264,0,0,0,ok
full,corpus,68-1990-01_A.pdf,1,5,201.8,64753128,1,0,0,ok
full,corpus,AcroFormsBasicFields.pdf,1,1,1.6,596040,0,0,0,ok
full,corpus,Approved_Document_B__fire_safety__volume_2_-_Buildings_other_than_dwellings__2019_edition_incorporating_2020_and_2022_amendments.pdf,1,5,109.1,52110648,2,2,2,ok
full,corpus,Arve.nr.1615.17.04.2026.pdf,1,1,4.4,1270728,0,0,0,ok
full,corpus,ClipPathLetterFilter-Test1.pdf,1,5,99.1,41275288,1,0,0,ok
full,corpus,ClipPathLetterFilter-Test2.pdf,1,1,33.1,8849952,1,1,1,ok
full,corpus,ColorIssue.pdf,1,1,88.7,34171312,2,2,2,ok
full,corpus,DeviceN_CS_test.pdf,1,5,60.6,22208056,1,1,1,ok
full,corpus,Diacritics_export.pdf,1,1,7.5,2357760,0,0,0,ok
full,corpus,EmptyPdf.pdf,1,1,0.4,38360,0,0,0,ok
full,corpus,ErcotFacts.pdf,1,2,52.5,13765496,0,0,0,ok
full,corpus,FICTIF_TABLE_INDEX.pdf,1,5,47.3,15508928,1,0,0,ok
full,corpus,FarmerMac.pdf,1,5,49.7,14093880,0,0,0,ok
full,corpus,Font Size Test - from google chrome print pdf.pdf,1,1,1.7,505128,0,0,0,ok
full,corpus,Font Size Test - from libre office.pdf,1,1,1.5,201928,0,0,0,ok
full,corpus,FontMatrix-1.pdf,1,1,0.8,216624,0,0,0,ok
full,corpus,FontMatrix-concat.pdf,1,1,0.3,134464,0,0,0,ok
full,corpus,FontMatrix-otf-bad-hmtx.pdf,1,1,4.4,750136,0,0,0,ok
full,corpus,FontMatrix-otf.pdf,1,1,2.1,742256,0,0,0,ok
full,corpus,FontMatrix-raw.pdf,1,1,2.1,682928,0,0,0,ok
full,corpus,GHOSTSCRIPT-692564-0.pdf,1,1,3.8,547760,0,0,0,ok
full,corpus,GHOSTSCRIPT-695513-0.pdf,1,1,10.8,3521576,0,0,0,ok
full,corpus,GHOSTSCRIPT-696171-0.pdf,1,5,39.8,11332936,0,0,0,ok
full,corpus,GHOSTSCRIPT-696547-0.zip-7.pdf,1,1,22.4,7355328,0,0,0,ok
full,corpus,GHOSTSCRIPT-696547-0.zip-9.pdf,1,1,27.8,7361928,1,1,1,ok
full,corpus,GHOSTSCRIPT-697234-0.pdf,1,3,98.9,22679312,1,0,0,ok
full,corpus,GHOSTSCRIPT-697507-0.pdf,1,1,23.8,7972360,0,0,0,ok
full,corpus,GHOSTSCRIPT-697984-3.pdf,1,1,6.2,1697752,0,0,0,ok
full,corpus,GHOSTSCRIPT-698168-0.pdf,1,1,6.4,2816408,0,0,0,ok
full,corpus,GHOSTSCRIPT-698363-0.pdf,1,1,11.4,477088,0,0,0,ok
full,corpus,GHOSTSCRIPT-698721-0.zip-6.pdf,1,2,17.4,7316016,0,0,0,ok
full,corpus,GHOSTSCRIPT-698721-1.pdf,1,1,4.4,2031688,0,0,0,ok
full,corpus,GHOSTSCRIPT-699035-0.pdf,1,5,172.6,38419696,1,1,1,ok
full,corpus,GHOSTSCRIPT-699178-0.pdf,1,3,20.6,8590280,0,0,0,ok
full,corpus,GHOSTSCRIPT-699375-5.pdf,1,1,7.7,3265344,0,0,0,ok
full,corpus,GHOSTSCRIPT-699488-0.pdf,1,1,20.9,8120976,0,0,0,ok
full,corpus,GHOSTSCRIPT-699554-0.zip-4.pdf,1,1,9.4,1649912,1,0,0,ok
full,corpus,GHOSTSCRIPT-700125-1.pdf,1,5,42.7,16241576,0,0,0,ok
full,corpus,GHOSTSCRIPT-700139-0.pdf,1,2,369.1,117918008,3,2,2,ok
full,corpus,GHOSTSCRIPT-700236-1.pdf,1,5,41.3,13418840,0,0,0,ok
full,corpus,GHOSTSCRIPT-700288-1.pdf,1,1,18.5,4617856,0,0,0,ok
full,corpus,GHOSTSCRIPT-700370-2.pdf,1,1,5.3,1734248,0,0,0,ok
full,corpus,GHOSTSCRIPT-700931-0.7z-5.pdf,1,2,3.6,1221304,0,0,0,ok
full,corpus,GHOSTSCRIPT-702013-1.pdf,1,1,11.0,3792912,0,0,0,ok
full,corpus,Gamebook.pdf,1,5,121.1,150810688,8,8,8,ok
full,corpus,GlyphDataTableReadCompositeGlyphError.pdf,1,1,16.9,3792800,0,0,0,ok
full,corpus,Grapheme clusters emoji.pdf,1,1,0.7,149608,0,0,0,ok
full,corpus,ICML03-081.pdf,1,5,54.9,17359208,1,1,0,ok
full,corpus,Indexed-DeviceRGB-JPXDecode-0-.0.0.255.0.-Font-F1_1_missing_char_255-1.pdf,1,1,42.1,17000288,0,0,0,ok
full,corpus,IndexedCS_negative_and_high.pdf,1,1,1.0,81848,0,0,0,ok
full,corpus,Judgement Document.pdf,1,5,33.7,11059816,1,1,1,ok
full,corpus,LKR824191.pdf,1,1,13.4,4165144,0,0,0,ok
full,corpus,Layer pdf - 322_High_Holborn_building_Brochure.pdf,1,3,134.8,38360816,1,0,0,ok
full,corpus,MOZILLA-10084-0.pdf,1,1,8.6,3212824,0,0,0,ok
full,corpus,MOZILLA-10225-0.pdf,1,5,36.0,23479216,1,1,1,ok
full,corpus,MOZILLA-10372-2.pdf,1,5,31.5,13028920,0,0,0,ok
full,corpus,MOZILLA-2775-1.pdf,1,5,52.9,17720352,1,0,0,ok
full,corpus,MOZILLA-3136-0.pdf,1,4,712.5,219896584,4,3,2,ok
full,corpus,MOZILLA-7375-0.pdf,1,5,45.3,16128976,0,0,0,ok
full,corpus,MOZILLA-9176-2.pdf,1,5,3.4,9936776,0,0,0,ok
full,corpus,MOZILLA-LINK-3264-0.pdf,1,5,5.1,3412568,0,0,0,ok
full,corpus,MOZILLA-LINK-5251-1.pdf,1,2,8.6,2280128,0,0,0,ok
full,corpus,Math119FakingData.pdf,1,5,39.3,9250472,1,1,0,ok
full,corpus,Motor Insurance claim form.pdf,1,3,276.5,69468944,1,1,1,ok
full,corpus,Multiple Page - from Mortality Statistics.pdf,1,5,45.5,15807160,1,0,0,ok
full,corpus,OPEN.RABBIT.ENGLISH.LOP.pdf,1,5,44.6,27965648,0,0,0,ok
full,corpus,Old Gutnish Internet Explorer.pdf,1,3,36.3,15113656,1,1,1,ok
full,corpus,P2P-33713919.pdf,1,5,41.3,23039864,1,0,0,ok
full,corpus,PDFBOX-1869-4-1.pdf,1,1,2.2,410720,0,0,0,ok
full,corpus,PDFBOX-492-4.jar-8.pdf,1,2,36.0,16854760,0,0,0,ok
full,corpus,PDFBOX-624-2.pdf,1,5,17.4,11327864,0,0,0,ok
full,corpus,Pig Production Handbook.pdf,1,5,14.5,11470096,0,0,0,ok
full,corpus,Pig Reproduction Powerpoint.pdf,1,5,6.5,9152712,0,0,0,ok
full,corpus,Publication_of_award_of_Bids_for_Transport_Sector__August_2016.pdf,1,5,17.0,8525216,0,0,0,ok
full,corpus,Rotated Text Libre Office.pdf,1,1,0.8,271192,0,0,0,ok
full,corpus,Rotation 45.pdf,1,4,60.9,17685272,1,1,1,ok
full,corpus,SPARC - v9 Architecture Manual.pdf,1,5,184.7,74093168,2,1,1,ok
full,corpus,SPE8EF26T0545.pdf,1,5,15.7,11460544,0,0,0,ok
full,corpus,ShowTextOpWithUnbalancedRoundBrackets.pdf,1,1,7.6,4630136,0,0,0,ok
full,corpus,Single Page Broken Offsets - from google drive.pdf,1,1,1.8,611632,0,0,0,ok
full,corpus,Single Page Form Content - from itext 1_1.pdf,1,1,1.3,786656,0,0,0,ok
full,corpus,Single Page Hyperlinks - from open office.pdf,1,1,0.8,405352,0,0,0,ok
full,corpus,Single Page Images - from libre office.pdf,1,1,0.6,383472,0,0,0,ok
full,corpus,Single Page Non Latin - from acrobat distiller.pdf,1,1,1.1,416240,0,0,0,ok
full,corpus,Single Page Simple - from google drive.pdf,1,1,1.2,604576,0,0,0,ok
full,corpus,Single Page Simple - from inkscape.pdf,1,1,0.5,167032,0,0,0,ok
full,corpus,Single Page Simple - from open office.pdf,1,1,0.6,293504,0,0,0,ok
full,corpus,Single Page Type 1 Font.pdf,1,1,0.3,85880,0,0,0,ok
full,corpus,SinglePage180ClockwiseRotation - from PdfPig.pdf,1,1,0.6,248008,0,0,0,ok
full,corpus,SinglePage270ClockwiseRotation - from PdfPig.pdf,1,1,0.5,247936,0,0,0,ok
full,corpus,SinglePage90ClockwiseRotation - from PdfPig.pdf,1,1,0.5,247936,0,0,0,ok
full,corpus,SmallCropbox.pdf,1,1,1.8,1683544,0,0,0,ok
full,corpus,TIKA-1552-0.pdf,1,5,30.0,23495688,1,0,0,ok
full,corpus,TIKA-2054-0.pdf,1,5,24.7,20715640,0,0,0,ok
full,corpus,TIKA-469-0.pdf,1,2,15.9,4685872,1,1,0,ok
full,corpus,Test.Doc.pdf,1,1,2.5,1738576,0,0,0,ok
full,corpus,TrueTypeTablesGlyphDataTableReadGlyphsError.pdf,1,1,7.9,4531552,0,0,0,ok
full,corpus,Two Page Text Only - from libre office.pdf,1,2,2.0,1732600,0,0,0,ok
full,corpus,Type0 Font.pdf,1,1,9.2,10339760,0,0,0,ok
full,corpus,Type0_CJK_Font.pdf,1,5,59.7,4859576,1,0,0,ok
full,corpus,Type3Test.pdf,1,1,0.5,156848,0,0,0,ok
full,corpus,Various Content Types.pdf,1,1,0.8,270848,0,0,0,ok
full,corpus,Why.does.this.not.work.pdf,1,1,1.7,1050192,0,0,0,ok
full,corpus,_citUR2jB1_ay56u6vELzk.pdf,1,2,2.0,2366640,0,0,0,ok
full,corpus,annotation-comments.pdf,1,1,0.9,296040,0,0,0,ok
full,corpus,bold-italic.pdf,1,1,3.1,1898008,0,0,0,ok
full,corpus,bookmarks-with-accented-characters.pdf,1,1,0.6,331424,0,0,0,ok
full,corpus,byz.pdf,1,1,3.4,2270664,0,0,0,ok
full,corpus,capas.pdf,1,5,7.3,8259768,0,0,0,ok
full,corpus,cat-genetics.pdf,1,1,7.5,6761320,0,0,0,ok
full,corpus,cat-genetics_bobld.pdf,1,1,7.6,7029832,0,0,0,ok
full,corpus,cmap-parsing-exception.pdf,1,1,32.5,13551352,1,1,1,ok
full,corpus,cropped-and-rotated.pdf,1,1,2.2,775096,0,0,0,ok
full,corpus,data.pdf,1,3,5.7,4097304,0,0,0,ok
full,corpus,dotnet-ai.pdf,1,5,29.3,32306256,1,1,1,ok
full,corpus,felltypes-test.pdf,1,1,16.5,4980440,0,0,0,ok
full,corpus,hex_0x0006.pdf,1,1,1.4,658968,0,0,0,ok
full,corpus,inherited_mediabox.pdf,1,1,0.3,54864,0,0,0,ok
full,corpus,iron-ore-q2-q3-2013.pdf,1,5,38.5,36551176,1,0,0,ok
full,corpus,issue_1163.pdf,1,2,0.5,183096,0,0,0,ok
full,corpus,issue_1330.pdf,1,1,0.5,57184,0,0,0,ok
full,corpus,issue_1331.pdf,1,1,2.3,1527536,0,0,0,ok
full,corpus,issue_671.pdf,1,2,27.3,18268008,1,0,0,ok
full,corpus,issue_881.pdf,1,1,2.1,778064,0,0,0,ok
full,corpus,issues-1176-1.pdf,1,1,3.2,2167096,0,0,0,ok
full,corpus,issues-1176.pdf,1,1,4.4,7145160,0,0,0,ok
full,corpus,journal.pone.0196757.pdf,1,5,49.6,35411504,0,0,0,ok
full,corpus,jtehm-melillo-2679746.pdf,1,5,70.1,52738016,0,0,0,ok
full,corpus,little-pig-in-armenian.pdf,1,1,1.0,317440,0,0,0,ok
full,corpus,odwriteex.pdf,1,1,1.2,715240,0,0,0,ok
full,corpus,outline.pdf,1,3,2.2,1120392,0,0,0,ok
full,corpus,output_w3c_csswg_drafts_issues2023.pdf,1,1,0.8,235192,0,0,0,ok
full,corpus,path_ext_oddeven.pdf,1,1,2.2,1155264,0,0,0,ok
full,corpus,pop-bugzilla37292.pdf,1,4,11.7,7955600,0,0,0,ok
full,corpus,reference-2-numeric-error.pdf,1,1,37.7,7151296,1,1,1,ok
full,corpus,soundandvision.pdf,1,1,3.1,2154408,0,0,0,ok
full,corpus,ssm2163.pdf,1,5,17.7,10913392,0,0,0,ok
full,corpus,steam_in_page_dict.pdf,1,1,3.0,168928,0,0,0,ok
full,corpus,test-2_so_74165171.pdf,1,1,126.0,42245392,2,1,1,ok
full,corpus,testPdf-1.pdf,1,2,6.1,6055480,0,0,0,ok
full,corpus,test_a-5.pdf,1,5,96.5,70127936,2,0,0,ok
full,corpus,test_a.pdf,1,5,84.1,69147224,1,1,1,ok
full,corpus,toc.pdf,1,5,5.5,7515720,0,0,0,ok
full,corpus,type3-font-zero-height.pdf,1,1,25.5,8054968,1,0,0,ok
full,corpus,0000851.pdf,2,5,281.8,118480384,2,1,1,ok
full,corpus,11194059_2017-11_de_s.pdf,2,2,34.1,27660968,1,0,0,ok
full,corpus,2006_Swedish_Touring_Car_Championship.pdf,2,4,7.0,7844968,0,0,0,ok
full,corpus,2108.11480.pdf,2,5,70.1,75437680,0,0,0,ok
full,corpus,22060_A1_01_Plans-1.pdf,2,1,25.1,9375904,1,1,1,ok
full,corpus,6.Secrets.to.Startup.Success.PDFDrive.pdf,2,5,27.6,24735584,1,0,0,ok
full,corpus,68-1990-01_A.pdf,2,5,43.5,44571080,0,0,0,ok
full,corpus,AcroFormsBasicFields.pdf,2,1,0.9,593960,0,0,0,ok
full,corpus,Approved_Document_B__fire_safety__volume_2_-_Buildings_other_than_dwellings__2019_edition_incorporating_2020_and_2022_amendments.pdf,2,5,58.3,51975728,3,3,2,ok
full,corpus,Arve.nr.1615.17.04.2026.pdf,2,1,1.9,1270368,0,0,0,ok
full,corpus,ClipPathLetterFilter-Test1.pdf,2,5,11.7,12251496,0,0,0,ok
full,corpus,ClipPathLetterFilter-Test2.pdf,2,1,7.7,8697840,0,0,0,ok
full,corpus,ColorIssue.pdf,2,1,42.4,34051296,2,2,2,ok
full,corpus,DeviceN_CS_test.pdf,2,5,13.9,21535952,0,0,0,ok
full,corpus,Diacritics_export.pdf,2,1,2.1,2354432,0,0,0,ok
full,corpus,EmptyPdf.pdf,2,1,0.2,37856,0,0,0,ok
full,corpus,ErcotFacts.pdf,2,2,23.8,13357808,1,1,0,ok
full,corpus,FICTIF_TABLE_INDEX.pdf,2,5,13.9,14804688,0,0,0,ok
full,corpus,FarmerMac.pdf,2,5,12.6,13699904,0,0,0,ok
full,corpus,Font Size Test - from google chrome print pdf.pdf,2,1,0.9,479880,0,0,0,ok
full,corpus,Font Size Test - from libre office.pdf,2,1,0.7,187688,0,0,0,ok
full,corpus,FontMatrix-1.pdf,2,1,0.4,216552,0,0,0,ok
full,corpus,FontMatrix-concat.pdf,2,1,0.2,134464,0,0,0,ok
full,corpus,FontMatrix-otf-bad-hmtx.pdf,2,1,1.2,746192,0,0,0,ok
full,corpus,FontMatrix-otf.pdf,2,1,1.2,742256,0,0,0,ok
full,corpus,FontMatrix-raw.pdf,2,1,2.3,682856,1,0,0,ok
full,corpus,GHOSTSCRIPT-692564-0.pdf,2,1,0.8,547368,0,0,0,ok
full,corpus,GHOSTSCRIPT-695513-0.pdf,2,1,2.2,3520352,0,0,0,ok
full,corpus,GHOSTSCRIPT-696171-0.pdf,2,5,10.0,11331928,0,0,0,ok
full,corpus,GHOSTSCRIPT-696547-0.zip-7.pdf,2,1,13.5,7492696,1,1,1,ok
full,corpus,GHOSTSCRIPT-696547-0.zip-9.pdf,2,1,3.8,7355224,0,0,0,ok
full,corpus,GHOSTSCRIPT-697234-0.pdf,2,3,28.1,22673488,1,0,0,ok
full,corpus,GHOSTSCRIPT-697507-0.pdf,2,1,7.8,7969480,0,0,0,ok
full,corpus,GHOSTSCRIPT-697984-3.pdf,2,1,2.6,1619464,0,0,0,ok
full,corpus,GHOSTSCRIPT-698168-0.pdf,2,1,2.3,2816120,0,0,0,ok
full,corpus,GHOSTSCRIPT-698363-0.pdf,2,1,1.5,466528,0,0,0,ok
full,corpus,GHOSTSCRIPT-698721-0.zip-6.pdf,2,2,5.9,7315232,0,0,0,ok
full,corpus,GHOSTSCRIPT-698721-1.pdf,2,1,1.4,2031688,0,0,0,ok
full,corpus,GHOSTSCRIPT-699035-0.pdf,2,5,33.3,38411168,0,0,0,ok
full,corpus,GHOSTSCRIPT-699178-0.pdf,2,3,9.1,8417432,0,0,0,ok
full,corpus,GHOSTSCRIPT-699375-5.pdf,2,1,4.4,3067728,0,0,0,ok
full,corpus,GHOSTSCRIPT-699488-0.pdf,2,1,9.8,8119392,0,0,0,ok
full,corpus,GHOSTSCRIPT-699554-0.zip-4.pdf,2,1,2.0,1649840,0,0,0,ok
full,corpus,GHOSTSCRIPT-700125-1.pdf,2,5,30.2,16247888,1,1,1,ok
full,corpus,GHOSTSCRIPT-700139-0.pdf,2,2,159.0,116233776,4,2,1,ok
full,corpus,GHOSTSCRIPT-700236-1.pdf,2,5,11.0,13418096,0,0,0,ok
full,corpus,GHOSTSCRIPT-700288-1.pdf,2,1,4.4,4617784,0,0,0,ok
full,corpus,GHOSTSCRIPT-700370-2.pdf,2,1,1.8,1596056,0,0,0,ok
full,corpus,GHOSTSCRIPT-700931-0.7z-5.pdf,2,2,1.5,1221232,0,0,0,ok
full,corpus,GHOSTSCRIPT-702013-1.pdf,2,1,5.2,3792264,1,0,0,ok
full,corpus,Gamebook.pdf,2,5,13.6,9352584,0,0,0,ok
full,corpus,GlyphDataTableReadCompositeGlyphError.pdf,2,1,4.1,2886344,0,0,0,ok
full,corpus,Grapheme clusters emoji.pdf,2,1,0.4,149464,0,0,0,ok
full,corpus,ICML03-081.pdf,2,5,15.8,17289552,0,0,0,ok
full,corpus,Indexed-DeviceRGB-JPXDecode-0-.0.0.255.0.-Font-F1_1_missing_char_255-1.pdf,2,1,24.2,16978032,1,0,0,ok
full,corpus,IndexedCS_negative_and_high.pdf,2,1,0.4,82056,0,0,0,ok
full,corpus,Judgement Document.pdf,2,5,6.8,9126064,0,0,0,ok
full,corpus,LKR824191.pdf,2,1,3.0,4164792,0,0,0,ok
full,corpus,Layer pdf - 322_High_Holborn_building_Brochure.pdf,2,3,46.1,37978328,1,0,0,ok
full,corpus,MOZILLA-10084-0.pdf,2,1,3.5,3207768,0,0,0,ok
full,corpus,MOZILLA-10225-0.pdf,2,5,13.1,22993424,0,0,0,ok
full,corpus,MOZILLA-10372-2.pdf,2,5,22.9,13029432,1,1,1,ok
full,corpus,MOZILLA-2775-1.pdf,2,5,15.9,17723888,0,0,0,ok
full,corpus,MOZILLA-3136-0.pdf,2,4,290.8,217976504,6,2,2,ok
full,corpus,MOZILLA-7375-0.pdf,2,5,15.8,16127752,0,0,0,ok
full,corpus,MOZILLA-9176-2.pdf,2,5,2.7,9936776,0,0,0,ok
full,corpus,MOZILLA-LINK-3264-0.pdf,2,5,2.6,3291968,0,0,0,ok
full,corpus,MOZILLA-LINK-5251-1.pdf,2,2,3.4,2201344,0,0,0,ok
full,corpus,Math119FakingData.pdf,2,5,13.2,9248816,0,0,0,ok
full,corpus,Motor Insurance claim form.pdf,2,3,140.2,68832208,3,3,2,ok
full,corpus,Multiple Page - from Mortality Statistics.pdf,2,5,7.7,8264136,0,0,0,ok
full,corpus,OPEN.RABBIT.ENGLISH.LOP.pdf,2,5,34.7,27775504,1,0,0,ok
full,corpus,Old Gutnish Internet Explorer.pdf,2,3,13.2,14269616,0,0,0,ok
full,corpus,P2P-33713919.pdf,2,5,14.9,22997856,0,0,0,ok
full,corpus,PDFBOX-1869-4-1.pdf,2,1,0.7,410360,0,0,0,ok
full,corpus,PDFBOX-492-4.jar-8.pdf,2,2,31.0,16853128,1,0,0,ok
full,corpus,PDFBOX-624-2.pdf,2,5,9.6,11326584,0,0,0,ok
full,corpus,Pig Production Handbook.pdf,2,5,9.0,11469472,0,0,0,ok
full,corpus,Pig Reproduction Powerpoint.pdf,2,5,4.3,9150216,0,0,0,ok
full,corpus,Publication_of_award_of_Bids_for_Transport_Sector__August_2016.pdf,2,5,20.4,8487592,1,1,1,ok
full,corpus,Rotated Text Libre Office.pdf,2,1,0.7,237968,0,0,0,ok
full,corpus,Rotation 45.pdf,2,4,12.5,9895040,0,0,0,ok
full,corpus,SPARC - v9 Architecture Manual.pdf,2,5,73.7,74092784,2,1,1,ok
full,corpus,SPE8EF26T0545.pdf,2,5,10.1,11453800,0,0,0,ok
full,corpus,ShowTextOpWithUnbalancedRoundBrackets.pdf,2,1,4.4,4629752,0,0,0,ok
full,corpus,Single Page Broken Offsets - from google drive.pdf,2,1,1.5,590176,0,0,0,ok
full,corpus,Single Page Form Content - from itext 1_1.pdf,2,1,0.9,786488,0,0,0,ok
full,corpus,Single Page Hyperlinks - from open office.pdf,2,1,0.7,360328,0,0,0,ok
full,corpus,Single Page Images - from libre office.pdf,2,1,0.5,377616,0,0,0,ok
full,corpus,Single Page Non Latin - from acrobat distiller.pdf,2,1,0.8,396272,0,0,0,ok
full,corpus,Single Page Simple - from google drive.pdf,2,1,1.0,583192,0,0,0,ok
full,corpus,Single Page Simple - from inkscape.pdf,2,1,0.4,149944,0,0,0,ok
full,corpus,Single Page Simple - from open office.pdf,2,1,0.5,270128,0,0,0,ok
full,corpus,Single Page Type 1 Font.pdf,2,1,0.3,85856,0,0,0,ok
full,corpus,SinglePage180ClockwiseRotation - from PdfPig.pdf,2,1,0.4,201736,0,0,0,ok
full,corpus,SinglePage270ClockwiseRotation - from PdfPig.pdf,2,1,0.4,201736,0,0,0,ok
full,corpus,SinglePage90ClockwiseRotation - from PdfPig.pdf,2,1,0.4,201736,0,0,0,ok
full,corpus,SmallCropbox.pdf,2,1,1.8,1683376,0,0,0,ok
full,corpus,TIKA-1552-0.pdf,2,5,35.8,23483976,1,1,1,ok
full,corpus,TIKA-2054-0.pdf,2,5,17.8,20908768,0,0,0,ok
full,corpus,TIKA-469-0.pdf,2,2,4.2,4677304,0,0,0,ok
full,corpus,Test.Doc.pdf,2,1,6.2,1679448,1,0,0,ok
full,corpus,TrueTypeTablesGlyphDataTableReadGlyphsError.pdf,2,1,5.3,3650504,0,0,0,ok
full,corpus,Two Page Text Only - from libre office.pdf,2,2,1.7,1569760,0,0,0,ok
full,corpus,Type0 Font.pdf,2,1,8.4,9721328,0,0,0,ok
full,corpus,Type0_CJK_Font.pdf,2,5,10.1,3212400,0,0,0,ok
full,corpus,Type3Test.pdf,2,1,0.4,155400,0,0,0,ok
full,corpus,Various Content Types.pdf,2,1,0.4,256208,0,0,0,ok
full,corpus,Why.does.this.not.work.pdf,2,1,1.4,1035936,0,0,0,ok
full,corpus,_citUR2jB1_ay56u6vELzk.pdf,2,2,1.9,2254200,0,0,0,ok
full,corpus,annotation-comments.pdf,2,1,0.6,283368,0,0,0,ok
full,corpus,bold-italic.pdf,2,1,2.2,1617016,0,0,0,ok
full,corpus,bookmarks-with-accented-characters.pdf,2,1,0.4,331400,0,0,0,ok
full,corpus,byz.pdf,2,1,2.4,2270568,0,0,0,ok
full,corpus,capas.pdf,2,5,6.8,8006016,1,1,0,ok
full,corpus,cat-genetics.pdf,2,1,5.1,6760568,0,0,0,ok
full,corpus,cat-genetics_bobld.pdf,2,1,14.4,7031056,1,1,1,ok
full,corpus,cmap-parsing-exception.pdf,2,1,16.5,13249128,0,0,0,ok
full,corpus,cropped-and-rotated.pdf,2,1,1.3,743992,0,0,0,ok
full,corpus,data.pdf,2,3,3.9,4097088,0,0,0,ok
full,corpus,dotnet-ai.pdf,2,5,23.6,31616352,1,1,1,ok
full,corpus,felltypes-test.pdf,2,1,8.6,4979480,0,0,0,ok
full,corpus,hex_0x0006.pdf,2,1,0.9,658224,0,0,0,ok
full,corpus,inherited_mediabox.pdf,2,1,0.2,54768,0,0,0,ok
full,corpus,iron-ore-q2-q3-2013.pdf,2,5,25.4,36510784,1,0,0,ok
full,corpus,issue_1163.pdf,2,2,0.4,183048,0,0,0,ok
full,corpus,issue_1330.pdf,2,1,0.2,57160,0,0,0,ok
full,corpus,issue_1331.pdf,2,1,1.6,1351112,0,0,0,ok
full,corpus,issue_671.pdf,2,2,26.9,17840024,1,1,1,ok
full,corpus,issue_881.pdf,2,1,1.5,617632,0,0,0,ok
full,corpus,issues-1176-1.pdf,2,1,2.1,2170688,0,0,0,ok
full,corpus,issues-1176.pdf,2,1,3.0,7210360,0,0,0,ok
full,corpus,journal.pone.0196757.pdf,2,5,35.8,35418968,1,0,0,ok
full,corpus,jtehm-melillo-2679746.pdf,2,5,61.4,52873584,1,1,1,ok
full,corpus,little-pig-in-armenian.pdf,2,1,0.8,306776,0,0,0,ok
full,corpus,odwriteex.pdf,2,1,0.9,780704,0,0,0,ok
full,corpus,outline.pdf,2,3,1.7,1087056,0,0,0,ok
full,corpus,output_w3c_csswg_drafts_issues2023.pdf,2,1,0.6,234960,0,0,0,ok
full,corpus,path_ext_oddeven.pdf,2,1,1.4,1039800,0,0,0,ok
full,corpus,pop-bugzilla37292.pdf,2,4,14.7,7593648,1,0,0,ok
full,corpus,reference-2-numeric-error.pdf,2,1,9.2,7147352,0,0,0,ok
full,corpus,soundandvision.pdf,2,1,2.1,1856152,0,0,0,ok
full,corpus,ssm2163.pdf,2,5,8.8,10259168,0,0,0,ok
full,corpus,steam_in_page_dict.pdf,2,1,0.4,103272,0,0,0,ok
full,corpus,test-2_so_74165171.pdf,2,1,57.8,42239208,1,1,1,ok
full,corpus,testPdf-1.pdf,2,2,17.4,5966512,1,1,1,ok
full,corpus,test_a-5.pdf,2,5,74.2,69775144,2,1,1,ok
full,corpus,test_a.pdf,2,5,70.4,69772496,1,0,0,ok
full,corpus,toc.pdf,2,5,24.8,7515544,1,1,0,ok
full,corpus,type3-font-zero-height.pdf,2,1,17.5,8052320,1,1,1,ok
full,corpus,0000851.pdf,3,5,202.8,118480208,3,1,1,ok
full,corpus,11194059_2017-11_de_s.pdf,3,2,21.3,27608312,0,0,0,ok
full,corpus,2006_Swedish_Touring_Car_Championship.pdf,3,4,8.5,7628616,0,0,0,ok
full,corpus,2108.11480.pdf,3,5,81.1,74834944,2,1,0,ok
full,corpus,22060_A1_01_Plans-1.pdf,3,1,5.4,9374000,0,0,0,ok
full,corpus,6.Secrets.to.Startup.Success.PDFDrive.pdf,3,5,31.4,24737488,1,1,1,ok
full,corpus,68-1990-01_A.pdf,3,5,62.2,44459144,2,1,1,ok
full,corpus,AcroFormsBasicFields.pdf,3,1,0.8,594224,0,0,0,ok
full,corpus,Approved_Document_B__fire_safety__volume_2_-_Buildings_other_than_dwellings__2019_edition_incorporating_2020_and_2022_amendments.pdf,3,5,41.5,51966672,1,0,0,ok
full,corpus,Arve.nr.1615.17.04.2026.pdf,3,1,1.8,1193080,0,0,0,ok
full,corpus,ClipPathLetterFilter-Test1.pdf,3,5,11.5,12120936,0,0,0,ok
full,corpus,ClipPathLetterFilter-Test2.pdf,3,1,7.6,8697840,0,0,0,ok
full,corpus,ColorIssue.pdf,3,1,40.9,34182240,2,2,2,ok
full,corpus,DeviceN_CS_test.pdf,3,5,21.4,21538152,1,1,1,ok
full,corpus,Diacritics_export.pdf,3,1,2.0,2354696,0,0,0,ok
full,corpus,EmptyPdf.pdf,3,1,0.3,37856,0,0,0,ok
full,corpus,ErcotFacts.pdf,3,2,15.9,13357808,1,0,0,ok
full,corpus,FICTIF_TABLE_INDEX.pdf,3,5,12.5,14804688,0,0,0,ok
full,corpus,FarmerMac.pdf,3,5,12.1,13699904,0,0,0,ok
full,corpus,Font Size Test - from google chrome print pdf.pdf,3,1,1.1,479880,0,0,0,ok
full,corpus,Font Size Test - from libre office.pdf,3,1,0.4,187688,0,0,0,ok
full,corpus,FontMatrix-1.pdf,3,1,0.3,216552,0,0,0,ok
full,corpus,FontMatrix-concat.pdf,3,1,0.2,134464,0,0,0,ok
full,corpus,FontMatrix-otf-bad-hmtx.pdf,3,1,1.1,746192,0,0,0,ok
full,corpus,FontMatrix-otf.pdf,3,1,1.1,742256,0,0,0,ok
full,corpus,FontMatrix-raw.pdf,3,1,1.2,682856,0,0,0,ok
full,corpus,GHOSTSCRIPT-692564-0.pdf,3,1,0.7,547160,0,0,0,ok
full,corpus,GHOSTSCRIPT-695513-0.pdf,3,1,12.0,3654184,1,1,1,ok
full,corpus,GHOSTSCRIPT-696171-0.pdf,3,5,9.3,11401872,0,0,0,ok
full,corpus,GHOSTSCRIPT-696547-0.zip-7.pdf,3,1,3.8,7354832,0,0,0,ok
full,corpus,GHOSTSCRIPT-696547-0.zip-9.pdf,3,1,3.6,7354440,0,0,0,ok
full,corpus,GHOSTSCRIPT-697234-0.pdf,3,3,23.7,22673488,1,0,0,ok
full,corpus,GHOSTSCRIPT-697507-0.pdf,3,1,8.4,7903920,0,0,0,ok
full,corpus,GHOSTSCRIPT-697984-3.pdf,3,1,2.1,1619464,0,0,0,ok
full,corpus,GHOSTSCRIPT-698168-0.pdf,3,1,1.8,2816120,0,0,0,ok
full,corpus,GHOSTSCRIPT-698363-0.pdf,3,1,1.3,466120,0,0,0,ok
full,corpus,GHOSTSCRIPT-698721-0.zip-6.pdf,3,2,5.4,7315232,0,0,0,ok
full,corpus,GHOSTSCRIPT-698721-1.pdf,3,1,1.6,2031688,0,0,0,ok
full,corpus,GHOSTSCRIPT-699035-0.pdf,3,5,41.6,38417936,1,1,1,ok
full,corpus,GHOSTSCRIPT-699178-0.pdf,3,3,15.0,8417936,1,0,0,ok
full,corpus,GHOSTSCRIPT-699375-5.pdf,3,1,3.1,3067936,0,0,0,ok
full,corpus,GHOSTSCRIPT-699488-0.pdf,3,1,6.7,8119392,0,0,0,ok
full,corpus,GHOSTSCRIPT-699554-0.zip-4.pdf,3,1,1.3,1649840,0,0,0,ok
full,corpus,GHOSTSCRIPT-700125-1.pdf,3,5,11.2,16241120,0,0,0,ok
full,corpus,GHOSTSCRIPT-700139-0.pdf,3,2,123.0,116367104,3,2,2,ok
full,corpus,GHOSTSCRIPT-700236-1.pdf,3,5,16.4,13418096,0,0,0,ok
full,corpus,GHOSTSCRIPT-700288-1.pdf,3,1,6.1,4617784,0,0,0,ok
full,corpus,GHOSTSCRIPT-700370-2.pdf,3,1,2.1,1596056,0,0,0,ok
full,corpus,GHOSTSCRIPT-700931-0.7z-5.pdf,3,2,1.7,1221232,0,0,0,ok
full,corpus,GHOSTSCRIPT-702013-1.pdf,3,1,4.4,3792264,0,0,0,ok
full,corpus,Gamebook.pdf,3,5,12.2,9352376,0,0,0,ok
full,corpus,GlyphDataTableReadCompositeGlyphError.pdf,3,1,4.4,2886344,0,0,0,ok
full,corpus,Grapheme clusters emoji.pdf,3,1,0.5,149464,0,0,0,ok
full,corpus,ICML03-081.pdf,3,5,21.8,17289552,0,0,0,ok
full,corpus,Indexed-DeviceRGB-JPXDecode-0-.0.0.255.0.-Font-F1_1_missing_char_255-1.pdf,3,1,29.3,16978032,0,0,0,ok
full,corpus,IndexedCS_negative_and_high.pdf,3,1,0.4,81848,0,0,0,ok
full,corpus,Judgement Document.pdf,3,5,9.1,9126064,0,0,0,ok
full,corpus,LKR824191.pdf,3,1,21.9,4164792,1,0,0,ok
full,corpus,Layer pdf - 322_High_Holborn_building_Brochure.pdf,3,3,40.8,37981184,1,1,1,ok
full,corpus,MOZILLA-10084-0.pdf,3,1,3.8,3211944,0,0,0,ok
full,corpus,MOZILLA-10225-0.pdf,3,5,14.1,22993512,0,0,0,ok
full,corpus,MOZILLA-10372-2.pdf,3,5,19.8,13160528,1,1,1,ok
full,corpus,MOZILLA-2775-1.pdf,3,5,17.3,17723888,1,0,0,ok
full,corpus,MOZILLA-3136-0.pdf,3,4,234.1,217846928,5,2,1,ok
full,corpus,MOZILLA-7375-0.pdf,3,5,12.5,16127752,0,0,0,ok
full,corpus,MOZILLA-9176-2.pdf,3,5,2.9,9936776,0,0,0,ok
full,corpus,MOZILLA-LINK-3264-0.pdf,3,5,2.0,3291968,0,0,0,ok
full,corpus,MOZILLA-LINK-5251-1.pdf,3,2,2.1,2201344,0,0,0,ok
full,corpus,Math119FakingData.pdf,3,5,7.5,9248816,0,0,0,ok
full,corpus,Motor Insurance claim form.pdf,3,3,98.9,69292088,2,2,2,ok
full,corpus,Multiple Page - from Mortality Statistics.pdf,3,5,6.0,8263080,0,0,0,ok
full,corpus,OPEN.RABBIT.ENGLISH.LOP.pdf,3,5,30.0,27775504,1,0,0,ok
full,corpus,Old Gutnish Internet Explorer.pdf,3,3,21.6,14337912,1,1,1,ok
full,corpus,P2P-33713919.pdf,3,5,12.0,22998120,0,0,0,ok
full,corpus,PDFBOX-1869-4-1.pdf,3,1,0.7,410360,0,0,0,ok
full,corpus,PDFBOX-492-4.jar-8.pdf,3,2,24.7,16853128,1,0,0,ok
full,corpus,PDFBOX-624-2.pdf,3,5,9.3,11326584,0,0,0,ok
full,corpus,Pig Production Handbook.pdf,3,5,8.0,11469472,0,0,0,ok
full,corpus,Pig Reproduction Powerpoint.pdf,3,5,3.9,9150216,0,0,0,ok
full,corpus,Publication_of_award_of_Bids_for_Transport_Sector__August_2016.pdf,3,5,20.3,8487592,1,1,1,ok
full,corpus,Rotated Text Libre Office.pdf,3,1,0.6,237968,0,0,0,ok
full,corpus,Rotation 45.pdf,3,4,11.7,9895040,0,0,0,ok
full,corpus,SPARC - v9 Architecture Manual.pdf,3,5,62.8,74092784,2,1,1,ok
full,corpus,SPE8EF26T0545.pdf,3,5,8.8,11453800,0,0,0,ok
full,corpus,ShowTextOpWithUnbalancedRoundBrackets.pdf,3,1,4.2,4629752,0,0,0,ok
full,corpus,Single Page Broken Offsets - from google drive.pdf,3,1,1.5,590176,0,0,0,ok
full,corpus,Single Page Form Content - from itext 1_1.pdf,3,1,0.9,786488,0,0,0,ok
full,corpus,Single Page Hyperlinks - from open office.pdf,3,1,0.6,360328,0,0,0,ok
full,corpus,Single Page Images - from libre office.pdf,3,1,1.0,377616,0,0,0,ok
full,corpus,Single Page Non Latin - from acrobat distiller.pdf,3,1,0.9,396272,0,0,0,ok
full,corpus,Single Page Simple - from google drive.pdf,3,1,0.9,583192,0,0,0,ok
full,corpus,Single Page Simple - from inkscape.pdf,3,1,0.4,149944,0,0,0,ok
full,corpus,Single Page Simple - from open office.pdf,3,1,0.4,270128,0,0,0,ok
full,corpus,Single Page Type 1 Font.pdf,3,1,0.2,85856,0,0,0,ok
full,corpus,SinglePage180ClockwiseRotation - from PdfPig.pdf,3,1,0.4,201736,0,0,0,ok
full,corpus,SinglePage270ClockwiseRotation - from PdfPig.pdf,3,1,0.4,201736,0,0,0,ok
full,corpus,SinglePage90ClockwiseRotation - from PdfPig.pdf,3,1,0.3,201736,0,0,0,ok
full,corpus,SmallCropbox.pdf,3,1,1.5,1683376,0,0,0,ok
full,corpus,TIKA-1552-0.pdf,3,5,23.9,23477120,0,0,0,ok
full,corpus,TIKA-2054-0.pdf,3,5,33.4,20915272,1,1,1,ok
full,corpus,TIKA-469-0.pdf,3,2,4.1,4677656,0,0,0,ok
full,corpus,Test.Doc.pdf,3,1,1.7,1679448,0,0,0,ok
full,corpus,TrueTypeTablesGlyphDataTableReadGlyphsError.pdf,3,1,4.6,3650296,0,0,0,ok
full,corpus,Two Page Text Only - from libre office.pdf,3,2,1.5,1569760,0,0,0,ok
full,corpus,Type0 Font.pdf,3,1,8.0,9721328,0,0,0,ok
full,corpus,Type0_CJK_Font.pdf,3,5,8.8,3212400,1,0,0,ok
full,corpus,Type3Test.pdf,3,1,0.3,155608,0,0,0,ok
full,corpus,Various Content Types.pdf,3,1,0.3,256208,0,0,0,ok
full,corpus,Why.does.this.not.work.pdf,3,1,1.3,1035936,0,0,0,ok
full,corpus,_citUR2jB1_ay56u6vELzk.pdf,3,2,1.9,2255248,0,0,0,ok
full,corpus,annotation-comments.pdf,3,1,0.5,283368,0,0,0,ok
full,corpus,bold-italic.pdf,3,1,2.1,1617016,0,0,0,ok
full,corpus,bookmarks-with-accented-characters.pdf,3,1,0.4,331400,0,0,0,ok
full,corpus,byz.pdf,3,1,2.0,2270568,0,0,0,ok
full,corpus,capas.pdf,3,5,5.4,8006016,0,0,0,ok
full,corpus,cat-genetics.pdf,3,1,5.6,6760360,1,0,0,ok
full,corpus,cat-genetics_bobld.pdf,3,1,4.8,7029584,0,0,0,ok
full,corpus,cmap-parsing-exception.pdf,3,1,19.8,13116712,1,0,0,ok
full,corpus,cropped-and-rotated.pdf,3,1,1.2,744200,0,0,0,ok
full,corpus,data.pdf,3,3,3.6,4096936,0,0,0,ok
full,corpus,dotnet-ai.pdf,3,5,24.7,31616352,1,1,1,ok
full,corpus,felltypes-test.pdf,3,1,8.3,4979480,0,0,0,ok
full,corpus,hex_0x0006.pdf,3,1,0.9,658224,0,0,0,ok
full,corpus,inherited_mediabox.pdf,3,1,0.2,54768,0,0,0,ok
full,corpus,iron-ore-q2-q3-2013.pdf,3,5,28.5,37254752,1,1,1,ok
full,corpus,issue_1163.pdf,3,2,0.4,183104,0,0,0,ok
full,corpus,issue_1330.pdf,3,1,0.2,57160,0,0,0,ok
full,corpus,issue_1331.pdf,3,1,1.8,1351112,0,0,0,ok
full,corpus,issue_671.pdf,3,2,31.0,17975328,1,1,1,ok
full,corpus,issue_881.pdf,3,1,1.2,617544,0,0,0,ok
full,corpus,issues-1176-1.pdf,3,1,2.3,2166568,0,0,0,ok
full,corpus,issues-1176.pdf,3,1,2.9,7144800,0,0,0,ok
full,corpus,journal.pone.0196757.pdf,3,5,37.0,35418968,1,0,0,ok
full,corpus,jtehm-melillo-2679746.pdf,3,5,64.4,52873584,1,1,1,ok
full,corpus,little-pig-in-armenian.pdf,3,1,0.8,306776,0,0,0,ok
full,corpus,odwriteex.pdf,3,1,0.9,780704,0,0,0,ok
full,corpus,outline.pdf,3,3,1.8,1087056,0,0,0,ok
full,corpus,output_w3c_csswg_drafts_issues2023.pdf,3,1,0.7,234960,0,0,0,ok
full,corpus,path_ext_oddeven.pdf,3,1,1.4,1039800,0,0,0,ok
full,corpus,pop-bugzilla37292.pdf,3,4,17.1,7593648,1,1,0,ok
full,corpus,reference-2-numeric-error.pdf,3,1,8.4,7147352,0,0,0,ok
full,corpus,soundandvision.pdf,3,1,2.3,1856152,0,0,0,ok
full,corpus,ssm2163.pdf,3,5,7.9,10259168,0,0,0,ok
full,corpus,steam_in_page_dict.pdf,3,1,0.4,103272,0,0,0,ok
full,corpus,test-2_so_74165171.pdf,3,1,57.2,42239208,1,1,1,ok
full,corpus,testPdf-1.pdf,3,2,5.6,5832920,0,0,0,ok
full,corpus,test_a-5.pdf,3,5,72.4,69774880,2,1,1,ok
full,corpus,test_a.pdf,3,5,88.3,68857568,2,1,1,ok
full,corpus,toc.pdf,3,5,5.1,7515600,0,0,0,ok
full,corpus,type3-font-zero-height.pdf,3,1,9.0,8049464,0,0,0,ok
full-v2,corpus,0000851.pdf,1,5,1114.4,165940248,5,2,2,ok
full-v2,corpus,11194059_2017-11_de_s.pdf,1,2,129.4,27685600,0,0,0,ok
full-v2,corpus,2006_Swedish_Touring_Car_Championship.pdf,1,4,67.9,7846600,1,1,0,ok
full-v2,corpus,2108.11480.pdf,1,5,306.2,75655608,2,1,1,ok
full-v2,corpus,22060_A1_01_Plans-1.pdf,1,1,39.1,9644024,2,2,2,ok
full-v2,corpus,6.Secrets.to.Startup.Success.PDFDrive.pdf,1,5,120.5,24739544,0,0,0,ok
full-v2,corpus,68-1990-01_A.pdf,1,5,310.2,64728784,1,0,0,ok
full-v2,corpus,AcroFormsBasicFields.pdf,1,1,2.8,596320,0,0,0,ok
full-v2,corpus,Approved_Document_B__fire_safety__volume_2_-_Buildings_other_than_dwellings__2019_edition_incorporating_2020_and_2022_amendments.pdf,1,5,175.8,52111448,3,2,2,ok
full-v2,corpus,Arve.nr.1615.17.04.2026.pdf,1,1,5.9,1295632,0,0,0,ok
full-v2,corpus,ClipPathLetterFilter-Test1.pdf,1,5,120.5,41274840,0,0,0,ok
full-v2,corpus,ClipPathLetterFilter-Test2.pdf,1,1,51.3,8981328,1,1,1,ok
full-v2,corpus,ColorIssue.pdf,1,1,132.3,34302688,2,2,2,ok
full-v2,corpus,DeviceN_CS_test.pdf,1,5,80.9,22011680,1,1,1,ok
full-v2,corpus,Diacritics_export.pdf,1,1,9.1,2358040,0,0,0,ok
full-v2,corpus,EmptyPdf.pdf,1,1,0.6,38640,0,0,0,ok
full-v2,corpus,ErcotFacts.pdf,1,2,75.6,13765776,1,0,0,ok
full-v2,corpus,FICTIF_TABLE_INDEX.pdf,1,5,63.3,15509416,0,0,0,ok
full-v2,corpus,FarmerMac.pdf,1,5,73.4,14093952,0,0,0,ok
full-v2,corpus,Font Size Test - from google chrome print pdf.pdf,1,1,3.4,505408,0,0,0,ok
full-v2,corpus,Font Size Test - from libre office.pdf,1,1,1.8,202184,0,0,0,ok
full-v2,corpus,FontMatrix-1.pdf,1,1,1.2,216904,0,0,0,ok
full-v2,corpus,FontMatrix-concat.pdf,1,1,0.5,134744,0,0,0,ok
full-v2,corpus,FontMatrix-otf-bad-hmtx.pdf,1,1,8.1,750416,0,0,0,ok
full-v2,corpus,FontMatrix-otf.pdf,1,1,4.8,742536,0,0,0,ok
full-v2,corpus,FontMatrix-raw.pdf,1,1,3.8,683208,0,0,0,ok
full-v2,corpus,GHOSTSCRIPT-692564-0.pdf,1,1,6.6,548040,0,0,0,ok
full-v2,corpus,GHOSTSCRIPT-695513-0.pdf,1,1,17.0,3521856,0,0,0,ok
full-v2,corpus,GHOSTSCRIPT-696171-0.pdf,1,5,69.5,11333216,0,0,0,ok
full-v2,corpus,GHOSTSCRIPT-696547-0.zip-7.pdf,1,1,48.1,7362520,1,1,1,ok
full-v2,corpus,GHOSTSCRIPT-696547-0.zip-9.pdf,1,1,27.5,7355072,0,0,0,ok
full-v2,corpus,GHOSTSCRIPT-697234-0.pdf,1,3,152.3,22679384,1,0,0,ok
full-v2,corpus,GHOSTSCRIPT-697507-0.pdf,1,1,33.9,7972640,0,0,0,ok
full-v2,corpus,GHOSTSCRIPT-697984-3.pdf,1,1,9.9,1698032,0,0,0,ok
full-v2,corpus,GHOSTSCRIPT-698168-0.pdf,1,1,9.8,2816688,0,0,0,ok
full-v2,corpus,GHOSTSCRIPT-698363-0.pdf,1,1,17.2,477368,0,0,0,ok
full-v2,corpus,GHOSTSCRIPT-698721-0.zip-6.pdf,1,2,26.9,7316296,0,0,0,ok
full-v2,corpus,GHOSTSCRIPT-698721-1.pdf,1,1,5.9,2031968,0,0,0,ok
full-v2,corpus,GHOSTSCRIPT-699035-0.pdf,1,5,274.5,38419976,2,1,1,ok
full-v2,corpus,GHOSTSCRIPT-699178-0.pdf,1,3,33.9,8590560,0,0,0,ok
full-v2,corpus,GHOSTSCRIPT-699375-5.pdf,1,1,13.1,3265624,0,0,0,ok
full-v2,corpus,GHOSTSCRIPT-699488-0.pdf,1,1,31.0,8121256,0,0,0,ok
full-v2,corpus,GHOSTSCRIPT-699554-0.zip-4.pdf,1,1,5.5,1650192,0,0,0,ok
full-v2,corpus,GHOSTSCRIPT-700125-1.pdf,1,5,65.3,16241648,0,0,0,ok
full-v2,corpus,GHOSTSCRIPT-700139-0.pdf,1,2,390.0,118049160,5,3,2,ok
full-v2,corpus,GHOSTSCRIPT-700236-1.pdf,1,5,26.7,13419240,0,0,0,ok
full-v2,corpus,GHOSTSCRIPT-700288-1.pdf,1,1,12.6,4627304,0,0,0,ok
full-v2,corpus,GHOSTSCRIPT-700370-2.pdf,1,1,3.3,1734552,0,0,0,ok
full-v2,corpus,GHOSTSCRIPT-700931-0.7z-5.pdf,1,2,3.0,1221632,0,0,0,ok
full-v2,corpus,GHOSTSCRIPT-702013-1.pdf,1,1,7.7,3793216,0,0,0,ok
full-v2,corpus,Gamebook.pdf,1,5,109.5,150811088,8,8,8,ok
full-v2,corpus,GlyphDataTableReadCompositeGlyphError.pdf,1,1,14.0,3793104,0,0,0,ok
full-v2,corpus,Grapheme clusters emoji.pdf,1,1,0.9,149912,0,0,0,ok
full-v2,corpus,ICML03-081.pdf,1,5,41.2,17359824,1,1,0,ok
full-v2,corpus,Indexed-DeviceRGB-JPXDecode-0-.0.0.255.0.-Font-F1_1_missing_char_255-1.pdf,1,1,47.5,17000592,1,1,0,ok
full-v2,corpus,IndexedCS_negative_and_high.pdf,1,1,1.2,82360,0,0,0,ok
full-v2,corpus,Judgement Document.pdf,1,5,25.1,11060216,1,1,1,ok
full-v2,corpus,LKR824191.pdf,1,1,8.5,4165448,0,0,0,ok
full-v2,corpus,Layer pdf - 322_High_Holborn_building_Brochure.pdf,1,3,56.8,38361960,1,0,0,ok
full-v2,corpus,MOZILLA-10084-0.pdf,1,1,6.5,3213128,0,0,0,ok
full-v2,corpus,MOZILLA-10225-0.pdf,1,5,36.8,23479616,1,1,1,ok
full-v2,corpus,MOZILLA-10372-2.pdf,1,5,25.3,13111112,0,0,0,ok
full-v2,corpus,MOZILLA-2775-1.pdf,1,5,34.5,17720752,1,0,0,ok
full-v2,corpus,MOZILLA-3136-0.pdf,1,4,514.6,219865616,5,2,1,ok
full-v2,corpus,MOZILLA-7375-0.pdf,1,5,34.8,16136144,1,1,1,ok
full-v2,corpus,MOZILLA-9176-2.pdf,1,5,12.8,9940088,1,1,1,ok
full-v2,corpus,MOZILLA-LINK-3264-0.pdf,1,5,3.3,3413320,0,0,0,ok
full-v2,corpus,MOZILLA-LINK-5251-1.pdf,1,2,4.9,2346016,0,0,0,ok
full-v2,corpus,Math119FakingData.pdf,1,5,16.9,9254992,1,0,0,ok
full-v2,corpus,Motor Insurance claim form.pdf,1,3,161.7,69862472,2,1,1,ok
full-v2,corpus,Multiple Page - from Mortality Statistics.pdf,1,5,31.2,15807008,0,0,0,ok
full-v2,corpus,OPEN.RABBIT.ENGLISH.LOP.pdf,1,5,61.1,28296184,2,1,1,ok
full-v2,corpus,Old Gutnish Internet Explorer.pdf,1,3,33.2,14983104,1,1,1,ok
full-v2,corpus,P2P-33713919.pdf,1,5,29.0,23040144,1,0,0,ok
full-v2,corpus,PDFBOX-1869-4-1.pdf,1,1,1.7,411000,0,0,0,ok
full-v2,corpus,PDFBOX-492-4.jar-8.pdf,1,2,38.2,16855040,0,0,0,ok
full-v2,corpus,PDFBOX-624-2.pdf,1,5,17.0,11328144,0,0,0,ok
full-v2,corpus,Pig Production Handbook.pdf,1,5,24.7,11470376,1,0,0,ok
full-v2,corpus,Pig Reproduction Powerpoint.pdf,1,5,6.7,9153200,0,0,0,ok
full-v2,corpus,Publication_of_award_of_Bids_for_Transport_Sector__August_2016.pdf,1,5,18.7,8724944,1,1,1,ok
full-v2,corpus,Rotated Text Libre Office.pdf,1,1,0.8,271680,0,0,0,ok
full-v2,corpus,Rotation 45.pdf,1,4,27.6,17559568,0,0,0,ok
full-v2,corpus,SPARC - v9 Architecture Manual.pdf,1,5,161.1,74095144,5,3,2,ok
full-v2,corpus,SPE8EF26T0545.pdf,1,5,12.6,11459984,0,0,0,ok
full-v2,corpus,ShowTextOpWithUnbalancedRoundBrackets.pdf,1,1,11.1,4630416,1,0,0,ok
full-v2,corpus,Single Page Broken Offsets - from google drive.pdf,1,1,2.9,612120,0,0,0,ok
full-v2,corpus,Single Page Form Content - from itext 1_1.pdf,1,1,1.5,786936,0,0,0,ok
full-v2,corpus,Single Page Hyperlinks - from open office.pdf,1,1,0.8,405632,0,0,0,ok
full-v2,corpus,Single Page Images - from libre office.pdf,1,1,0.6,383752,0,0,0,ok
full-v2,corpus,Single Page Non Latin - from acrobat distiller.pdf,1,1,1.0,416520,0,0,0,ok
full-v2,corpus,Single Page Simple - from google drive.pdf,1,1,1.2,604856,0,0,0,ok
full-v2,corpus,Single Page Simple - from inkscape.pdf,1,1,0.5,167312,0,0,0,ok
full-v2,corpus,Single Page Simple - from open office.pdf,1,1,0.6,293784,0,0,0,ok
full-v2,corpus,Single Page Type 1 Font.pdf,1,1,0.3,86160,0,0,0,ok
full-v2,corpus,SinglePage180ClockwiseRotation - from PdfPig.pdf,1,1,0.5,248288,0,0,0,ok
full-v2,corpus,SinglePage270ClockwiseRotation - from PdfPig.pdf,1,1,0.5,248216,0,0,0,ok
full-v2,corpus,SinglePage90ClockwiseRotation - from PdfPig.pdf,1,1,0.5,248216,0,0,0,ok
full-v2,corpus,SmallCropbox.pdf,1,1,2.1,1683824,0,0,0,ok
full-v2,corpus,TIKA-1552-0.pdf,1,5,25.5,23495968,0,0,0,ok
full-v2,corpus,TIKA-2054-0.pdf,1,5,34.3,20715712,1,1,0,ok
full-v2,corpus,TIKA-469-0.pdf,1,2,7.3,4686360,0,0,0,ok
full-v2,corpus,Test.Doc.pdf,1,1,2.7,1738648,0,0,0,ok
full-v2,corpus,TrueTypeTablesGlyphDataTableReadGlyphsError.pdf,1,1,10.4,4531832,1,0,0,ok
full-v2,corpus,Two Page Text Only - from libre office.pdf,1,2,2.3,1733088,0,0,0,ok
full-v2,corpus,Type0 Font.pdf,1,1,10.5,10340040,0,0,0,ok
full-v2,corpus,Type0_CJK_Font.pdf,1,5,82.6,4859856,0,0,0,ok
full-v2,corpus,Type3Test.pdf,1,1,0.7,156920,0,0,0,ok
full-v2,corpus,Various Content Types.pdf,1,1,0.8,271128,0,0,0,ok
full-v2,corpus,Why.does.this.not.work.pdf,1,1,1.7,1050472,0,0,0,ok
full-v2,corpus,_citUR2jB1_ay56u6vELzk.pdf,1,2,2.0,2366920,0,0,0,ok
full-v2,corpus,annotation-comments.pdf,1,1,0.7,296320,0,0,0,ok
full-v2,corpus,bold-italic.pdf,1,1,2.7,1898288,0,0,0,ok
full-v2,corpus,bookmarks-with-accented-characters.pdf,1,1,0.6,331704,0,0,0,ok
full-v2,corpus,byz.pdf,1,1,3.4,2270944,0,0,0,ok
full-v2,corpus,capas.pdf,1,5,7.1,8260048,0,0,0,ok
full-v2,corpus,cat-genetics.pdf,1,1,6.7,6761600,0,0,0,ok
full-v2,corpus,cat-genetics_bobld.pdf,1,1,8.0,7030112,1,1,0,ok
full-v2,corpus,cmap-parsing-exception.pdf,1,1,19.1,13352448,0,0,0,ok
full-v2,corpus,cropped-and-rotated.pdf,1,1,1.3,775112,0,0,0,ok
full-v2,corpus,data.pdf,1,3,5.0,4097432,0,0,0,ok
full-v2,corpus,dotnet-ai.pdf,1,5,28.9,32306536,2,1,1,ok
full-v2,corpus,felltypes-test.pdf,1,1,15.1,4980720,0,0,0,ok
full-v2,corpus,hex_0x0006.pdf,1,1,1.1,659248,0,0,0,ok
full-v2,corpus,inherited_mediabox.pdf,1,1,0.3,55144,0,0,0,ok
full-v2,corpus,iron-ore-q2-q3-2013.pdf,1,5,46.6,37214584,2,1,1,ok
full-v2,corpus,issue_1163.pdf,1,2,0.4,183432,0,0,0,ok
full-v2,corpus,issue_1330.pdf,1,1,0.2,57464,0,0,0,ok
full-v2,corpus,issue_1331.pdf,1,1,1.8,1593464,0,0,0,ok
full-v2,corpus,issue_671.pdf,1,2,19.5,18272184,0,0,0,ok
full-v2,corpus,issue_881.pdf,1,1,1.4,778136,0,0,0,ok
full-v2,corpus,issues-1176-1.pdf,1,1,8.2,2167376,1,0,0,ok
full-v2,corpus,issues-1176.pdf,1,1,12.5,7345096,1,1,1,ok
full-v2,corpus,journal.pone.0196757.pdf,1,5,55.4,35473568,1,0,0,ok
full-v2,corpus,jtehm-melillo-2679746.pdf,1,5,82.1,52738504,1,1,0,ok
full-v2,corpus,little-pig-in-armenian.pdf,1,1,0.9,317928,0,0,0,ok
full-v2,corpus,odwriteex.pdf,1,1,1.0,715520,0,0,0,ok
full-v2,corpus,outline.pdf,1,3,2.0,1120672,0,0,0,ok
full-v2,corpus,output_w3c_csswg_drafts_issues2023.pdf,1,1,0.6,235472,0,0,0,ok
full-v2,corpus,path_ext_oddeven.pdf,1,1,1.7,1155544,0,0,0,ok
full-v2,corpus,pop-bugzilla37292.pdf,1,4,8.1,7955880,0,0,0,ok
full-v2,corpus,reference-2-numeric-error.pdf,1,1,23.1,7149896,1,0,0,ok
full-v2,corpus,soundandvision.pdf,1,1,2.7,2022480,0,0,0,ok
full-v2,corpus,ssm2163.pdf,1,5,31.2,10912344,1,1,1,ok
full-v2,corpus,steam_in_page_dict.pdf,1,1,0.6,300512,0,0,0,ok
full-v2,corpus,test-2_so_74165171.pdf,1,1,150.0,41201000,1,1,1,ok
full-v2,corpus,testPdf-1.pdf,1,2,6.8,6055760,0,0,0,ok
full-v2,corpus,test_a-5.pdf,1,5,137.8,70128216,3,2,0,ok
full-v2,corpus,test_a.pdf,1,5,99.8,69147504,3,1,1,ok
full-v2,corpus,toc.pdf,1,5,22.1,7516000,1,0,0,ok
full-v2,corpus,type3-font-zero-height.pdf,1,1,15.6,8055456,0,0,0,ok
full-v2,corpus,0000851.pdf,2,5,295.7,118586904,3,1,1,ok
full-v2,corpus,11194059_2017-11_de_s.pdf,2,2,34.7,27595688,0,0,0,ok
full-v2,corpus,2006_Swedish_Touring_Car_Championship.pdf,2,4,10.5,7845040,0,0,0,ok
full-v2,corpus,2108.11480.pdf,2,5,107.7,74969200,4,2,1,ok
full-v2,corpus,22060_A1_01_Plans-1.pdf,2,1,5.5,9374280,0,0,0,ok
full-v2,corpus,6.Secrets.to.Startup.Success.PDFDrive.pdf,2,5,21.2,24669264,0,0,0,ok
full-v2,corpus,68-1990-01_A.pdf,2,5,62.5,44524776,2,1,1,ok
full-v2,corpus,AcroFormsBasicFields.pdf,2,1,0.9,594504,0,0,0,ok
full-v2,corpus,Approved_Document_B__fire_safety__volume_2_-_Buildings_other_than_dwellings__2019_edition_incorporating_2020_and_2022_amendments.pdf,2,5,55.1,52107904,4,3,2,ok
full-v2,corpus,Arve.nr.1615.17.04.2026.pdf,2,1,1.9,1193416,0,0,0,ok
full-v2,corpus,ClipPathLetterFilter-Test1.pdf,2,5,11.8,12121216,0,0,0,ok
full-v2,corpus,ClipPathLetterFilter-Test2.pdf,2,1,7.8,8698120,0,0,0,ok
full-v2,corpus,ColorIssue.pdf,2,1,42.0,33584936,1,1,1,ok
full-v2,corpus,DeviceN_CS_test.pdf,2,5,19.6,21536232,1,1,0,ok
full-v2,corpus,Diacritics_export.pdf,2,1,2.1,2354920,0,0,0,ok
full-v2,corpus,EmptyPdf.pdf,2,1,0.3,38136,0,0,0,ok
full-v2,corpus,ErcotFacts.pdf,2,2,16.5,13358088,1,0,0,ok
full-v2,corpus,FICTIF_TABLE_INDEX.pdf,2,5,14.5,14804968,0,0,0,ok
full-v2,corpus,FarmerMac.pdf,2,5,14.7,13700184,1,0,0,ok
full-v2,corpus,Font Size Test - from google chrome print pdf.pdf,2,1,1.0,480368,0,0,0,ok
full-v2,corpus,Font Size Test - from libre office.pdf,2,1,0.5,187968,0,0,0,ok
full-v2,corpus,FontMatrix-1.pdf,2,1,0.4,216832,0,0,0,ok
full-v2,corpus,FontMatrix-concat.pdf,2,1,0.2,134744,0,0,0,ok
full-v2,corpus,FontMatrix-otf-bad-hmtx.pdf,2,1,1.2,746472,0,0,0,ok
full-v2,corpus,FontMatrix-otf.pdf,2,1,1.6,742536,0,0,0,ok
full-v2,corpus,FontMatrix-raw.pdf,2,1,1.3,683136,0,0,0,ok
full-v2,corpus,GHOSTSCRIPT-692564-0.pdf,2,1,0.8,547440,0,0,0,ok
full-v2,corpus,GHOSTSCRIPT-695513-0.pdf,2,1,10.3,3654464,1,1,1,ok
full-v2,corpus,GHOSTSCRIPT-696171-0.pdf,2,5,14.2,11402152,1,0,0,ok
full-v2,corpus,GHOSTSCRIPT-696547-0.zip-7.pdf,2,1,4.8,7355320,0,0,0,ok
full-v2,corpus,GHOSTSCRIPT-696547-0.zip-9.pdf,2,1,4.5,7354720,0,0,0,ok
full-v2,corpus,GHOSTSCRIPT-697234-0.pdf,2,3,32.3,22673768,1,0,0,ok
full-v2,corpus,GHOSTSCRIPT-697507-0.pdf,2,1,10.1,7904200,0,0,0,ok
full-v2,corpus,GHOSTSCRIPT-697984-3.pdf,2,1,3.6,1619744,0,0,0,ok
full-v2,corpus,GHOSTSCRIPT-698168-0.pdf,2,1,2.4,2816400,0,0,0,ok
full-v2,corpus,GHOSTSCRIPT-698363-0.pdf,2,1,6.1,466808,0,0,0,ok
full-v2,corpus,GHOSTSCRIPT-698721-0.zip-6.pdf,2,2,8.1,7315512,0,0,0,ok
full-v2,corpus,GHOSTSCRIPT-698721-1.pdf,2,1,2.0,2031968,0,0,0,ok
full-v2,corpus,GHOSTSCRIPT-699035-0.pdf,2,5,78.8,38418216,1,1,1,ok
full-v2,corpus,GHOSTSCRIPT-699178-0.pdf,2,3,15.0,8418216,1,1,0,ok
full-v2,corpus,GHOSTSCRIPT-699375-5.pdf,2,1,4.9,3068216,0,0,0,ok
full-v2,corpus,GHOSTSCRIPT-699488-0.pdf,2,1,11.4,8119672,1,0,0,ok
full-v2,corpus,GHOSTSCRIPT-699554-0.zip-4.pdf,2,1,2.2,1650328,0,0,0,ok
full-v2,corpus,GHOSTSCRIPT-700125-1.pdf,2,5,24.0,16241400,1,1,0,ok
full-v2,corpus,GHOSTSCRIPT-700139-0.pdf,2,2,179.5,116233688,5,2,1,ok
full-v2,corpus,GHOSTSCRIPT-700236-1.pdf,2,5,13.2,13418376,0,0,0,ok
full-v2,corpus,GHOSTSCRIPT-700288-1.pdf,2,1,7.5,4618064,1,0,0,ok
full-v2,corpus,GHOSTSCRIPT-700370-2.pdf,2,1,2.0,1596544,0,0,0,ok
full-v2,corpus,GHOSTSCRIPT-700931-0.7z-5.pdf,2,2,1.6,1221512,0,0,0,ok
full-v2,corpus,GHOSTSCRIPT-702013-1.pdf,2,1,4.2,3792544,0,0,0,ok
full-v2,corpus,Gamebook.pdf,2,5,15.5,9352656,0,0,0,ok
full-v2,corpus,GlyphDataTableReadCompositeGlyphError.pdf,2,1,4.6,2886624,0,0,0,ok
full-v2,corpus,Grapheme clusters emoji.pdf,2,1,0.5,149744,0,0,0,ok
full-v2,corpus,ICML03-081.pdf,2,5,18.4,17289832,0,0,0,ok
full-v2,corpus,Indexed-DeviceRGB-JPXDecode-0-.0.0.255.0.-Font-F1_1_missing_char_255-1.pdf,2,1,38.9,16978312,1,1,0,ok
full-v2,corpus,IndexedCS_negative_and_high.pdf,2,1,0.5,82336,0,0,0,ok
full-v2,corpus,Judgement Document.pdf,2,5,8.8,9126344,1,0,0,ok
full-v2,corpus,LKR824191.pdf,2,1,2.9,4165280,0,0,0,ok
full-v2,corpus,Layer pdf - 322_High_Holborn_building_Brochure.pdf,2,3,47.1,37981256,2,1,1,ok
full-v2,corpus,MOZILLA-10084-0.pdf,2,1,3.4,3212224,0,0,0,ok
full-v2,corpus,MOZILLA-10225-0.pdf,2,5,12.9,22993792,0,0,0,ok
full-v2,corpus,MOZILLA-10372-2.pdf,2,5,24.1,13160808,2,1,1,ok
full-v2,corpus,MOZILLA-2775-1.pdf,2,5,14.2,17724168,0,0,0,ok
full-v2,corpus,MOZILLA-3136-0.pdf,2,4,241.0,217846776,3,1,1,ok
full-v2,corpus,MOZILLA-7375-0.pdf,2,5,102.8,16128032,1,0,0,ok
full-v2,corpus,MOZILLA-9176-2.pdf,2,5,4.9,9937264,0,0,0,ok
full-v2,corpus,MOZILLA-LINK-3264-0.pdf,2,5,4.7,3292248,0,0,0,ok
full-v2,corpus,MOZILLA-LINK-5251-1.pdf,2,2,3.7,2201624,0,0,0,ok
full-v2,corpus,Math119FakingData.pdf,2,5,12.9,9249096,0,0,0,ok
full-v2,corpus,Motor Insurance claim form.pdf,2,3,181.9,69294048,4,4,3,ok
full-v2,corpus,Multiple Page - from Mortality Statistics.pdf,2,5,8.3,8395512,0,0,0,ok
full-v2,corpus,OPEN.RABBIT.ENGLISH.LOP.pdf,2,5,32.9,27775784,1,0,0,ok
full-v2,corpus,Old Gutnish Internet Explorer.pdf,2,3,14.6,14269896,0,0,0,ok
full-v2,corpus,P2P-33713919.pdf,2,5,30.6,22998136,1,0,0,ok
full-v2,corpus,PDFBOX-1869-4-1.pdf,2,1,0.9,410848,0,0,0,ok
full-v2,corpus,PDFBOX-492-4.jar-8.pdf,2,2,22.1,16853408,0,0,0,ok
full-v2,corpus,PDFBOX-624-2.pdf,2,5,11.3,11326656,0,0,0,ok
full-v2,corpus,Pig Production Handbook.pdf,2,5,10.5,11469752,0,0,0,ok
full-v2,corpus,Pig Reproduction Powerpoint.pdf,2,5,20.8,9284384,1,1,1,ok
full-v2,corpus,Publication_of_award_of_Bids_for_Transport_Sector__August_2016.pdf,2,5,8.7,8354192,0,0,0,ok
full-v2,corpus,Rotated Text Libre Office.pdf,2,1,0.7,238040,0,0,0,ok
full-v2,corpus,Rotation 45.pdf,2,4,14.4,9895320,0,0,0,ok
full-v2,corpus,SPARC - v9 Architecture Manual.pdf,2,5,76.5,74093064,2,1,1,ok
full-v2,corpus,SPE8EF26T0545.pdf,2,5,28.5,11453240,1,0,0,ok
full-v2,corpus,ShowTextOpWithUnbalancedRoundBrackets.pdf,2,1,4.8,4630240,0,0,0,ok
full-v2,corpus,Single Page Broken Offsets - from google drive.pdf,2,1,1.6,590456,0,0,0,ok
full-v2,corpus,Single Page Form Content - from itext 1_1.pdf,2,1,1.0,786768,0,0,0,ok
full-v2,corpus,Single Page Hyperlinks - from open office.pdf,2,1,0.8,360608,0,0,0,ok
full-v2,corpus,Single Page Images - from libre office.pdf,2,1,0.5,377896,0,0,0,ok
full-v2,corpus,Single Page Non Latin - from acrobat distiller.pdf,2,1,0.8,396552,0,0,0,ok
full-v2,corpus,Single Page Simple - from google drive.pdf,2,1,1.0,583472,0,0,0,ok
full-v2,corpus,Single Page Simple - from inkscape.pdf,2,1,0.4,150224,0,0,0,ok
full-v2,corpus,Single Page Simple - from open office.pdf,2,1,0.5,270408,0,0,0,ok
full-v2,corpus,Single Page Type 1 Font.pdf,2,1,0.3,86136,0,0,0,ok
full-v2,corpus,SinglePage180ClockwiseRotation - from PdfPig.pdf,2,1,0.4,202016,0,0,0,ok
full-v2,corpus,SinglePage270ClockwiseRotation - from PdfPig.pdf,2,1,0.5,202016,0,0,0,ok
full-v2,corpus,SinglePage90ClockwiseRotation - from PdfPig.pdf,2,1,0.4,202016,0,0,0,ok
full-v2,corpus,SmallCropbox.pdf,2,1,1.6,1683656,0,0,0,ok
full-v2,corpus,TIKA-1552-0.pdf,2,5,33.1,23484256,1,1,1,ok
full-v2,corpus,TIKA-2054-0.pdf,2,5,19.9,20909048,1,1,0,ok
full-v2,corpus,TIKA-469-0.pdf,2,2,4.3,4677792,0,0,0,ok
full-v2,corpus,Test.Doc.pdf,2,1,2.9,1679728,1,0,0,ok
full-v2,corpus,TrueTypeTablesGlyphDataTableReadGlyphsError.pdf,2,1,5.1,3650784,0,0,0,ok
full-v2,corpus,Two Page Text Only - from libre office.pdf,2,2,2.0,1570040,0,0,0,ok
full-v2,corpus,Type0 Font.pdf,2,1,8.8,9721608,0,0,0,ok
full-v2,corpus,Type0_CJK_Font.pdf,2,5,11.2,3212680,0,0,0,ok
full-v2,corpus,Type3Test.pdf,2,1,0.4,155680,0,0,0,ok
full-v2,corpus,Various Content Types.pdf,2,1,0.4,256488,0,0,0,ok
full-v2,corpus,Why.does.this.not.work.pdf,2,1,1.4,1036216,0,0,0,ok
full-v2,corpus,_citUR2jB1_ay56u6vELzk.pdf,2,2,1.9,2254480,0,0,0,ok
full-v2,corpus,annotation-comments.pdf,2,1,0.6,283648,0,0,0,ok
full-v2,corpus,bold-italic.pdf,2,1,2.3,1617296,0,0,0,ok
full-v2,corpus,bookmarks-with-accented-characters.pdf,2,1,0.5,331680,0,0,0,ok
full-v2,corpus,byz.pdf,2,1,3.7,2270848,1,1,0,ok
full-v2,corpus,capas.pdf,2,5,6.0,8006504,0,0,0,ok
full-v2,corpus,cat-genetics.pdf,2,1,5.0,6760640,0,0,0,ok
full-v2,corpus,cat-genetics_bobld.pdf,2,1,7.7,7029656,1,0,0,ok
full-v2,corpus,cmap-parsing-exception.pdf,2,1,21.9,13185496,1,1,1,ok
full-v2,corpus,cropped-and-rotated.pdf,2,1,1.3,744536,0,0,0,ok
full-v2,corpus,data.pdf,2,3,4.0,4097368,0,0,0,ok
full-v2,corpus,dotnet-ai.pdf,2,5,25.7,31616632,1,1,1,ok
full-v2,corpus,felltypes-test.pdf,2,1,8.8,4979760,0,0,0,ok
full-v2,corpus,hex_0x0006.pdf,2,1,1.1,658504,0,0,0,ok
full-v2,corpus,inherited_mediabox.pdf,2,1,0.3,55048,0,0,0,ok
full-v2,corpus,iron-ore-q2-q3-2013.pdf,2,5,20.5,36511064,1,0,0,ok
full-v2,corpus,issue_1163.pdf,2,2,0.5,183328,0,0,0,ok
full-v2,corpus,issue_1330.pdf,2,1,0.2,57440,0,0,0,ok
full-v2,corpus,issue_1331.pdf,2,1,1.7,1351392,0,0,0,ok
full-v2,corpus,issue_671.pdf,2,2,23.4,17837432,1,0,0,ok
full-v2,corpus,issue_881.pdf,2,1,1.2,617768,0,0,0,ok
full-v2,corpus,issues-1176-1.pdf,2,1,2.2,2166848,0,0,0,ok
full-v2,corpus,issues-1176.pdf,2,1,3.5,7145080,0,0,0,ok
full-v2,corpus,journal.pone.0196757.pdf,2,5,38.7,35386416,1,0,0,ok
full-v2,corpus,jtehm-melillo-2679746.pdf,2,5,79.9,52873864,2,2,1,ok
full-v2,corpus,little-pig-in-armenian.pdf,2,1,0.8,307056,0,0,0,ok
full-v2,corpus,odwriteex.pdf,2,1,1.0,780984,0,0,0,ok
full-v2,corpus,outline.pdf,2,3,2.0,1087336,0,0,0,ok
full-v2,corpus,output_w3c_csswg_drafts_issues2023.pdf,2,1,0.6,235240,0,0,0,ok
full-v2,corpus,path_ext_oddeven.pdf,2,1,1.5,1040080,0,0,0,ok
full-v2,corpus,pop-bugzilla37292.pdf,2,4,13.5,7593928,1,0,0,ok
full-v2,corpus,reference-2-numeric-error.pdf,2,1,9.7,7147632,0,0,0,ok
full-v2,corpus,soundandvision.pdf,2,1,2.5,1856432,0,0,0,ok
full-v2,corpus,ssm2163.pdf,2,5,10.0,10259448,0,0,0,ok
full-v2,corpus,steam_in_page_dict.pdf,2,1,0.4,103552,0,0,0,ok
full-v2,corpus,test-2_so_74165171.pdf,2,1,83.0,42239488,2,1,1,ok
full-v2,corpus,testPdf-1.pdf,2,2,6.4,5833200,0,0,0,ok
full-v2,corpus,test_a-5.pdf,2,5,85.8,69775160,2,1,1,ok
full-v2,corpus,test_a.pdf,2,5,102.8,69251112,3,2,1,ok
full-v2,corpus,toc.pdf,2,5,6.0,7515880,0,0,0,ok
full-v2,corpus,type3-font-zero-height.pdf,2,1,11.2,8049744,0,0,0,ok
full-v2,corpus,0000851.pdf,3,5,223.8,118480224,5,3,1,ok
full-v2,corpus,11194059_2017-11_de_s.pdf,3,2,27.0,27608592,1,0,0,ok
full-v2,corpus,2006_Swedish_Touring_Car_Championship.pdf,3,4,7.1,7629104,0,0,0,ok
full-v2,corpus,2108.11480.pdf,3,5,80.5,74835224,2,1,0,ok
full-v2,corpus,22060_A1_01_Plans-1.pdf,3,1,21.4,9376392,1,1,1,ok
full-v2,corpus,6.Secrets.to.Startup.Success.PDFDrive.pdf,3,5,27.2,24735864,1,0,0,ok
full-v2,corpus,68-1990-01_A.pdf,3,5,63.0,44524984,2,1,1,ok
full-v2,corpus,AcroFormsBasicFields.pdf,3,1,0.9,594504,0,0,0,ok
full-v2,corpus,Approved_Document_B__fire_safety__volume_2_-_Buildings_other_than_dwellings__2019_edition_incorporating_2020_and_2022_amendments.pdf,3,5,56.2,52108784,4,3,3,ok
full-v2,corpus,Arve.nr.1615.17.04.2026.pdf,3,1,2.3,1193416,0,0,0,ok
full-v2,corpus,ClipPathLetterFilter-Test1.pdf,3,5,11.5,12121216,0,0,0,ok
full-v2,corpus,ClipPathLetterFilter-Test2.pdf,3,1,7.8,8698120,0,0,0,ok
full-v2,corpus,ColorIssue.pdf,3,1,30.1,33582824,0,0,0,ok
full-v2,corpus,DeviceN_CS_test.pdf,3,5,25.6,21469784,1,0,0,ok
full-v2,corpus,Diacritics_export.pdf,3,1,2.1,2350800,0,0,0,ok
full-v2,corpus,EmptyPdf.pdf,3,1,1.0,38136,0,0,0,ok
full-v2,corpus,ErcotFacts.pdf,3,2,14.1,13358088,0,0,0,ok
full-v2,corpus,FICTIF_TABLE_INDEX.pdf,3,5,14.2,14803712,0,0,0,ok
full-v2,corpus,FarmerMac.pdf,3,5,13.4,13700184,0,0,0,ok
full-v2,corpus,Font Size Test - from google chrome print pdf.pdf,3,1,1.1,480160,0,0,0,ok
full-v2,corpus,Font Size Test - from libre office.pdf,3,1,0.5,187968,0,0,0,ok
full-v2,corpus,FontMatrix-1.pdf,3,1,0.4,216832,0,0,0,ok
full-v2,corpus,FontMatrix-concat.pdf,3,1,0.2,134744,0,0,0,ok
full-v2,corpus,FontMatrix-otf-bad-hmtx.pdf,3,1,1.4,746472,0,0,0,ok
full-v2,corpus,FontMatrix-otf.pdf,3,1,1.6,742536,0,0,0,ok
full-v2,corpus,FontMatrix-raw.pdf,3,1,1.4,683136,0,0,0,ok
full-v2,corpus,GHOSTSCRIPT-692564-0.pdf,3,1,0.9,547440,0,0,0,ok
full-v2,corpus,GHOSTSCRIPT-695513-0.pdf,3,1,2.5,3520632,0,0,0,ok
full-v2,corpus,GHOSTSCRIPT-696171-0.pdf,3,5,10.8,11332208,0,0,0,ok
full-v2,corpus,GHOSTSCRIPT-696547-0.zip-7.pdf,3,1,6.2,7355112,0,0,0,ok
full-v2,corpus,GHOSTSCRIPT-696547-0.zip-9.pdf,3,1,5.8,7354720,0,0,0,ok
full-v2,corpus,GHOSTSCRIPT-697234-0.pdf,3,3,32.5,22673768,0,0,0,ok
full-v2,corpus,GHOSTSCRIPT-697507-0.pdf,3,1,11.2,7903992,0,0,0,ok
full-v2,corpus,GHOSTSCRIPT-697984-3.pdf,3,1,3.0,1619744,0,0,0,ok
full-v2,corpus,GHOSTSCRIPT-698168-0.pdf,3,1,7.9,2816400,1,0,0,ok
full-v2,corpus,GHOSTSCRIPT-698363-0.pdf,3,1,1.8,466608,0,0,0,ok
full-v2,corpus,GHOSTSCRIPT-698721-0.zip-6.pdf,3,2,6.8,7315512,0,0,0,ok
full-v2,corpus,GHOSTSCRIPT-698721-1.pdf,3,1,1.9,2031968,0,0,0,ok
full-v2,corpus,GHOSTSCRIPT-699035-0.pdf,3,5,53.5,38280352,1,1,0,ok
full-v2,corpus,GHOSTSCRIPT-699178-0.pdf,3,3,14.9,8417920,1,0,0,ok
full-v2,corpus,GHOSTSCRIPT-699375-5.pdf,3,1,4.3,3068216,0,0,0,ok
full-v2,corpus,GHOSTSCRIPT-699488-0.pdf,3,1,9.7,8119672,0,0,0,ok
full-v2,corpus,GHOSTSCRIPT-699554-0.zip-4.pdf,3,1,2.0,1650120,0,0,0,ok
full-v2,corpus,GHOSTSCRIPT-700125-1.pdf,3,5,16.6,16241400,0,0,0,ok
full-v2,corpus,GHOSTSCRIPT-700139-0.pdf,3,2,176.5,116371488,4,2,2,ok
full-v2,corpus,GHOSTSCRIPT-700236-1.pdf,3,5,16.0,13418376,0,0,0,ok
full-v2,corpus,GHOSTSCRIPT-700288-1.pdf,3,1,5.7,4618064,0,0,0,ok
full-v2,corpus,GHOSTSCRIPT-700370-2.pdf,3,1,2.9,1596336,0,0,0,ok
full-v2,corpus,GHOSTSCRIPT-700931-0.7z-5.pdf,3,2,1.7,1221512,0,0,0,ok
full-v2,corpus,GHOSTSCRIPT-702013-1.pdf,3,1,4.4,3792544,0,0,0,ok
full-v2,corpus,Gamebook.pdf,3,5,14.0,9352656,0,0,0,ok
full-v2,corpus,GlyphDataTableReadCompositeGlyphError.pdf,3,1,5.9,2886624,0,0,0,ok
full-v2,corpus,Grapheme clusters emoji.pdf,3,1,0.7,149744,0,0,0,ok
full-v2,corpus,ICML03-081.pdf,3,5,25.0,17289832,0,0,0,ok
full-v2,corpus,Indexed-DeviceRGB-JPXDecode-0-.0.0.255.0.-Font-F1_1_missing_char_255-1.pdf,3,1,33.3,16978312,0,0,0,ok
full-v2,corpus,IndexedCS_negative_and_high.pdf,3,1,0.5,82128,0,0,0,ok
full-v2,corpus,Judgement Document.pdf,3,5,11.2,9126344,0,0,0,ok
full-v2,corpus,LKR824191.pdf,3,1,5.0,4165072,0,0,0,ok
full-v2,corpus,Layer pdf - 322_High_Holborn_building_Brochure.pdf,3,3,88.8,38177912,2,1,1,ok
full-v2,corpus,MOZILLA-10084-0.pdf,3,1,4.2,3212224,0,0,0,ok
full-v2,corpus,MOZILLA-10225-0.pdf,3,5,20.1,22993792,0,0,0,ok
full-v2,corpus,MOZILLA-10372-2.pdf,3,5,30.0,13029712,1,1,1,ok
full-v2,corpus,MOZILLA-2775-1.pdf,3,5,22.3,17724168,1,0,0,ok
full-v2,corpus,MOZILLA-3136-0.pdf,3,4,312.0,217846984,4,2,1,ok
full-v2,corpus,MOZILLA-7375-0.pdf,3,5,21.4,16128032,0,0,0,ok
full-v2,corpus,MOZILLA-9176-2.pdf,3,5,31.5,9939704,1,1,1,ok
full-v2,corpus,MOZILLA-LINK-3264-0.pdf,3,5,2.3,3292600,0,0,0,ok
full-v2,corpus,MOZILLA-LINK-5251-1.pdf,3,2,3.0,2267184,0,0,0,ok
full-v2,corpus,Math119FakingData.pdf,3,5,9.3,9253216,0,0,0,ok
full-v2,corpus,Motor Insurance claim form.pdf,3,3,128.4,69357904,4,4,2,ok
full-v2,corpus,Multiple Page - from Mortality Statistics.pdf,3,5,7.8,8263360,0,0,0,ok
full-v2,corpus,OPEN.RABBIT.ENGLISH.LOP.pdf,3,5,34.6,27775784,1,1,0,ok
full-v2,corpus,Old Gutnish Internet Explorer.pdf,3,3,21.8,14269896,1,0,0,ok
full-v2,corpus,P2P-33713919.pdf,3,5,28.3,23132088,1,1,1,ok
full-v2,corpus,PDFBOX-1869-4-1.pdf,3,1,3.5,410904,1,0,0,ok
full-v2,corpus,PDFBOX-492-4.jar-8.pdf,3,2,28.0,16923384,0,0,0,ok
full-v2,corpus,PDFBOX-624-2.pdf,3,5,21.0,11326656,1,1,0,ok
full-v2,corpus,Pig Production Handbook.pdf,3,5,18.5,11469960,1,0,0,ok
full-v2,corpus,Pig Reproduction Powerpoint.pdf,3,5,5.5,9150704,0,0,0,ok
full-v2,corpus,Publication_of_award_of_Bids_for_Transport_Sector__August_2016.pdf,3,5,8.8,8288424,0,0,0,ok
full-v2,corpus,Rotated Text Libre Office.pdf,3,1,0.7,238040,0,0,0,ok
full-v2,corpus,Rotation 45.pdf,3,4,28.1,10029672,1,1,1,ok
full-v2,corpus,SPARC - v9 Architecture Manual.pdf,3,5,103.6,74093328,4,3,1,ok
full-v2,corpus,SPE8EF26T0545.pdf,3,5,13.8,11453240,0,0,0,ok
full-v2,corpus,ShowTextOpWithUnbalancedRoundBrackets.pdf,3,1,6.2,4630032,0,0,0,ok
full-v2,corpus,Single Page Broken Offsets - from google drive.pdf,3,1,2.4,590456,0,0,0,ok
full-v2,corpus,Single Page Form Content - from itext 1_1.pdf,3,1,1.5,786768,0,0,0,ok
full-v2,corpus,Single Page Hyperlinks - from open office.pdf,3,1,1.5,360608,0,0,0,ok
full-v2,corpus,Single Page Images - from libre office.pdf,3,1,0.7,377896,0,0,0,ok
full-v2,corpus,Single Page Non Latin - from acrobat distiller.pdf,3,1,1.2,396552,0,0,0,ok
full-v2,corpus,Single Page Simple - from google drive.pdf,3,1,1.5,583472,0,0,0,ok
full-v2,corpus,Single Page Simple - from inkscape.pdf,3,1,0.6,150224,0,0,0,ok
full-v2,corpus,Single Page Simple - from open office.pdf,3,1,1.4,270408,0,0,0,ok
full-v2,corpus,Single Page Type 1 Font.pdf,3,1,0.6,86136,0,0,0,ok
full-v2,corpus,SinglePage180ClockwiseRotation - from PdfPig.pdf,3,1,1.0,202016,0,0,0,ok
full-v2,corpus,SinglePage270ClockwiseRotation - from PdfPig.pdf,3,1,0.7,202016,0,0,0,ok
full-v2,corpus,SinglePage90ClockwiseRotation - from PdfPig.pdf,3,1,0.8,202016,0,0,0,ok
full-v2,corpus,SmallCropbox.pdf,3,1,3.2,1683656,0,0,0,ok
full-v2,corpus,TIKA-1552-0.pdf,3,5,55.2,23477400,1,0,0,ok
full-v2,corpus,TIKA-2054-0.pdf,3,5,41.1,20712336,0,0,0,ok
full-v2,corpus,TIKA-469-0.pdf,3,2,11.1,4677584,0,0,0,ok
full-v2,corpus,Test.Doc.pdf,3,1,5.1,1679728,0,0,0,ok
full-v2,corpus,TrueTypeTablesGlyphDataTableReadGlyphsError.pdf,3,1,15.6,3650576,0,0,0,ok
full-v2,corpus,Two Page Text Only - from libre office.pdf,3,2,5.1,1570040,0,0,0,ok
full-v2,corpus,Type0 Font.pdf,3,1,45.7,9789904,1,1,1,ok
full-v2,corpus,Type0_CJK_Font.pdf,3,5,16.7,3212944,0,0,0,ok
full-v2,corpus,Type3Test.pdf,3,1,0.8,155680,0,0,0,ok
full-v2,corpus,Various Content Types.pdf,3,1,0.9,256488,0,0,0,ok
full-v2,corpus,Why.does.this.not.work.pdf,3,1,2.6,1040336,0,0,0,ok
full-v2,corpus,_citUR2jB1_ay56u6vELzk.pdf,3,2,3.2,2255528,0,0,0,ok
full-v2,corpus,annotation-comments.pdf,3,1,0.9,283648,0,0,0,ok
full-v2,corpus,bold-italic.pdf,3,1,4.0,1617296,0,0,0,ok
full-v2,corpus,bookmarks-with-accented-characters.pdf,3,1,1.1,331680,0,0,0,ok
full-v2,corpus,byz.pdf,3,1,3.9,2270848,0,0,0,ok
full-v2,corpus,capas.pdf,3,5,13.6,8006296,1,0,0,ok
full-v2,corpus,cat-genetics.pdf,3,1,10.3,6760848,0,0,0,ok
full-v2,corpus,cat-genetics_bobld.pdf,3,1,11.2,7029656,0,0,0,ok
full-v2,corpus,cmap-parsing-exception.pdf,3,1,41.2,13248088,0,0,0,ok
full-v2,corpus,cropped-and-rotated.pdf,3,1,2.2,744272,0,0,0,ok
full-v2,corpus,data.pdf,3,3,8.6,4097216,0,0,0,ok
full-v2,corpus,dotnet-ai.pdf,3,5,64.5,31616632,1,1,1,ok
full-v2,corpus,felltypes-test.pdf,3,1,25.8,4979760,0,0,0,ok
full-v2,corpus,hex_0x0006.pdf,3,1,1.7,658504,0,0,0,ok
full-v2,corpus,inherited_mediabox.pdf,3,1,0.8,55048,0,0,0,ok
full-v2,corpus,iron-ore-q2-q3-2013.pdf,3,5,58.6,37255864,3,1,1,ok
full-v2,corpus,issue_1163.pdf,3,2,0.8,183384,0,0,0,ok
full-v2,corpus,issue_1330.pdf,3,1,0.5,57440,0,0,0,ok
full-v2,corpus,issue_1331.pdf,3,1,2.7,1351392,0,0,0,ok
full-v2,corpus,issue_671.pdf,3,2,43.5,17975384,1,1,1,ok
full-v2,corpus,issue_881.pdf,3,1,1.7,617824,0,0,0,ok
full-v2,corpus,issues-1176-1.pdf,3,1,3.4,2166848,0,0,0,ok
full-v2,corpus,issues-1176.pdf,3,1,4.1,7145080,0,0,0,ok
full-v2,corpus,journal.pone.0196757.pdf,3,5,51.0,35419248,1,0,0,ok
full-v2,corpus,jtehm-melillo-2679746.pdf,3,5,116.9,52902888,2,2,1,ok
full-v2,corpus,little-pig-in-armenian.pdf,3,1,1.6,307056,0,0,0,ok
full-v2,corpus,odwriteex.pdf,3,1,2.0,780984,0,0,0,ok
full-v2,corpus,outline.pdf,3,3,3.2,1087336,0,0,0,ok
full-v2,corpus,output_w3c_csswg_drafts_issues2023.pdf,3,1,1.0,235240,0,0,0,ok
full-v2,corpus,path_ext_oddeven.pdf,3,1,2.1,1040080,0,0,0,ok
full-v2,corpus,pop-bugzilla37292.pdf,3,4,19.4,7593928,1,0,0,ok
full-v2,corpus,reference-2-numeric-error.pdf,3,1,12.7,7147632,0,0,0,ok
full-v2,corpus,soundandvision.pdf,3,1,3.2,1856432,0,0,0,ok
full-v2,corpus,ssm2163.pdf,3,5,12.2,10255328,0,0,0,ok
full-v2,corpus,steam_in_page_dict.pdf,3,1,0.6,103552,0,0,0,ok
full-v2,corpus,test-2_so_74165171.pdf,3,1,104.1,42239488,2,1,1,ok
full-v2,corpus,testPdf-1.pdf,3,2,9.0,5833200,0,0,0,ok
full-v2,corpus,test_a-5.pdf,3,5,117.2,69775160,2,1,1,ok
full-v2,corpus,test_a.pdf,3,5,137.3,68857848,3,2,1,ok
full-v2,corpus,toc.pdf,3,5,17.5,7515880,1,0,0,ok
full-v2,corpus,type3-font-zero-height.pdf,3,1,14.0,8049952,0,0,0,ok
scanner+form,single,formstream-15b-200do.pdf,1,1,259.3,33689032,1,0,0,ok
scanner+form,single,formstream-196kb-200do.pdf,1,1,18.5,2587216,0,0,0,ok
scanner+form,single,fullscale-extgstate-30k-4200do.pdf,1,1,17436.3,8334233312,529,527,527,ok
scanner+form,single,isolate-colorspace-30k-200do.pdf,1,1,973.6,520217280,44,44,44,ok
scanner+form,single,isolate-empty-resources-200do.pdf,1,1,2.3,1619056,0,0,0,ok
scanner+form,single,isolate-extgstate-1-entry-200do.pdf,1,1,1.9,1662040,0,0,0,ok
scanner+form,single,isolate-extgstate-direct-30k-200do.pdf,1,1,982.8,435947976,28,27,26,ok
scanner+form,single,isolate-extgstate-indirect-30k-200do.pdf,1,1,1073.1,457625752,24,23,23,ok
scanner+form,single,isolate-properties-30k-200do.pdf,1,1,718.2,433682880,23,22,21,ok
scanner+form,single,isolate-xobject-30k-200do.pdf,1,1,903.4,412862200,24,24,24,ok
scanner+form,single,objstm-xobject-30k-200do.pdf,1,1,845.2,403093616,24,24,24,ok
scanner+form,single,scaling-extgstate-30k-100do.pdf,1,1,614.0,260838104,12,11,10,ok
scanner+form,single,scaling-extgstate-30k-50do.pdf,1,1,343.9,162446496,7,6,6,ok
scanner+form,single,formstream-15b-200do.pdf,2,1,1.2,1618328,0,0,0,ok
scanner+form,single,formstream-196kb-200do.pdf,2,1,7.6,2585496,0,0,0,ok
scanner+form,single,fullscale-extgstate-30k-4200do.pdf,2,1,21954.1,8329016888,344,343,343,ok
scanner+form,single,isolate-colorspace-30k-200do.pdf,2,1,1069.1,514238624,22,22,22,ok
scanner+form,single,isolate-empty-resources-200do.pdf,2,1,1.0,1619056,0,0,0,ok
scanner+form,single,isolate-extgstate-1-entry-200do.pdf,2,1,0.9,1662040,0,0,0,ok
scanner+form,single,isolate-extgstate-direct-30k-200do.pdf,2,1,1168.4,435938904,18,17,17,ok
scanner+form,single,isolate-extgstate-indirect-30k-200do.pdf,2,1,1297.7,457620712,19,18,18,ok
scanner+form,single,isolate-properties-30k-200do.pdf,2,1,1103.5,431519856,19,18,18,ok
scanner+form,single,isolate-xobject-30k-200do.pdf,2,1,839.6,402459576,18,18,18,ok
scanner+form,single,objstm-xobject-30k-200do.pdf,2,1,809.3,403086920,19,19,19,ok
scanner+form,single,scaling-extgstate-30k-100do.pdf,2,1,568.2,260836560,10,9,9,ok
scanner+form,single,scaling-extgstate-30k-50do.pdf,2,1,330.7,162445768,6,5,5,ok
full,single,formstream-15b-200do.pdf,1,1,159.4,33609528,1,0,0,ok
full,single,formstream-196kb-200do.pdf,1,1,12.2,2507664,0,0,0,ok
full,single,fullscale-extgstate-30k-4200do.pdf,1,1,347.8,102321488,5,3,3,ok
full,single,isolate-colorspace-30k-200do.pdf,1,1,44.5,18675184,0,0,0,ok
full,single,isolate-empty-resources-200do.pdf,1,1,3.7,1538424,0,0,0,ok
full,single,isolate-extgstate-1-entry-200do.pdf,1,1,3.4,1544280,0,0,0,ok
full,single,isolate-extgstate-direct-30k-200do.pdf,1,1,116.8,45818136,1,0,0,ok
full,single,isolate-extgstate-indirect-30k-200do.pdf,1,1,179.8,67500080,4,3,2,ok
full,single,isolate-properties-30k-200do.pdf,1,1,71.4,43557264,1,1,0,ok
full,single,isolate-xobject-30k-200do.pdf,1,1,37.4,22733504,0,0,0,ok
full,single,objstm-xobject-30k-200do.pdf,1,1,66.7,12979344,2,2,2,ok
full,single,scaling-extgstate-30k-100do.pdf,1,1,84.6,66757400,2,1,1,ok
full,single,scaling-extgstate-30k-50do.pdf,1,1,87.6,66386576,3,2,2,ok
full,single,formstream-15b-200do.pdf,2,1,2.1,1538496,0,0,0,ok
full,single,formstream-196kb-200do.pdf,2,1,11.9,2505944,0,0,0,ok
full,single,fullscale-extgstate-30k-4200do.pdf,2,1,138.5,97288520,3,1,1,ok
full,single,isolate-colorspace-30k-200do.pdf,2,1,24.1,12718704,0,0,0,ok
full,single,isolate-empty-resources-200do.pdf,2,1,1.0,1538424,0,0,0,ok
full,single,isolate-extgstate-1-entry-200do.pdf,2,1,0.9,1544280,0,0,0,ok
full,single,isolate-extgstate-direct-30k-200do.pdf,2,1,49.1,45818136,1,0,0,ok
full,single,isolate-extgstate-indirect-30k-200do.pdf,2,1,110.8,67500360,4,3,2,ok
full,single,isolate-properties-30k-200do.pdf,2,1,36.3,41397800,0,0,0,ok
full,single,isolate-xobject-30k-200do.pdf,2,1,69.3,12337728,2,2,1,ok
full,single,objstm-xobject-30k-200do.pdf,2,1,18.6,12964136,0,0,0,ok
full,single,scaling-extgstate-30k-100do.pdf,2,1,98.0,66757608,3,2,2,ok
full,single,scaling-extgstate-30k-50do.pdf,2,1,85.9,66385824,2,1,1,ok
full-v2,single,formstream-15b-200do.pdf,1,1,178.3,33609808,1,0,0,ok
full-v2,single,formstream-196kb-200do.pdf,1,1,13.5,2507944,0,0,0,ok
full-v2,single,fullscale-extgstate-30k-4200do.pdf,1,1,375.5,102321768,5,3,3,ok
full-v2,single,isolate-colorspace-30k-200do.pdf,1,1,51.2,18675464,0,0,0,ok
full-v2,single,isolate-empty-resources-200do.pdf,1,1,3.7,1538704,0,0,0,ok
full-v2,single,isolate-extgstate-1-entry-200do.pdf,1,1,3.7,1544560,0,0,0,ok
full-v2,single,isolate-extgstate-direct-30k-200do.pdf,1,1,99.2,45818416,1,0,0,ok
full-v2,single,isolate-extgstate-indirect-30k-200do.pdf,1,1,154.7,67500360,4,3,2,ok
full-v2,single,isolate-properties-30k-200do.pdf,1,1,74.1,43557544,1,1,0,ok
full-v2,single,isolate-xobject-30k-200do.pdf,1,1,34.7,22733784,0,0,0,ok
full-v2,single,objstm-xobject-30k-200do.pdf,1,1,73.7,13098384,2,2,2,ok
full-v2,single,scaling-extgstate-30k-100do.pdf,1,1,96.2,66757680,2,1,1,ok
full-v2,single,scaling-extgstate-30k-50do.pdf,1,1,99.9,66386856,3,2,2,ok
full-v2,single,formstream-15b-200do.pdf,2,1,2.3,1538776,0,0,0,ok
full-v2,single,formstream-196kb-200do.pdf,2,1,12.0,2506224,0,0,0,ok
full-v2,single,fullscale-extgstate-30k-4200do.pdf,2,1,145.7,97288800,3,1,1,ok
full-v2,single,isolate-colorspace-30k-200do.pdf,2,1,21.8,12718984,0,0,0,ok
full-v2,single,isolate-empty-resources-200do.pdf,2,1,1.0,1538704,0,0,0,ok
full-v2,single,isolate-extgstate-1-entry-200do.pdf,2,1,0.8,1544560,0,0,0,ok
full-v2,single,isolate-extgstate-direct-30k-200do.pdf,2,1,50.8,45818416,1,0,0,ok
full-v2,single,isolate-extgstate-indirect-30k-200do.pdf,2,1,125.6,67500640,4,3,2,ok
full-v2,single,isolate-properties-30k-200do.pdf,2,1,38.8,41398080,0,0,0,ok
full-v2,single,isolate-xobject-30k-200do.pdf,2,1,77.2,12338008,2,2,1,ok
full-v2,single,objstm-xobject-30k-200do.pdf,2,1,25.4,12964416,0,0,0,ok
full-v2,single,scaling-extgstate-30k-100do.pdf,2,1,112.0,66757888,3,2,2,ok
full-v2,single,scaling-extgstate-30k-50do.pdf,2,1,95.3,66386104,2,1,1,ok
scanner+form,single,formstream-15b-200do.pdf,1,1,179.9,33689032,1,0,0,ok
scanner+form,single,formstream-196kb-200do.pdf,1,1,13.0,2587216,0,0,0,ok
scanner+form,single,fullscale-extgstate-30k-4200do.pdf,1,1,16630.0,8334233312,529,527,527,ok
scanner+form,single,isolate-colorspace-30k-200do.pdf,1,1,854.2,520217280,44,44,44,ok
scanner+form,single,isolate-empty-resources-200do.pdf,1,1,1.9,1619056,0,0,0,ok
scanner+form,single,isolate-extgstate-1-entry-200do.pdf,1,1,1.9,1662040,0,0,0,ok
scanner+form,single,isolate-extgstate-direct-30k-200do.pdf,1,1,849.0,435947976,28,27,26,ok
scanner+form,single,isolate-extgstate-indirect-30k-200do.pdf,1,1,1078.6,457625752,24,23,23,ok
scanner+form,single,isolate-properties-30k-200do.pdf,1,1,875.6,433682880,23,22,21,ok
scanner+form,single,isolate-xobject-30k-200do.pdf,1,1,1303.7,412862200,24,24,24,ok
scanner+form,single,objstm-xobject-30k-200do.pdf,1,1,1114.0,403093616,24,24,24,ok
scanner+form,single,scaling-extgstate-30k-100do.pdf,1,1,717.8,260838104,12,11,10,ok
scanner+form,single,scaling-extgstate-30k-50do.pdf,1,1,375.0,162446496,7,6,6,ok
scanner+form,single,formstream-15b-200do.pdf,2,1,1.3,1618328,0,0,0,ok
scanner+form,single,formstream-196kb-200do.pdf,2,1,8.2,2585496,0,0,0,ok
scanner+form,single,fullscale-extgstate-30k-4200do.pdf,2,1,21782.8,8329016888,344,343,343,ok
scanner+form,single,isolate-colorspace-30k-200do.pdf,2,1,856.7,514238624,22,22,22,ok
scanner+form,single,isolate-empty-resources-200do.pdf,2,1,0.9,1619056,0,0,0,ok
scanner+form,single,isolate-extgstate-1-entry-200do.pdf,2,1,0.7,1662040,0,0,0,ok
scanner+form,single,isolate-extgstate-direct-30k-200do.pdf,2,1,891.5,435938904,18,17,17,ok
scanner+form,single,isolate-extgstate-indirect-30k-200do.pdf,2,1,1065.0,457620712,19,18,18,ok
scanner+form,single,isolate-properties-30k-200do.pdf,2,1,971.6,431519856,19,18,18,ok
scanner+form,single,isolate-xobject-30k-200do.pdf,2,1,992.3,402459576,18,18,18,ok
scanner+form,single,objstm-xobject-30k-200do.pdf,2,1,965.5,403086920,19,19,19,ok
scanner+form,single,scaling-extgstate-30k-100do.pdf,2,1,675.0,260836560,10,9,9,ok
scanner+form,single,scaling-extgstate-30k-50do.pdf,2,1,366.1,162445768,6,5,5,ok
full,single,formstream-15b-200do.pdf,1,1,175.9,33609528,1,0,0,ok
full,single,formstream-196kb-200do.pdf,1,1,12.4,2507664,0,0,0,ok
full,single,fullscale-extgstate-30k-4200do.pdf,1,1,348.2,102321488,5,3,3,ok
full,single,isolate-colorspace-30k-200do.pdf,1,1,60.5,18675184,0,0,0,ok
full,single,isolate-empty-resources-200do.pdf,1,1,3.6,1538424,0,0,0,ok
full,single,isolate-extgstate-1-entry-200do.pdf,1,1,3.7,1544280,0,0,0,ok
full,single,isolate-extgstate-direct-30k-200do.pdf,1,1,135.6,45818136,1,0,0,ok
full,single,isolate-extgstate-indirect-30k-200do.pdf,1,1,149.2,67500080,4,3,2,ok
full,single,isolate-properties-30k-200do.pdf,1,1,69.1,43557264,1,1,0,ok
full,single,isolate-xobject-30k-200do.pdf,1,1,37.2,22733504,0,0,0,ok
full,single,objstm-xobject-30k-200do.pdf,1,1,74.1,12967008,2,2,2,ok
full,single,scaling-extgstate-30k-100do.pdf,1,1,94.3,66757400,2,1,1,ok
full,single,scaling-extgstate-30k-50do.pdf,1,1,98.9,66386576,3,2,2,ok
full,single,formstream-15b-200do.pdf,2,1,2.2,1538496,0,0,0,ok
full,single,formstream-196kb-200do.pdf,2,1,12.4,2505944,0,0,0,ok
full,single,fullscale-extgstate-30k-4200do.pdf,2,1,140.3,97288520,3,1,1,ok
full,single,isolate-colorspace-30k-200do.pdf,2,1,20.5,12718704,0,0,0,ok
full,single,isolate-empty-resources-200do.pdf,2,1,1.0,1538424,0,0,0,ok
full,single,isolate-extgstate-1-entry-200do.pdf,2,1,0.9,1544280,0,0,0,ok
full,single,isolate-extgstate-direct-30k-200do.pdf,2,1,45.1,45818136,1,0,0,ok
full,single,isolate-extgstate-indirect-30k-200do.pdf,2,1,105.7,67500360,4,3,2,ok
full,single,isolate-properties-30k-200do.pdf,2,1,31.5,41397800,0,0,0,ok
full,single,isolate-xobject-30k-200do.pdf,2,1,63.4,12337728,2,2,1,ok
full,single,objstm-xobject-30k-200do.pdf,2,1,15.3,12964136,0,0,0,ok
full,single,scaling-extgstate-30k-100do.pdf,2,1,88.8,66757608,3,2,2,ok
full,single,scaling-extgstate-30k-50do.pdf,2,1,80.3,66385824,2,1,1,ok
full-v2,single,formstream-15b-200do.pdf,1,1,153.9,33609808,1,0,0,ok
full-v2,single,formstream-196kb-200do.pdf,1,1,11.5,2507944,0,0,0,ok
full-v2,single,fullscale-extgstate-30k-4200do.pdf,1,1,330.9,102321768,5,3,3,ok
full-v2,single,isolate-colorspace-30k-200do.pdf,1,1,40.0,18675464,0,0,0,ok
full-v2,single,isolate-empty-resources-200do.pdf,1,1,3.1,1538704,0,0,0,ok
full-v2,single,isolate-extgstate-1-entry-200do.pdf,1,1,3.0,1544560,0,0,0,ok
full-v2,single,isolate-extgstate-direct-30k-200do.pdf,1,1,99.4,45818416,1,0,0,ok
full-v2,single,isolate-extgstate-indirect-30k-200do.pdf,1,1,230.5,67500360,4,3,2,ok
full-v2,single,isolate-properties-30k-200do.pdf,1,1,99.8,43557544,1,1,0,ok
full-v2,single,isolate-xobject-30k-200do.pdf,1,1,43.4,22733784,0,0,0,ok
full-v2,single,objstm-xobject-30k-200do.pdf,1,1,69.4,12967288,2,2,2,ok
full-v2,single,scaling-extgstate-30k-100do.pdf,1,1,131.1,66757680,2,1,1,ok
full-v2,single,scaling-extgstate-30k-50do.pdf,1,1,95.6,66386856,3,2,2,ok
full-v2,single,formstream-15b-200do.pdf,2,1,2.5,1538776,0,0,0,ok
full-v2,single,formstream-196kb-200do.pdf,2,1,12.6,2506224,0,0,0,ok
full-v2,single,fullscale-extgstate-30k-4200do.pdf,2,1,134.2,97288800,3,1,1,ok
full-v2,single,isolate-colorspace-30k-200do.pdf,2,1,20.0,12718984,0,0,0,ok
full-v2,single,isolate-empty-resources-200do.pdf,2,1,0.9,1538704,0,0,0,ok
full-v2,single,isolate-extgstate-1-entry-200do.pdf,2,1,0.8,1544560,0,0,0,ok
full-v2,single,isolate-extgstate-direct-30k-200do.pdf,2,1,42.6,45818416,1,0,0,ok
full-v2,single,isolate-extgstate-indirect-30k-200do.pdf,2,1,96.6,67500640,4,3,2,ok
full-v2,single,isolate-properties-30k-200do.pdf,2,1,25.5,41398080,0,0,0,ok
full-v2,single,isolate-xobject-30k-200do.pdf,2,1,60.7,12338008,2,2,1,ok
full-v2,single,objstm-xobject-30k-200do.pdf,2,1,15.6,12964416,0,0,0,ok
full-v2,single,scaling-extgstate-30k-100do.pdf,2,1,85.3,66757888,3,2,2,ok
full-v2,single,scaling-extgstate-30k-50do.pdf,2,1,77.2,66386104,2,1,1,ok
