variant,mode,document,rep,pages,ms,allocatedBytes,gen0,gen1,gen2,status
baseline,corpus,0000851.pdf,1,5,1199.2,170032088,5,2,2,ok
baseline,corpus,11194059_2017-11_de_s.pdf,1,2,153.7,27690248,1,1,0,ok
baseline,corpus,2006_Swedish_Touring_Car_Championship.pdf,1,4,32.4,7884888,0,0,0,ok
baseline,corpus,2108.11480.pdf,1,5,224.7,76962576,2,1,1,ok
baseline,corpus,6.Secrets.to.Startup.Success.PDFDrive.pdf,1,5,123.6,24877664,2,1,1,ok
baseline,corpus,68-1990-01_A.pdf,1,5,287.3,64938000,2,1,1,ok
baseline,corpus,Approved_Document_B__fire_safety__volume_2_-_Buildings_other_than_dwellings__2019_edition_incorporating_2020_and_2022_amendments.pdf,1,5,126.5,52521152,3,2,2,ok
baseline,corpus,ClipPathLetterFilter-Test1.pdf,1,5,95.7,41326944,0,0,0,ok
baseline,corpus,ClipPathLetterFilter-Test2.pdf,1,1,24.9,8847088,0,0,0,ok
baseline,corpus,ColorIssue.pdf,1,1,104.8,34631920,2,2,2,ok
baseline,corpus,DeviceN_CS_test.pdf,1,5,63.3,22232208,1,1,1,ok
baseline,corpus,ErcotFacts.pdf,1,2,53.7,14129592,1,0,0,ok
baseline,corpus,FICTIF_TABLE_INDEX.pdf,1,5,48.8,15510952,0,0,0,ok
baseline,corpus,FarmerMac.pdf,1,5,57.6,14125848,0,0,0,ok
baseline,corpus,GHOSTSCRIPT-696171-0.pdf,1,5,62.8,11351304,1,0,0,ok
baseline,corpus,GHOSTSCRIPT-697234-0.pdf,1,3,114.8,22757744,0,0,0,ok
baseline,corpus,GHOSTSCRIPT-697507-0.pdf,1,1,58.6,8204504,1,1,1,ok
baseline,corpus,GHOSTSCRIPT-698721-0.zip-6.pdf,1,2,31.0,7742064,0,0,0,ok
baseline,corpus,GHOSTSCRIPT-699035-0.pdf,1,5,194.5,38415528,1,0,0,ok
baseline,corpus,GHOSTSCRIPT-699178-0.pdf,1,3,31.7,8609504,0,0,0,ok
baseline,corpus,GHOSTSCRIPT-699488-0.pdf,1,1,37.8,8128088,0,0,0,ok
baseline,corpus,GHOSTSCRIPT-700125-1.pdf,1,5,71.8,17647344,1,1,1,ok
baseline,corpus,GHOSTSCRIPT-700139-0.pdf,1,2,418.7,117738024,5,1,1,ok
baseline,corpus,GHOSTSCRIPT-700236-1.pdf,1,5,65.6,13572832,0,0,0,ok
baseline,corpus,Gamebook.pdf,1,5,152.3,150825424,8,8,8,ok
baseline,corpus,ICML03-081.pdf,1,5,63.9,17385424,1,1,0,ok
baseline,corpus,Indexed-DeviceRGB-JPXDecode-0-.0.0.255.0.-Font-F1_1_missing_char_255-1.pdf,1,1,213.9,17086288,1,0,0,ok
baseline,corpus,Judgement Document.pdf,1,5,44.0,11061864,1,1,1,ok
baseline,corpus,Layer pdf - 322_High_Holborn_building_Brochure.pdf,1,3,167.4,38364496,1,0,0,ok
baseline,corpus,MOZILLA-10225-0.pdf,1,5,56.7,23121080,0,0,0,ok
baseline,corpus,MOZILLA-10372-2.pdf,1,5,49.1,13451656,1,1,1,ok
baseline,corpus,MOZILLA-2775-1.pdf,1,5,68.5,17809208,1,0,0,ok
baseline,corpus,MOZILLA-3136-0.pdf,1,4,885.1,219851840,4,2,1,ok
baseline,corpus,MOZILLA-7375-0.pdf,1,5,68.9,16128824,0,0,0,ok
baseline,corpus,Math119FakingData.pdf,1,5,47.3,9332480,0,0,0,ok
baseline,corpus,Motor Insurance claim form.pdf,1,3,358.6,70034680,3,3,3,ok
baseline,corpus,Multiple Page - from Mortality Statistics.pdf,1,5,46.8,15965408,1,0,0,ok
baseline,corpus,OPEN.RABBIT.ENGLISH.LOP.pdf,1,5,54.2,27964272,0,0,0,ok
baseline,corpus,Old Gutnish Internet Explorer.pdf,1,3,30.3,14921848,0,0,0,ok
baseline,corpus,P2P-33713919.pdf,1,5,51.7,23234360,1,1,1,ok
baseline,corpus,PDFBOX-492-4.jar-8.pdf,1,2,56.5,17072496,1,0,0,ok
baseline,corpus,PDFBOX-624-2.pdf,1,5,19.7,11353640,0,0,0,ok
baseline,corpus,Pig Production Handbook.pdf,1,5,15.8,11661096,0,0,0,ok
baseline,corpus,Publication_of_award_of_Bids_for_Transport_Sector__August_2016.pdf,1,5,17.1,8528320,0,0,0,ok
baseline,corpus,Rotation 45.pdf,1,4,47.7,17683336,1,0,0,ok
baseline,corpus,SPARC - v9 Architecture Manual.pdf,1,5,217.0,108712128,5,2,1,ok
baseline,corpus,SPE8EF26T0545.pdf,1,5,12.6,11406696,0,0,0,ok
baseline,corpus,TIKA-1552-0.pdf,1,5,44.9,23706016,2,1,1,ok
baseline,corpus,TIKA-2054-0.pdf,1,5,25.3,23587312,0,0,0,ok
baseline,corpus,Type0 Font.pdf,1,1,10.3,10340976,0,0,0,ok
baseline,corpus,Type0_CJK_Font.pdf,1,5,73.2,4920560,1,1,1,ok
baseline,corpus,capas.pdf,1,5,7.1,8296136,0,0,0,ok
baseline,corpus,cat-genetics_bobld.pdf,1,1,7.6,7096552,0,0,0,ok
baseline,corpus,cmap-parsing-exception.pdf,1,1,20.7,13481000,1,0,0,ok
baseline,corpus,dotnet-ai.pdf,1,5,22.5,32510432,1,1,1,ok
baseline,corpus,felltypes-test.pdf,1,1,15.7,4980560,0,0,0,ok
baseline,corpus,iron-ore-q2-q3-2013.pdf,1,5,46.0,36707496,2,2,1,ok
baseline,corpus,issue_671.pdf,1,2,21.7,18398368,0,0,0,ok
baseline,corpus,journal.pone.0196757.pdf,1,5,68.7,35935136,2,1,1,ok
baseline,corpus,jtehm-melillo-2679746.pdf,1,5,74.6,52897112,0,0,0,ok
baseline,corpus,pop-bugzilla37292.pdf,1,4,11.0,7984864,0,0,0,ok
baseline,corpus,reference-2-numeric-error.pdf,1,1,18.5,7196176,0,0,0,ok
baseline,corpus,ssm2163.pdf,1,5,21.0,10623144,0,0,0,ok
baseline,corpus,test-2_so_74165171.pdf,1,1,144.1,41203368,2,2,2,ok
baseline,corpus,testPdf-1.pdf,1,2,6.4,6061048,0,0,0,ok
baseline,corpus,test_a-5.pdf,1,5,111.3,70167376,2,1,0,ok
baseline,corpus,test_a.pdf,1,5,106.4,69186520,2,1,1,ok
baseline,corpus,toc.pdf,1,5,6.9,7514624,0,0,0,ok
baseline,corpus,type3-font-zero-height.pdf,1,1,15.4,8061768,0,0,0,ok
baseline,corpus,0000851.pdf,2,5,301.6,122572344,4,1,1,ok
baseline,corpus,11194059_2017-11_de_s.pdf,2,2,52.6,27534800,2,1,0,ok
baseline,corpus,2006_Swedish_Touring_Car_Championship.pdf,2,4,7.3,7883328,0,0,0,ok
baseline,corpus,2108.11480.pdf,2,5,99.1,76745136,2,1,0,ok
baseline,corpus,6.Secrets.to.Startup.Success.PDFDrive.pdf,2,5,27.4,24670264,0,0,0,ok
baseline,corpus,68-1990-01_A.pdf,2,5,75.2,44648856,2,1,1,ok
baseline,corpus,Approved_Document_B__fire_safety__volume_2_-_Buildings_other_than_dwellings__2019_edition_incorporating_2020_and_2022_amendments.pdf,2,5,60.0,52518400,4,4,3,ok
baseline,corpus,ClipPathLetterFilter-Test1.pdf,2,5,12.8,12729256,0,0,0,ok
baseline,corpus,ClipPathLetterFilter-Test2.pdf,2,1,8.0,8846800,0,0,0,ok
baseline,corpus,ColorIssue.pdf,2,1,39.1,34007272,1,0,0,ok
baseline,corpus,DeviceN_CS_test.pdf,2,5,17.1,22019136,0,0,0,ok
baseline,corpus,ErcotFacts.pdf,2,2,19.5,14114336,0,0,0,ok
baseline,corpus,FICTIF_TABLE_INDEX.pdf,2,5,22.3,15069872,1,0,0,ok
baseline,corpus,FarmerMac.pdf,2,5,14.8,13732288,0,0,0,ok
baseline,corpus,GHOSTSCRIPT-696171-0.pdf,2,5,11.9,11349720,0,0,0,ok
baseline,corpus,GHOSTSCRIPT-697234-0.pdf,2,3,31.7,22751632,0,0,0,ok
baseline,corpus,GHOSTSCRIPT-697507-0.pdf,2,1,10.9,7998056,0,0,0,ok
baseline,corpus,GHOSTSCRIPT-698721-0.zip-6.pdf,2,2,22.5,7741072,1,1,0,ok
baseline,corpus,GHOSTSCRIPT-699035-0.pdf,2,5,60.7,38289408,2,1,1,ok
baseline,corpus,GHOSTSCRIPT-699178-0.pdf,2,3,7.9,8437304,0,0,0,ok
baseline,corpus,GHOSTSCRIPT-699488-0.pdf,2,1,15.5,8125856,1,0,0,ok
baseline,corpus,GHOSTSCRIPT-700125-1.pdf,2,5,17.2,17640464,0,0,0,ok
baseline,corpus,GHOSTSCRIPT-700139-0.pdf,2,2,165.0,116316352,4,1,1,ok
baseline,corpus,GHOSTSCRIPT-700236-1.pdf,2,5,14.6,13572088,0,0,0,ok
baseline,corpus,Gamebook.pdf,2,5,12.5,9367112,1,0,0,ok
baseline,corpus,ICML03-081.pdf,2,5,19.7,17381392,0,0,0,ok
baseline,corpus,Indexed-DeviceRGB-JPXDecode-0-.0.0.255.0.-Font-F1_1_missing_char_255-1.pdf,2,1,26.9,17064032,1,0,0,ok
baseline,corpus,Judgement Document.pdf,2,5,13.7,9128112,0,0,0,ok
baseline,corpus,Layer pdf - 322_High_Holborn_building_Brochure.pdf,2,3,56.6,38181048,2,1,1,ok
baseline,corpus,MOZILLA-10225-0.pdf,2,5,15.4,23067072,0,0,0,ok
baseline,corpus,MOZILLA-10372-2.pdf,2,5,24.2,13030320,1,1,1,ok
baseline,corpus,MOZILLA-2775-1.pdf,2,5,19.5,17808416,1,0,0,ok
baseline,corpus,MOZILLA-3136-0.pdf,2,4,315.2,217963216,5,3,2,ok
baseline,corpus,MOZILLA-7375-0.pdf,2,5,13.7,16127600,0,0,0,ok
baseline,corpus,Math119FakingData.pdf,2,5,12.6,9330824,1,0,0,ok
baseline,corpus,Motor Insurance claim form.pdf,2,3,81.4,68929824,0,0,0,ok
baseline,corpus,Multiple Page - from Mortality Statistics.pdf,2,5,39.6,8224320,1,1,0,ok
baseline,corpus,OPEN.RABBIT.ENGLISH.LOP.pdf,2,5,40.1,27842560,1,1,1,ok
baseline,corpus,Old Gutnish Internet Explorer.pdf,2,3,24.2,14411088,1,1,1,ok
baseline,corpus,P2P-33713919.pdf,2,5,23.7,23059136,1,0,0,ok
baseline,corpus,PDFBOX-492-4.jar-8.pdf,2,2,22.2,16922312,0,0,0,ok
baseline,corpus,PDFBOX-624-2.pdf,2,5,11.8,11351800,0,0,0,ok
baseline,corpus,Pig Production Handbook.pdf,2,5,10.3,11660472,0,0,0,ok
baseline,corpus,Publication_of_award_of_Bids_for_Transport_Sector__August_2016.pdf,2,5,18.4,8490696,1,1,1,ok
baseline,corpus,Rotation 45.pdf,2,4,15.8,10018776,0,0,0,ok
baseline,corpus,SPARC - v9 Architecture Manual.pdf,2,5,109.8,108714224,5,3,2,ok
baseline,corpus,SPE8EF26T0545.pdf,2,5,18.1,11399952,1,1,0,ok
baseline,corpus,TIKA-1552-0.pdf,2,5,23.6,23549984,1,0,0,ok
baseline,corpus,TIKA-2054-0.pdf,2,5,22.1,23583728,0,0,0,ok
baseline,corpus,Type0 Font.pdf,2,1,10.9,9722544,0,0,0,ok
baseline,corpus,Type0_CJK_Font.pdf,2,5,12.9,3270736,0,0,0,ok
baseline,corpus,capas.pdf,2,5,7.1,8042120,0,0,0,ok
baseline,corpus,cat-genetics_bobld.pdf,2,1,6.2,7025248,0,0,0,ok
baseline,corpus,cmap-parsing-exception.pdf,2,1,18.7,13114656,0,0,0,ok
baseline,corpus,dotnet-ai.pdf,2,5,40.4,31822280,2,2,2,ok
baseline,corpus,felltypes-test.pdf,2,1,9.3,4979600,0,0,0,ok
baseline,corpus,iron-ore-q2-q3-2013.pdf,2,5,23.6,36514592,1,1,0,ok
baseline,corpus,issue_671.pdf,2,2,29.8,17902120,1,0,0,ok
baseline,corpus,journal.pone.0196757.pdf,2,5,27.8,35654592,0,0,0,ok
baseline,corpus,jtehm-melillo-2679746.pdf,2,5,60.2,52894568,1,0,0,ok
baseline,corpus,pop-bugzilla37292.pdf,2,4,20.2,7619000,1,1,0,ok
baseline,corpus,reference-2-numeric-error.pdf,2,1,9.7,7193912,0,0,0,ok
baseline,corpus,ssm2163.pdf,2,5,11.4,10612656,0,0,0,ok
baseline,corpus,test-2_so_74165171.pdf,2,1,83.6,41134928,2,0,0,ok
baseline,corpus,testPdf-1.pdf,2,2,6.9,5704840,0,0,0,ok
baseline,corpus,test_a-5.pdf,2,5,93.1,69224304,2,1,1,ok
baseline,corpus,test_a.pdf,2,5,83.5,69683344,1,1,1,ok
baseline,corpus,toc.pdf,2,5,13.9,7514504,1,0,0,ok
baseline,corpus,type3-font-zero-height.pdf,2,1,10.5,8056472,0,0,0,ok
baseline,corpus,0000851.pdf,3,5,221.0,122572136,3,1,1,ok
baseline,corpus,11194059_2017-11_de_s.pdf,3,2,24.8,27613240,0,0,0,ok
baseline,corpus,2006_Swedish_Touring_Car_Championship.pdf,3,4,7.8,7666976,0,0,0,ok
baseline,corpus,2108.11480.pdf,3,5,99.1,76276376,2,1,1,ok
baseline,corpus,6.Secrets.to.Startup.Success.PDFDrive.pdf,3,5,19.8,24674384,0,0,0,ok
baseline,corpus,68-1990-01_A.pdf,3,5,74.1,44464504,2,2,1,ok
baseline,corpus,Approved_Document_B__fire_safety__volume_2_-_Buildings_other_than_dwellings__2019_edition_incorporating_2020_and_2022_amendments.pdf,3,5,60.3,52652904,2,2,2,ok
baseline,corpus,ClipPathLetterFilter-Test1.pdf,3,5,12.0,12173408,0,0,0,ok
baseline,corpus,ClipPathLetterFilter-Test2.pdf,3,1,7.9,8697712,0,0,0,ok
baseline,corpus,ColorIssue.pdf,3,1,37.3,33888520,1,1,0,ok
baseline,corpus,DeviceN_CS_test.pdf,3,5,22.7,21628128,1,1,0,ok
baseline,corpus,ErcotFacts.pdf,3,2,15.2,13717728,0,0,0,ok
baseline,corpus,FICTIF_TABLE_INDEX.pdf,3,5,16.3,14805248,1,0,0,ok
baseline,corpus,FarmerMac.pdf,3,5,13.1,13732288,0,0,0,ok
baseline,corpus,GHOSTSCRIPT-696171-0.pdf,3,5,10.8,11349720,0,0,0,ok
baseline,corpus,GHOSTSCRIPT-697234-0.pdf,3,3,36.4,22751632,1,1,0,ok
baseline,corpus,GHOSTSCRIPT-697507-0.pdf,3,1,9.1,7998264,0,0,0,ok
baseline,corpus,GHOSTSCRIPT-698721-0.zip-6.pdf,3,2,7.7,7741072,0,0,0,ok
baseline,corpus,GHOSTSCRIPT-699035-0.pdf,3,5,46.1,38282432,2,1,0,ok
baseline,corpus,GHOSTSCRIPT-699178-0.pdf,3,3,7.1,8437160,0,0,0,ok
baseline,corpus,GHOSTSCRIPT-699488-0.pdf,3,1,9.4,8125856,0,0,0,ok
baseline,corpus,GHOSTSCRIPT-700125-1.pdf,3,5,19.6,17640256,0,0,0,ok
baseline,corpus,GHOSTSCRIPT-700139-0.pdf,3,2,149.0,116185256,4,2,1,ok
baseline,corpus,GHOSTSCRIPT-700236-1.pdf,3,5,16.1,13572088,1,0,0,ok
baseline,corpus,Gamebook.pdf,3,5,9.7,9367320,0,0,0,ok
baseline,corpus,ICML03-081.pdf,3,5,16.5,17381184,0,0,0,ok
baseline,corpus,Indexed-DeviceRGB-JPXDecode-0-.0.0.255.0.-Font-F1_1_missing_char_255-1.pdf,3,1,30.9,17064032,0,0,0,ok
baseline,corpus,Judgement Document.pdf,3,5,10.3,9127904,0,0,0,ok
baseline,corpus,Layer pdf - 322_High_Holborn_building_Brochure.pdf,3,3,63.4,37853296,2,1,1,ok
baseline,corpus,MOZILLA-10225-0.pdf,3,5,15.1,23067072,0,0,0,ok
baseline,corpus,MOZILLA-10372-2.pdf,3,5,22.1,13161416,1,1,1,ok
baseline,corpus,MOZILLA-2775-1.pdf,3,5,18.2,17808416,1,0,0,ok
baseline,corpus,MOZILLA-3136-0.pdf,3,4,260.5,217800728,4,1,1,ok
baseline,corpus,MOZILLA-7375-0.pdf,3,5,38.5,16134368,1,1,1,ok
baseline,corpus,Math119FakingData.pdf,3,5,8.3,9331088,0,0,0,ok
baseline,corpus,Motor Insurance claim form.pdf,3,3,96.3,68997912,2,1,1,ok
baseline,corpus,Multiple Page - from Mortality Statistics.pdf,3,5,16.2,8290664,1,0,0,ok
baseline,corpus,OPEN.RABBIT.ENGLISH.LOP.pdf,3,5,23.0,27774264,0,0,0,ok
baseline,corpus,Old Gutnish Internet Explorer.pdf,3,3,26.2,14345288,1,1,1,ok
baseline,corpus,P2P-33713919.pdf,3,5,13.9,23059136,0,0,0,ok
baseline,corpus,PDFBOX-492-4.jar-8.pdf,3,2,24.6,16922104,1,0,0,ok
baseline,corpus,PDFBOX-624-2.pdf,3,5,10.7,11352008,0,0,0,ok
baseline,corpus,Pig Production Handbook.pdf,3,5,9.4,11660472,0,0,0,ok
baseline,corpus,Publication_of_award_of_Bids_for_Transport_Sector__August_2016.pdf,3,5,18.0,8291248,1,0,0,ok
baseline,corpus,Rotation 45.pdf,3,4,14.4,10018776,0,0,0,ok
baseline,corpus,SPARC - v9 Architecture Manual.pdf,3,5,98.5,108580632,5,1,1,ok
baseline,corpus,SPE8EF26T0545.pdf,3,5,9.7,11399952,0,0,0,ok
baseline,corpus,TIKA-1552-0.pdf,3,5,27.2,23549776,1,1,0,ok
baseline,corpus,TIKA-2054-0.pdf,3,5,35.3,23787152,1,1,1,ok
baseline,corpus,Type0 Font.pdf,3,1,10.9,9722896,1,0,0,ok
baseline,corpus,Type0_CJK_Font.pdf,3,5,9.3,3270944,0,0,0,ok
baseline,corpus,capas.pdf,3,5,6.5,8042120,0,0,0,ok
baseline,corpus,cat-genetics_bobld.pdf,3,1,8.4,7025248,1,0,0,ok
baseline,corpus,cmap-parsing-exception.pdf,3,1,18.8,13114864,0,0,0,ok
baseline,corpus,dotnet-ai.pdf,3,5,28.6,31820320,1,1,1,ok
baseline,corpus,felltypes-test.pdf,3,1,8.5,4979600,0,0,0,ok
baseline,corpus,iron-ore-q2-q3-2013.pdf,3,5,32.5,37191344,2,1,1,ok
baseline,corpus,issue_671.pdf,3,2,20.3,17967736,0,0,0,ok
baseline,corpus,journal.pone.0196757.pdf,3,5,49.8,35890936,2,1,1,ok
baseline,corpus,jtehm-melillo-2679746.pdf,3,5,53.5,52894776,0,0,0,ok
baseline,corpus,pop-bugzilla37292.pdf,3,4,10.3,7618792,0,0,0,ok
baseline,corpus,reference-2-numeric-error.pdf,3,1,11.2,7193704,0,0,0,ok
baseline,corpus,ssm2163.pdf,3,5,12.6,10612656,0,0,0,ok
baseline,corpus,test-2_so_74165171.pdf,3,1,67.7,42182096,1,1,1,ok
baseline,corpus,testPdf-1.pdf,3,2,19.6,5838880,1,1,1,ok
baseline,corpus,test_a-5.pdf,3,5,62.4,69811792,1,0,0,ok
baseline,corpus,test_a.pdf,3,5,95.9,68831248,3,2,1,ok
baseline,corpus,toc.pdf,3,5,5.3,7514504,0,0,0,ok
baseline,corpus,type3-font-zero-height.pdf,3,1,9.3,8056264,0,0,0,ok
scanner+form,corpus,0000851.pdf,1,5,1382.8,165945992,5,2,2,ok
scanner+form,corpus,11194059_2017-11_de_s.pdf,1,2,148.2,27690872,0,0,0,ok
scanner+form,corpus,2006_Swedish_Touring_Car_Championship.pdf,1,4,62.5,7849008,1,1,0,ok
scanner+form,corpus,2108.11480.pdf,1,5,219.8,75683448,2,1,1,ok
scanner+form,corpus,6.Secrets.to.Startup.Success.PDFDrive.pdf,1,5,126.5,24878544,2,1,1,ok
scanner+form,corpus,68-1990-01_A.pdf,1,5,290.9,64940240,2,1,1,ok
scanner+form,corpus,Approved_Document_B__fire_safety__volume_2_-_Buildings_other_than_dwellings__2019_edition_incorporating_2020_and_2022_amendments.pdf,1,5,145.7,52114776,3,2,2,ok
scanner+form,corpus,ClipPathLetterFilter-Test1.pdf,1,5,99.4,41278272,0,0,0,ok
scanner+form,corpus,ClipPathLetterFilter-Test2.pdf,1,1,26.1,8847264,0,0,0,ok
scanner+form,corpus,ColorIssue.pdf,1,1,114.8,34303472,2,2,2,ok
scanner+form,corpus,DeviceN_CS_test.pdf,1,5,61.6,22078488,1,1,1,ok
scanner+form,corpus,ErcotFacts.pdf,1,2,55.3,13773152,1,0,0,ok
scanner+form,corpus,FICTIF_TABLE_INDEX.pdf,1,5,48.3,15513192,0,0,0,ok
scanner+form,corpus,FarmerMac.pdf,1,5,57.7,14097408,0,0,0,ok
scanner+form,corpus,GHOSTSCRIPT-696171-0.pdf,1,5,65.6,11475648,1,1,1,ok
scanner+form,corpus,GHOSTSCRIPT-697234-0.pdf,1,3,126.1,22684176,1,0,0,ok
scanner+form,corpus,GHOSTSCRIPT-697507-0.pdf,1,1,47.7,7975200,0,0,0,ok
scanner+form,corpus,GHOSTSCRIPT-698721-0.zip-6.pdf,1,2,30.4,7318696,0,0,0,ok
scanner+form,corpus,GHOSTSCRIPT-699035-0.pdf,1,5,212.1,38416408,0,0,0,ok
scanner+form,corpus,GHOSTSCRIPT-699178-0.pdf,1,3,37.4,8592424,0,0,0,ok
scanner+form,corpus,GHOSTSCRIPT-699488-0.pdf,1,1,55.8,8125040,1,1,1,ok
scanner+form,corpus,GHOSTSCRIPT-700125-1.pdf,1,5,60.6,16347504,0,0,0,ok
scanner+form,corpus,GHOSTSCRIPT-700139-0.pdf,1,2,388.4,117762336,4,1,1,ok
scanner+form,corpus,GHOSTSCRIPT-700236-1.pdf,1,5,37.1,13424096,0,0,0,ok
scanner+form,corpus,Gamebook.pdf,1,5,126.8,150812472,8,8,8,ok
scanner+form,corpus,ICML03-081.pdf,1,5,55.3,17363768,1,1,0,ok
scanner+form,corpus,Indexed-DeviceRGB-JPXDecode-0-.0.0.255.0.-Font-F1_1_missing_char_255-1.pdf,1,1,53.1,16998768,1,1,0,ok
scanner+form,corpus,Judgement Document.pdf,1,5,34.0,11062744,1,1,1,ok
scanner+form,corpus,Layer pdf - 322_High_Holborn_building_Brochure.pdf,1,3,127.2,38365024,1,0,0,ok
scanner+form,corpus,MOZILLA-10225-0.pdf,1,5,29.8,23056168,0,0,0,ok
scanner+form,corpus,MOZILLA-10372-2.pdf,1,5,41.4,13452360,1,1,1,ok
scanner+form,corpus,MOZILLA-2775-1.pdf,1,5,47.0,17728856,1,0,0,ok
scanner+form,corpus,MOZILLA-3136-0.pdf,1,4,656.8,219878240,3,1,1,ok
scanner+form,corpus,MOZILLA-7375-0.pdf,1,5,46.9,16132648,0,0,0,ok
scanner+form,corpus,Math119FakingData.pdf,1,5,60.4,9254488,1,1,0,ok
scanner+form,corpus,Motor Insurance claim form.pdf,1,3,249.2,69937208,3,3,3,ok
scanner+form,corpus,Multiple Page - from Mortality Statistics.pdf,1,5,47.5,15811232,1,0,0,ok
scanner+form,corpus,OPEN.RABBIT.ENGLISH.LOP.pdf,1,5,41.2,27967576,0,0,0,ok
scanner+form,corpus,Old Gutnish Internet Explorer.pdf,1,3,28.5,14915920,0,0,0,ok
scanner+form,corpus,P2P-33713919.pdf,1,5,54.1,23181384,1,1,1,ok
scanner+form,corpus,PDFBOX-492-4.jar-8.pdf,1,2,56.0,17002256,1,0,0,ok
scanner+form,corpus,PDFBOX-624-2.pdf,1,5,22.0,11333952,0,0,0,ok
scanner+form,corpus,Pig Production Handbook.pdf,1,5,16.0,11474616,0,0,0,ok
scanner+form,corpus,Publication_of_award_of_Bids_for_Transport_Sector__August_2016.pdf,1,5,18.2,8529080,0,0,0,ok
scanner+form,corpus,Rotation 45.pdf,1,4,66.3,17697928,2,1,1,ok
scanner+form,corpus,SPARC - v9 Architecture Manual.pdf,1,5,199.1,74096360,3,3,1,ok
scanner+form,corpus,SPE8EF26T0545.pdf,1,5,33.3,11437152,1,0,0,ok
scanner+form,corpus,TIKA-1552-0.pdf,1,5,45.6,23573008,0,0,0,ok
scanner+form,corpus,TIKA-2054-0.pdf,1,5,42.4,20744240,0,0,0,ok
scanner+form,corpus,Type0 Font.pdf,1,1,30.6,10408856,1,1,1,ok
scanner+form,corpus,Type0_CJK_Font.pdf,1,5,88.8,4864288,0,0,0,ok
scanner+form,corpus,capas.pdf,1,5,21.3,8262512,0,0,0,ok
scanner+form,corpus,cat-genetics_bobld.pdf,1,1,20.9,7036624,1,0,0,ok
scanner+form,corpus,cmap-parsing-exception.pdf,1,1,39.9,13351456,0,0,0,ok
scanner+form,corpus,dotnet-ai.pdf,1,5,39.3,32312232,1,1,1,ok
scanner+form,corpus,felltypes-test.pdf,1,1,16.6,4980712,0,0,0,ok
scanner+form,corpus,iron-ore-q2-q3-2013.pdf,1,5,67.7,37300872,1,1,1,ok
scanner+form,corpus,issue_671.pdf,1,2,42.4,18474424,1,1,1,ok
scanner+form,corpus,journal.pone.0196757.pdf,1,5,69.4,35474064,1,0,0,ok
scanner+form,corpus,jtehm-melillo-2679746.pdf,1,5,121.9,52880312,2,1,1,ok
scanner+form,corpus,pop-bugzilla37292.pdf,1,4,20.0,7962904,0,0,0,ok
scanner+form,corpus,reference-2-numeric-error.pdf,1,1,16.7,7150608,0,0,0,ok
scanner+form,corpus,ssm2163.pdf,1,5,24.9,10275080,0,0,0,ok
scanner+form,corpus,test-2_so_74165171.pdf,1,1,134.8,42239952,1,1,1,ok
scanner+form,corpus,testPdf-1.pdf,1,2,10.1,6058232,0,0,0,ok
scanner+form,corpus,test_a-5.pdf,1,5,156.4,69778200,2,1,1,ok
scanner+form,corpus,test_a.pdf,1,5,189.6,69052504,3,2,1,ok
scanner+form,corpus,toc.pdf,1,5,18.0,7517504,0,0,0,ok
scanner+form,corpus,type3-font-zero-height.pdf,1,1,33.5,8054576,1,1,0,ok
scanner+form,corpus,0000851.pdf,2,5,383.4,118486344,4,2,1,ok
scanner+form,corpus,11194059_2017-11_de_s.pdf,2,2,45.9,27601008,0,0,0,ok
scanner+form,corpus,2006_Swedish_Touring_Car_Championship.pdf,2,4,15.6,7847544,0,0,0,ok
scanner+form,corpus,2108.11480.pdf,2,5,171.9,75575272,3,2,1,ok
scanner+form,corpus,6.Secrets.to.Startup.Success.PDFDrive.pdf,2,5,43.3,24675384,1,0,0,ok
scanner+form,corpus,68-1990-01_A.pdf,2,5,96.5,44579008,1,1,0,ok
scanner+form,corpus,Approved_Document_B__fire_safety__volume_2_-_Buildings_other_than_dwellings__2019_edition_incorporating_2020_and_2022_amendments.pdf,2,5,83.2,51981184,4,4,3,ok
scanner+form,corpus,ClipPathLetterFilter-Test1.pdf,2,5,16.9,12680664,0,0,0,ok
scanner+form,corpus,ClipPathLetterFilter-Test2.pdf,2,1,9.0,8846976,0,0,0,ok
scanner+form,corpus,ColorIssue.pdf,2,1,38.3,33703448,1,0,0,ok
scanner+form,corpus,DeviceN_CS_test.pdf,2,5,18.9,21865504,0,0,0,ok
scanner+form,corpus,ErcotFacts.pdf,2,2,20.2,13757952,0,0,0,ok
scanner+form,corpus,FICTIF_TABLE_INDEX.pdf,2,5,19.5,15509488,1,0,0,ok
scanner+form,corpus,FarmerMac.pdf,2,5,13.8,14097400,0,0,0,ok
scanner+form,corpus,GHOSTSCRIPT-696171-0.pdf,2,5,12.9,11336200,0,0,0,ok
scanner+form,corpus,GHOSTSCRIPT-697234-0.pdf,2,3,42.8,22678008,1,1,0,ok
scanner+form,corpus,GHOSTSCRIPT-697507-0.pdf,2,1,11.6,7906672,0,0,0,ok
scanner+form,corpus,GHOSTSCRIPT-698721-0.zip-6.pdf,2,2,8.8,7317912,0,0,0,ok
scanner+form,corpus,GHOSTSCRIPT-699035-0.pdf,2,5,41.1,38283312,1,0,0,ok
scanner+form,corpus,GHOSTSCRIPT-699178-0.pdf,2,3,9.3,8592416,0,0,0,ok
scanner+form,corpus,GHOSTSCRIPT-699488-0.pdf,2,1,9.1,8120848,0,0,0,ok
scanner+form,corpus,GHOSTSCRIPT-700125-1.pdf,2,5,29.5,16342112,1,0,0,ok
scanner+form,corpus,GHOSTSCRIPT-700139-0.pdf,2,2,162.0,117666888,4,2,2,ok
scanner+form,corpus,GHOSTSCRIPT-700236-1.pdf,2,5,11.9,13423352,0,0,0,ok
scanner+form,corpus,Gamebook.pdf,2,5,12.6,9354160,0,0,0,ok
scanner+form,corpus,ICML03-081.pdf,2,5,25.7,17359528,0,0,0,ok
scanner+form,corpus,Indexed-DeviceRGB-JPXDecode-0-.0.0.255.0.-Font-F1_1_missing_char_255-1.pdf,2,1,30.4,16976512,0,0,0,ok
scanner+form,corpus,Judgement Document.pdf,2,5,12.2,9128784,0,0,0,ok
scanner+form,corpus,Layer pdf - 322_High_Holborn_building_Brochure.pdf,2,3,59.5,37984920,2,1,1,ok
scanner+form,corpus,MOZILLA-10225-0.pdf,2,5,16.0,23002160,0,0,0,ok
scanner+form,corpus,MOZILLA-10372-2.pdf,2,5,19.8,13162120,1,1,1,ok
scanner+form,corpus,MOZILLA-2775-1.pdf,2,5,17.1,17728064,1,0,0,ok
scanner+form,corpus,MOZILLA-3136-0.pdf,2,4,245.3,217696032,4,2,1,ok
scanner+form,corpus,MOZILLA-7375-0.pdf,2,5,17.4,16131424,0,0,0,ok
scanner+form,corpus,Math119FakingData.pdf,2,5,10.9,9252832,0,0,0,ok
scanner+form,corpus,Motor Insurance claim form.pdf,2,3,126.5,69296144,3,2,2,ok
scanner+form,corpus,Multiple Page - from Mortality Statistics.pdf,2,5,20.3,8267704,1,1,0,ok
scanner+form,corpus,OPEN.RABBIT.ENGLISH.LOP.pdf,2,5,30.3,27777688,1,0,0,ok
scanner+form,corpus,Old Gutnish Internet Explorer.pdf,2,3,24.1,14339640,1,1,1,ok
scanner+form,corpus,P2P-33713919.pdf,2,5,23.8,23006136,1,0,0,ok
scanner+form,corpus,PDFBOX-492-4.jar-8.pdf,2,2,22.2,16856384,0,0,0,ok
scanner+form,corpus,PDFBOX-624-2.pdf,2,5,9.8,11332232,0,0,0,ok
scanner+form,corpus,Pig Production Handbook.pdf,2,5,8.9,11474112,0,0,0,ok
scanner+form,corpus,Publication_of_award_of_Bids_for_Transport_Sector__August_2016.pdf,2,5,22.6,8292128,1,0,0,ok
scanner+form,corpus,Rotation 45.pdf,2,4,22.5,9903328,1,1,1,ok
scanner+form,corpus,SPARC - v9 Architecture Manual.pdf,2,5,87.9,74096288,3,3,1,ok
scanner+form,corpus,SPE8EF26T0545.pdf,2,5,20.5,11430528,1,0,0,ok
scanner+form,corpus,TIKA-1552-0.pdf,2,5,19.8,23550688,0,0,0,ok
scanner+form,corpus,TIKA-2054-0.pdf,2,5,18.7,20740776,0,0,0,ok
scanner+form,corpus,Type0 Font.pdf,2,1,27.2,9790448,1,1,1,ok
scanner+form,corpus,Type0_CJK_Font.pdf,2,5,10.7,3217232,0,0,0,ok
scanner+form,corpus,capas.pdf,2,5,6.5,8008880,0,0,0,ok
scanner+form,corpus,cat-genetics_bobld.pdf,2,1,10.5,7035112,0,0,0,ok
scanner+form,corpus,cmap-parsing-exception.pdf,2,1,20.2,13117104,1,0,0,ok
scanner+form,corpus,dotnet-ai.pdf,2,5,29.9,31622656,1,1,1,ok
scanner+form,corpus,felltypes-test.pdf,2,1,8.0,4979776,0,0,0,ok
scanner+form,corpus,iron-ore-q2-q3-2013.pdf,2,5,30.6,36736216,1,1,1,ok
scanner+form,corpus,issue_671.pdf,2,2,27.6,17842976,2,1,1,ok
scanner+form,corpus,journal.pone.0196757.pdf,2,5,43.0,35518568,1,0,0,ok
scanner+form,corpus,jtehm-melillo-2679746.pdf,2,5,67.8,52873608,1,1,1,ok
scanner+form,corpus,pop-bugzilla37292.pdf,2,4,18.4,7597608,1,0,0,ok
scanner+form,corpus,reference-2-numeric-error.pdf,2,1,8.5,7148368,0,0,0,ok
scanner+form,corpus,ssm2163.pdf,2,5,8.3,10268664,0,0,0,ok
scanner+form,corpus,test-2_so_74165171.pdf,2,1,68.6,42239256,1,1,1,ok
scanner+form,corpus,testPdf-1.pdf,2,2,5.5,5833464,0,0,0,ok
scanner+form,corpus,test_a-5.pdf,2,5,99.6,69777624,3,2,1,ok
scanner+form,corpus,test_a.pdf,2,5,83.2,69646792,2,1,1,ok
scanner+form,corpus,toc.pdf,2,5,5.1,7517384,0,0,0,ok
scanner+form,corpus,type3-font-zero-height.pdf,2,1,9.7,8049072,0,0,0,ok
scanner+form,corpus,0000851.pdf,3,5,201.5,118617112,4,1,1,ok
scanner+form,corpus,11194059_2017-11_de_s.pdf,3,2,42.9,27613864,1,1,0,ok
scanner+form,corpus,2006_Swedish_Touring_Car_Championship.pdf,3,4,6.7,7631512,0,0,0,ok
scanner+form,corpus,2108.11480.pdf,3,5,87.4,74838440,3,1,0,ok
scanner+form,corpus,6.Secrets.to.Startup.Success.PDFDrive.pdf,3,5,18.0,24671144,0,0,0,ok
scanner+form,corpus,68-1990-01_A.pdf,3,5,63.0,44400928,2,1,1,ok
scanner+form,corpus,Approved_Document_B__fire_safety__volume_2_-_Buildings_other_than_dwellings__2019_edition_incorporating_2020_and_2022_amendments.pdf,3,5,46.9,52110344,3,3,2,ok
scanner+form,corpus,ClipPathLetterFilter-Test1.pdf,3,5,10.7,12124648,0,0,0,ok
scanner+form,corpus,ClipPathLetterFilter-Test2.pdf,3,1,6.9,8697888,0,0,0,ok
scanner+form,corpus,ColorIssue.pdf,3,1,38.6,33586656,2,1,1,ok
scanner+form,corpus,DeviceN_CS_test.pdf,3,5,13.5,21540888,0,0,0,ok
scanner+form,corpus,ErcotFacts.pdf,3,2,23.9,13499088,1,1,1,ok
scanner+form,corpus,FICTIF_TABLE_INDEX.pdf,3,5,16.7,14874360,1,0,0,ok
scanner+form,corpus,FarmerMac.pdf,3,5,11.8,13703848,0,0,0,ok
scanner+form,corpus,GHOSTSCRIPT-696171-0.pdf,3,5,9.6,11336200,0,0,0,ok
scanner+form,corpus,GHOSTSCRIPT-697234-0.pdf,3,3,22.5,22678008,0,0,0,ok
scanner+form,corpus,GHOSTSCRIPT-697507-0.pdf,3,1,7.9,7906464,0,0,0,ok
scanner+form,corpus,GHOSTSCRIPT-698721-0.zip-6.pdf,3,2,6.3,7317912,0,0,0,ok
scanner+form,corpus,GHOSTSCRIPT-699035-0.pdf,3,5,58.9,38421176,2,1,1,ok
scanner+form,corpus,GHOSTSCRIPT-699178-0.pdf,3,3,6.9,8420432,0,0,0,ok
scanner+form,corpus,GHOSTSCRIPT-699488-0.pdf,3,1,11.7,8120848,1,0,0,ok
scanner+form,corpus,GHOSTSCRIPT-700125-1.pdf,3,5,11.1,16342320,0,0,0,ok
scanner+form,corpus,GHOSTSCRIPT-700139-0.pdf,3,2,137.1,116212416,4,2,2,ok
scanner+form,corpus,GHOSTSCRIPT-700236-1.pdf,3,5,11.4,13423352,0,0,0,ok
scanner+form,corpus,Gamebook.pdf,3,5,8.5,9354160,0,0,0,ok
scanner+form,corpus,ICML03-081.pdf,3,5,18.1,17359528,0,0,0,ok
scanner+form,corpus,Indexed-DeviceRGB-JPXDecode-0-.0.0.255.0.-Font-F1_1_missing_char_255-1.pdf,3,1,27.1,16976512,0,0,0,ok
scanner+form,corpus,Judgement Document.pdf,3,5,10.2,9128784,0,0,0,ok
scanner+form,corpus,Layer pdf - 322_High_Holborn_building_Brochure.pdf,3,3,44.9,37851176,1,0,0,ok
scanner+form,corpus,MOZILLA-10225-0.pdf,3,5,14.0,22997896,0,0,0,ok
scanner+form,corpus,MOZILLA-10372-2.pdf,3,5,22.0,13031024,1,1,1,ok
scanner+form,corpus,MOZILLA-2775-1.pdf,3,5,17.6,17728064,1,0,0,ok
scanner+form,corpus,MOZILLA-3136-0.pdf,3,4,283.4,217858520,5,3,2,ok
scanner+form,corpus,MOZILLA-7375-0.pdf,3,5,15.0,16131424,0,0,0,ok
scanner+form,corpus,Math119FakingData.pdf,3,5,12.7,9252832,1,0,0,ok
scanner+form,corpus,Motor Insurance claim form.pdf,3,3,77.4,68832144,0,0,0,ok
scanner+form,corpus,Multiple Page - from Mortality Statistics.pdf,3,5,33.8,8201360,1,1,0,ok
scanner+form,corpus,OPEN.RABBIT.ENGLISH.LOP.pdf,3,5,36.3,27845984,1,1,1,ok
scanner+form,corpus,Old Gutnish Internet Explorer.pdf,3,3,24.2,14405232,1,1,1,ok
scanner+form,corpus,P2P-33713919.pdf,3,5,19.8,23006136,1,0,0,ok
scanner+form,corpus,PDFBOX-492-4.jar-8.pdf,3,2,18.9,16856384,0,0,0,ok
scanner+form,corpus,PDFBOX-624-2.pdf,3,5,9.8,11332232,0,0,0,ok
scanner+form,corpus,Pig Production Handbook.pdf,3,5,9.0,11474112,0,0,0,ok
scanner+form,corpus,Publication_of_award_of_Bids_for_Transport_Sector__August_2016.pdf,3,5,18.5,8491576,1,1,1,ok
scanner+form,corpus,Rotation 45.pdf,3,4,12.7,9900072,0,0,0,ok
scanner+form,corpus,SPARC - v9 Architecture Manual.pdf,3,5,75.1,74098520,4,3,2,ok
scanner+form,corpus,SPE8EF26T0545.pdf,3,5,9.5,11430528,0,0,0,ok
scanner+form,corpus,TIKA-1552-0.pdf,3,5,31.9,23550480,1,0,0,ok
scanner+form,corpus,TIKA-2054-0.pdf,3,5,18.3,20740984,0,0,0,ok
scanner+form,corpus,Type0 Font.pdf,3,1,10.2,9722152,0,0,0,ok
scanner+form,corpus,Type0_CJK_Font.pdf,3,5,9.3,3216968,0,0,0,ok
scanner+form,corpus,capas.pdf,3,5,7.0,8008880,0,0,0,ok
scanner+form,corpus,cat-genetics_bobld.pdf,3,1,5.7,7030992,0,0,0,ok
scanner+form,corpus,cmap-parsing-exception.pdf,3,1,16.7,13117104,0,0,0,ok
scanner+form,corpus,dotnet-ai.pdf,3,5,36.2,31624408,2,2,2,ok
scanner+form,corpus,felltypes-test.pdf,3,1,8.3,4979776,0,0,0,ok
scanner+form,corpus,iron-ore-q2-q3-2013.pdf,3,5,21.8,36516560,1,1,0,ok
scanner+form,corpus,issue_671.pdf,3,2,25.0,17840272,1,0,0,ok
scanner+form,corpus,journal.pone.0196757.pdf,3,5,25.4,35415912,0,0,0,ok
scanner+form,corpus,jtehm-melillo-2679746.pdf,3,5,55.0,52740192,1,0,0,ok
scanner+form,corpus,pop-bugzilla37292.pdf,3,4,7.4,7592808,0,0,0,ok
scanner+form,corpus,reference-2-numeric-error.pdf,3,1,8.8,7148160,0,0,0,ok
scanner+form,corpus,ssm2163.pdf,3,5,8.7,10260736,0,0,0,ok
scanner+form,corpus,test-2_so_74165171.pdf,3,1,46.9,41134672,0,0,0,ok
scanner+form,corpus,testPdf-1.pdf,3,2,28.4,5835608,1,1,1,ok
scanner+form,corpus,test_a-5.pdf,3,5,80.5,69777888,2,1,1,ok
scanner+form,corpus,test_a.pdf,3,5,89.1,69780536,3,2,2,ok
scanner+form,corpus,toc.pdf,3,5,11.7,7517384,1,0,0,ok
scanner+form,corpus,type3-font-zero-height.pdf,3,1,19.7,8183024,1,1,1,ok
full,corpus,0000851.pdf,1,5,1099.5,165940504,5,2,2,ok
full,corpus,11194059_2017-11_de_s.pdf,1,2,144.2,27685320,1,1,0,ok
full,corpus,2006_Swedish_Touring_Car_Championship.pdf,1,4,33.3,7846528,0,0,0,ok
full,corpus,2108.11480.pdf,1,5,197.1,75655120,2,1,1,ok
full,corpus,6.Secrets.to.Startup.Success.PDFDrive.pdf,1,5,87.9,24872472,2,1,1,ok
full,corpus,68-1990-01_A.pdf,1,5,204.4,64957056,2,1,1,ok
full,corpus,Approved_Document_B__fire_safety__volume_2_-_Buildings_other_than_dwellings__2019_edition_incorporating_2020_and_2022_amendments.pdf,1,5,113.9,52111328,3,2,2,ok
full,corpus,ClipPathLetterFilter-Test1.pdf,1,5,92.5,41274824,0,0,0,ok
full,corpus,ClipPathLetterFilter-Test2.pdf,1,1,26.3,8847216,0,0,0,ok
full,corpus,ColorIssue.pdf,1,1,104.9,34302088,2,2,2,ok
full,corpus,DeviceN_CS_test.pdf,1,5,57.8,22073704,1,1,1,ok
full,corpus,ErcotFacts.pdf,1,2,49.8,13769824,1,0,0,ok
full,corpus,FICTIF_TABLE_INDEX.pdf,1,5,44.5,15509136,0,0,0,ok
full,corpus,FarmerMac.pdf,1,5,51.4,14093672,0,0,0,ok
full,corpus,GHOSTSCRIPT-696171-0.pdf,1,5,55.6,11470840,1,1,1,ok
full,corpus,GHOSTSCRIPT-697234-0.pdf,1,3,112.9,22680192,1,0,0,ok
full,corpus,GHOSTSCRIPT-697507-0.pdf,1,1,24.2,7972448,0,0,0,ok
full,corpus,GHOSTSCRIPT-698721-0.zip-6.pdf,1,2,19.2,7316016,0,0,0,ok
full,corpus,GHOSTSCRIPT-699035-0.pdf,1,5,172.0,38413168,0,0,0,ok
full,corpus,GHOSTSCRIPT-699178-0.pdf,1,3,30.0,8589928,0,0,0,ok
full,corpus,GHOSTSCRIPT-699488-0.pdf,1,1,44.1,8123584,1,1,1,ok
full,corpus,GHOSTSCRIPT-700125-1.pdf,1,5,51.3,16246512,0,0,0,ok
full,corpus,GHOSTSCRIPT-700139-0.pdf,1,2,427.1,117785928,5,2,1,ok
full,corpus,GHOSTSCRIPT-700236-1.pdf,1,5,49.1,13418840,0,0,0,ok
full,corpus,Gamebook.pdf,1,5,151.2,150810688,8,8,8,ok
full,corpus,ICML03-081.pdf,1,5,60.5,17359352,1,1,0,ok
full,corpus,Indexed-DeviceRGB-JPXDecode-0-.0.0.255.0.-Font-F1_1_missing_char_255-1.pdf,1,1,59.3,16997096,1,0,0,ok
full,corpus,Judgement Document.pdf,1,5,42.0,11060024,1,1,1,ok
full,corpus,Layer pdf - 322_High_Holborn_building_Brochure.pdf,1,3,155.4,38361080,1,0,0,ok
full,corpus,MOZILLA-10225-0.pdf,1,5,33.8,23051904,0,0,0,ok
full,corpus,MOZILLA-10372-2.pdf,1,5,49.0,13450768,1,1,1,ok
full,corpus,MOZILLA-2775-1.pdf,1,5,56.0,17724680,1,0,0,ok
full,corpus,MOZILLA-3136-0.pdf,1,4,788.5,219898040,3,1,1,ok
full,corpus,MOZILLA-7375-0.pdf,1,5,54.4,16128976,0,0,0,ok
full,corpus,Math119FakingData.pdf,1,5,65.6,9250472,1,1,0,ok
full,corpus,Motor Insurance claim form.pdf,1,3,272.2,69802056,3,3,3,ok
full,corpus,Multiple Page - from Mortality Statistics.pdf,1,5,45.1,15938344,1,0,0,ok
full,corpus,OPEN.RABBIT.ENGLISH.LOP.pdf,1,5,49.4,27965720,0,0,0,ok
full,corpus,Old Gutnish Internet Explorer.pdf,1,3,29.7,14914264,0,0,0,ok
full,corpus,P2P-33713919.pdf,1,5,41.3,23173432,1,1,1,ok
full,corpus,PDFBOX-492-4.jar-8.pdf,1,2,48.3,17003432,1,0,0,ok
full,corpus,PDFBOX-624-2.pdf,1,5,19.2,11328216,0,0,0,ok
full,corpus,Pig Production Handbook.pdf,1,5,14.7,11470096,0,0,0,ok
full,corpus,Publication_of_award_of_Bids_for_Transport_Sector__August_2016.pdf,1,5,15.4,8525216,0,0,0,ok
full,corpus,Rotation 45.pdf,1,4,62.3,17693640,1,1,1,ok
full,corpus,SPARC - v9 Architecture Manual.pdf,1,5,199.5,74093240,3,3,1,ok
full,corpus,SPE8EF26T0545.pdf,1,5,21.3,11460544,1,0,0,ok
full,corpus,TIKA-1552-0.pdf,1,5,33.4,23569536,0,0,0,ok
full,corpus,TIKA-2054-0.pdf,1,5,32.0,20715432,0,0,0,ok
full,corpus,Type0 Font.pdf,1,1,27.9,10408056,1,1,1,ok
full,corpus,Type0_CJK_Font.pdf,1,5,65.0,4859840,0,0,0,ok
full,corpus,capas.pdf,1,5,8.7,8259768,0,0,0,ok
full,corpus,cat-genetics_bobld.pdf,1,1,12.2,7035032,1,0,0,ok
full,corpus,cmap-parsing-exception.pdf,1,1,20.0,13352168,0,0,0,ok
full,corpus,dotnet-ai.pdf,1,5,32.7,32306256,1,1,1,ok
full,corpus,felltypes-test.pdf,1,1,16.6,4980440,0,0,0,ok
full,corpus,iron-ore-q2-q3-2013.pdf,1,5,49.7,36770904,1,1,1,ok
full,corpus,issue_671.pdf,1,2,30.8,18471784,1,1,1,ok
full,corpus,journal.pone.0196757.pdf,1,5,61.7,35469240,1,0,0,ok
full,corpus,jtehm-melillo-2679746.pdf,1,5,108.0,52875920,2,1,1,ok
full,corpus,pop-bugzilla37292.pdf,1,4,9.5,7959928,0,0,0,ok
full,corpus,reference-2-numeric-error.pdf,1,1,17.4,7149616,0,0,0,ok
full,corpus,ssm2163.pdf,1,5,18.5,10269656,0,0,0,ok
full,corpus,test-2_so_74165171.pdf,1,1,135.1,42241656,1,1,1,ok
full,corpus,testPdf-1.pdf,1,2,6.8,6057736,0,0,0,ok
full,corpus,test_a-5.pdf,1,5,90.7,70130728,2,1,1,ok
full,corpus,test_a.pdf,1,5,107.4,69212840,3,2,1,ok
full,corpus,toc.pdf,1,5,6.8,7515720,0,0,0,ok
full,corpus,type3-font-zero-height.pdf,1,1,23.0,8054968,1,1,0,ok
full,corpus,0000851.pdf,2,5,296.8,118480384,4,2,1,ok
full,corpus,11194059_2017-11_de_s.pdf,2,2,25.9,27595408,0,0,0,ok
full,corpus,2006_Swedish_Touring_Car_Championship.pdf,2,4,9.6,7844760,0,0,0,ok
full,corpus,2108.11480.pdf,2,5,102.0,75571656,3,2,1,ok
full,corpus,6.Secrets.to.Startup.Success.PDFDrive.pdf,2,5,25.7,24669192,1,0,0,ok
full,corpus,68-1990-01_A.pdf,2,5,77.6,44571080,1,1,0,ok
full,corpus,Approved_Document_B__fire_safety__volume_2_-_Buildings_other_than_dwellings__2019_edition_incorporating_2020_and_2022_amendments.pdf,2,5,62.2,52108800,4,4,3,ok
full,corpus,ClipPathLetterFilter-Test1.pdf,2,5,11.2,12677136,0,0,0,ok
full,corpus,ClipPathLetterFilter-Test2.pdf,2,1,7.2,8846928,0,0,0,ok
full,corpus,ColorIssue.pdf,2,1,35.9,33702344,1,0,0,ok
full,corpus,DeviceN_CS_test.pdf,2,5,15.2,21860720,0,0,0,ok
full,corpus,ErcotFacts.pdf,2,2,16.4,13754624,0,0,0,ok
full,corpus,FICTIF_TABLE_INDEX.pdf,2,5,17.0,15505432,1,0,0,ok
full,corpus,FarmerMac.pdf,2,5,12.4,14093664,0,0,0,ok
full,corpus,GHOSTSCRIPT-696171-0.pdf,2,5,9.6,11331928,0,0,0,ok
full,corpus,GHOSTSCRIPT-697234-0.pdf,2,3,24.5,22673488,0,0,0,ok
full,corpus,GHOSTSCRIPT-697507-0.pdf,2,1,22.3,7903712,1,1,0,ok
full,corpus,GHOSTSCRIPT-698721-0.zip-6.pdf,2,2,6.8,7315440,0,0,0,ok
full,corpus,GHOSTSCRIPT-699035-0.pdf,2,5,37.8,38280072,1,0,0,ok
full,corpus,GHOSTSCRIPT-699178-0.pdf,2,3,6.7,8589920,0,0,0,ok
full,corpus,GHOSTSCRIPT-699488-0.pdf,2,1,7.5,8119392,0,0,0,ok
full,corpus,GHOSTSCRIPT-700125-1.pdf,2,5,12.6,16241120,0,0,0,ok
full,corpus,GHOSTSCRIPT-700139-0.pdf,2,2,149.2,117690272,4,2,2,ok
full,corpus,GHOSTSCRIPT-700236-1.pdf,2,5,11.8,13418096,0,0,0,ok
full,corpus,Gamebook.pdf,2,5,9.4,9352376,0,0,0,ok
full,corpus,ICML03-081.pdf,2,5,21.5,17355112,0,0,0,ok
full,corpus,Indexed-DeviceRGB-JPXDecode-0-.0.0.255.0.-Font-F1_1_missing_char_255-1.pdf,2,1,27.6,16974840,0,0,0,ok
full,corpus,Judgement Document.pdf,2,5,9.3,9126064,0,0,0,ok
full,corpus,Layer pdf - 322_High_Holborn_building_Brochure.pdf,2,3,58.3,37980976,1,1,1,ok
full,corpus,MOZILLA-10225-0.pdf,2,5,13.7,22997896,0,0,0,ok
full,corpus,MOZILLA-10372-2.pdf,2,5,20.4,13160528,1,1,1,ok
full,corpus,MOZILLA-2775-1.pdf,2,5,17.6,17723888,1,0,0,ok
full,corpus,MOZILLA-3136-0.pdf,2,4,238.9,217846928,5,2,1,ok
full,corpus,MOZILLA-7375-0.pdf,2,5,18.0,16127752,0,0,0,ok
full,corpus,Math119FakingData.pdf,2,5,9.8,9248816,0,0,0,ok
full,corpus,Motor Insurance claim form.pdf,2,3,104.4,69292088,3,2,2,ok
full,corpus,Multiple Page - from Mortality Statistics.pdf,2,5,16.5,8263600,1,0,0,ok
full,corpus,OPEN.RABBIT.ENGLISH.LOP.pdf,2,5,21.0,27775712,0,0,0,ok
full,corpus,Old Gutnish Internet Explorer.pdf,2,3,11.8,14269408,0,0,0,ok
full,corpus,P2P-33713919.pdf,2,5,25.7,23131688,1,1,1,ok
full,corpus,PDFBOX-492-4.jar-8.pdf,2,2,27.6,16923072,1,0,0,ok
full,corpus,PDFBOX-624-2.pdf,2,5,8.7,11326584,0,0,0,ok
full,corpus,Pig Production Handbook.pdf,2,5,9.1,11469472,0,0,0,ok
full,corpus,Publication_of_award_of_Bids_for_Transport_Sector__August_2016.pdf,2,5,7.0,8288144,0,0,0,ok
full,corpus,Rotation 45.pdf,2,4,23.0,9895560,1,0,0,ok
full,corpus,SPARC - v9 Architecture Manual.pdf,2,5,67.0,74092992,2,1,1,ok
full,corpus,SPE8EF26T0545.pdf,2,5,23.7,11587008,1,1,1,ok
full,corpus,TIKA-1552-0.pdf,2,5,26.5,23547688,1,0,0,ok
full,corpus,TIKA-2054-0.pdf,2,5,17.4,20712056,0,0,0,ok
full,corpus,Type0 Font.pdf,2,1,8.6,9721328,0,0,0,ok
full,corpus,Type0_CJK_Font.pdf,2,5,9.9,3212400,0,0,0,ok
full,corpus,capas.pdf,2,5,6.0,8006016,0,0,0,ok
full,corpus,cat-genetics_bobld.pdf,2,1,9.7,7029376,0,0,0,ok
full,corpus,cmap-parsing-exception.pdf,2,1,27.8,13316104,1,1,1,ok
full,corpus,dotnet-ai.pdf,2,5,25.6,31616616,1,1,1,ok
full,corpus,felltypes-test.pdf,2,1,8.2,4979480,0,0,0,ok
full,corpus,iron-ore-q2-q3-2013.pdf,2,5,21.3,36510784,1,0,0,ok
full,corpus,issue_671.pdf,2,2,18.0,17837584,0,0,0,ok
full,corpus,journal.pone.0196757.pdf,2,5,42.3,35410760,1,1,0,ok
full,corpus,jtehm-melillo-2679746.pdf,2,5,69.5,52935400,2,2,1,ok
full,corpus,pop-bugzilla37292.pdf,2,4,6.5,7593856,0,0,0,ok
full,corpus,reference-2-numeric-error.pdf,2,1,16.0,7147144,1,0,0,ok
full,corpus,ssm2163.pdf,2,5,8.6,10255256,0,0,0,ok
full,corpus,test-2_so_74165171.pdf,2,1,61.9,42239208,1,1,1,ok
full,corpus,testPdf-1.pdf,2,2,6.1,5832920,0,0,0,ok
full,corpus,test_a-5.pdf,2,5,77.1,69774880,2,1,1,ok
full,corpus,test_a.pdf,2,5,96.2,68857568,3,2,1,ok
full,corpus,toc.pdf,2,5,5.7,7515600,0,0,0,ok
full,corpus,type3-font-zero-height.pdf,2,1,9.7,8049464,0,0,0,ok
full,corpus,0000851.pdf,3,5,203.7,118479944,4,2,1,ok
full,corpus,11194059_2017-11_de_s.pdf,3,2,41.6,27608312,1,0,0,ok
full,corpus,2006_Swedish_Touring_Car_Championship.pdf,3,4,6.6,7628824,0,0,0,ok
full,corpus,2108.11480.pdf,3,5,70.1,74834944,0,0,0,ok
full,corpus,6.Secrets.to.Startup.Success.PDFDrive.pdf,3,5,47.1,24737488,2,1,1,ok
full,corpus,68-1990-01_A.pdf,3,5,40.6,44321192,0,0,0,ok
full,corpus,Approved_Document_B__fire_safety__volume_2_-_Buildings_other_than_dwellings__2019_edition_incorporating_2020_and_2022_amendments.pdf,3,5,52.5,52106632,3,3,2,ok
full,corpus,ClipPathLetterFilter-Test1.pdf,3,5,10.4,12121200,0,0,0,ok
full,corpus,ClipPathLetterFilter-Test2.pdf,3,1,15.4,8700488,1,1,1,ok
full,corpus,ColorIssue.pdf,3,1,29.4,33787368,1,1,1,ok
full,corpus,DeviceN_CS_test.pdf,3,5,20.4,21535416,1,1,0,ok
full,corpus,ErcotFacts.pdf,3,2,12.0,13358016,0,0,0,ok
full,corpus,FICTIF_TABLE_INDEX.pdf,3,5,20.5,14803432,1,1,0,ok
full,corpus,FarmerMac.pdf,3,5,22.4,13702848,1,1,1,ok
full,corpus,GHOSTSCRIPT-696171-0.pdf,3,5,11.8,11401872,1,1,0,ok
full,corpus,GHOSTSCRIPT-697234-0.pdf,3,3,26.7,22673696,1,0,0,ok
full,corpus,GHOSTSCRIPT-697507-0.pdf,3,1,7.6,7903920,0,0,0,ok
full,corpus,GHOSTSCRIPT-698721-0.zip-6.pdf,3,2,6.1,7315232,0,0,0,ok
full,corpus,GHOSTSCRIPT-699035-0.pdf,3,5,45.0,38411168,1,1,0,ok
full,corpus,GHOSTSCRIPT-699178-0.pdf,3,3,6.9,8417792,0,0,0,ok
full,corpus,GHOSTSCRIPT-699488-0.pdf,3,1,6.9,8119392,0,0,0,ok
full,corpus,GHOSTSCRIPT-700125-1.pdf,3,5,17.3,16241120,1,1,0,ok
full,corpus,GHOSTSCRIPT-700139-0.pdf,3,2,140.1,116371432,4,2,2,ok
full,corpus,GHOSTSCRIPT-700236-1.pdf,3,5,11.8,13418096,0,0,0,ok
full,corpus,Gamebook.pdf,3,5,11.1,9352376,0,0,0,ok
full,corpus,ICML03-081.pdf,3,5,21.0,17355112,0,0,0,ok
full,corpus,Indexed-DeviceRGB-JPXDecode-0-.0.0.255.0.-Font-F1_1_missing_char_255-1.pdf,3,1,29.1,16974840,0,0,0,ok
full,corpus,Judgement Document.pdf,3,5,10.3,9126064,0,0,0,ok
full,corpus,Layer pdf - 322_High_Holborn_building_Brochure.pdf,3,3,38.6,37978328,0,0,0,ok
full,corpus,MOZILLA-10225-0.pdf,3,5,41.8,23000280,1,1,1,ok
full,corpus,MOZILLA-10372-2.pdf,3,5,9.5,13026904,0,0,0,ok
full,corpus,MOZILLA-2775-1.pdf,3,5,15.0,17719560,1,0,0,ok
full,corpus,MOZILLA-3136-0.pdf,3,4,217.7,217715832,6,3,1,ok
full,corpus,MOZILLA-7375-0.pdf,3,5,17.2,16127752,0,0,0,ok
full,corpus,Math119FakingData.pdf,3,5,10.1,9248816,0,0,0,ok
full,corpus,Motor Insurance claim form.pdf,3,3,101.5,69292000,3,2,2,ok
full,corpus,Multiple Page - from Mortality Statistics.pdf,3,5,14.5,8263688,1,0,0,ok
full,corpus,OPEN.RABBIT.ENGLISH.LOP.pdf,3,5,20.2,27775712,0,0,0,ok
full,corpus,Old Gutnish Internet Explorer.pdf,3,3,11.5,14269408,0,0,0,ok
full,corpus,P2P-33713919.pdf,3,5,25.2,22997856,1,0,0,ok
full,corpus,PDFBOX-492-4.jar-8.pdf,3,2,17.7,16853336,0,0,0,ok
full,corpus,PDFBOX-624-2.pdf,3,5,8.8,11326376,0,0,0,ok
full,corpus,Pig Production Handbook.pdf,3,5,7.9,11469472,0,0,0,ok
full,corpus,Publication_of_award_of_Bids_for_Transport_Sector__August_2016.pdf,3,5,20.4,8487536,1,1,1,ok
full,corpus,Rotation 45.pdf,3,4,12.5,9895304,0,0,0,ok
full,corpus,SPARC - v9 Architecture Manual.pdf,3,5,76.1,74092784,3,1,1,ok
full,corpus,SPE8EF26T0545.pdf,3,5,8.9,11453800,0,0,0,ok
full,corpus,TIKA-1552-0.pdf,3,5,18.4,23546888,0,0,0,ok
full,corpus,TIKA-2054-0.pdf,3,5,26.5,20711848,1,0,0,ok
full,corpus,Type0 Font.pdf,3,1,8.3,9721536,0,0,0,ok
full,corpus,Type0_CJK_Font.pdf,3,5,8.6,3212400,0,0,0,ok
full,corpus,capas.pdf,3,5,5.6,8006016,0,0,0,ok
full,corpus,cat-genetics_bobld.pdf,3,1,6.0,7029376,0,0,0,ok
full,corpus,cmap-parsing-exception.pdf,3,1,27.9,13316104,1,1,1,ok
full,corpus,dotnet-ai.pdf,3,5,25.6,31616616,1,1,1,ok
full,corpus,felltypes-test.pdf,3,1,8.6,4979480,0,0,0,ok
full,corpus,iron-ore-q2-q3-2013.pdf,3,5,22.2,36510784,1,0,0,ok
full,corpus,issue_671.pdf,3,2,19.0,17837584,0,0,0,ok
full,corpus,journal.pone.0196757.pdf,3,5,39.1,35410760,1,0,0,ok
full,corpus,jtehm-melillo-2679746.pdf,3,5,75.4,52873584,2,2,1,ok
full,corpus,pop-bugzilla37292.pdf,3,4,6.6,7593856,0,0,0,ok
full,corpus,reference-2-numeric-error.pdf,3,1,8.3,7147144,0,0,0,ok
full,corpus,ssm2163.pdf,3,5,12.5,10259168,1,0,0,ok
full,corpus,test-2_so_74165171.pdf,3,1,67.8,42239416,1,1,1,ok
full,corpus,testPdf-1.pdf,3,2,5.6,5832920,0,0,0,ok
full,corpus,test_a-5.pdf,3,5,118.8,69774880,4,2,1,ok
full,corpus,test_a.pdf,3,5,67.9,69772496,1,0,0,ok
full,corpus,toc.pdf,3,5,5.0,7515544,0,0,0,ok
full,corpus,type3-font-zero-height.pdf,3,1,19.6,8052112,1,1,1,ok
full-v2,corpus,0000851.pdf,1,5,1098.8,165940784,5,2,2,ok
full-v2,corpus,11194059_2017-11_de_s.pdf,1,2,109.9,27685600,0,0,0,ok
full-v2,corpus,2006_Swedish_Touring_Car_Championship.pdf,1,4,51.9,7846600,1,1,0,ok
full-v2,corpus,2108.11480.pdf,1,5,201.0,75655608,2,1,1,ok
full-v2,corpus,6.Secrets.to.Startup.Success.PDFDrive.pdf,1,5,84.3,24741656,1,1,1,ok
full-v2,corpus,68-1990-01_A.pdf,1,5,206.8,64932712,2,1,1,ok
full-v2,corpus,Approved_Document_B__fire_safety__volume_2_-_Buildings_other_than_dwellings__2019_edition_incorporating_2020_and_2022_amendments.pdf,1,5,120.6,52111608,3,2,2,ok
full-v2,corpus,ClipPathLetterFilter-Test1.pdf,1,5,90.7,41299728,0,0,0,ok
full-v2,corpus,ClipPathLetterFilter-Test2.pdf,1,1,23.5,8847496,0,0,0,ok
full-v2,corpus,ColorIssue.pdf,1,1,109.0,34302648,2,2,2,ok
full-v2,corpus,DeviceN_CS_test.pdf,1,5,63.2,22005776,1,1,0,ok
full-v2,corpus,ErcotFacts.pdf,1,2,46.4,13765984,0,0,0,ok
full-v2,corpus,FICTIF_TABLE_INDEX.pdf,1,5,45.6,15508160,1,0,0,ok
full-v2,corpus,FarmerMac.pdf,1,5,51.7,14094160,0,0,0,ok
full-v2,corpus,GHOSTSCRIPT-696171-0.pdf,1,5,53.6,11335472,1,1,1,ok
full-v2,corpus,GHOSTSCRIPT-697234-0.pdf,1,3,117.5,22680904,1,0,0,ok
full-v2,corpus,GHOSTSCRIPT-697507-0.pdf,1,1,25.7,7976848,0,0,0,ok
full-v2,corpus,GHOSTSCRIPT-698721-0.zip-6.pdf,1,2,18.6,7316296,0,0,0,ok
full-v2,corpus,GHOSTSCRIPT-699035-0.pdf,1,5,184.9,38413448,1,0,0,ok
full-v2,corpus,GHOSTSCRIPT-699178-0.pdf,1,3,22.6,8590416,0,0,0,ok
full-v2,corpus,GHOSTSCRIPT-699488-0.pdf,1,1,33.2,8123864,1,1,1,ok
full-v2,corpus,GHOSTSCRIPT-700125-1.pdf,1,5,48.5,16246792,0,0,0,ok
full-v2,corpus,GHOSTSCRIPT-700139-0.pdf,1,2,401.1,117785984,5,2,1,ok
full-v2,corpus,GHOSTSCRIPT-700236-1.pdf,1,5,40.9,13419120,0,0,0,ok
full-v2,corpus,Gamebook.pdf,1,5,141.8,150810968,8,8,8,ok
full-v2,corpus,ICML03-081.pdf,1,5,60.2,17359632,1,1,0,ok
full-v2,corpus,Indexed-DeviceRGB-JPXDecode-0-.0.0.255.0.-Font-F1_1_missing_char_255-1.pdf,1,1,57.8,16997376,1,0,0,ok
full-v2,corpus,Judgement Document.pdf,1,5,40.2,11060304,1,1,1,ok
full-v2,corpus,Layer pdf - 322_High_Holborn_building_Brochure.pdf,1,3,146.5,38361360,1,0,0,ok
full-v2,corpus,MOZILLA-10225-0.pdf,1,5,32.4,23052184,0,0,0,ok
full-v2,corpus,MOZILLA-10372-2.pdf,1,5,51.9,13451048,1,1,1,ok
full-v2,corpus,MOZILLA-2775-1.pdf,1,5,59.1,17724960,1,0,0,ok
full-v2,corpus,MOZILLA-3136-0.pdf,1,4,750.4,219898096,3,1,1,ok
full-v2,corpus,MOZILLA-7375-0.pdf,1,5,51.8,16129256,0,0,0,ok
full-v2,corpus,Math119FakingData.pdf,1,5,59.5,9250752,1,1,0,ok
full-v2,corpus,Motor Insurance claim form.pdf,1,3,336.8,69802056,3,3,3,ok
full-v2,corpus,Multiple Page - from Mortality Statistics.pdf,1,5,48.5,15938624,1,0,0,ok
full-v2,corpus,OPEN.RABBIT.ENGLISH.LOP.pdf,1,5,49.4,27966000,0,0,0,ok
full-v2,corpus,Old Gutnish Internet Explorer.pdf,1,3,32.9,14914544,0,0,0,ok
full-v2,corpus,P2P-33713919.pdf,1,5,50.7,23042616,1,1,1,ok
full-v2,corpus,PDFBOX-492-4.jar-8.pdf,1,2,53.2,17003712,1,0,0,ok
full-v2,corpus,PDFBOX-624-2.pdf,1,5,19.4,11328496,0,0,0,ok
full-v2,corpus,Pig Production Handbook.pdf,1,5,15.6,11470376,0,0,0,ok
full-v2,corpus,Publication_of_award_of_Bids_for_Transport_Sector__August_2016.pdf,1,5,21.6,8525496,0,0,0,ok
full-v2,corpus,Rotation 45.pdf,1,4,66.2,17693920,1,1,1,ok
full-v2,corpus,SPARC - v9 Architecture Manual.pdf,1,5,202.5,74093520,3,3,1,ok
full-v2,corpus,SPE8EF26T0545.pdf,1,5,22.1,11459984,1,0,0,ok
full-v2,corpus,TIKA-1552-0.pdf,1,5,30.7,23569816,0,0,0,ok
full-v2,corpus,TIKA-2054-0.pdf,1,5,31.9,20715712,0,0,0,ok
full-v2,corpus,Type0 Font.pdf,1,1,24.4,10408336,1,1,1,ok
full-v2,corpus,Type0_CJK_Font.pdf,1,5,65.4,4860120,0,0,0,ok
full-v2,corpus,capas.pdf,1,5,8.1,8260048,0,0,0,ok
full-v2,corpus,cat-genetics_bobld.pdf,1,1,10.2,7035312,1,0,0,ok
full-v2,corpus,cmap-parsing-exception.pdf,1,1,20.4,13352448,0,0,0,ok
full-v2,corpus,dotnet-ai.pdf,1,5,27.8,32306536,1,1,1,ok
full-v2,corpus,felltypes-test.pdf,1,1,17.2,4980720,0,0,0,ok
full-v2,corpus,iron-ore-q2-q3-2013.pdf,1,5,47.0,36771184,1,1,1,ok
full-v2,corpus,issue_671.pdf,1,2,30.8,18471840,1,1,1,ok
full-v2,corpus,journal.pone.0196757.pdf,1,5,54.8,35469520,1,0,0,ok
full-v2,corpus,jtehm-melillo-2679746.pdf,1,5,97.3,52876200,2,1,1,ok
full-v2,corpus,pop-bugzilla37292.pdf,1,4,9.2,7960208,0,0,0,ok
full-v2,corpus,reference-2-numeric-error.pdf,1,1,16.6,7149896,0,0,0,ok
full-v2,corpus,ssm2163.pdf,1,5,18.3,10269936,0,0,0,ok
full-v2,corpus,test-2_so_74165171.pdf,1,1,131.1,42241936,1,1,1,ok
full-v2,corpus,testPdf-1.pdf,1,2,7.2,6058016,0,0,0,ok
full-v2,corpus,test_a-5.pdf,1,5,89.9,70131008,2,1,1,ok
full-v2,corpus,test_a.pdf,1,5,104.0,69213120,3,2,1,ok
full-v2,corpus,toc.pdf,1,5,6.9,7516000,0,0,0,ok
full-v2,corpus,type3-font-zero-height.pdf,1,1,25.2,8055248,1,1,0,ok
full-v2,corpus,0000851.pdf,2,5,303.6,118480664,4,2,1,ok
full-v2,corpus,11194059_2017-11_de_s.pdf,2,2,23.2,27595688,0,0,0,ok
full-v2,corpus,2006_Swedish_Touring_Car_Championship.pdf,2,4,9.8,7845040,0,0,0,ok
full-v2,corpus,2108.11480.pdf,2,5,93.0,75571936,3,2,1,ok
full-v2,corpus,6.Secrets.to.Startup.Success.PDFDrive.pdf,2,5,24.1,24669472,1,0,0,ok
full-v2,corpus,68-1990-01_A.pdf,2,5,66.1,44571360,1,1,0,ok
full-v2,corpus,Approved_Document_B__fire_safety__volume_2_-_Buildings_other_than_dwellings__2019_edition_incorporating_2020_and_2022_amendments.pdf,2,5,56.0,51977984,4,4,3,ok
full-v2,corpus,ClipPathLetterFilter-Test1.pdf,2,5,10.3,12677416,0,0,0,ok
full-v2,corpus,ClipPathLetterFilter-Test2.pdf,2,1,6.4,8847208,0,0,0,ok
full-v2,corpus,ColorIssue.pdf,2,1,31.6,33702624,1,0,0,ok
full-v2,corpus,DeviceN_CS_test.pdf,2,5,14.1,21861000,0,0,0,ok
full-v2,corpus,ErcotFacts.pdf,2,2,15.4,13754904,0,0,0,ok
full-v2,corpus,FICTIF_TABLE_INDEX.pdf,2,5,16.2,15068336,1,0,0,ok
full-v2,corpus,FarmerMac.pdf,2,5,11.8,13700392,0,0,0,ok
full-v2,corpus,GHOSTSCRIPT-696171-0.pdf,2,5,9.1,11332208,0,0,0,ok
full-v2,corpus,GHOSTSCRIPT-697234-0.pdf,2,3,24.6,22673768,0,0,0,ok
full-v2,corpus,GHOSTSCRIPT-697507-0.pdf,2,1,10.6,7903992,0,0,0,ok
full-v2,corpus,GHOSTSCRIPT-698721-0.zip-6.pdf,2,2,18.9,7315512,1,1,0,ok
full-v2,corpus,GHOSTSCRIPT-699035-0.pdf,2,5,38.1,38280560,1,0,0,ok
full-v2,corpus,GHOSTSCRIPT-699178-0.pdf,2,3,6.8,8418072,0,0,0,ok
full-v2,corpus,GHOSTSCRIPT-699488-0.pdf,2,1,7.5,8119672,0,0,0,ok
full-v2,corpus,GHOSTSCRIPT-700125-1.pdf,2,5,11.9,16241400,0,0,0,ok
full-v2,corpus,GHOSTSCRIPT-700139-0.pdf,2,2,145.4,116236064,4,2,2,ok
full-v2,corpus,GHOSTSCRIPT-700236-1.pdf,2,5,12.7,13418376,0,0,0,ok
full-v2,corpus,Gamebook.pdf,2,5,9.0,9352656,0,0,0,ok
full-v2,corpus,ICML03-081.pdf,2,5,20.4,17355392,0,0,0,ok
full-v2,corpus,Indexed-DeviceRGB-JPXDecode-0-.0.0.255.0.-Font-F1_1_missing_char_255-1.pdf,2,1,29.0,16975120,0,0,0,ok
full-v2,corpus,Judgement Document.pdf,2,5,9.3,9126344,0,0,0,ok
full-v2,corpus,Layer pdf - 322_High_Holborn_building_Brochure.pdf,2,3,61.2,37981256,1,1,1,ok
full-v2,corpus,MOZILLA-10225-0.pdf,2,5,12.6,22998176,0,0,0,ok
full-v2,corpus,MOZILLA-10372-2.pdf,2,5,19.1,13160808,1,1,1,ok
full-v2,corpus,MOZILLA-2775-1.pdf,2,5,16.3,17724168,1,0,0,ok
full-v2,corpus,MOZILLA-3136-0.pdf,2,4,234.7,217846984,5,2,1,ok
full-v2,corpus,MOZILLA-7375-0.pdf,2,5,16.7,16128032,0,0,0,ok
full-v2,corpus,Math119FakingData.pdf,2,5,11.0,9249096,0,0,0,ok
full-v2,corpus,Motor Insurance claim form.pdf,2,3,107.7,69292368,3,2,2,ok
full-v2,corpus,Multiple Page - from Mortality Statistics.pdf,2,5,16.4,8263880,1,0,0,ok
full-v2,corpus,OPEN.RABBIT.ENGLISH.LOP.pdf,2,5,20.2,27775992,0,0,0,ok
full-v2,corpus,Old Gutnish Internet Explorer.pdf,2,3,11.4,14269688,0,0,0,ok
full-v2,corpus,P2P-33713919.pdf,2,5,26.3,23131968,1,1,1,ok
full-v2,corpus,PDFBOX-492-4.jar-8.pdf,2,2,24.8,16923352,1,0,0,ok
full-v2,corpus,PDFBOX-624-2.pdf,2,5,9.4,11326864,0,0,0,ok
full-v2,corpus,Pig Production Handbook.pdf,2,5,8.2,11469752,0,0,0,ok
full-v2,corpus,Publication_of_award_of_Bids_for_Transport_Sector__August_2016.pdf,2,5,7.2,8288424,0,0,0,ok
full-v2,corpus,Rotation 45.pdf,2,4,22.4,9895840,1,0,0,ok
full-v2,corpus,SPARC - v9 Architecture Manual.pdf,2,5,71.0,74093272,2,1,1,ok
full-v2,corpus,SPE8EF26T0545.pdf,2,5,26.3,11586448,1,1,1,ok
full-v2,corpus,TIKA-1552-0.pdf,2,5,25.7,23547968,1,0,0,ok
full-v2,corpus,TIKA-2054-0.pdf,2,5,17.7,20712336,0,0,0,ok
full-v2,corpus,Type0 Font.pdf,2,1,8.7,9721608,0,0,0,ok
full-v2,corpus,Type0_CJK_Font.pdf,2,5,9.9,3212680,0,0,0,ok
full-v2,corpus,capas.pdf,2,5,5.6,8006296,0,0,0,ok
full-v2,corpus,cat-genetics_bobld.pdf,2,1,9.9,7029656,0,0,0,ok
full-v2,corpus,cmap-parsing-exception.pdf,2,1,26.4,13316384,1,1,1,ok
full-v2,corpus,dotnet-ai.pdf,2,5,24.9,31616896,1,1,1,ok
full-v2,corpus,felltypes-test.pdf,2,1,8.1,4979760,0,0,0,ok
full-v2,corpus,iron-ore-q2-q3-2013.pdf,2,5,22.8,36511064,1,0,0,ok
full-v2,corpus,issue_671.pdf,2,2,19.2,17837640,0,0,0,ok
full-v2,corpus,journal.pone.0196757.pdf,2,5,44.1,35411040,1,1,0,ok
full-v2,corpus,jtehm-melillo-2679746.pdf,2,5,70.1,52935680,2,2,1,ok
full-v2,corpus,pop-bugzilla37292.pdf,2,4,7.0,7594136,0,0,0,ok
full-v2,corpus,reference-2-numeric-error.pdf,2,1,15.2,7147424,1,0,0,ok
full-v2,corpus,ssm2163.pdf,2,5,8.9,10255536,0,0,0,ok
full-v2,corpus,test-2_so_74165171.pdf,2,1,58.8,42239488,1,1,1,ok
full-v2,corpus,testPdf-1.pdf,2,2,5.9,5833200,0,0,0,ok
full-v2,corpus,test_a-5.pdf,2,5,73.7,69775160,2,1,1,ok
full-v2,corpus,test_a.pdf,2,5,93.2,68857848,3,2,1,ok
full-v2,corpus,toc.pdf,2,5,4.9,7515880,0,0,0,ok
full-v2,corpus,type3-font-zero-height.pdf,2,1,9.7,8049744,0,0,0,ok
full-v2,corpus,0000851.pdf,3,5,194.8,118480224,4,2,1,ok
full-v2,corpus,11194059_2017-11_de_s.pdf,3,2,37.1,27608592,1,0,0,ok
full-v2,corpus,2006_Swedish_Touring_Car_Championship.pdf,3,4,6.2,7629104,0,0,0,ok
full-v2,corpus,2108.11480.pdf,3,5,65.3,74835224,0,0,0,ok
full-v2,corpus,6.Secrets.to.Startup.Success.PDFDrive.pdf,3,5,45.6,24737768,2,1,1,ok
full-v2,corpus,68-1990-01_A.pdf,3,5,37.9,44321472,0,0,0,ok
full-v2,corpus,Approved_Document_B__fire_safety__volume_2_-_Buildings_other_than_dwellings__2019_edition_incorporating_2020_and_2022_amendments.pdf,3,5,46.3,52106912,3,3,2,ok
full-v2,corpus,ClipPathLetterFilter-Test1.pdf,3,5,10.0,12121480,0,0,0,ok
full-v2,corpus,ClipPathLetterFilter-Test2.pdf,3,1,16.2,8700768,1,1,1,ok
full-v2,corpus,ColorIssue.pdf,3,1,29.8,33590992,1,1,1,ok
full-v2,corpus,DeviceN_CS_test.pdf,3,5,19.9,21535696,1,1,0,ok
full-v2,corpus,ErcotFacts.pdf,3,2,12.8,13358296,0,0,0,ok
full-v2,corpus,FICTIF_TABLE_INDEX.pdf,3,5,16.7,14803712,1,1,0,ok
full-v2,corpus,FarmerMac.pdf,3,5,20.0,13703128,1,1,1,ok
full-v2,corpus,GHOSTSCRIPT-696171-0.pdf,3,5,14.5,11402152,1,1,0,ok
full-v2,corpus,GHOSTSCRIPT-697234-0.pdf,3,3,27.6,22673976,1,0,0,ok
full-v2,corpus,GHOSTSCRIPT-697507-0.pdf,3,1,8.7,7904200,0,0,0,ok
full-v2,corpus,GHOSTSCRIPT-698721-0.zip-6.pdf,3,2,6.4,7315512,0,0,0,ok
full-v2,corpus,GHOSTSCRIPT-699035-0.pdf,3,5,46.6,38411448,1,1,0,ok
full-v2,corpus,GHOSTSCRIPT-699178-0.pdf,3,3,6.7,8418072,0,0,0,ok
full-v2,corpus,GHOSTSCRIPT-699488-0.pdf,3,1,6.9,8119672,0,0,0,ok
full-v2,corpus,GHOSTSCRIPT-700125-1.pdf,3,5,18.7,16241400,1,1,0,ok
full-v2,corpus,GHOSTSCRIPT-700139-0.pdf,3,2,134.0,116371488,4,2,2,ok
full-v2,corpus,GHOSTSCRIPT-700236-1.pdf,3,5,11.1,13418376,0,0,0,ok
full-v2,corpus,Gamebook.pdf,3,5,10.2,9352656,0,0,0,ok
full-v2,corpus,ICML03-081.pdf,3,5,20.6,17355392,0,0,0,ok
full-v2,corpus,Indexed-DeviceRGB-JPXDecode-0-.0.0.255.0.-Font-F1_1_missing_char_255-1.pdf,3,1,26.7,16975120,0,0,0,ok
full-v2,corpus,Judgement Document.pdf,3,5,9.9,9126344,0,0,0,ok
full-v2,corpus,Layer pdf - 322_High_Holborn_building_Brochure.pdf,3,3,37.2,37978608,0,0,0,ok
full-v2,corpus,MOZILLA-10225-0.pdf,3,5,40.5,23000560,1,1,1,ok
full-v2,corpus,MOZILLA-10372-2.pdf,3,5,9.5,13027184,0,0,0,ok
full-v2,corpus,MOZILLA-2775-1.pdf,3,5,14.5,17719840,1,1,0,ok
full-v2,corpus,MOZILLA-3136-0.pdf,3,4,219.7,217715888,7,3,1,ok
full-v2,corpus,MOZILLA-7375-0.pdf,3,5,28.1,16134800,1,1,1,ok
full-v2,corpus,Math119FakingData.pdf,3,5,7.0,9249360,0,0,0,ok
full-v2,corpus,Motor Insurance claim form.pdf,3,3,94.9,69161384,3,2,2,ok
full-v2,corpus,Multiple Page - from Mortality Statistics.pdf,3,5,15.5,8263880,1,0,0,ok
full-v2,corpus,OPEN.RABBIT.ENGLISH.LOP.pdf,3,5,21.7,27775992,0,0,0,ok
full-v2,corpus,Old Gutnish Internet Explorer.pdf,3,3,25.1,14337984,1,1,1,ok
full-v2,corpus,P2P-33713919.pdf,3,5,12.6,22998400,0,0,0,ok
full-v2,corpus,PDFBOX-492-4.jar-8.pdf,3,2,25.0,16853408,1,0,0,ok
full-v2,corpus,PDFBOX-624-2.pdf,3,5,10.4,11326864,0,0,0,ok
full-v2,corpus,Pig Production Handbook.pdf,3,5,8.8,11469752,0,0,0,ok
full-v2,corpus,Publication_of_award_of_Bids_for_Transport_Sector__August_2016.pdf,3,5,15.1,8288424,1,0,0,ok
full-v2,corpus,Rotation 45.pdf,3,4,24.0,10029792,1,1,1,ok
full-v2,corpus,SPARC - v9 Architecture Manual.pdf,3,5,70.2,74093328,2,1,1,ok
full-v2,corpus,SPE8EF26T0545.pdf,3,5,10.1,11453240,0,0,0,ok
full-v2,corpus,TIKA-1552-0.pdf,3,5,32.7,23547168,1,0,0,ok
full-v2,corpus,TIKA-2054-0.pdf,3,5,16.9,20712336,0,0,0,ok
full-v2,corpus,Type0 Font.pdf,3,1,22.8,9789904,1,1,1,ok
full-v2,corpus,Type0_CJK_Font.pdf,3,5,9.3,3212944,0,0,0,ok
full-v2,corpus,capas.pdf,3,5,5.4,8006296,0,0,0,ok
full-v2,corpus,cat-genetics_bobld.pdf,3,1,5.4,7033776,0,0,0,ok
full-v2,corpus,cmap-parsing-exception.pdf,3,1,19.0,13116992,1,0,0,ok
full-v2,corpus,dotnet-ai.pdf,3,5,24.3,31616840,1,1,1,ok
full-v2,corpus,felltypes-test.pdf,3,1,7.8,4979760,0,0,0,ok
full-v2,corpus,iron-ore-q2-q3-2013.pdf,3,5,39.5,37781440,2,2,2,ok
full-v2,corpus,issue_671.pdf,3,2,17.7,18039528,0,0,0,ok
full-v2,corpus,journal.pone.0196757.pdf,3,5,31.2,35443872,1,0,0,ok
full-v2,corpus,jtehm-melillo-2679746.pdf,3,5,69.7,52873864,2,2,1,ok
full-v2,corpus,pop-bugzilla37292.pdf,3,4,6.6,7594136,0,0,0,ok
full-v2,corpus,reference-2-numeric-error.pdf,3,1,8.2,7147424,0,0,0,ok
full-v2,corpus,ssm2163.pdf,3,5,12.8,10259448,1,0,0,ok
full-v2,corpus,test-2_so_74165171.pdf,3,1,56.1,42239696,1,1,1,ok
full-v2,corpus,testPdf-1.pdf,3,2,6.1,5833200,0,0,0,ok
full-v2,corpus,test_a-5.pdf,3,5,73.4,69775160,2,1,1,ok
full-v2,corpus,test_a.pdf,3,5,91.9,68857848,3,2,1,ok
full-v2,corpus,toc.pdf,3,5,4.8,7515880,0,0,0,ok
full-v2,corpus,type3-font-zero-height.pdf,3,1,17.8,8049744,1,1,0,ok
scanner+form,corpus,0000851.pdf,1,5,1137.1,165946528,5,2,2,ok
scanner+form,corpus,11194059_2017-11_de_s.pdf,1,2,130.9,27690872,0,0,0,ok
scanner+form,corpus,2006_Swedish_Touring_Car_Championship.pdf,1,4,65.2,7849008,1,1,0,ok
scanner+form,corpus,2108.11480.pdf,1,5,214.9,75658824,2,1,1,ok
scanner+form,corpus,6.Secrets.to.Startup.Success.PDFDrive.pdf,1,5,92.6,24878544,2,1,1,ok
scanner+form,corpus,68-1990-01_A.pdf,1,5,211.8,64940240,2,1,1,ok
scanner+form,corpus,Approved_Document_B__fire_safety__volume_2_-_Buildings_other_than_dwellings__2019_edition_incorporating_2020_and_2022_amendments.pdf,1,5,113.5,52139400,3,2,2,ok
scanner+form,corpus,ClipPathLetterFilter-Test1.pdf,1,5,93.9,41278272,0,0,0,ok
scanner+form,corpus,ClipPathLetterFilter-Test2.pdf,1,1,23.7,8847264,0,0,0,ok
scanner+form,corpus,ColorIssue.pdf,1,1,106.0,34303472,2,2,2,ok
scanner+form,corpus,DeviceN_CS_test.pdf,1,5,61.0,22078488,1,1,1,ok
scanner+form,corpus,ErcotFacts.pdf,1,2,53.9,13773152,1,0,0,ok
scanner+form,corpus,FICTIF_TABLE_INDEX.pdf,1,5,50.8,15513192,0,0,0,ok
scanner+form,corpus,FarmerMac.pdf,1,5,54.6,14097408,0,0,0,ok
scanner+form,corpus,GHOSTSCRIPT-696171-0.pdf,1,5,56.6,11475648,1,1,1,ok
scanner+form,corpus,GHOSTSCRIPT-697234-0.pdf,1,3,109.0,22684176,1,0,0,ok
scanner+form,corpus,GHOSTSCRIPT-697507-0.pdf,1,1,22.6,7975200,0,0,0,ok
scanner+form,corpus,GHOSTSCRIPT-698721-0.zip-6.pdf,1,2,19.2,7318696,0,0,0,ok
scanner+form,corpus,GHOSTSCRIPT-699035-0.pdf,1,5,169.4,38416408,0,0,0,ok
scanner+form,corpus,GHOSTSCRIPT-699178-0.pdf,1,3,27.2,8592424,0,0,0,ok
scanner+form,corpus,GHOSTSCRIPT-699488-0.pdf,1,1,45.3,8125040,1,1,1,ok
scanner+form,corpus,GHOSTSCRIPT-700125-1.pdf,1,5,49.1,16347504,0,0,0,ok
scanner+form,corpus,GHOSTSCRIPT-700139-0.pdf,1,2,382.9,117762336,4,1,1,ok
scanner+form,corpus,GHOSTSCRIPT-700236-1.pdf,1,5,45.7,13424096,0,0,0,ok
scanner+form,corpus,Gamebook.pdf,1,5,144.3,150812472,8,8,8,ok
scanner+form,corpus,ICML03-081.pdf,1,5,62.9,17363768,1,1,0,ok
scanner+form,corpus,Indexed-DeviceRGB-JPXDecode-0-.0.0.255.0.-Font-F1_1_missing_char_255-1.pdf,1,1,58.3,16998768,1,1,0,ok
scanner+form,corpus,Judgement Document.pdf,1,5,39.2,11062744,1,1,1,ok
scanner+form,corpus,Layer pdf - 322_High_Holborn_building_Brochure.pdf,1,3,154.0,38365024,1,0,0,ok
scanner+form,corpus,MOZILLA-10225-0.pdf,1,5,34.0,23056168,0,0,0,ok
scanner+form,corpus,MOZILLA-10372-2.pdf,1,5,49.0,13452360,1,1,1,ok
scanner+form,corpus,MOZILLA-2775-1.pdf,1,5,56.1,17728856,1,0,0,ok
scanner+form,corpus,MOZILLA-3136-0.pdf,1,4,754.3,219878240,3,1,1,ok
scanner+form,corpus,MOZILLA-7375-0.pdf,1,5,55.7,16132648,0,0,0,ok
scanner+form,corpus,Math119FakingData.pdf,1,5,64.1,9254488,1,1,0,ok
scanner+form,corpus,Motor Insurance claim form.pdf,1,3,314.1,69806112,3,3,3,ok
scanner+form,corpus,Multiple Page - from Mortality Statistics.pdf,1,5,48.7,15811232,1,0,0,ok
scanner+form,corpus,OPEN.RABBIT.ENGLISH.LOP.pdf,1,5,120.4,27967576,0,0,0,ok
scanner+form,corpus,Old Gutnish Internet Explorer.pdf,1,3,47.5,14915920,0,0,0,ok
scanner+form,corpus,P2P-33713919.pdf,1,5,76.1,23181384,1,1,1,ok
scanner+form,corpus,PDFBOX-492-4.jar-8.pdf,1,2,69.2,17002256,1,0,0,ok
scanner+form,corpus,PDFBOX-624-2.pdf,1,5,30.8,11333952,0,0,0,ok
scanner+form,corpus,Pig Production Handbook.pdf,1,5,30.2,11474616,0,0,0,ok
scanner+form,corpus,Publication_of_award_of_Bids_for_Transport_Sector__August_2016.pdf,1,5,28.1,8529080,0,0,0,ok
scanner+form,corpus,Rotation 45.pdf,1,4,92.8,17697928,2,1,1,ok
scanner+form,corpus,SPARC - v9 Architecture Manual.pdf,1,5,260.3,74096480,3,3,1,ok
scanner+form,corpus,SPE8EF26T0545.pdf,1,5,22.1,11437272,1,0,0,ok
scanner+form,corpus,TIKA-1552-0.pdf,1,5,34.0,23573128,0,0,0,ok
scanner+form,corpus,TIKA-2054-0.pdf,1,5,32.6,20744360,0,0,0,ok
scanner+form,corpus,Type0 Font.pdf,1,1,26.2,10408880,1,1,1,ok
scanner+form,corpus,Type0_CJK_Font.pdf,1,5,62.2,4864408,0,0,0,ok
scanner+form,corpus,capas.pdf,1,5,10.4,8262632,0,0,0,ok
scanner+form,corpus,cat-genetics_bobld.pdf,1,1,13.1,7036648,1,0,0,ok
scanner+form,corpus,cmap-parsing-exception.pdf,1,1,30.8,13352560,0,0,0,ok
scanner+form,corpus,dotnet-ai.pdf,1,5,31.6,32312352,1,1,1,ok
scanner+form,corpus,felltypes-test.pdf,1,1,17.0,4980736,0,0,0,ok
scanner+form,corpus,iron-ore-q2-q3-2013.pdf,1,5,50.6,37300992,1,1,1,ok
scanner+form,corpus,issue_671.pdf,1,2,33.1,18474472,1,1,1,ok
scanner+form,corpus,journal.pone.0196757.pdf,1,5,60.0,35474184,1,0,0,ok
scanner+form,corpus,jtehm-melillo-2679746.pdf,1,5,96.6,52880432,2,1,1,ok
scanner+form,corpus,pop-bugzilla37292.pdf,1,4,10.9,7963000,0,0,0,ok
scanner+form,corpus,reference-2-numeric-error.pdf,1,1,17.5,7150632,0,0,0,ok
scanner+form,corpus,ssm2163.pdf,1,5,19.6,10275344,0,0,0,ok
scanner+form,corpus,test-2_so_74165171.pdf,1,1,130.5,42241704,1,1,1,ok
scanner+form,corpus,testPdf-1.pdf,1,2,8.0,6058280,0,0,0,ok
scanner+form,corpus,test_a-5.pdf,1,5,117.8,70133472,2,1,1,ok
scanner+form,corpus,test_a.pdf,1,5,129.2,69346680,3,2,1,ok
scanner+form,corpus,toc.pdf,1,5,7.1,7517504,0,0,0,ok
scanner+form,corpus,type3-font-zero-height.pdf,1,1,26.2,8054576,1,1,0,ok
scanner+form,corpus,0000851.pdf,2,5,303.4,118486432,3,1,1,ok
scanner+form,corpus,11194059_2017-11_de_s.pdf,2,2,34.3,27469864,0,0,0,ok
scanner+form,corpus,2006_Swedish_Touring_Car_Championship.pdf,2,4,10.2,7847448,0,0,0,ok
scanner+form,corpus,2108.11480.pdf,2,5,97.8,75575152,3,2,1,ok
scanner+form,corpus,6.Secrets.to.Startup.Success.PDFDrive.pdf,2,5,19.9,24675264,0,0,0,ok
scanner+form,corpus,68-1990-01_A.pdf,2,5,79.6,44585536,2,2,1,ok
scanner+form,corpus,Approved_Document_B__fire_safety__volume_2_-_Buildings_other_than_dwellings__2019_edition_incorporating_2020_and_2022_amendments.pdf,2,5,49.4,52241720,3,3,2,ok
scanner+form,corpus,ClipPathLetterFilter-Test1.pdf,2,5,11.0,12680584,0,0,0,ok
scanner+form,corpus,ClipPathLetterFilter-Test2.pdf,2,1,7.2,8846976,0,0,0,ok
scanner+form,corpus,ColorIssue.pdf,2,1,33.5,33703448,1,0,0,ok
scanner+form,corpus,DeviceN_CS_test.pdf,2,5,14.1,21865504,0,0,0,ok
scanner+form,corpus,ErcotFacts.pdf,2,2,16.0,13757952,0,0,0,ok
scanner+form,corpus,FICTIF_TABLE_INDEX.pdf,2,5,16.4,15509488,1,0,0,ok
scanner+form,corpus,FarmerMac.pdf,2,5,12.3,14097400,0,0,0,ok
scanner+form,corpus,GHOSTSCRIPT-696171-0.pdf,2,5,9.7,11336200,0,0,0,ok
scanner+form,corpus,GHOSTSCRIPT-697234-0.pdf,2,3,36.5,22678008,1,1,0,ok
scanner+form,corpus,GHOSTSCRIPT-697507-0.pdf,2,1,8.6,7906672,0,0,0,ok
scanner+form,corpus,GHOSTSCRIPT-698721-0.zip-6.pdf,2,2,6.7,7317912,0,0,0,ok
scanner+form,corpus,GHOSTSCRIPT-699035-0.pdf,2,5,42.4,38283312,2,1,0,ok
scanner+form,corpus,GHOSTSCRIPT-699178-0.pdf,2,3,7.0,8592416,0,0,0,ok
scanner+form,corpus,GHOSTSCRIPT-699488-0.pdf,2,1,12.4,8120848,1,0,0,ok
scanner+form,corpus,GHOSTSCRIPT-700125-1.pdf,2,5,12.7,16342320,0,0,0,ok
scanner+form,corpus,GHOSTSCRIPT-700139-0.pdf,2,2,141.0,117533000,3,1,1,ok
scanner+form,corpus,GHOSTSCRIPT-700236-1.pdf,2,5,11.2,13423352,0,0,0,ok
scanner+form,corpus,Gamebook.pdf,2,5,9.3,9354160,0,0,0,ok
scanner+form,corpus,ICML03-081.pdf,2,5,17.2,17359528,0,0,0,ok
scanner+form,corpus,Indexed-DeviceRGB-JPXDecode-0-.0.0.255.0.-Font-F1_1_missing_char_255-1.pdf,2,1,28.1,16976512,0,0,0,ok
scanner+form,corpus,Judgement Document.pdf,2,5,23.9,9128784,1,0,0,ok
scanner+form,corpus,Layer pdf - 322_High_Holborn_building_Brochure.pdf,2,3,40.7,37985128,1,1,1,ok
scanner+form,corpus,MOZILLA-10225-0.pdf,2,5,23.1,23140024,1,1,1,ok
scanner+form,corpus,MOZILLA-10372-2.pdf,2,5,10.8,13028584,0,0,0,ok
scanner+form,corpus,MOZILLA-2775-1.pdf,2,5,15.6,17723736,1,0,0,ok
scanner+form,corpus,MOZILLA-3136-0.pdf,2,4,238.5,217631760,2,0,0,ok
scanner+form,corpus,MOZILLA-7375-0.pdf,2,5,13.0,16131368,0,0,0,ok
scanner+form,corpus,Math119FakingData.pdf,2,5,7.7,9252832,0,0,0,ok
scanner+form,corpus,Motor Insurance claim form.pdf,2,3,97.8,68834584,1,1,1,ok
scanner+form,corpus,Multiple Page - from Mortality Statistics.pdf,2,5,16.9,8267704,1,1,0,ok
scanner+form,corpus,OPEN.RABBIT.ENGLISH.LOP.pdf,2,5,25.9,27777688,1,0,0,ok
scanner+form,corpus,Old Gutnish Internet Explorer.pdf,2,3,20.2,14339640,1,1,1,ok
scanner+form,corpus,P2P-33713919.pdf,2,5,20.4,23006136,1,0,0,ok
scanner+form,corpus,PDFBOX-492-4.jar-8.pdf,2,2,17.4,16856384,0,0,0,ok
scanner+form,corpus,PDFBOX-624-2.pdf,2,5,9.3,11332232,0,0,0,ok
scanner+form,corpus,Pig Production Handbook.pdf,2,5,8.7,11474112,0,0,0,ok
scanner+form,corpus,Publication_of_award_of_Bids_for_Transport_Sector__August_2016.pdf,2,5,18.0,8292128,1,1,0,ok
scanner+form,corpus,Rotation 45.pdf,2,4,23.7,9903328,1,1,1,ok
scanner+form,corpus,SPARC - v9 Architecture Manual.pdf,2,5,84.7,74096288,3,2,1,ok
scanner+form,corpus,SPE8EF26T0545.pdf,2,5,9.9,11430528,0,0,0,ok
scanner+form,corpus,TIKA-1552-0.pdf,2,5,19.1,23550480,0,0,0,ok
scanner+form,corpus,TIKA-2054-0.pdf,2,5,33.5,20740776,1,1,0,ok
scanner+form,corpus,Type0 Font.pdf,2,1,19.6,9790656,1,1,1,ok
scanner+form,corpus,Type0_CJK_Font.pdf,2,5,10.2,3217232,0,0,0,ok
scanner+form,corpus,capas.pdf,2,5,6.0,8008880,0,0,0,ok
scanner+form,corpus,cat-genetics_bobld.pdf,2,1,13.2,7035112,1,0,0,ok
scanner+form,corpus,cmap-parsing-exception.pdf,2,1,15.6,13117312,0,0,0,ok
scanner+form,corpus,dotnet-ai.pdf,2,5,25.1,31622448,1,1,1,ok
scanner+form,corpus,felltypes-test.pdf,2,1,7.9,4979776,0,0,0,ok
scanner+form,corpus,iron-ore-q2-q3-2013.pdf,2,5,40.1,37719304,2,2,2,ok
scanner+form,corpus,issue_671.pdf,2,2,18.4,18042160,0,0,0,ok
scanner+form,corpus,journal.pone.0196757.pdf,2,5,31.3,35448536,1,0,0,ok
scanner+form,corpus,jtehm-melillo-2679746.pdf,2,5,69.2,52878096,2,1,1,ok
scanner+form,corpus,pop-bugzilla37292.pdf,2,4,6.8,7596928,0,0,0,ok
scanner+form,corpus,reference-2-numeric-error.pdf,2,1,7.7,7148160,0,0,0,ok
scanner+form,corpus,ssm2163.pdf,2,5,8.8,10264856,0,0,0,ok
scanner+form,corpus,test-2_so_74165171.pdf,2,1,68.8,42241216,2,2,2,ok
scanner+form,corpus,testPdf-1.pdf,2,2,5.6,5833464,0,0,0,ok
scanner+form,corpus,test_a-5.pdf,2,5,66.1,69774976,1,0,0,ok
scanner+form,corpus,test_a.pdf,2,5,98.0,68794696,3,1,1,ok
scanner+form,corpus,toc.pdf,2,5,5.1,7517384,0,0,0,ok
scanner+form,corpus,type3-font-zero-height.pdf,2,1,9.9,8049072,0,0,0,ok
scanner+form,corpus,0000851.pdf,3,5,207.0,118486016,4,2,1,ok
scanner+form,corpus,11194059_2017-11_de_s.pdf,3,2,21.9,27417208,0,0,0,ok
scanner+form,corpus,2006_Swedish_Touring_Car_Championship.pdf,3,4,6.4,7631304,0,0,0,ok
scanner+form,corpus,2108.11480.pdf,3,5,78.2,74972416,3,1,1,ok
scanner+form,corpus,6.Secrets.to.Startup.Success.PDFDrive.pdf,3,5,30.3,24675264,1,0,0,ok
scanner+form,corpus,68-1990-01_A.pdf,3,5,63.1,44466952,2,2,1,ok
scanner+form,corpus,Approved_Document_B__fire_safety__volume_2_-_Buildings_other_than_dwellings__2019_edition_incorporating_2020_and_2022_amendments.pdf,3,5,46.9,52241720,3,3,2,ok
scanner+form,corpus,ClipPathLetterFilter-Test1.pdf,3,5,9.8,12124648,0,0,0,ok
scanner+form,corpus,ClipPathLetterFilter-Test2.pdf,3,1,6.7,8697888,0,0,0,ok
scanner+form,corpus,ColorIssue.pdf,3,1,40.0,33590928,2,2,1,ok
scanner+form,corpus,DeviceN_CS_test.pdf,3,5,13.0,21540736,0,0,0,ok
scanner+form,corpus,ErcotFacts.pdf,3,2,17.6,13361136,1,0,0,ok
scanner+form,corpus,FICTIF_TABLE_INDEX.pdf,3,5,12.9,14808744,0,0,0,ok
scanner+form,corpus,FarmerMac.pdf,3,5,13.6,13703640,0,0,0,ok
scanner+form,corpus,GHOSTSCRIPT-696171-0.pdf,3,5,12.9,11336200,0,0,0,ok
scanner+form,corpus,GHOSTSCRIPT-697234-0.pdf,3,3,35.7,22811752,1,1,1,ok
scanner+form,corpus,GHOSTSCRIPT-697507-0.pdf,3,1,10.3,7976496,1,0,0,ok
scanner+form,corpus,GHOSTSCRIPT-698721-0.zip-6.pdf,3,2,5.7,7318120,0,0,0,ok
scanner+form,corpus,GHOSTSCRIPT-699035-0.pdf,3,5,45.1,38414408,1,0,0,ok
scanner+form,corpus,GHOSTSCRIPT-699178-0.pdf,3,3,6.1,8420288,0,0,0,ok
scanner+form,corpus,GHOSTSCRIPT-699488-0.pdf,3,1,7.3,8120848,0,0,0,ok
scanner+form,corpus,GHOSTSCRIPT-700125-1.pdf,3,5,10.9,16342112,0,0,0,ok
scanner+form,corpus,GHOSTSCRIPT-700139-0.pdf,3,2,140.8,116343512,4,2,2,ok
scanner+form,corpus,GHOSTSCRIPT-700236-1.pdf,3,5,11.5,13423352,0,0,0,ok
scanner+form,corpus,Gamebook.pdf,3,5,9.3,9354160,0,0,0,ok
scanner+form,corpus,ICML03-081.pdf,3,5,20.4,17359528,0,0,0,ok
scanner+form,corpus,Indexed-DeviceRGB-JPXDecode-0-.0.0.255.0.-Font-F1_1_missing_char_255-1.pdf,3,1,27.9,16976512,0,0,0,ok
scanner+form,corpus,Judgement Document.pdf,3,5,9.3,9128784,0,0,0,ok
scanner+form,corpus,Layer pdf - 322_High_Holborn_building_Brochure.pdf,3,3,55.0,37982272,1,1,0,ok
scanner+form,corpus,MOZILLA-10225-0.pdf,3,5,22.9,23004752,1,1,1,ok
scanner+form,corpus,MOZILLA-10372-2.pdf,3,5,15.5,13028496,1,0,0,ok
scanner+form,corpus,MOZILLA-2775-1.pdf,3,5,13.4,17723944,0,0,0,ok
scanner+form,corpus,MOZILLA-3136-0.pdf,3,4,243.0,217989496,6,3,2,ok
scanner+form,corpus,MOZILLA-7375-0.pdf,3,5,13.4,16131424,0,0,0,ok
scanner+form,corpus,Math119FakingData.pdf,3,5,19.6,9252832,1,0,0,ok
scanner+form,corpus,Motor Insurance claim form.pdf,3,3,73.5,68832056,0,0,0,ok
scanner+form,corpus,Multiple Page - from Mortality Statistics.pdf,3,5,6.5,8201360,0,0,0,ok
scanner+form,corpus,OPEN.RABBIT.ENGLISH.LOP.pdf,3,5,49.9,27845776,1,1,1,ok
scanner+form,corpus,Old Gutnish Internet Explorer.pdf,3,3,12.0,14271400,0,0,0,ok
scanner+form,corpus,P2P-33713919.pdf,3,5,15.2,23005872,1,0,0,ok
scanner+form,corpus,PDFBOX-492-4.jar-8.pdf,3,2,24.5,16856384,1,0,0,ok
scanner+form,corpus,PDFBOX-624-2.pdf,3,5,9.5,11332440,0,0,0,ok
scanner+form,corpus,Pig Production Handbook.pdf,3,5,8.2,11474112,0,0,0,ok
scanner+form,corpus,Publication_of_award_of_Bids_for_Transport_Sector__August_2016.pdf,3,5,7.2,8292128,0,0,0,ok
scanner+form,corpus,Rotation 45.pdf,3,4,13.0,9899864,0,0,0,ok
scanner+form,corpus,SPARC - v9 Architecture Manual.pdf,3,5,75.2,74096024,2,1,1,ok
scanner+form,corpus,SPE8EF26T0545.pdf,3,5,9.9,11430528,0,0,0,ok
scanner+form,corpus,TIKA-1552-0.pdf,3,5,19.3,23550480,0,0,0,ok
scanner+form,corpus,TIKA-2054-0.pdf,3,5,17.0,20740776,0,0,0,ok
scanner+form,corpus,Type0 Font.pdf,3,1,8.7,9722152,0,0,0,ok
scanner+form,corpus,Type0_CJK_Font.pdf,3,5,9.3,3216968,0,0,0,ok
scanner+form,corpus,capas.pdf,3,5,8.4,8008880,0,0,0,ok
scanner+form,corpus,cat-genetics_bobld.pdf,3,1,9.1,7030992,0,0,0,ok
scanner+form,corpus,cmap-parsing-exception.pdf,3,1,19.3,13117104,0,0,0,ok
scanner+form,corpus,dotnet-ai.pdf,3,5,39.1,31622448,1,1,1,ok
scanner+form,corpus,felltypes-test.pdf,3,1,8.3,4979776,0,0,0,ok
scanner+form,corpus,iron-ore-q2-q3-2013.pdf,3,5,22.4,36516560,1,0,0,ok
scanner+form,corpus,issue_671.pdf,3,2,31.0,17842920,1,1,1,ok
scanner+form,corpus,journal.pone.0196757.pdf,3,5,34.3,35649664,1,0,0,ok
scanner+form,corpus,jtehm-melillo-2679746.pdf,3,5,63.2,52740400,1,0,0,ok
scanner+form,corpus,pop-bugzilla37292.pdf,3,4,7.4,7592808,0,0,0,ok
scanner+form,corpus,reference-2-numeric-error.pdf,3,1,9.3,7148160,0,0,0,ok
scanner+form,corpus,ssm2163.pdf,3,5,9.1,10260736,0,0,0,ok
scanner+form,corpus,test-2_so_74165171.pdf,3,1,76.0,41137168,1,1,1,ok
scanner+form,corpus,testPdf-1.pdf,3,2,7.8,5833464,0,0,0,ok
scanner+form,corpus,test_a-5.pdf,3,5,87.3,69774976,2,1,0,ok
scanner+form,corpus,test_a.pdf,3,5,72.6,68792048,1,0,0,ok
scanner+form,corpus,toc.pdf,3,5,7.1,7517328,0,0,0,ok
scanner+form,corpus,type3-font-zero-height.pdf,3,1,25.9,8051720,1,1,1,ok
full,corpus,0000851.pdf,1,5,1132.3,165939968,5,2,2,ok
full,corpus,11194059_2017-11_de_s.pdf,1,2,115.8,27685320,0,0,0,ok
full,corpus,2006_Swedish_Touring_Car_Championship.pdf,1,4,58.5,7846320,1,1,0,ok
full,corpus,2108.11480.pdf,1,5,202.8,75655328,2,1,1,ok
full,corpus,6.Secrets.to.Startup.Success.PDFDrive.pdf,1,5,91.2,24872472,2,1,1,ok
full,corpus,68-1990-01_A.pdf,1,5,217.0,64932432,2,1,1,ok
full,corpus,Approved_Document_B__fire_safety__volume_2_-_Buildings_other_than_dwellings__2019_edition_incorporating_2020_and_2022_amendments.pdf,1,5,114.0,52135952,3,2,2,ok
full,corpus,ClipPathLetterFilter-Test1.pdf,1,5,90.9,41274824,0,0,0,ok
full,corpus,ClipPathLetterFilter-Test2.pdf,1,1,23.9,8847216,0,0,0,ok
full,corpus,ColorIssue.pdf,1,1,100.0,34302368,2,2,2,ok
full,corpus,DeviceN_CS_test.pdf,1,5,58.8,22005496,1,1,0,ok
full,corpus,ErcotFacts.pdf,1,2,47.8,13765704,0,0,0,ok
full,corpus,FICTIF_TABLE_INDEX.pdf,1,5,47.3,15507880,1,0,0,ok
full,corpus,FarmerMac.pdf,1,5,50.1,14093880,0,0,0,ok
full,corpus,GHOSTSCRIPT-696171-0.pdf,1,5,53.4,11335192,1,1,1,ok
full,corpus,GHOSTSCRIPT-697234-0.pdf,1,3,105.2,22680624,1,0,0,ok
full,corpus,GHOSTSCRIPT-697507-0.pdf,1,1,22.9,7976568,0,0,0,ok
full,corpus,GHOSTSCRIPT-698721-0.zip-6.pdf,1,2,19.3,7316016,0,0,0,ok
full,corpus,GHOSTSCRIPT-699035-0.pdf,1,5,188.3,38413168,1,0,0,ok
full,corpus,GHOSTSCRIPT-699178-0.pdf,1,3,24.9,8590136,0,0,0,ok
full,corpus,GHOSTSCRIPT-699488-0.pdf,1,1,32.0,8123584,1,1,1,ok
full,corpus,GHOSTSCRIPT-700125-1.pdf,1,5,49.7,16246512,0,0,0,ok
full,corpus,GHOSTSCRIPT-700139-0.pdf,1,2,406.8,117785928,5,2,1,ok
full,corpus,GHOSTSCRIPT-700236-1.pdf,1,5,47.1,13418840,0,0,0,ok
full,corpus,Gamebook.pdf,1,5,137.9,150810688,8,8,8,ok
full,corpus,ICML03-081.pdf,1,5,56.7,17359352,1,1,0,ok
full,corpus,Indexed-DeviceRGB-JPXDecode-0-.0.0.255.0.-Font-F1_1_missing_char_255-1.pdf,1,1,55.3,16997096,1,0,0,ok
full,corpus,Judgement Document.pdf,1,5,38.2,11060024,1,1,1,ok
full,corpus,Layer pdf - 322_High_Holborn_building_Brochure.pdf,1,3,154.7,38361080,1,0,0,ok
full,corpus,MOZILLA-10225-0.pdf,1,5,32.7,23051904,0,0,0,ok
full,corpus,MOZILLA-10372-2.pdf,1,5,49.8,13450768,1,1,1,ok
full,corpus,MOZILLA-2775-1.pdf,1,5,54.0,17724680,1,0,0,ok
full,corpus,MOZILLA-3136-0.pdf,1,4,693.0,219898040,3,1,1,ok
full,corpus,MOZILLA-7375-0.pdf,1,5,49.8,16128976,0,0,0,ok
full,corpus,Math119FakingData.pdf,1,5,58.1,9250472,1,1,0,ok
full,corpus,Motor Insurance claim form.pdf,1,3,280.9,69802056,3,3,3,ok
full,corpus,Multiple Page - from Mortality Statistics.pdf,1,5,41.5,15938344,1,0,0,ok
full,corpus,OPEN.RABBIT.ENGLISH.LOP.pdf,1,5,45.0,27965720,0,0,0,ok
full,corpus,Old Gutnish Internet Explorer.pdf,1,3,26.8,14914264,0,0,0,ok
full,corpus,P2P-33713919.pdf,1,5,47.6,23042336,1,1,1,ok
full,corpus,PDFBOX-492-4.jar-8.pdf,1,2,50.0,17003432,1,0,0,ok
full,corpus,PDFBOX-624-2.pdf,1,5,18.3,11328216,0,0,0,ok
full,corpus,Pig Production Handbook.pdf,1,5,15.2,11470096,0,0,0,ok
full,corpus,Publication_of_award_of_Bids_for_Transport_Sector__August_2016.pdf,1,5,17.5,8525216,0,0,0,ok
full,corpus,Rotation 45.pdf,1,4,52.4,17693640,1,1,1,ok
full,corpus,SPARC - v9 Architecture Manual.pdf,1,5,210.5,74093240,3,3,1,ok
full,corpus,SPE8EF26T0545.pdf,1,5,23.2,11460544,1,0,0,ok
full,corpus,TIKA-1552-0.pdf,1,5,34.8,23569536,0,0,0,ok
full,corpus,TIKA-2054-0.pdf,1,5,33.4,20715432,0,0,0,ok
full,corpus,Type0 Font.pdf,1,1,25.0,10408056,1,1,1,ok
full,corpus,Type0_CJK_Font.pdf,1,5,66.0,4859840,0,0,0,ok
full,corpus,capas.pdf,1,5,8.6,8259768,0,0,0,ok
full,corpus,cat-genetics_bobld.pdf,1,1,11.9,7035032,1,0,0,ok
full,corpus,cmap-parsing-exception.pdf,1,1,22.4,13352168,0,0,0,ok
full,corpus,dotnet-ai.pdf,1,5,31.0,32306256,1,1,1,ok
full,corpus,felltypes-test.pdf,1,1,16.7,4980440,0,0,0,ok
full,corpus,iron-ore-q2-q3-2013.pdf,1,5,48.1,36770904,1,1,1,ok
full,corpus,issue_671.pdf,1,2,31.0,18471784,1,1,1,ok
full,corpus,journal.pone.0196757.pdf,1,5,57.5,35469240,1,0,0,ok
full,corpus,jtehm-melillo-2679746.pdf,1,5,92.3,52875920,2,1,1,ok
full,corpus,pop-bugzilla37292.pdf,1,4,9.3,7959928,0,0,0,ok
full,corpus,reference-2-numeric-error.pdf,1,1,17.4,7149616,0,0,0,ok
full,corpus,ssm2163.pdf,1,5,18.7,10269656,0,0,0,ok
full,corpus,test-2_so_74165171.pdf,1,1,126.2,42241656,1,1,1,ok
full,corpus,testPdf-1.pdf,1,2,6.4,6057736,0,0,0,ok
full,corpus,test_a-5.pdf,1,5,88.3,70130728,2,1,1,ok
full,corpus,test_a.pdf,1,5,104.1,69212840,3,2,1,ok
full,corpus,toc.pdf,1,5,6.4,7515720,0,0,0,ok
full,corpus,type3-font-zero-height.pdf,1,1,25.8,8054968,1,1,0,ok
full,corpus,0000851.pdf,2,5,316.2,118480384,4,2,1,ok
full,corpus,11194059_2017-11_de_s.pdf,2,2,24.5,27595408,0,0,0,ok
full,corpus,2006_Swedish_Touring_Car_Championship.pdf,2,4,10.7,7844760,0,0,0,ok
full,corpus,2108.11480.pdf,2,5,104.3,75571656,3,2,1,ok
full,corpus,6.Secrets.to.Startup.Success.PDFDrive.pdf,2,5,24.9,24669192,1,0,0,ok
full,corpus,68-1990-01_A.pdf,2,5,66.1,44571080,1,1,0,ok
full,corpus,Approved_Document_B__fire_safety__volume_2_-_Buildings_other_than_dwellings__2019_edition_incorporating_2020_and_2022_amendments.pdf,2,5,54.8,52108800,4,4,3,ok
full,corpus,ClipPathLetterFilter-Test1.pdf,2,5,11.3,12677136,0,0,0,ok
full,corpus,ClipPathLetterFilter-Test2.pdf,2,1,7.0,8846928,0,0,0,ok
full,corpus,ColorIssue.pdf,2,1,32.3,33702344,1,0,0,ok
full,corpus,DeviceN_CS_test.pdf,2,5,14.3,21860720,0,0,0,ok
full,corpus,ErcotFacts.pdf,2,2,16.1,13754624,0,0,0,ok
full,corpus,FICTIF_TABLE_INDEX.pdf,2,5,16.7,15505432,1,0,0,ok
full,corpus,FarmerMac.pdf,2,5,12.8,14093664,0,0,0,ok
full,corpus,GHOSTSCRIPT-696171-0.pdf,2,5,9.2,11331928,0,0,0,ok
full,corpus,GHOSTSCRIPT-697234-0.pdf,2,3,24.7,22673488,0,0,0,ok
full,corpus,GHOSTSCRIPT-697507-0.pdf,2,1,19.7,7903712,1,1,0,ok
full,corpus,GHOSTSCRIPT-698721-0.zip-6.pdf,2,2,7.2,7315440,0,0,0,ok
full,corpus,GHOSTSCRIPT-699035-0.pdf,2,5,38.9,38280072,1,0,0,ok
full,corpus,GHOSTSCRIPT-699178-0.pdf,2,3,7.1,8589920,0,0,0,ok
full,corpus,GHOSTSCRIPT-699488-0.pdf,2,1,7.4,8119392,0,0,0,ok
full,corpus,GHOSTSCRIPT-700125-1.pdf,2,5,12.5,16241120,0,0,0,ok
full,corpus,GHOSTSCRIPT-700139-0.pdf,2,2,148.8,117690272,4,2,2,ok
full,corpus,GHOSTSCRIPT-700236-1.pdf,2,5,11.9,13418096,0,0,0,ok
full,corpus,Gamebook.pdf,2,5,9.5,9352376,0,0,0,ok
full,corpus,ICML03-081.pdf,2,5,20.6,17355112,0,0,0,ok
full,corpus,Indexed-DeviceRGB-JPXDecode-0-.0.0.255.0.-Font-F1_1_missing_char_255-1.pdf,2,1,29.0,16974840,0,0,0,ok
full,corpus,Judgement Document.pdf,2,5,10.0,9126064,0,0,0,ok
full,corpus,Layer pdf - 322_High_Holborn_building_Brochure.pdf,2,3,61.0,37980976,1,1,1,ok
full,corpus,MOZILLA-10225-0.pdf,2,5,12.3,22997896,0,0,0,ok
full,corpus,MOZILLA-10372-2.pdf,2,5,19.7,13160528,1,1,1,ok
full,corpus,MOZILLA-2775-1.pdf,2,5,15.9,17723888,1,0,0,ok
full,corpus,MOZILLA-3136-0.pdf,2,4,243.2,217846928,5,2,1,ok
full,corpus,MOZILLA-7375-0.pdf,2,5,15.7,16127752,0,0,0,ok
full,corpus,Math119FakingData.pdf,2,5,11.8,9248816,0,0,0,ok
full,corpus,Motor Insurance claim form.pdf,2,3,112.2,69292088,3,2,2,ok
full,corpus,Multiple Page - from Mortality Statistics.pdf,2,5,14.9,8263600,1,0,0,ok
full,corpus,OPEN.RABBIT.ENGLISH.LOP.pdf,2,5,20.6,27775712,0,0,0,ok
full,corpus,Old Gutnish Internet Explorer.pdf,2,3,12.0,14269408,0,0,0,ok
full,corpus,P2P-33713919.pdf,2,5,26.0,23000592,1,1,1,ok
full,corpus,PDFBOX-492-4.jar-8.pdf,2,2,24.8,16923072,1,0,0,ok
full,corpus,PDFBOX-624-2.pdf,2,5,9.4,11326584,0,0,0,ok
full,corpus,Pig Production Handbook.pdf,2,5,8.9,11469472,0,0,0,ok
full,corpus,Publication_of_award_of_Bids_for_Transport_Sector__August_2016.pdf,2,5,7.8,8288144,0,0,0,ok
full,corpus,Rotation 45.pdf,2,4,22.3,9895560,1,0,0,ok
full,corpus,SPARC - v9 Architecture Manual.pdf,2,5,68.8,74092992,2,1,1,ok
full,corpus,SPE8EF26T0545.pdf,2,5,22.9,11587008,1,1,1,ok
full,corpus,TIKA-1552-0.pdf,2,5,27.8,23547688,1,0,0,ok
full,corpus,TIKA-2054-0.pdf,2,5,18.2,20712056,0,0,0,ok
full,corpus,Type0 Font.pdf,2,1,9.3,9721328,0,0,0,ok
full,corpus,Type0_CJK_Font.pdf,2,5,11.1,3212400,0,0,0,ok
full,corpus,capas.pdf,2,5,6.2,8006016,0,0,0,ok
full,corpus,cat-genetics_bobld.pdf,2,1,10.4,7029376,0,0,0,ok
full,corpus,cmap-parsing-exception.pdf,2,1,28.6,13185008,1,1,1,ok
full,corpus,dotnet-ai.pdf,2,5,24.1,31616616,1,1,1,ok
full,corpus,felltypes-test.pdf,2,1,8.4,4979480,0,0,0,ok
full,corpus,iron-ore-q2-q3-2013.pdf,2,5,23.0,36510784,1,0,0,ok
full,corpus,issue_671.pdf,2,2,19.1,17837584,0,0,0,ok
full,corpus,journal.pone.0196757.pdf,2,5,38.6,35410760,1,1,0,ok
full,corpus,jtehm-melillo-2679746.pdf,2,5,68.7,52935400,2,2,1,ok
full,corpus,pop-bugzilla37292.pdf,2,4,7.0,7593856,0,0,0,ok
full,corpus,reference-2-numeric-error.pdf,2,1,15.7,7147144,1,0,0,ok
full,corpus,ssm2163.pdf,2,5,8.6,10255256,0,0,0,ok
full,corpus,test-2_so_74165171.pdf,2,1,55.7,42239208,1,1,1,ok
full,corpus,testPdf-1.pdf,2,2,6.1,5832920,0,0,0,ok
full,corpus,test_a-5.pdf,2,5,75.9,69774880,2,1,1,ok
full,corpus,test_a.pdf,2,5,96.4,68857568,3,2,1,ok
full,corpus,toc.pdf,2,5,5.2,7515600,0,0,0,ok
full,corpus,type3-font-zero-height.pdf,2,1,10.4,8049464,0,0,0,ok
full,corpus,0000851.pdf,3,5,198.6,118479944,4,2,1,ok
full,corpus,11194059_2017-11_de_s.pdf,3,2,37.3,27608312,1,0,0,ok
full,corpus,2006_Swedish_Touring_Car_Championship.pdf,3,4,7.0,7628824,0,0,0,ok
full,corpus,2108.11480.pdf,3,5,68.4,74834944,0,0,0,ok
full,corpus,6.Secrets.to.Startup.Success.PDFDrive.pdf,3,5,45.6,24737488,2,1,1,ok
full,corpus,68-1990-01_A.pdf,3,5,41.4,44321192,0,0,0,ok
full,corpus,Approved_Document_B__fire_safety__volume_2_-_Buildings_other_than_dwellings__2019_edition_incorporating_2020_and_2022_amendments.pdf,3,5,53.6,52106632,3,3,2,ok
full,corpus,ClipPathLetterFilter-Test1.pdf,3,5,10.2,12121200,0,0,0,ok
full,corpus,ClipPathLetterFilter-Test2.pdf,3,1,16.3,8700488,1,1,1,ok
full,corpus,ColorIssue.pdf,3,1,32.3,33787368,1,1,1,ok
full,corpus,DeviceN_CS_test.pdf,3,5,21.8,21535416,1,1,0,ok
full,corpus,ErcotFacts.pdf,3,2,13.4,13358016,0,0,0,ok
full,corpus,FICTIF_TABLE_INDEX.pdf,3,5,20.6,14803432,1,1,0,ok
full,corpus,FarmerMac.pdf,3,5,24.4,13833944,1,1,1,ok
full,corpus,GHOSTSCRIPT-696171-0.pdf,3,5,13.1,11401872,1,1,0,ok
full,corpus,GHOSTSCRIPT-697234-0.pdf,3,3,30.4,22673696,1,0,0,ok
full,corpus,GHOSTSCRIPT-697507-0.pdf,3,1,9.1,7903920,0,0,0,ok
full,corpus,GHOSTSCRIPT-698721-0.zip-6.pdf,3,2,6.1,7315232,0,0,0,ok
full,corpus,GHOSTSCRIPT-699035-0.pdf,3,5,47.3,38411168,1,1,0,ok
full,corpus,GHOSTSCRIPT-699178-0.pdf,3,3,7.4,8417792,0,0,0,ok
full,corpus,GHOSTSCRIPT-699488-0.pdf,3,1,7.5,8119392,0,0,0,ok
full,corpus,GHOSTSCRIPT-700125-1.pdf,3,5,18.0,16241120,1,1,0,ok
full,corpus,GHOSTSCRIPT-700139-0.pdf,3,2,151.6,116371432,4,2,2,ok
full,corpus,GHOSTSCRIPT-700236-1.pdf,3,5,11.9,13418096,0,0,0,ok
full,corpus,Gamebook.pdf,3,5,11.5,9352376,0,0,0,ok
full,corpus,ICML03-081.pdf,3,5,21.8,17355112,0,0,0,ok
full,corpus,Indexed-DeviceRGB-JPXDecode-0-.0.0.255.0.-Font-F1_1_missing_char_255-1.pdf,3,1,30.8,16974840,0,0,0,ok
full,corpus,Judgement Document.pdf,3,5,11.7,9126064,0,0,0,ok
full,corpus,Layer pdf - 322_High_Holborn_building_Brochure.pdf,3,3,41.6,37978328,0,0,0,ok
full,corpus,MOZILLA-10225-0.pdf,3,5,45.1,23000280,1,1,1,ok
full,corpus,MOZILLA-10372-2.pdf,3,5,10.3,13026904,0,0,0,ok
full,corpus,MOZILLA-2775-1.pdf,3,5,16.3,17719560,1,0,0,ok
full,corpus,MOZILLA-3136-0.pdf,3,4,229.2,217846928,6,3,1,ok
full,corpus,MOZILLA-7375-0.pdf,3,5,17.0,16127752,0,0,0,ok
full,corpus,Math119FakingData.pdf,3,5,10.7,9248816,0,0,0,ok
full,corpus,Motor Insurance claim form.pdf,3,3,112.7,69292000,3,2,2,ok
full,corpus,Multiple Page - from Mortality Statistics.pdf,3,5,17.3,8263688,1,0,0,ok
full,corpus,OPEN.RABBIT.ENGLISH.LOP.pdf,3,5,20.6,27775712,0,0,0,ok
full,corpus,Old Gutnish Internet Explorer.pdf,3,3,13.3,14269408,0,0,0,ok
full,corpus,P2P-33713919.pdf,3,5,25.1,22997856,1,0,0,ok
full,corpus,PDFBOX-492-4.jar-8.pdf,3,2,18.0,16853336,0,0,0,ok
full,corpus,PDFBOX-624-2.pdf,3,5,9.4,11326376,0,0,0,ok
full,corpus,Pig Production Handbook.pdf,3,5,10.4,11469472,0,0,0,ok
full,corpus,Publication_of_award_of_Bids_for_Transport_Sector__August_2016.pdf,3,5,23.8,8487536,1,1,1,ok
full,corpus,Rotation 45.pdf,3,4,12.9,9895304,0,0,0,ok
full,corpus,SPARC - v9 Architecture Manual.pdf,3,5,84.5,74092784,3,1,1,ok
full,corpus,SPE8EF26T0545.pdf,3,5,11.2,11453800,0,0,0,ok
full,corpus,TIKA-1552-0.pdf,3,5,19.4,23546888,0,0,0,ok
full,corpus,TIKA-2054-0.pdf,3,5,25.7,20711848,1,0,0,ok
full,corpus,Type0 Font.pdf,3,1,8.9,9721536,0,0,0,ok
full,corpus,Type0_CJK_Font.pdf,3,5,9.3,3212400,0,0,0,ok
full,corpus,capas.pdf,3,5,7.5,8006016,0,0,0,ok
full,corpus,cat-genetics_bobld.pdf,3,1,5.7,7029376,0,0,0,ok
full,corpus,cmap-parsing-exception.pdf,3,1,29.4,13316104,1,1,1,ok
full,corpus,dotnet-ai.pdf,3,5,25.0,31616616,1,1,1,ok
full,corpus,felltypes-test.pdf,3,1,10.6,4979480,0,0,0,ok
full,corpus,iron-ore-q2-q3-2013.pdf,3,5,28.2,36510784,1,0,0,ok
full,corpus,issue_671.pdf,3,2,20.8,17837584,0,0,0,ok
full,corpus,journal.pone.0196757.pdf,3,5,44.2,35410760,1,0,0,ok
full,corpus,jtehm-melillo-2679746.pdf,3,5,88.5,52873584,2,2,1,ok
full,corpus,pop-bugzilla37292.pdf,3,4,8.2,7593856,0,0,0,ok
full,corpus,reference-2-numeric-error.pdf,3,1,10.2,7147144,0,0,0,ok
full,corpus,ssm2163.pdf,3,5,15.0,10259168,1,0,0,ok
full,corpus,test-2_so_74165171.pdf,3,1,71.6,42239416,1,1,1,ok
full,corpus,testPdf-1.pdf,3,2,7.0,5832920,0,0,0,ok
full,corpus,test_a-5.pdf,3,5,125.8,69774880,4,2,1,ok
full,corpus,test_a.pdf,3,5,80.3,69772496,1,0,0,ok
full,corpus,toc.pdf,3,5,5.9,7515544,0,0,0,ok
full,corpus,type3-font-zero-height.pdf,3,1,23.2,8052112,1,1,1,ok
full-v2,corpus,0000851.pdf,1,5,1123.2,165940248,5,2,2,ok
full-v2,corpus,11194059_2017-11_de_s.pdf,1,2,125.2,27685600,0,0,0,ok
full-v2,corpus,2006_Swedish_Touring_Car_Championship.pdf,1,4,58.9,7846600,1,1,0,ok
full-v2,corpus,2108.11480.pdf,1,5,228.2,75655608,2,1,1,ok
full-v2,corpus,6.Secrets.to.Startup.Success.PDFDrive.pdf,1,5,85.6,24872752,1,1,1,ok
full-v2,corpus,68-1990-01_A.pdf,1,5,211.4,64932712,2,1,1,ok
full-v2,corpus,Approved_Document_B__fire_safety__volume_2_-_Buildings_other_than_dwellings__2019_edition_incorporating_2020_and_2022_amendments.pdf,1,5,110.7,52111088,2,2,2,ok
full-v2,corpus,ClipPathLetterFilter-Test1.pdf,1,5,93.4,41275832,1,0,0,ok
full-v2,corpus,ClipPathLetterFilter-Test2.pdf,1,1,23.8,8847496,0,0,0,ok
full-v2,corpus,ColorIssue.pdf,1,1,100.2,34302088,2,2,2,ok
full-v2,corpus,DeviceN_CS_test.pdf,1,5,61.2,22073984,1,1,1,ok
full-v2,corpus,ErcotFacts.pdf,1,2,50.8,13770104,1,0,0,ok
full-v2,corpus,FICTIF_TABLE_INDEX.pdf,1,5,45.3,15509416,0,0,0,ok
full-v2,corpus,FarmerMac.pdf,1,5,53.4,14093952,0,0,0,ok
full-v2,corpus,GHOSTSCRIPT-696171-0.pdf,1,5,45.5,11333792,1,0,0,ok
full-v2,corpus,GHOSTSCRIPT-697234-0.pdf,1,3,115.4,22813624,1,1,1,ok
full-v2,corpus,GHOSTSCRIPT-697507-0.pdf,1,1,25.0,7976904,1,0,0,ok
full-v2,corpus,GHOSTSCRIPT-698721-0.zip-6.pdf,1,2,18.4,7316504,0,0,0,ok
full-v2,corpus,GHOSTSCRIPT-699035-0.pdf,1,5,175.8,38413448,1,0,0,ok
full-v2,corpus,GHOSTSCRIPT-699178-0.pdf,1,3,23.0,8590416,0,0,0,ok
full-v2,corpus,GHOSTSCRIPT-699488-0.pdf,1,1,22.4,8121904,0,0,0,ok
full-v2,corpus,GHOSTSCRIPT-700125-1.pdf,1,5,58.7,16248544,1,1,1,ok
full-v2,corpus,GHOSTSCRIPT-700139-0.pdf,1,2,366.0,117917288,3,2,1,ok
full-v2,corpus,GHOSTSCRIPT-700236-1.pdf,1,5,46.6,13419120,1,0,0,ok
full-v2,corpus,Gamebook.pdf,1,5,128.2,150811176,8,8,8,ok
full-v2,corpus,ICML03-081.pdf,1,5,54.3,17359632,1,1,0,ok
full-v2,corpus,Indexed-DeviceRGB-JPXDecode-0-.0.0.255.0.-Font-F1_1_missing_char_255-1.pdf,1,1,54.8,16997376,1,0,0,ok
full-v2,corpus,Judgement Document.pdf,1,5,36.5,11060304,1,1,1,ok
full-v2,corpus,Layer pdf - 322_High_Holborn_building_Brochure.pdf,1,3,138.8,38361360,1,0,0,ok
full-v2,corpus,MOZILLA-10225-0.pdf,1,5,31.0,23052184,0,0,0,ok
full-v2,corpus,MOZILLA-10372-2.pdf,1,5,45.4,13451048,1,1,1,ok
full-v2,corpus,MOZILLA-2775-1.pdf,1,5,53.3,17724960,1,0,0,ok
full-v2,corpus,MOZILLA-3136-0.pdf,1,4,721.4,219922720,3,1,1,ok
full-v2,corpus,MOZILLA-7375-0.pdf,1,5,49.1,16129256,0,0,0,ok
full-v2,corpus,Math119FakingData.pdf,1,5,60.9,9250752,1,1,0,ok
full-v2,corpus,Motor Insurance claim form.pdf,1,3,305.4,69802184,3,3,3,ok
full-v2,corpus,Multiple Page - from Mortality Statistics.pdf,1,5,35.9,15937984,0,0,0,ok
full-v2,corpus,OPEN.RABBIT.ENGLISH.LOP.pdf,1,5,127.1,27965672,1,0,0,ok
full-v2,corpus,Old Gutnish Internet Explorer.pdf,1,3,42.1,14914752,0,0,0,ok
full-v2,corpus,P2P-33713919.pdf,1,5,72.3,23173712,1,1,1,ok
full-v2,corpus,PDFBOX-492-4.jar-8.pdf,1,2,71.6,17003712,1,0,0,ok
full-v2,corpus,PDFBOX-624-2.pdf,1,5,30.0,11328496,0,0,0,ok
full-v2,corpus,Pig Production Handbook.pdf,1,5,29.9,11470376,0,0,0,ok
full-v2,corpus,Publication_of_award_of_Bids_for_Transport_Sector__August_2016.pdf,1,5,29.1,8525496,0,0,0,ok
full-v2,corpus,Rotation 45.pdf,1,4,91.0,17693920,1,1,1,ok
full-v2,corpus,SPARC - v9 Architecture Manual.pdf,1,5,219.7,74093520,2,2,1,ok
full-v2,corpus,SPE8EF26T0545.pdf,1,5,36.6,11459984,1,1,0,ok
full-v2,corpus,TIKA-1552-0.pdf,1,5,29.8,23569816,0,0,0,ok
full-v2,corpus,TIKA-2054-0.pdf,1,5,28.5,20715712,1,0,0,ok
full-v2,corpus,Type0 Font.pdf,1,1,22.8,10408544,1,1,1,ok
full-v2,corpus,Type0_CJK_Font.pdf,1,5,64.4,4860120,0,0,0,ok
full-v2,corpus,capas.pdf,1,5,7.9,8260048,0,0,0,ok
full-v2,corpus,cat-genetics_bobld.pdf,1,1,8.2,7035312,0,0,0,ok
full-v2,corpus,cmap-parsing-exception.pdf,1,1,29.0,13352240,0,0,0,ok
full-v2,corpus,dotnet-ai.pdf,1,5,29.2,32306536,1,1,1,ok
full-v2,corpus,felltypes-test.pdf,1,1,15.6,4980720,0,0,0,ok
full-v2,corpus,iron-ore-q2-q3-2013.pdf,1,5,46.0,37295496,1,1,1,ok
full-v2,corpus,issue_671.pdf,1,2,32.6,18406336,1,1,1,ok
full-v2,corpus,journal.pone.0196757.pdf,1,5,58.8,35469520,1,0,0,ok
full-v2,corpus,jtehm-melillo-2679746.pdf,1,5,83.0,52740616,1,1,1,ok
full-v2,corpus,pop-bugzilla37292.pdf,1,4,21.0,7960888,1,0,0,ok
full-v2,corpus,reference-2-numeric-error.pdf,1,1,16.3,7150104,0,0,0,ok
full-v2,corpus,ssm2163.pdf,1,5,16.7,10273744,0,0,0,ok
full-v2,corpus,test-2_so_74165171.pdf,1,1,129.8,42241936,1,1,1,ok
full-v2,corpus,testPdf-1.pdf,1,2,7.2,6058016,0,0,0,ok
full-v2,corpus,test_a-5.pdf,1,5,87.5,70131008,2,1,1,ok
full-v2,corpus,test_a.pdf,1,5,103.6,69213120,3,1,1,ok
full-v2,corpus,toc.pdf,1,5,5.2,7516000,0,0,0,ok
full-v2,corpus,type3-font-zero-height.pdf,1,1,14.3,8055248,0,0,0,ok
full-v2,corpus,0000851.pdf,2,5,305.4,118480456,4,2,1,ok
full-v2,corpus,11194059_2017-11_de_s.pdf,2,2,26.0,27595688,0,0,0,ok
full-v2,corpus,2006_Swedish_Touring_Car_Championship.pdf,2,4,10.2,7845040,0,0,0,ok
full-v2,corpus,2108.11480.pdf,2,5,110.8,75571936,2,2,1,ok
full-v2,corpus,6.Secrets.to.Startup.Success.PDFDrive.pdf,2,5,25.1,24669472,1,0,0,ok
full-v2,corpus,68-1990-01_A.pdf,2,5,67.4,44571360,1,1,0,ok
full-v2,corpus,Approved_Document_B__fire_safety__volume_2_-_Buildings_other_than_dwellings__2019_edition_incorporating_2020_and_2022_amendments.pdf,2,5,55.2,52108800,4,3,3,ok
full-v2,corpus,ClipPathLetterFilter-Test1.pdf,2,5,11.2,12677416,0,0,0,ok
full-v2,corpus,ClipPathLetterFilter-Test2.pdf,2,1,7.2,8847208,0,0,0,ok
full-v2,corpus,ColorIssue.pdf,2,1,28.3,33702624,0,0,0,ok
full-v2,corpus,DeviceN_CS_test.pdf,2,5,14.3,21860792,0,0,0,ok
full-v2,corpus,ErcotFacts.pdf,2,2,16.2,13754904,0,0,0,ok
full-v2,corpus,FICTIF_TABLE_INDEX.pdf,2,5,14.0,15068336,0,0,0,ok
full-v2,corpus,FarmerMac.pdf,2,5,16.3,13700184,0,0,0,ok
full-v2,corpus,GHOSTSCRIPT-696171-0.pdf,2,5,13.7,11332208,0,0,0,ok
full-v2,corpus,GHOSTSCRIPT-697234-0.pdf,2,3,44.7,22673768,1,0,0,ok
full-v2,corpus,GHOSTSCRIPT-697507-0.pdf,2,1,9.3,7904200,0,0,0,ok
full-v2,corpus,GHOSTSCRIPT-698721-0.zip-6.pdf,2,2,7.2,7315512,0,0,0,ok
full-v2,corpus,GHOSTSCRIPT-699035-0.pdf,2,5,35.7,38280352,0,0,0,ok
full-v2,corpus,GHOSTSCRIPT-699178-0.pdf,2,3,8.6,8417864,0,0,0,ok
full-v2,corpus,GHOSTSCRIPT-699488-0.pdf,2,1,7.7,8119672,0,0,0,ok
full-v2,corpus,GHOSTSCRIPT-700125-1.pdf,2,5,13.4,16241400,0,0,0,ok
full-v2,corpus,GHOSTSCRIPT-700139-0.pdf,2,2,162.8,116236064,4,2,2,ok
full-v2,corpus,GHOSTSCRIPT-700236-1.pdf,2,5,12.0,13418376,0,0,0,ok
full-v2,corpus,Gamebook.pdf,2,5,9.9,9352656,0,0,0,ok
full-v2,corpus,ICML03-081.pdf,2,5,16.1,17355392,0,0,0,ok
full-v2,corpus,Indexed-DeviceRGB-JPXDecode-0-.0.0.255.0.-Font-F1_1_missing_char_255-1.pdf,2,1,23.6,16975120,0,0,0,ok
full-v2,corpus,Judgement Document.pdf,2,5,10.2,9126344,0,0,0,ok
full-v2,corpus,Layer pdf - 322_High_Holborn_building_Brochure.pdf,2,3,40.0,37978608,0,0,0,ok
full-v2,corpus,MOZILLA-10225-0.pdf,2,5,35.6,23000616,1,1,1,ok
full-v2,corpus,MOZILLA-10372-2.pdf,2,5,18.0,13161016,1,1,1,ok
full-v2,corpus,MOZILLA-2775-1.pdf,2,5,17.2,17724168,1,0,0,ok
full-v2,corpus,MOZILLA-3136-0.pdf,2,4,233.3,217715888,3,1,1,ok
full-v2,corpus,MOZILLA-7375-0.pdf,2,5,17.6,16128032,0,0,0,ok
full-v2,corpus,Math119FakingData.pdf,2,5,12.9,9249096,0,0,0,ok
full-v2,corpus,Motor Insurance claim form.pdf,2,3,133.9,68830808,3,3,1,ok
full-v2,corpus,Multiple Page - from Mortality Statistics.pdf,2,5,7.0,8263360,0,0,0,ok
full-v2,corpus,OPEN.RABBIT.ENGLISH.LOP.pdf,2,5,39.2,27975232,2,1,1,ok
full-v2,corpus,Old Gutnish Internet Explorer.pdf,2,3,12.2,14269896,0,0,0,ok
full-v2,corpus,P2P-33713919.pdf,2,5,14.1,22998136,0,0,0,ok
full-v2,corpus,PDFBOX-492-4.jar-8.pdf,2,2,37.5,16991272,1,1,1,ok
full-v2,corpus,PDFBOX-624-2.pdf,2,5,10.2,11326920,0,0,0,ok
full-v2,corpus,Pig Production Handbook.pdf,2,5,14.8,11469840,1,1,0,ok
full-v2,corpus,Publication_of_award_of_Bids_for_Transport_Sector__August_2016.pdf,2,5,7.2,8288632,0,0,0,ok
full-v2,corpus,Rotation 45.pdf,2,4,14.1,9895320,0,0,0,ok
full-v2,corpus,SPARC - v9 Architecture Manual.pdf,2,5,75.8,74093064,2,1,1,ok
full-v2,corpus,SPE8EF26T0545.pdf,2,5,10.7,11453240,0,0,0,ok
full-v2,corpus,TIKA-1552-0.pdf,2,5,37.9,23554024,1,1,1,ok
full-v2,corpus,TIKA-2054-0.pdf,2,5,26.9,20777952,1,0,0,ok
full-v2,corpus,Type0 Font.pdf,2,1,9.6,9721816,0,0,0,ok
full-v2,corpus,Type0_CJK_Font.pdf,2,5,11.1,3212680,0,0,0,ok
full-v2,corpus,capas.pdf,2,5,6.1,8006296,0,0,0,ok
full-v2,corpus,cat-genetics_bobld.pdf,2,1,10.8,7029656,0,0,0,ok
full-v2,corpus,cmap-parsing-exception.pdf,2,1,36.2,13316384,1,1,1,ok
full-v2,corpus,dotnet-ai.pdf,2,5,26.9,31616896,1,1,1,ok
full-v2,corpus,felltypes-test.pdf,2,1,9.1,4979760,0,0,0,ok
full-v2,corpus,iron-ore-q2-q3-2013.pdf,2,5,22.2,36511064,1,0,0,ok
full-v2,corpus,issue_671.pdf,2,2,19.0,17837640,0,0,0,ok
full-v2,corpus,journal.pone.0196757.pdf,2,5,45.0,35411040,1,0,0,ok
full-v2,corpus,jtehm-melillo-2679746.pdf,2,5,57.8,52736168,0,0,0,ok
full-v2,corpus,pop-bugzilla37292.pdf,2,4,10.5,7589808,0,0,0,ok
full-v2,corpus,reference-2-numeric-error.pdf,2,1,12.3,7147424,0,0,0,ok
full-v2,corpus,ssm2163.pdf,2,5,14.4,10255328,0,0,0,ok
full-v2,corpus,test-2_so_74165171.pdf,2,1,77.4,42182072,1,1,1,ok
full-v2,corpus,testPdf-1.pdf,2,2,24.5,5835696,1,1,1,ok
full-v2,corpus,test_a-5.pdf,2,5,84.8,69775424,2,1,1,ok
full-v2,corpus,test_a.pdf,2,5,96.4,69772776,2,1,0,ok
full-v2,corpus,toc.pdf,2,5,5.3,7515824,0,0,0,ok
full-v2,corpus,type3-font-zero-height.pdf,2,1,20.5,8052392,1,1,1,ok
full-v2,corpus,0000851.pdf,3,5,226.5,118480488,3,1,1,ok
full-v2,corpus,11194059_2017-11_de_s.pdf,3,2,24.3,27608592,0,0,0,ok
full-v2,corpus,2006_Swedish_Touring_Car_Championship.pdf,3,4,6.9,7628896,0,0,0,ok
full-v2,corpus,2108.11480.pdf,3,5,90.2,74835224,2,1,0,ok
full-v2,corpus,6.Secrets.to.Startup.Success.PDFDrive.pdf,3,5,43.0,24737696,1,1,1,ok
full-v2,corpus,68-1990-01_A.pdf,3,5,52.2,44321472,1,0,0,ok
full-v2,corpus,Approved_Document_B__fire_safety__volume_2_-_Buildings_other_than_dwellings__2019_edition_incorporating_2020_and_2022_amendments.pdf,3,5,64.5,52108800,4,4,3,ok
full-v2,corpus,ClipPathLetterFilter-Test1.pdf,3,5,11.4,12121480,0,0,0,ok
full-v2,corpus,ClipPathLetterFilter-Test2.pdf,3,1,7.0,8698120,0,0,0,ok
full-v2,corpus,ColorIssue.pdf,3,1,35.0,33583872,1,0,0,ok
full-v2,corpus,DeviceN_CS_test.pdf,3,5,16.8,21469992,0,0,0,ok
full-v2,corpus,ErcotFacts.pdf,3,2,13.7,13358088,0,0,0,ok
full-v2,corpus,FICTIF_TABLE_INDEX.pdf,3,5,16.3,14803712,1,0,0,ok
full-v2,corpus,FarmerMac.pdf,3,5,13.2,13700392,0,0,0,ok
full-v2,corpus,GHOSTSCRIPT-696171-0.pdf,3,5,9.7,11332208,0,0,0,ok
full-v2,corpus,GHOSTSCRIPT-697234-0.pdf,3,3,24.8,22673768,0,0,0,ok
full-v2,corpus,GHOSTSCRIPT-697507-0.pdf,3,1,8.9,7903992,0,0,0,ok
full-v2,corpus,GHOSTSCRIPT-698721-0.zip-6.pdf,3,2,6.7,7315512,0,0,0,ok
full-v2,corpus,GHOSTSCRIPT-699035-0.pdf,3,5,59.6,38280352,2,1,0,ok
full-v2,corpus,GHOSTSCRIPT-699178-0.pdf,3,3,7.0,8418072,0,0,0,ok
full-v2,corpus,GHOSTSCRIPT-699488-0.pdf,3,1,7.4,8119672,0,0,0,ok
full-v2,corpus,GHOSTSCRIPT-700125-1.pdf,3,5,12.5,16241400,0,0,0,ok
full-v2,corpus,GHOSTSCRIPT-700139-0.pdf,3,2,159.8,116367224,4,2,2,ok
full-v2,corpus,GHOSTSCRIPT-700236-1.pdf,3,5,11.6,13418376,0,0,0,ok
full-v2,corpus,Gamebook.pdf,3,5,9.3,9352656,0,0,0,ok
full-v2,corpus,ICML03-081.pdf,3,5,15.6,17355480,0,0,0,ok
full-v2,corpus,Indexed-DeviceRGB-JPXDecode-0-.0.0.255.0.-Font-F1_1_missing_char_255-1.pdf,3,1,26.0,16975120,0,0,0,ok
full-v2,corpus,Judgement Document.pdf,3,5,8.4,9126344,0,0,0,ok
full-v2,corpus,Layer pdf - 322_High_Holborn_building_Brochure.pdf,3,3,40.8,37978608,0,0,0,ok
full-v2,corpus,MOZILLA-10225-0.pdf,3,5,20.0,22993704,0,0,0,ok
full-v2,corpus,MOZILLA-10372-2.pdf,3,5,33.7,13029712,1,1,1,ok
full-v2,corpus,MOZILLA-2775-1.pdf,3,5,18.3,17724168,1,0,0,ok
full-v2,corpus,MOZILLA-3136-0.pdf,3,4,279.5,218009560,5,2,2,ok
full-v2,corpus,MOZILLA-7375-0.pdf,3,5,14.0,16128032,0,0,0,ok
full-v2,corpus,Math119FakingData.pdf,3,5,7.3,9249096,0,0,0,ok
full-v2,corpus,Motor Insurance claim form.pdf,3,3,124.4,68830720,2,2,1,ok
full-v2,corpus,Multiple Page - from Mortality Statistics.pdf,3,5,16.1,8263968,1,0,0,ok
full-v2,corpus,OPEN.RABBIT.ENGLISH.LOP.pdf,3,5,21.0,27775992,0,0,0,ok
full-v2,corpus,Old Gutnish Internet Explorer.pdf,3,3,27.9,14337984,1,1,1,ok
full-v2,corpus,P2P-33713919.pdf,3,5,19.8,22998400,1,0,0,ok
full-v2,corpus,PDFBOX-492-4.jar-8.pdf,3,2,18.9,16853616,0,0,0,ok
full-v2,corpus,PDFBOX-624-2.pdf,3,5,11.6,11326656,0,0,0,ok
full-v2,corpus,Pig Production Handbook.pdf,3,5,8.5,11469752,0,0,0,ok
full-v2,corpus,Publication_of_award_of_Bids_for_Transport_Sector__August_2016.pdf,3,5,19.5,8487872,1,1,1,ok
full-v2,corpus,Rotation 45.pdf,3,4,13.3,9895528,0,0,0,ok
full-v2,corpus,SPARC - v9 Architecture Manual.pdf,3,5,100.3,74095024,3,2,2,ok
full-v2,corpus,SPE8EF26T0545.pdf,3,5,9.3,11453240,0,0,0,ok
full-v2,corpus,TIKA-1552-0.pdf,3,5,22.2,23547168,1,0,0,ok
full-v2,corpus,TIKA-2054-0.pdf,3,5,18.8,20712336,0,0,0,ok
full-v2,corpus,Type0 Font.pdf,3,1,23.6,9721608,1,1,0,ok
full-v2,corpus,Type0_CJK_Font.pdf,3,5,9.3,3212888,0,0,0,ok
full-v2,corpus,capas.pdf,3,5,6.2,8006296,0,0,0,ok
full-v2,corpus,cat-genetics_bobld.pdf,3,1,6.1,7029656,0,0,0,ok
full-v2,corpus,cmap-parsing-exception.pdf,3,1,19.0,13116992,1,0,0,ok
full-v2,corpus,dotnet-ai.pdf,3,5,19.4,31547496,0,0,0,ok
full-v2,corpus,felltypes-test.pdf,3,1,10.1,4975376,1,1,0,ok
full-v2,corpus,iron-ore-q2-q3-2013.pdf,3,5,51.4,36533880,2,2,2,ok
full-v2,corpus,issue_671.pdf,3,2,19.6,18039528,0,0,0,ok
full-v2,corpus,journal.pone.0196757.pdf,3,5,31.9,35443872,1,0,0,ok
full-v2,corpus,jtehm-melillo-2679746.pdf,3,5,80.0,52873864,2,1,1,ok
full-v2,corpus,pop-bugzilla37292.pdf,3,4,7.3,7594136,0,0,0,ok
full-v2,corpus,reference-2-numeric-error.pdf,3,1,8.8,7147424,0,0,0,ok
full-v2,corpus,ssm2163.pdf,3,5,8.5,10259448,0,0,0,ok
full-v2,corpus,test-2_so_74165171.pdf,3,1,73.3,42241448,2,2,2,ok
full-v2,corpus,testPdf-1.pdf,3,2,6.1,5833200,0,0,0,ok
full-v2,corpus,test_a-5.pdf,3,5,72.5,69772512,1,0,0,ok
full-v2,corpus,test_a.pdf,3,5,104.8,68792232,3,1,1,ok
full-v2,corpus,toc.pdf,3,5,5.8,7515880,0,0,0,ok
full-v2,corpus,type3-font-zero-height.pdf,3,1,9.7,8049744,0,0,0,ok
baseline,corpus,0000851.pdf,1,5,1215.8,170032624,5,2,2,ok
baseline,corpus,11194059_2017-11_de_s.pdf,1,2,119.7,27690248,0,0,0,ok
baseline,corpus,2006_Swedish_Touring_Car_Championship.pdf,1,4,54.4,7884680,1,1,0,ok
baseline,corpus,2108.11480.pdf,1,5,201.6,76962784,2,1,1,ok
baseline,corpus,6.Secrets.to.Startup.Success.PDFDrive.pdf,1,5,86.7,24746568,2,1,1,ok
baseline,corpus,68-1990-01_A.pdf,1,5,212.6,64938000,2,1,1,ok
baseline,corpus,Approved_Document_B__fire_safety__volume_2_-_Buildings_other_than_dwellings__2019_edition_incorporating_2020_and_2022_amendments.pdf,1,5,105.6,52520632,2,2,2,ok
baseline,corpus,ClipPathLetterFilter-Test1.pdf,1,5,90.6,41327672,1,0,0,ok
baseline,corpus,ClipPathLetterFilter-Test2.pdf,1,1,23.4,8847088,0,0,0,ok
baseline,corpus,ColorIssue.pdf,1,1,98.0,34607296,2,2,2,ok
baseline,corpus,DeviceN_CS_test.pdf,1,5,56.0,22232120,1,1,1,ok
baseline,corpus,ErcotFacts.pdf,1,2,46.9,14129536,1,0,0,ok
baseline,corpus,FICTIF_TABLE_INDEX.pdf,1,5,41.9,15510952,0,0,0,ok
baseline,corpus,FarmerMac.pdf,1,5,48.7,14125848,0,0,0,ok
baseline,corpus,GHOSTSCRIPT-696171-0.pdf,1,5,37.4,11351304,0,0,0,ok
baseline,corpus,GHOSTSCRIPT-697234-0.pdf,1,3,107.6,22891280,1,1,1,ok
baseline,corpus,GHOSTSCRIPT-697507-0.pdf,1,1,23.1,8070968,0,0,0,ok
baseline,corpus,GHOSTSCRIPT-698721-0.zip-6.pdf,1,2,21.5,7741856,1,0,0,ok
baseline,corpus,GHOSTSCRIPT-699035-0.pdf,1,5,158.0,38415736,0,0,0,ok
baseline,corpus,GHOSTSCRIPT-699178-0.pdf,1,3,24.6,8609296,0,0,0,ok
baseline,corpus,GHOSTSCRIPT-699488-0.pdf,1,1,34.5,8128088,1,0,0,ok
baseline,corpus,GHOSTSCRIPT-700125-1.pdf,1,5,59.0,17647608,1,1,1,ok
baseline,corpus,GHOSTSCRIPT-700139-0.pdf,1,2,369.0,117737968,3,2,1,ok
baseline,corpus,GHOSTSCRIPT-700236-1.pdf,1,5,43.3,13572832,1,0,0,ok
baseline,corpus,Gamebook.pdf,1,5,125.9,150825632,8,8,8,ok
baseline,corpus,ICML03-081.pdf,1,5,59.3,17385424,1,1,0,ok
baseline,corpus,Indexed-DeviceRGB-JPXDecode-0-.0.0.255.0.-Font-F1_1_missing_char_255-1.pdf,1,1,45.5,17086288,0,0,0,ok
baseline,corpus,Judgement Document.pdf,1,5,37.8,11061656,1,1,1,ok
baseline,corpus,Layer pdf - 322_High_Holborn_building_Brochure.pdf,1,3,148.3,38364496,1,0,0,ok
baseline,corpus,MOZILLA-10225-0.pdf,1,5,32.7,23121080,0,0,0,ok
baseline,corpus,MOZILLA-10372-2.pdf,1,5,46.4,13451656,1,1,1,ok
baseline,corpus,MOZILLA-2775-1.pdf,1,5,58.3,17809208,1,0,0,ok
baseline,corpus,MOZILLA-3136-0.pdf,1,4,794.1,219876464,3,1,1,ok
baseline,corpus,MOZILLA-7375-0.pdf,1,5,56.8,16128824,0,0,0,ok
baseline,corpus,Math119FakingData.pdf,1,5,70.4,9332480,1,1,0,ok
baseline,corpus,Motor Insurance claim form.pdf,1,3,374.6,69903792,3,3,3,ok
baseline,corpus,Multiple Page - from Mortality Statistics.pdf,1,5,62.5,15965408,1,0,0,ok
baseline,corpus,OPEN.RABBIT.ENGLISH.LOP.pdf,1,5,138.4,27964272,0,0,0,ok
baseline,corpus,Old Gutnish Internet Explorer.pdf,1,3,47.0,14921848,0,0,0,ok
baseline,corpus,P2P-33713919.pdf,1,5,60.4,23234448,1,1,1,ok
baseline,corpus,PDFBOX-492-4.jar-8.pdf,1,2,62.7,17072408,1,0,0,ok
baseline,corpus,PDFBOX-624-2.pdf,1,5,23.8,11353640,0,0,0,ok
baseline,corpus,Pig Production Handbook.pdf,1,5,19.0,11661096,0,0,0,ok
baseline,corpus,Publication_of_award_of_Bids_for_Transport_Sector__August_2016.pdf,1,5,23.9,8528320,0,0,0,ok
baseline,corpus,Rotation 45.pdf,1,4,77.1,17817688,2,1,1,ok
baseline,corpus,SPARC - v9 Architecture Manual.pdf,1,5,244.6,108712184,4,3,1,ok
baseline,corpus,SPE8EF26T0545.pdf,1,5,15.3,11406696,1,0,0,ok
baseline,corpus,TIKA-1552-0.pdf,1,5,31.2,23572424,0,0,0,ok
baseline,corpus,TIKA-2054-0.pdf,1,5,39.6,23587104,1,1,0,ok
baseline,corpus,Type0 Font.pdf,1,1,22.0,10409480,1,1,1,ok
baseline,corpus,Type0_CJK_Font.pdf,1,5,68.1,4918176,0,0,0,ok
baseline,corpus,capas.pdf,1,5,8.3,8295872,0,0,0,ok
baseline,corpus,cat-genetics_bobld.pdf,1,1,11.1,7030904,1,0,0,ok
baseline,corpus,cmap-parsing-exception.pdf,1,1,30.8,13350112,0,0,0,ok
baseline,corpus,dotnet-ai.pdf,1,5,29.3,32510224,1,1,1,ok
baseline,corpus,felltypes-test.pdf,1,1,18.7,4980560,0,0,0,ok
baseline,corpus,iron-ore-q2-q3-2013.pdf,1,5,57.3,36774712,1,1,1,ok
baseline,corpus,issue_671.pdf,1,2,37.7,18536320,1,1,1,ok
baseline,corpus,journal.pone.0196757.pdf,1,5,68.7,35712864,1,0,0,ok
baseline,corpus,jtehm-melillo-2679746.pdf,1,5,125.9,53034808,2,2,1,ok
baseline,corpus,pop-bugzilla37292.pdf,1,4,12.0,7989192,0,0,0,ok
baseline,corpus,reference-2-numeric-error.pdf,1,1,24.5,7196176,0,0,0,ok
baseline,corpus,ssm2163.pdf,1,5,29.3,10627264,1,0,0,ok
baseline,corpus,test-2_so_74165171.pdf,1,1,165.0,42242168,1,1,1,ok
baseline,corpus,testPdf-1.pdf,1,2,7.8,6061048,0,0,0,ok
baseline,corpus,test_a-5.pdf,1,5,108.6,70170024,2,1,1,ok
baseline,corpus,test_a.pdf,1,5,121.6,69251856,3,2,1,ok
baseline,corpus,toc.pdf,1,5,6.2,7514624,0,0,0,ok
baseline,corpus,type3-font-zero-height.pdf,1,1,34.1,8061768,1,1,0,ok
baseline,corpus,0000851.pdf,2,5,363.4,122572552,4,2,1,ok
baseline,corpus,11194059_2017-11_de_s.pdf,2,2,32.6,27600336,0,0,0,ok
baseline,corpus,2006_Swedish_Touring_Car_Championship.pdf,2,4,25.7,7883120,1,0,0,ok
baseline,corpus,2108.11480.pdf,2,5,105.0,76879320,2,2,1,ok
baseline,corpus,6.Secrets.to.Startup.Success.PDFDrive.pdf,2,5,28.0,24674384,1,0,0,ok
baseline,corpus,68-1990-01_A.pdf,2,5,77.5,44576648,1,1,0,ok
baseline,corpus,Approved_Document_B__fire_safety__volume_2_-_Buildings_other_than_dwellings__2019_edition_incorporating_2020_and_2022_amendments.pdf,2,5,60.8,52516664,3,3,2,ok
baseline,corpus,ClipPathLetterFilter-Test1.pdf,2,5,23.0,12863608,1,1,1,ok
baseline,corpus,ClipPathLetterFilter-Test2.pdf,2,1,8.6,8847064,0,0,0,ok
baseline,corpus,ColorIssue.pdf,2,1,46.6,34343728,2,2,2,ok
baseline,corpus,DeviceN_CS_test.pdf,2,5,28.8,22084840,1,1,0,ok
baseline,corpus,ErcotFacts.pdf,2,2,20.0,14114544,0,0,0,ok
baseline,corpus,FICTIF_TABLE_INDEX.pdf,2,5,18.9,15069872,1,0,0,ok
baseline,corpus,FarmerMac.pdf,2,5,20.0,13732288,1,1,0,ok
baseline,corpus,GHOSTSCRIPT-696171-0.pdf,2,5,11.9,11349928,0,0,0,ok
baseline,corpus,GHOSTSCRIPT-697234-0.pdf,2,3,48.7,22885376,2,1,1,ok
baseline,corpus,GHOSTSCRIPT-697507-0.pdf,2,1,10.1,8068088,0,0,0,ok
baseline,corpus,GHOSTSCRIPT-698721-0.zip-6.pdf,2,2,7.5,7741072,0,0,0,ok
baseline,corpus,GHOSTSCRIPT-699035-0.pdf,2,5,40.5,38413528,0,0,0,ok
baseline,corpus,GHOSTSCRIPT-699178-0.pdf,2,3,12.2,8436952,0,0,0,ok
baseline,corpus,GHOSTSCRIPT-699488-0.pdf,2,1,14.1,8125856,0,0,0,ok
baseline,corpus,GHOSTSCRIPT-700125-1.pdf,2,5,22.3,17640256,0,0,0,ok
baseline,corpus,GHOSTSCRIPT-700139-0.pdf,2,2,174.1,116323264,4,2,2,ok
baseline,corpus,GHOSTSCRIPT-700236-1.pdf,2,5,14.9,13572088,1,1,0,ok
baseline,corpus,Gamebook.pdf,2,5,12.8,9367320,1,0,0,ok
baseline,corpus,ICML03-081.pdf,2,5,20.0,17381392,0,0,0,ok
baseline,corpus,Indexed-DeviceRGB-JPXDecode-0-.0.0.255.0.-Font-F1_1_missing_char_255-1.pdf,2,1,27.1,17064032,0,0,0,ok
baseline,corpus,Judgement Document.pdf,2,5,15.6,9127904,1,1,0,ok
baseline,corpus,Layer pdf - 322_High_Holborn_building_Brochure.pdf,2,3,48.6,37984600,1,1,1,ok
baseline,corpus,MOZILLA-10225-0.pdf,2,5,23.9,23200816,1,1,1,ok
baseline,corpus,MOZILLA-10372-2.pdf,2,5,17.9,13027792,1,0,0,ok
baseline,corpus,MOZILLA-2775-1.pdf,2,5,15.8,17804296,0,0,0,ok
baseline,corpus,MOZILLA-3136-0.pdf,2,4,308.2,217767728,6,3,1,ok
baseline,corpus,MOZILLA-7375-0.pdf,2,5,16.3,16127600,0,0,0,ok
baseline,corpus,Math119FakingData.pdf,2,5,12.5,9330824,0,0,0,ok
baseline,corpus,Motor Insurance claim form.pdf,2,3,119.3,68929528,2,1,0,ok
baseline,corpus,Multiple Page - from Mortality Statistics.pdf,2,5,8.5,8224528,0,0,0,ok
baseline,corpus,OPEN.RABBIT.ENGLISH.LOP.pdf,2,5,51.7,27580184,2,1,1,ok
baseline,corpus,Old Gutnish Internet Explorer.pdf,2,3,14.3,14277256,0,0,0,ok
baseline,corpus,P2P-33713919.pdf,2,5,15.6,23058872,0,0,0,ok
baseline,corpus,PDFBOX-492-4.jar-8.pdf,2,2,35.7,17059968,1,1,1,ok
baseline,corpus,PDFBOX-624-2.pdf,2,5,10.8,11352064,0,0,0,ok
baseline,corpus,Pig Production Handbook.pdf,2,5,16.4,11660560,1,0,0,ok
baseline,corpus,Publication_of_award_of_Bids_for_Transport_Sector__August_2016.pdf,2,5,8.0,8291456,0,0,0,ok
baseline,corpus,Rotation 45.pdf,2,4,14.3,10018568,0,0,0,ok
baseline,corpus,SPARC - v9 Architecture Manual.pdf,2,5,111.7,108714224,6,3,2,ok
baseline,corpus,SPE8EF26T0545.pdf,2,5,13.6,11399952,1,1,0,ok
baseline,corpus,TIKA-1552-0.pdf,2,5,28.0,23549984,1,0,0,ok
baseline,corpus,TIKA-2054-0.pdf,2,5,22.5,23583728,0,0,0,ok
baseline,corpus,Type0 Font.pdf,2,1,9.3,9722544,0,0,0,ok
baseline,corpus,Type0_CJK_Font.pdf,2,5,11.9,3270736,0,0,0,ok
baseline,corpus,capas.pdf,2,5,7.0,8042120,0,0,0,ok
baseline,corpus,cat-genetics_bobld.pdf,2,1,7.1,7025248,0,0,0,ok
baseline,corpus,cmap-parsing-exception.pdf,2,1,21.8,13114656,1,0,0,ok
baseline,corpus,dotnet-ai.pdf,2,5,29.9,31820528,1,1,1,ok
baseline,corpus,felltypes-test.pdf,2,1,9.8,4979600,0,0,0,ok
baseline,corpus,iron-ore-q2-q3-2013.pdf,2,5,46.5,37784968,2,2,2,ok
baseline,corpus,issue_671.pdf,2,2,20.9,18104008,0,0,0,ok
baseline,corpus,journal.pone.0196757.pdf,2,5,36.8,35687216,1,0,0,ok
baseline,corpus,jtehm-melillo-2679746.pdf,2,5,81.9,53032472,2,1,1,ok
baseline,corpus,pop-bugzilla37292.pdf,2,4,7.5,7623120,0,0,0,ok
baseline,corpus,reference-2-numeric-error.pdf,2,1,10.0,7193704,0,0,0,ok
baseline,corpus,ssm2163.pdf,2,5,10.7,10616776,0,0,0,ok
baseline,corpus,test-2_so_74165171.pdf,2,1,66.3,42239512,1,1,1,ok
baseline,corpus,testPdf-1.pdf,2,2,7.0,5836232,0,0,0,ok
baseline,corpus,test_a-5.pdf,2,5,91.9,69945328,2,1,1,ok
baseline,corpus,test_a.pdf,2,5,97.8,68831248,2,1,1,ok
baseline,corpus,toc.pdf,2,5,6.2,7514504,0,0,0,ok
baseline,corpus,type3-font-zero-height.pdf,2,1,12.2,8056264,0,0,0,ok
baseline,corpus,0000851.pdf,3,5,259.3,122678608,4,3,1,ok
baseline,corpus,11194059_2017-11_de_s.pdf,3,2,43.1,27547680,1,0,0,ok
baseline,corpus,2006_Swedish_Touring_Car_Championship.pdf,3,4,8.8,7667184,0,0,0,ok
baseline,corpus,2108.11480.pdf,3,5,108.4,76276376,3,1,1,ok
baseline,corpus,6.Secrets.to.Startup.Success.PDFDrive.pdf,3,5,22.9,24674384,0,0,0,ok
baseline,corpus,68-1990-01_A.pdf,3,5,83.9,44333408,2,2,1,ok
baseline,corpus,Approved_Document_B__fire_safety__volume_2_-_Buildings_other_than_dwellings__2019_edition_incorporating_2020_and_2022_amendments.pdf,3,5,56.9,52515040,2,1,1,ok
baseline,corpus,ClipPathLetterFilter-Test1.pdf,3,5,22.7,12176576,1,1,1,ok
baseline,corpus,ClipPathLetterFilter-Test2.pdf,3,1,8.2,8697976,0,0,0,ok
baseline,corpus,ColorIssue.pdf,3,1,42.3,34353832,1,1,1,ok
baseline,corpus,DeviceN_CS_test.pdf,3,5,26.2,21696568,1,1,1,ok
baseline,corpus,ErcotFacts.pdf,3,2,17.6,13721904,1,0,0,ok
baseline,corpus,FICTIF_TABLE_INDEX.pdf,3,5,17.4,14806504,0,0,0,ok
baseline,corpus,FarmerMac.pdf,3,5,15.4,13732080,0,0,0,ok
baseline,corpus,GHOSTSCRIPT-696171-0.pdf,3,5,17.6,11349720,1,1,0,ok
baseline,corpus,GHOSTSCRIPT-697234-0.pdf,3,3,35.6,22751840,1,1,0,ok
baseline,corpus,GHOSTSCRIPT-697507-0.pdf,3,1,10.7,7998264,0,0,0,ok
baseline,corpus,GHOSTSCRIPT-698721-0.zip-6.pdf,3,2,8.6,7741072,0,0,0,ok
baseline,corpus,GHOSTSCRIPT-699035-0.pdf,3,5,61.2,38420296,3,2,1,ok
baseline,corpus,GHOSTSCRIPT-699178-0.pdf,3,3,8.4,8437304,0,0,0,ok
baseline,corpus,GHOSTSCRIPT-699488-0.pdf,3,1,8.9,8125856,0,0,0,ok
baseline,corpus,GHOSTSCRIPT-700125-1.pdf,3,5,17.4,17640256,0,0,0,ok
baseline,corpus,GHOSTSCRIPT-700139-0.pdf,3,2,181.4,116316352,4,2,1,ok
baseline,corpus,GHOSTSCRIPT-700236-1.pdf,3,5,13.9,13572088,0,0,0,ok
baseline,corpus,Gamebook.pdf,3,5,13.7,9367112,1,0,0,ok
baseline,corpus,ICML03-081.pdf,3,5,19.2,17381392,0,0,0,ok
baseline,corpus,Indexed-DeviceRGB-JPXDecode-0-.0.0.255.0.-Font-F1_1_missing_char_255-1.pdf,3,1,25.9,17064032,0,0,0,ok
baseline,corpus,Judgement Document.pdf,3,5,8.6,9127904,1,0,0,ok
baseline,corpus,Layer pdf - 322_High_Holborn_building_Brochure.pdf,3,3,55.0,37984600,2,1,1,ok
baseline,corpus,MOZILLA-10225-0.pdf,3,5,17.1,23067072,0,0,0,ok
baseline,corpus,MOZILLA-10372-2.pdf,3,5,22.0,13030320,1,1,1,ok
baseline,corpus,MOZILLA-2775-1.pdf,3,5,18.9,17808416,1,0,0,ok
baseline,corpus,MOZILLA-3136-0.pdf,3,4,303.1,217963304,6,3,2,ok
baseline,corpus,MOZILLA-7375-0.pdf,3,5,18.0,16127600,0,0,0,ok
baseline,corpus,Math119FakingData.pdf,3,5,11.3,9330824,0,0,0,ok
baseline,corpus,Motor Insurance claim form.pdf,3,3,109.8,68929528,2,1,0,ok
baseline,corpus,Multiple Page - from Mortality Statistics.pdf,3,5,7.9,8224528,0,0,0,ok
baseline,corpus,OPEN.RABBIT.ENGLISH.LOP.pdf,3,5,46.7,27580184,2,1,1,ok
baseline,corpus,Old Gutnish Internet Explorer.pdf,3,3,12.0,14277256,0,0,0,ok
baseline,corpus,P2P-33713919.pdf,3,5,13.8,23058872,0,0,0,ok
baseline,corpus,PDFBOX-492-4.jar-8.pdf,3,2,32.1,16922104,1,0,0,ok
baseline,corpus,PDFBOX-624-2.pdf,3,5,9.2,11352008,0,0,0,ok
baseline,corpus,Pig Production Handbook.pdf,3,5,8.4,11660472,0,0,0,ok
baseline,corpus,Publication_of_award_of_Bids_for_Transport_Sector__August_2016.pdf,3,5,7.7,8291248,0,0,0,ok
baseline,corpus,Rotation 45.pdf,3,4,12.9,10018568,0,0,0,ok
baseline,corpus,SPARC - v9 Architecture Manual.pdf,3,5,89.3,108711728,5,1,1,ok
baseline,corpus,SPE8EF26T0545.pdf,3,5,9.9,11399952,0,0,0,ok
baseline,corpus,TIKA-1552-0.pdf,3,5,25.0,23549776,1,1,0,ok
baseline,corpus,TIKA-2054-0.pdf,3,5,26.5,23583728,1,0,0,ok
baseline,corpus,Type0 Font.pdf,3,1,20.3,9791048,1,1,1,ok
baseline,corpus,Type0_CJK_Font.pdf,3,5,9.2,3271000,0,0,0,ok
baseline,corpus,capas.pdf,3,5,6.8,8042120,0,0,0,ok
baseline,corpus,cat-genetics_bobld.pdf,3,1,9.3,7029368,1,0,0,ok
baseline,corpus,cmap-parsing-exception.pdf,3,1,16.9,13245960,0,0,0,ok
baseline,corpus,dotnet-ai.pdf,3,5,26.9,31820320,1,1,1,ok
baseline,corpus,felltypes-test.pdf,3,1,8.1,4979600,0,0,0,ok
baseline,corpus,iron-ore-q2-q3-2013.pdf,3,5,28.6,37191344,2,1,1,ok
baseline,corpus,issue_671.pdf,3,2,19.9,17967736,0,0,0,ok
baseline,corpus,journal.pone.0196757.pdf,3,5,31.1,35673296,1,0,0,ok
baseline,corpus,jtehm-melillo-2679746.pdf,3,5,73.4,53032472,2,1,1,ok
baseline,corpus,pop-bugzilla37292.pdf,3,4,7.7,7623120,0,0,0,ok
baseline,corpus,reference-2-numeric-error.pdf,3,1,8.6,7193704,0,0,0,ok
baseline,corpus,ssm2163.pdf,3,5,9.5,10616776,0,0,0,ok
baseline,corpus,test-2_so_74165171.pdf,3,1,66.9,42239512,1,1,1,ok
baseline,corpus,testPdf-1.pdf,3,2,5.8,5836232,0,0,0,ok
baseline,corpus,test_a-5.pdf,3,5,99.1,69814176,3,2,1,ok
baseline,corpus,test_a.pdf,3,5,78.5,69811792,2,0,0,ok
baseline,corpus,toc.pdf,3,5,5.0,7514448,0,0,0,ok
baseline,corpus,type3-font-zero-height.pdf,3,1,9.0,8056264,0,0,0,ok
full,corpus,0000851.pdf,1,5,1111.1,165808872,5,2,2,ok
full,corpus,11194059_2017-11_de_s.pdf,1,2,109.9,27685320,0,0,0,ok
full,corpus,2006_Swedish_Touring_Car_Championship.pdf,1,4,65.2,7846320,1,1,0,ok
full,corpus,2108.11480.pdf,1,5,215.3,75655328,2,1,1,ok
full,corpus,6.Secrets.to.Startup.Success.PDFDrive.pdf,1,5,98.0,24872472,2,1,1,ok
full,corpus,68-1990-01_A.pdf,1,5,222.7,64932432,2,1,1,ok
full,corpus,Approved_Document_B__fire_safety__volume_2_-_Buildings_other_than_dwellings__2019_edition_incorporating_2020_and_2022_amendments.pdf,1,5,118.2,52135952,3,2,2,ok
full,corpus,ClipPathLetterFilter-Test1.pdf,1,5,89.5,41274824,0,0,0,ok
full,corpus,ClipPathLetterFilter-Test2.pdf,1,1,24.1,8847216,0,0,0,ok
full,corpus,ColorIssue.pdf,1,1,100.2,34302368,2,2,2,ok
full,corpus,DeviceN_CS_test.pdf,1,5,56.8,22005496,1,1,0,ok
full,corpus,ErcotFacts.pdf,1,2,45.9,13765704,0,0,0,ok
full,corpus,FICTIF_TABLE_INDEX.pdf,1,5,48.4,15507880,1,0,0,ok
full,corpus,FarmerMac.pdf,1,5,52.0,14093880,0,0,0,ok
full,corpus,GHOSTSCRIPT-696171-0.pdf,1,5,55.3,11335192,1,1,1,ok
full,corpus,GHOSTSCRIPT-697234-0.pdf,1,3,107.5,22680624,1,0,0,ok
full,corpus,GHOSTSCRIPT-697507-0.pdf,1,1,23.5,7976568,0,0,0,ok
full,corpus,GHOSTSCRIPT-698721-0.zip-6.pdf,1,2,18.8,7316016,0,0,0,ok
full,corpus,GHOSTSCRIPT-699035-0.pdf,1,5,177.8,38413168,1,0,0,ok
full,corpus,GHOSTSCRIPT-699178-0.pdf,1,3,23.1,8590136,0,0,0,ok
full,corpus,GHOSTSCRIPT-699488-0.pdf,1,1,30.6,8123584,1,1,1,ok
full,corpus,GHOSTSCRIPT-700125-1.pdf,1,5,46.6,16246512,0,0,0,ok
full,corpus,GHOSTSCRIPT-700139-0.pdf,1,2,400.6,117785928,5,2,1,ok
full,corpus,GHOSTSCRIPT-700236-1.pdf,1,5,43.3,13418840,0,0,0,ok
full,corpus,Gamebook.pdf,1,5,131.3,150810688,8,8,8,ok
full,corpus,ICML03-081.pdf,1,5,55.0,17359352,1,1,0,ok
full,corpus,Indexed-DeviceRGB-JPXDecode-0-.0.0.255.0.-Font-F1_1_missing_char_255-1.pdf,1,1,54.6,16997096,1,0,0,ok
full,corpus,Judgement Document.pdf,1,5,37.1,11060024,1,1,1,ok
full,corpus,Layer pdf - 322_High_Holborn_building_Brochure.pdf,1,3,144.5,38361080,1,0,0,ok
full,corpus,MOZILLA-10225-0.pdf,1,5,30.3,23051904,0,0,0,ok
full,corpus,MOZILLA-10372-2.pdf,1,5,46.3,13450768,1,1,1,ok
full,corpus,MOZILLA-2775-1.pdf,1,5,53.5,17724680,1,0,0,ok
full,corpus,MOZILLA-3136-0.pdf,1,4,767.1,219898040,3,1,1,ok
full,corpus,MOZILLA-7375-0.pdf,1,5,56.1,16128976,0,0,0,ok
full,corpus,Math119FakingData.pdf,1,5,70.1,9250472,1,1,0,ok
full,corpus,Motor Insurance claim form.pdf,1,3,311.0,69802056,3,3,3,ok
full,corpus,Multiple Page - from Mortality Statistics.pdf,1,5,36.8,15937824,0,0,0,ok
full,corpus,OPEN.RABBIT.ENGLISH.LOP.pdf,1,5,63.0,27965512,1,0,0,ok
full,corpus,Old Gutnish Internet Explorer.pdf,1,3,30.1,14914472,0,0,0,ok
full,corpus,P2P-33713919.pdf,1,5,51.1,23173432,1,1,1,ok
full,corpus,PDFBOX-492-4.jar-8.pdf,1,2,58.7,17003432,1,0,0,ok
full,corpus,PDFBOX-624-2.pdf,1,5,19.6,11328216,0,0,0,ok
full,corpus,Pig Production Handbook.pdf,1,5,17.2,11470096,0,0,0,ok
full,corpus,Publication_of_award_of_Bids_for_Transport_Sector__August_2016.pdf,1,5,17.5,8525216,0,0,0,ok
full,corpus,Rotation 45.pdf,1,4,62.0,17694160,2,1,1,ok
full,corpus,SPARC - v9 Architecture Manual.pdf,1,5,199.7,74093240,3,3,1,ok
full,corpus,SPE8EF26T0545.pdf,1,5,21.7,11460544,1,0,0,ok
full,corpus,TIKA-1552-0.pdf,1,5,30.4,23569536,0,0,0,ok
full,corpus,TIKA-2054-0.pdf,1,5,33.5,20715432,0,0,0,ok
full,corpus,Type0 Font.pdf,1,1,24.6,10408056,1,1,1,ok
full,corpus,Type0_CJK_Font.pdf,1,5,65.9,4859840,0,0,0,ok
full,corpus,capas.pdf,1,5,7.9,8259768,0,0,0,ok
full,corpus,cat-genetics_bobld.pdf,1,1,12.7,7035032,1,0,0,ok
full,corpus,cmap-parsing-exception.pdf,1,1,20.2,13352168,0,0,0,ok
full,corpus,dotnet-ai.pdf,1,5,28.0,32306256,1,1,1,ok
full,corpus,felltypes-test.pdf,1,1,18.1,4980440,0,0,0,ok
full,corpus,iron-ore-q2-q3-2013.pdf,1,5,47.1,37295216,1,1,1,ok
full,corpus,issue_671.pdf,1,2,34.6,18471784,1,1,1,ok
full,corpus,journal.pone.0196757.pdf,1,5,57.2,35469240,1,0,0,ok
full,corpus,jtehm-melillo-2679746.pdf,1,5,97.4,52875920,2,1,1,ok
full,corpus,pop-bugzilla37292.pdf,1,4,8.9,7959928,0,0,0,ok
full,corpus,reference-2-numeric-error.pdf,1,1,18.3,7149616,0,0,0,ok
full,corpus,ssm2163.pdf,1,5,17.3,10269656,0,0,0,ok
full,corpus,test-2_so_74165171.pdf,1,1,139.7,42241656,1,1,1,ok
full,corpus,testPdf-1.pdf,1,2,6.6,6057736,0,0,0,ok
full,corpus,test_a-5.pdf,1,5,95.7,70130728,2,1,1,ok
full,corpus,test_a.pdf,1,5,116.4,69212840,3,2,1,ok
full,corpus,toc.pdf,1,5,7.0,7515720,0,0,0,ok
full,corpus,type3-font-zero-height.pdf,1,1,23.4,8054968,1,1,0,ok
full,corpus,0000851.pdf,2,5,283.1,118480360,4,2,1,ok
full,corpus,11194059_2017-11_de_s.pdf,2,2,24.3,27595408,0,0,0,ok
full,corpus,2006_Swedish_Touring_Car_Championship.pdf,2,4,11.1,7844760,0,0,0,ok
full,corpus,2108.11480.pdf,2,5,107.2,75571656,3,2,1,ok
full,corpus,6.Secrets.to.Startup.Success.PDFDrive.pdf,2,5,28.0,24669192,1,0,0,ok
full,corpus,68-1990-01_A.pdf,2,5,78.4,44571080,1,1,0,ok
full,corpus,Approved_Document_B__fire_safety__volume_2_-_Buildings_other_than_dwellings__2019_edition_incorporating_2020_and_2022_amendments.pdf,2,5,61.0,51977704,4,4,3,ok
full,corpus,ClipPathLetterFilter-Test1.pdf,2,5,11.9,12677136,0,0,0,ok
full,corpus,ClipPathLetterFilter-Test2.pdf,2,1,8.0,8846928,0,0,0,ok
full,corpus,ColorIssue.pdf,2,1,39.0,33702344,1,0,0,ok
full,corpus,DeviceN_CS_test.pdf,2,5,16.2,21860720,0,0,0,ok
full,corpus,ErcotFacts.pdf,2,2,17.8,13754624,0,0,0,ok
full,corpus,FICTIF_TABLE_INDEX.pdf,2,5,18.7,15068056,1,0,0,ok
full,corpus,FarmerMac.pdf,2,5,15.1,13700112,0,0,0,ok
full,corpus,GHOSTSCRIPT-696171-0.pdf,2,5,10.9,11331928,0,0,0,ok
full,corpus,GHOSTSCRIPT-697234-0.pdf,2,3,28.4,22673488,0,0,0,ok
full,corpus,GHOSTSCRIPT-697507-0.pdf,2,1,11.4,7903712,0,0,0,ok
full,corpus,GHOSTSCRIPT-698721-0.zip-6.pdf,2,2,22.3,7315232,1,1,0,ok
full,corpus,GHOSTSCRIPT-699035-0.pdf,2,5,42.8,38280280,1,0,0,ok
full,corpus,GHOSTSCRIPT-699178-0.pdf,2,3,8.2,8417792,0,0,0,ok
full,corpus,GHOSTSCRIPT-699488-0.pdf,2,1,9.4,8119392,0,0,0,ok
full,corpus,GHOSTSCRIPT-700125-1.pdf,2,5,14.1,16241120,0,0,0,ok
full,corpus,GHOSTSCRIPT-700139-0.pdf,2,2,174.5,116367104,4,2,2,ok
full,corpus,GHOSTSCRIPT-700236-1.pdf,2,5,14.5,13418096,0,0,0,ok
full,corpus,Gamebook.pdf,2,5,10.3,9352376,0,0,0,ok
full,corpus,ICML03-081.pdf,2,5,22.9,17355112,0,0,0,ok
full,corpus,Indexed-DeviceRGB-JPXDecode-0-.0.0.255.0.-Font-F1_1_missing_char_255-1.pdf,2,1,33.6,16974840,0,0,0,ok
full,corpus,Judgement Document.pdf,2,5,10.5,9126064,0,0,0,ok
full,corpus,Layer pdf - 322_High_Holborn_building_Brochure.pdf,2,3,65.4,37980976,1,1,1,ok
full,corpus,MOZILLA-10225-0.pdf,2,5,13.7,22997896,0,0,0,ok
full,corpus,MOZILLA-10372-2.pdf,2,5,21.3,13160528,1,1,1,ok
full,corpus,MOZILLA-2775-1.pdf,2,5,21.8,17723888,1,0,0,ok
full,corpus,MOZILLA-3136-0.pdf,2,4,268.8,217846928,5,2,1,ok
full,corpus,MOZILLA-7375-0.pdf,2,5,19.9,16127752,0,0,0,ok
full,corpus,Math119FakingData.pdf,2,5,11.0,9248816,0,0,0,ok
full,corpus,Motor Insurance claim form.pdf,2,3,116.3,69292088,3,2,2,ok
full,corpus,Multiple Page - from Mortality Statistics.pdf,2,5,17.6,8263600,1,0,0,ok
full,corpus,OPEN.RABBIT.ENGLISH.LOP.pdf,2,5,21.9,27775712,0,0,0,ok
full,corpus,Old Gutnish Internet Explorer.pdf,2,3,13.8,14269408,0,0,0,ok
full,corpus,P2P-33713919.pdf,2,5,29.1,23131688,1,1,1,ok
full,corpus,PDFBOX-492-4.jar-8.pdf,2,2,26.5,16923072,1,0,0,ok
full,corpus,PDFBOX-624-2.pdf,2,5,11.2,11326584,0,0,0,ok
full,corpus,Pig Production Handbook.pdf,2,5,10.7,11469472,0,0,0,ok
full,corpus,Publication_of_award_of_Bids_for_Transport_Sector__August_2016.pdf,2,5,8.2,8288144,0,0,0,ok
full,corpus,Rotation 45.pdf,2,4,26.3,9895560,1,0,0,ok
full,corpus,SPARC - v9 Architecture Manual.pdf,2,5,77.9,74092992,2,1,1,ok
full,corpus,SPE8EF26T0545.pdf,2,5,27.8,11587008,1,1,1,ok
full,corpus,TIKA-1552-0.pdf,2,5,27.4,23547688,1,0,0,ok
full,corpus,TIKA-2054-0.pdf,2,5,20.2,20712056,0,0,0,ok
full,corpus,Type0 Font.pdf,2,1,9.1,9721328,0,0,0,ok
full,corpus,Type0_CJK_Font.pdf,2,5,10.9,3212400,0,0,0,ok
full,corpus,capas.pdf,2,5,6.6,8006016,0,0,0,ok
full,corpus,cat-genetics_bobld.pdf,2,1,11.1,7029376,0,0,0,ok
full,corpus,cmap-parsing-exception.pdf,2,1,36.0,13185008,1,1,1,ok
full,corpus,dotnet-ai.pdf,2,5,26.9,31616616,1,1,1,ok
full,corpus,felltypes-test.pdf,2,1,8.9,4979480,0,0,0,ok
full,corpus,iron-ore-q2-q3-2013.pdf,2,5,24.9,36510784,1,0,0,ok
full,corpus,issue_671.pdf,2,2,20.1,17837584,0,0,0,ok
full,corpus,journal.pone.0196757.pdf,2,5,43.8,35410760,1,1,0,ok
full,corpus,jtehm-melillo-2679746.pdf,2,5,78.3,52935400,2,2,1,ok
full,corpus,pop-bugzilla37292.pdf,2,4,7.0,7593856,0,0,0,ok
full,corpus,reference-2-numeric-error.pdf,2,1,17.5,7147144,1,0,0,ok
full,corpus,ssm2163.pdf,2,5,9.8,10255256,0,0,0,ok
full,corpus,test-2_so_74165171.pdf,2,1,60.8,42239208,1,1,1,ok
full,corpus,testPdf-1.pdf,2,2,6.1,5832920,0,0,0,ok
full,corpus,test_a-5.pdf,2,5,74.7,69774880,2,1,1,ok
full,corpus,test_a.pdf,2,5,102.4,68857568,3,2,1,ok
full,corpus,toc.pdf,2,5,5.5,7515600,0,0,0,ok
full,corpus,type3-font-zero-height.pdf,2,1,10.0,8049464,0,0,0,ok
full,corpus,0000851.pdf,3,5,204.7,118479944,4,2,1,ok
full,corpus,11194059_2017-11_de_s.pdf,3,2,40.5,27608312,1,0,0,ok
full,corpus,2006_Swedish_Touring_Car_Championship.pdf,3,4,7.2,7628824,0,0,0,ok
full,corpus,2108.11480.pdf,3,5,72.4,74834944,0,0,0,ok
full,corpus,6.Secrets.to.Startup.Success.PDFDrive.pdf,3,5,49.4,24737488,2,1,1,ok
full,corpus,68-1990-01_A.pdf,3,5,41.8,44321192,0,0,0,ok
full,corpus,Approved_Document_B__fire_safety__volume_2_-_Buildings_other_than_dwellings__2019_edition_incorporating_2020_and_2022_amendments.pdf,3,5,52.8,52106632,3,3,2,ok
full,corpus,ClipPathLetterFilter-Test1.pdf,3,5,11.2,12121200,0,0,0,ok
full,corpus,ClipPathLetterFilter-Test2.pdf,3,1,16.2,8700488,1,1,1,ok
full,corpus,ColorIssue.pdf,3,1,30.9,33590712,1,1,1,ok
full,corpus,DeviceN_CS_test.pdf,3,5,23.9,21535416,1,1,0,ok
full,corpus,ErcotFacts.pdf,3,2,13.0,13358016,0,0,0,ok
full,corpus,FICTIF_TABLE_INDEX.pdf,3,5,17.9,14803432,1,1,0,ok
full,corpus,FarmerMac.pdf,3,5,21.4,13833944,1,1,1,ok
full,corpus,GHOSTSCRIPT-696171-0.pdf,3,5,11.5,11401872,1,1,0,ok
full,corpus,GHOSTSCRIPT-697234-0.pdf,3,3,26.0,22673696,1,0,0,ok
full,corpus,GHOSTSCRIPT-697507-0.pdf,3,1,8.2,7903920,0,0,0,ok
full,corpus,GHOSTSCRIPT-698721-0.zip-6.pdf,3,2,6.0,7315232,0,0,0,ok
full,corpus,GHOSTSCRIPT-699035-0.pdf,3,5,45.2,38411168,1,1,0,ok
full,corpus,GHOSTSCRIPT-699178-0.pdf,3,3,6.3,8417792,0,0,0,ok
full,corpus,GHOSTSCRIPT-699488-0.pdf,3,1,7.3,8119392,0,0,0,ok
full,corpus,GHOSTSCRIPT-700125-1.pdf,3,5,16.4,16241120,1,1,0,ok
full,corpus,GHOSTSCRIPT-700139-0.pdf,3,2,133.2,116371432,4,2,2,ok
full,corpus,GHOSTSCRIPT-700236-1.pdf,3,5,10.5,13418096,0,0,0,ok
full,corpus,Gamebook.pdf,3,5,9.9,9352376,0,0,0,ok
full,corpus,ICML03-081.pdf,3,5,19.1,17355112,0,0,0,ok
full,corpus,Indexed-DeviceRGB-JPXDecode-0-.0.0.255.0.-Font-F1_1_missing_char_255-1.pdf,3,1,27.4,16974840,0,0,0,ok
full,corpus,Judgement Document.pdf,3,5,9.3,9126064,0,0,0,ok
full,corpus,Layer pdf - 322_High_Holborn_building_Brochure.pdf,3,3,37.0,37978328,0,0,0,ok
full,corpus,MOZILLA-10225-0.pdf,3,5,37.2,23000280,1,1,1,ok
full,corpus,MOZILLA-10372-2.pdf,3,5,10.3,13026904,0,0,0,ok
full,corpus,MOZILLA-2775-1.pdf,3,5,13.8,17719560,1,1,0,ok
full,corpus,MOZILLA-3136-0.pdf,3,4,232.6,217715832,7,3,1,ok
full,corpus,MOZILLA-7375-0.pdf,3,5,30.4,16134520,1,1,1,ok
full,corpus,Math119FakingData.pdf,3,5,7.5,9249080,0,0,0,ok
full,corpus,Motor Insurance claim form.pdf,3,3,93.6,69161104,3,2,2,ok
full,corpus,Multiple Page - from Mortality Statistics.pdf,3,5,14.8,8263600,1,0,0,ok
full,corpus,OPEN.RABBIT.ENGLISH.LOP.pdf,3,5,19.1,27775712,0,0,0,ok
full,corpus,Old Gutnish Internet Explorer.pdf,3,3,11.9,14269408,0,0,0,ok
full,corpus,P2P-33713919.pdf,3,5,24.7,23131600,1,1,1,ok
full,corpus,PDFBOX-492-4.jar-8.pdf,3,2,23.5,16923160,1,0,0,ok
full,corpus,PDFBOX-624-2.pdf,3,5,8.8,11326584,0,0,0,ok
full,corpus,Pig Production Handbook.pdf,3,5,8.3,11469472,0,0,0,ok
full,corpus,Publication_of_award_of_Bids_for_Transport_Sector__August_2016.pdf,3,5,7.0,8288144,0,0,0,ok
full,corpus,Rotation 45.pdf,3,4,13.6,9895040,0,0,0,ok
full,corpus,SPARC - v9 Architecture Manual.pdf,3,5,68.8,74092784,2,1,1,ok
full,corpus,SPE8EF26T0545.pdf,3,5,9.1,11453800,0,0,0,ok
full,corpus,TIKA-1552-0.pdf,3,5,32.3,23553744,1,1,1,ok
full,corpus,TIKA-2054-0.pdf,3,5,23.0,20777672,1,0,0,ok
full,corpus,Type0 Font.pdf,3,1,8.4,9721536,0,0,0,ok
full,corpus,Type0_CJK_Font.pdf,3,5,9.2,3212400,0,0,0,ok
full,corpus,capas.pdf,3,5,6.0,8006016,0,0,0,ok
full,corpus,cat-genetics_bobld.pdf,3,1,5.3,7029376,0,0,0,ok
full,corpus,cmap-parsing-exception.pdf,3,1,27.0,13316104,1,1,1,ok
full,corpus,dotnet-ai.pdf,3,5,24.2,31616616,1,1,1,ok
full,corpus,felltypes-test.pdf,3,1,7.7,4979480,0,0,0,ok
full,corpus,iron-ore-q2-q3-2013.pdf,3,5,22.3,36510784,1,0,0,ok
full,corpus,issue_671.pdf,3,2,18.6,17837584,0,0,0,ok
full,corpus,journal.pone.0196757.pdf,3,5,37.6,35410760,1,0,0,ok
full,corpus,jtehm-melillo-2679746.pdf,3,5,43.3,52735888,0,0,0,ok
full,corpus,pop-bugzilla37292.pdf,3,4,8.2,7589528,0,0,0,ok
full,corpus,reference-2-numeric-error.pdf,3,1,10.1,7147144,0,0,0,ok
full,corpus,ssm2163.pdf,3,5,11.5,10255048,0,0,0,ok
full,corpus,test-2_so_74165171.pdf,3,1,66.5,42181792,1,1,1,ok
full,corpus,testPdf-1.pdf,3,2,18.1,5835416,1,1,1,ok
full,corpus,test_a-5.pdf,3,5,72.0,69775144,2,1,1,ok
full,corpus,test_a.pdf,3,5,75.2,69772496,2,0,0,ok
full,corpus,toc.pdf,3,5,4.9,7515544,0,0,0,ok
full,corpus,type3-font-zero-height.pdf,3,1,20.4,8052112,1,1,1,ok
full-v2,corpus,0000851.pdf,1,5,1094.5,165940248,5,2,2,ok
full-v2,corpus,11194059_2017-11_de_s.pdf,1,2,131.3,27685600,1,1,0,ok
full-v2,corpus,2006_Swedish_Touring_Car_Championship.pdf,1,4,29.9,7846808,0,0,0,ok
full-v2,corpus,2108.11480.pdf,1,5,185.5,75655400,2,1,1,ok
full-v2,corpus,6.Secrets.to.Startup.Success.PDFDrive.pdf,1,5,83.4,24872752,2,1,1,ok
full-v2,corpus,68-1990-01_A.pdf,1,5,203.6,64932712,2,1,1,ok
full-v2,corpus,Approved_Document_B__fire_safety__volume_2_-_Buildings_other_than_dwellings__2019_edition_incorporating_2020_and_2022_amendments.pdf,1,5,113.3,52111608,3,2,2,ok
full-v2,corpus,ClipPathLetterFilter-Test1.pdf,1,5,93.9,41275104,0,0,0,ok
full-v2,corpus,ClipPathLetterFilter-Test2.pdf,1,1,24.4,8847496,0,0,0,ok
full-v2,corpus,ColorIssue.pdf,1,1,101.4,34171552,2,2,2,ok
full-v2,corpus,DeviceN_CS_test.pdf,1,5,57.0,22073984,1,1,1,ok
full-v2,corpus,ErcotFacts.pdf,1,2,47.8,13770104,1,0,0,ok
full-v2,corpus,FICTIF_TABLE_INDEX.pdf,1,5,41.0,15509416,0,0,0,ok
full-v2,corpus,FarmerMac.pdf,1,5,49.8,14093952,0,0,0,ok
full-v2,corpus,GHOSTSCRIPT-696171-0.pdf,1,5,52.7,11471120,1,1,1,ok
full-v2,corpus,GHOSTSCRIPT-697234-0.pdf,1,3,100.3,22680472,1,0,0,ok
full-v2,corpus,GHOSTSCRIPT-697507-0.pdf,1,1,23.4,7972728,0,0,0,ok
full-v2,corpus,GHOSTSCRIPT-698721-0.zip-6.pdf,1,2,18.2,7316296,0,0,0,ok
full-v2,corpus,GHOSTSCRIPT-699035-0.pdf,1,5,160.2,38413448,0,0,0,ok
full-v2,corpus,GHOSTSCRIPT-699178-0.pdf,1,3,25.9,8590208,0,0,0,ok
full-v2,corpus,GHOSTSCRIPT-699488-0.pdf,1,1,36.9,8123864,1,1,1,ok
full-v2,corpus,GHOSTSCRIPT-700125-1.pdf,1,5,45.4,16246792,0,0,0,ok
full-v2,corpus,GHOSTSCRIPT-700139-0.pdf,1,2,392.0,117785984,4,2,1,ok
full-v2,corpus,GHOSTSCRIPT-700236-1.pdf,1,5,49.7,13419120,1,0,0,ok
full-v2,corpus,Gamebook.pdf,1,5,141.0,150811176,8,8,8,ok
full-v2,corpus,ICML03-081.pdf,1,5,59.3,17359632,1,1,0,ok
full-v2,corpus,Indexed-DeviceRGB-JPXDecode-0-.0.0.255.0.-Font-F1_1_missing_char_255-1.pdf,1,1,57.1,16997376,1,0,0,ok
full-v2,corpus,Judgement Document.pdf,1,5,37.9,11060304,1,1,1,ok
full-v2,corpus,Layer pdf - 322_High_Holborn_building_Brochure.pdf,1,3,147.1,38361360,1,0,0,ok
full-v2,corpus,MOZILLA-10225-0.pdf,1,5,34.3,23052184,0,0,0,ok
full-v2,corpus,MOZILLA-10372-2.pdf,1,5,45.2,13451048,1,1,1,ok
full-v2,corpus,MOZILLA-2775-1.pdf,1,5,58.6,17724960,1,0,0,ok
full-v2,corpus,MOZILLA-3136-0.pdf,1,4,723.4,219922720,3,1,1,ok
full-v2,corpus,MOZILLA-7375-0.pdf,1,5,51.6,16129256,0,0,0,ok
full-v2,corpus,Math119FakingData.pdf,1,5,63.0,9250752,1,1,0,ok
full-v2,corpus,Motor Insurance claim form.pdf,1,3,349.1,69802336,3,3,3,ok
full-v2,corpus,Multiple Page - from Mortality Statistics.pdf,1,5,50.4,15938624,1,0,0,ok
full-v2,corpus,OPEN.RABBIT.ENGLISH.LOP.pdf,1,5,70.7,27966000,0,0,0,ok
full-v2,corpus,Old Gutnish Internet Explorer.pdf,1,3,38.9,14914544,0,0,0,ok
full-v2,corpus,P2P-33713919.pdf,1,5,67.9,23173712,1,1,1,ok
full-v2,corpus,PDFBOX-492-4.jar-8.pdf,1,2,69.5,17003712,1,0,0,ok
full-v2,corpus,PDFBOX-624-2.pdf,1,5,28.3,11328496,0,0,0,ok
full-v2,corpus,Pig Production Handbook.pdf,1,5,22.8,11470376,0,0,0,ok
full-v2,corpus,Publication_of_award_of_Bids_for_Transport_Sector__August_2016.pdf,1,5,26.4,8525496,0,0,0,ok
full-v2,corpus,Rotation 45.pdf,1,4,74.8,17693920,1,1,1,ok
full-v2,corpus,SPARC - v9 Architecture Manual.pdf,1,5,224.1,74093520,3,3,1,ok
full-v2,corpus,SPE8EF26T0545.pdf,1,5,14.8,11459984,0,0,0,ok
full-v2,corpus,TIKA-1552-0.pdf,1,5,39.4,23569608,1,0,0,ok
full-v2,corpus,TIKA-2054-0.pdf,1,5,28.6,20715920,0,0,0,ok
full-v2,corpus,Type0 Font.pdf,1,1,23.8,10408336,1,1,1,ok
full-v2,corpus,Type0_CJK_Font.pdf,1,5,63.6,4860120,0,0,0,ok
full-v2,corpus,capas.pdf,1,5,8.1,8260048,0,0,0,ok
full-v2,corpus,cat-genetics_bobld.pdf,1,1,11.7,7035312,1,0,0,ok
full-v2,corpus,cmap-parsing-exception.pdf,1,1,30.3,13352448,0,0,0,ok
full-v2,corpus,dotnet-ai.pdf,1,5,30.4,32306536,1,1,1,ok
full-v2,corpus,felltypes-test.pdf,1,1,18.0,4980720,0,0,0,ok
full-v2,corpus,iron-ore-q2-q3-2013.pdf,1,5,49.1,37295496,1,1,1,ok
full-v2,corpus,issue_671.pdf,1,2,32.6,18471840,1,1,1,ok
full-v2,corpus,journal.pone.0196757.pdf,1,5,57.2,35469520,1,0,0,ok
full-v2,corpus,jtehm-melillo-2679746.pdf,1,5,93.3,52876200,2,1,1,ok
full-v2,corpus,pop-bugzilla37292.pdf,1,4,9.3,7960208,0,0,0,ok
full-v2,corpus,reference-2-numeric-error.pdf,1,1,17.4,7149896,0,0,0,ok
full-v2,corpus,ssm2163.pdf,1,5,19.2,10269936,0,0,0,ok
full-v2,corpus,test-2_so_74165171.pdf,1,1,137.3,42241936,1,1,1,ok
full-v2,corpus,testPdf-1.pdf,1,2,7.2,6058016,0,0,0,ok
full-v2,corpus,test_a-5.pdf,1,5,95.6,70131008,2,1,1,ok
full-v2,corpus,test_a.pdf,1,5,113.4,69344216,3,2,1,ok
full-v2,corpus,toc.pdf,1,5,6.5,7516000,0,0,0,ok
full-v2,corpus,type3-font-zero-height.pdf,1,1,26.6,8055248,1,1,0,ok
full-v2,corpus,0000851.pdf,2,5,321.2,118480552,3,1,1,ok
full-v2,corpus,11194059_2017-11_de_s.pdf,2,2,37.6,27464592,0,0,0,ok
full-v2,corpus,2006_Swedish_Touring_Car_Championship.pdf,2,4,10.5,7845040,0,0,0,ok
full-v2,corpus,2108.11480.pdf,2,5,118.0,75572048,3,2,1,ok
full-v2,corpus,6.Secrets.to.Startup.Success.PDFDrive.pdf,2,5,20.2,24669472,0,0,0,ok
full-v2,corpus,68-1990-01_A.pdf,2,5,85.2,44709104,2,2,1,ok
full-v2,corpus,Approved_Document_B__fire_safety__volume_2_-_Buildings_other_than_dwellings__2019_edition_incorporating_2020_and_2022_amendments.pdf,2,5,56.6,52238552,3,3,2,ok
full-v2,corpus,ClipPathLetterFilter-Test1.pdf,2,5,11.3,12677416,0,0,0,ok
full-v2,corpus,ClipPathLetterFilter-Test2.pdf,2,1,8.1,8847208,0,0,0,ok
full-v2,corpus,ColorIssue.pdf,2,1,34.4,33702624,1,0,0,ok
full-v2,corpus,DeviceN_CS_test.pdf,2,5,19.1,21861000,0,0,0,ok
full-v2,corpus,ErcotFacts.pdf,2,2,19.8,13754904,0,0,0,ok
full-v2,corpus,FICTIF_TABLE_INDEX.pdf,2,5,19.9,15068336,1,0,0,ok
full-v2,corpus,FarmerMac.pdf,2,5,14.3,13700392,0,0,0,ok
full-v2,corpus,GHOSTSCRIPT-696171-0.pdf,2,5,11.7,11332208,0,0,0,ok
full-v2,corpus,GHOSTSCRIPT-697234-0.pdf,2,3,32.8,22673768,0,0,0,ok
full-v2,corpus,GHOSTSCRIPT-697507-0.pdf,2,1,22.9,7903992,1,1,0,ok
full-v2,corpus,GHOSTSCRIPT-698721-0.zip-6.pdf,2,2,8.2,7315720,0,0,0,ok
full-v2,corpus,GHOSTSCRIPT-699035-0.pdf,2,5,46.0,38280352,1,0,0,ok
full-v2,corpus,GHOSTSCRIPT-699178-0.pdf,2,3,8.8,8418072,0,0,0,ok
full-v2,corpus,GHOSTSCRIPT-699488-0.pdf,2,1,9.9,8119672,0,0,0,ok
full-v2,corpus,GHOSTSCRIPT-700125-1.pdf,2,5,18.5,16241400,0,0,0,ok
full-v2,corpus,GHOSTSCRIPT-700139-0.pdf,2,2,215.4,116233480,4,1,1,ok
full-v2,corpus,GHOSTSCRIPT-700236-1.pdf,2,5,16.0,13418376,0,0,0,ok
full-v2,corpus,Gamebook.pdf,2,5,13.1,9352656,0,0,0,ok
full-v2,corpus,ICML03-081.pdf,2,5,26.6,17355392,0,0,0,ok
full-v2,corpus,Indexed-DeviceRGB-JPXDecode-0-.0.0.255.0.-Font-F1_1_missing_char_255-1.pdf,2,1,39.5,16975120,0,0,0,ok
full-v2,corpus,Judgement Document.pdf,2,5,12.6,9126344,0,0,0,ok
full-v2,corpus,Layer pdf - 322_High_Holborn_building_Brochure.pdf,2,3,62.1,37981256,1,1,1,ok
full-v2,corpus,MOZILLA-10225-0.pdf,2,5,26.0,23136040,1,1,1,ok
full-v2,corpus,MOZILLA-10372-2.pdf,2,5,11.7,13027272,0,0,0,ok
full-v2,corpus,MOZILLA-2775-1.pdf,2,5,19.3,17719840,1,0,0,ok
full-v2,corpus,MOZILLA-3136-0.pdf,2,4,250.2,217651616,2,0,0,ok
full-v2,corpus,MOZILLA-7375-0.pdf,2,5,12.7,16127976,0,0,0,ok
full-v2,corpus,Math119FakingData.pdf,2,5,7.4,9249096,0,0,0,ok
full-v2,corpus,Motor Insurance claim form.pdf,2,3,93.1,68830808,1,1,1,ok
full-v2,corpus,Multiple Page - from Mortality Statistics.pdf,2,5,16.7,8263880,1,1,0,ok
full-v2,corpus,OPEN.RABBIT.ENGLISH.LOP.pdf,2,5,26.2,27775992,1,0,0,ok
full-v2,corpus,Old Gutnish Internet Explorer.pdf,2,3,19.7,14338192,1,1,1,ok
full-v2,corpus,P2P-33713919.pdf,2,5,19.6,22998400,1,1,0,ok
full-v2,corpus,PDFBOX-492-4.jar-8.pdf,2,2,28.5,16853616,1,1,0,ok
full-v2,corpus,PDFBOX-624-2.pdf,2,5,9.0,11326864,0,0,0,ok
full-v2,corpus,Pig Production Handbook.pdf,2,5,8.0,11469752,0,0,0,ok
full-v2,corpus,Publication_of_award_of_Bids_for_Transport_Sector__August_2016.pdf,2,5,12.5,8288424,1,1,0,ok
full-v2,corpus,Rotation 45.pdf,2,4,21.6,10029880,1,1,1,ok
full-v2,corpus,SPARC - v9 Architecture Manual.pdf,2,5,73.4,74093328,2,1,1,ok
full-v2,corpus,SPE8EF26T0545.pdf,2,5,9.6,11453240,0,0,0,ok
full-v2,corpus,TIKA-1552-0.pdf,2,5,32.6,23547168,1,0,0,ok
full-v2,corpus,TIKA-2054-0.pdf,2,5,17.3,20712336,0,0,0,ok
full-v2,corpus,Type0 Font.pdf,2,1,21.8,9789904,1,1,1,ok
full-v2,corpus,Type0_CJK_Font.pdf,2,5,10.6,3212944,0,0,0,ok
full-v2,corpus,capas.pdf,2,5,5.6,8006296,0,0,0,ok
full-v2,corpus,cat-genetics_bobld.pdf,2,1,9.8,7033776,0,0,0,ok
full-v2,corpus,cmap-parsing-exception.pdf,2,1,17.0,13116992,1,1,0,ok
full-v2,corpus,dotnet-ai.pdf,2,5,24.6,31616840,1,1,1,ok
full-v2,corpus,felltypes-test.pdf,2,1,7.7,4979760,0,0,0,ok
full-v2,corpus,iron-ore-q2-q3-2013.pdf,2,5,27.2,36663088,1,1,1,ok
full-v2,corpus,issue_671.pdf,2,2,27.8,17840344,2,1,1,ok
full-v2,corpus,journal.pone.0196757.pdf,2,5,33.4,35513904,1,0,0,ok
full-v2,corpus,jtehm-melillo-2679746.pdf,2,5,78.3,52869376,2,1,1,ok
full-v2,corpus,pop-bugzilla37292.pdf,2,4,6.7,7594816,0,0,0,ok
full-v2,corpus,reference-2-numeric-error.pdf,2,1,8.8,7147424,0,0,0,ok
full-v2,corpus,ssm2163.pdf,2,5,14.1,10263256,1,0,0,ok
full-v2,corpus,test-2_so_74165171.pdf,2,1,67.8,41195024,1,1,1,ok
full-v2,corpus,testPdf-1.pdf,2,2,5.8,5833200,0,0,0,ok
full-v2,corpus,test_a-5.pdf,2,5,95.4,69775160,3,2,1,ok
full-v2,corpus,test_a.pdf,2,5,77.8,69641680,2,0,0,ok
full-v2,corpus,toc.pdf,2,5,5.3,7515824,0,0,0,ok
full-v2,corpus,type3-font-zero-height.pdf,2,1,17.3,8052392,1,1,1,ok
full-v2,corpus,0000851.pdf,3,5,172.4,118449008,2,0,0,ok
full-v2,corpus,11194059_2017-11_de_s.pdf,3,2,38.0,27680840,1,1,1,ok
full-v2,corpus,2006_Swedish_Touring_Car_Championship.pdf,3,4,12.3,7629248,1,0,0,ok
full-v2,corpus,2108.11480.pdf,3,5,72.5,74900992,2,1,0,ok
full-v2,corpus,6.Secrets.to.Startup.Success.PDFDrive.pdf,3,5,18.7,24665352,0,0,0,ok
full-v2,corpus,68-1990-01_A.pdf,3,5,65.3,44328120,2,1,1,ok
full-v2,corpus,Approved_Document_B__fire_safety__volume_2_-_Buildings_other_than_dwellings__2019_edition_incorporating_2020_and_2022_amendments.pdf,3,5,45.5,51974400,2,1,1,ok
full-v2,corpus,ClipPathLetterFilter-Test1.pdf,3,5,20.9,12255832,1,1,1,ok
full-v2,corpus,ClipPathLetterFilter-Test2.pdf,3,1,7.1,8698384,0,0,0,ok
full-v2,corpus,ColorIssue.pdf,3,1,34.8,34049464,1,1,1,ok
full-v2,corpus,DeviceN_CS_test.pdf,3,5,27.9,21472872,2,1,1,ok
full-v2,corpus,ErcotFacts.pdf,3,2,12.8,13362472,0,0,0,ok
full-v2,corpus,FICTIF_TABLE_INDEX.pdf,3,5,12.4,14804760,0,0,0,ok
full-v2,corpus,FarmerMac.pdf,3,5,13.2,13700184,1,0,0,ok
full-v2,corpus,GHOSTSCRIPT-696171-0.pdf,3,5,13.4,11332416,1,0,0,ok
full-v2,corpus,GHOSTSCRIPT-697234-0.pdf,3,3,22.6,22673976,0,0,0,ok
full-v2,corpus,GHOSTSCRIPT-697507-0.pdf,3,1,8.3,7903992,0,0,0,ok
full-v2,corpus,GHOSTSCRIPT-698721-0.zip-6.pdf,3,2,5.9,7315512,0,0,0,ok
full-v2,corpus,GHOSTSCRIPT-699035-0.pdf,3,5,54.3,38413560,2,1,1,ok
full-v2,corpus,GHOSTSCRIPT-699178-0.pdf,3,3,6.6,8422872,0,0,0,ok
full-v2,corpus,GHOSTSCRIPT-699488-0.pdf,3,1,13.0,8119672,1,0,0,ok
full-v2,corpus,GHOSTSCRIPT-700125-1.pdf,3,5,11.9,16241608,0,0,0,ok
full-v2,corpus,GHOSTSCRIPT-700139-0.pdf,3,2,137.3,116364576,4,2,1,ok
full-v2,corpus,GHOSTSCRIPT-700236-1.pdf,3,5,10.9,13418376,0,0,0,ok
full-v2,corpus,Gamebook.pdf,3,5,8.8,9352656,0,0,0,ok
full-v2,corpus,ICML03-081.pdf,3,5,15.0,17355392,0,0,0,ok
full-v2,corpus,Indexed-DeviceRGB-JPXDecode-0-.0.0.255.0.-Font-F1_1_missing_char_255-1.pdf,3,1,23.7,16975120,1,0,0,ok
full-v2,corpus,Judgement Document.pdf,3,5,6.3,9126552,0,0,0,ok
full-v2,corpus,Layer pdf - 322_High_Holborn_building_Brochure.pdf,3,3,48.5,37981256,2,1,1,ok
full-v2,corpus,MOZILLA-10225-0.pdf,3,5,13.9,22998176,0,0,0,ok
full-v2,corpus,MOZILLA-10372-2.pdf,3,5,18.1,13160808,1,1,1,ok
full-v2,corpus,MOZILLA-2775-1.pdf,3,5,16.7,17724168,1,0,0,ok
full-v2,corpus,MOZILLA-3136-0.pdf,3,4,222.9,217814192,4,1,1,ok
full-v2,corpus,MOZILLA-7375-0.pdf,3,5,32.1,16134800,1,1,1,ok
full-v2,corpus,Math119FakingData.pdf,3,5,7.6,9249360,0,0,0,ok
full-v2,corpus,Motor Insurance claim form.pdf,3,3,84.0,69027552,2,1,1,ok
full-v2,corpus,Multiple Page - from Mortality Statistics.pdf,3,5,15.1,8263880,1,0,0,ok
full-v2,corpus,OPEN.RABBIT.ENGLISH.LOP.pdf,3,5,20.0,27775992,0,0,0,ok
full-v2,corpus,Old Gutnish Internet Explorer.pdf,3,3,24.1,14337984,1,1,1,ok
full-v2,corpus,P2P-33713919.pdf,3,5,12.6,22998400,0,0,0,ok
full-v2,corpus,PDFBOX-492-4.jar-8.pdf,3,2,22.0,16853408,1,0,0,ok
full-v2,corpus,PDFBOX-624-2.pdf,3,5,9.2,11326864,0,0,0,ok
full-v2,corpus,Pig Production Handbook.pdf,3,5,7.9,11469752,0,0,0,ok
full-v2,corpus,Publication_of_award_of_Bids_for_Transport_Sector__August_2016.pdf,3,5,15.5,8288424,1,0,0,ok
full-v2,corpus,Rotation 45.pdf,3,4,12.2,9895528,0,0,0,ok
full-v2,corpus,SPARC - v9 Architecture Manual.pdf,3,5,62.4,73961968,2,1,1,ok
full-v2,corpus,SPE8EF26T0545.pdf,3,5,24.5,11453240,1,0,0,ok
full-v2,corpus,TIKA-1552-0.pdf,3,5,19.1,23547376,0,0,0,ok
full-v2,corpus,TIKA-2054-0.pdf,3,5,27.0,20915552,1,1,1,ok
full-v2,corpus,Type0 Font.pdf,3,1,8.3,9721960,0,0,0,ok
full-v2,corpus,Type0_CJK_Font.pdf,3,5,11.6,3212680,1,0,0,ok
full-v2,corpus,capas.pdf,3,5,5.5,8006504,0,0,0,ok
full-v2,corpus,cat-genetics_bobld.pdf,3,1,4.9,7029656,0,0,0,ok
full-v2,corpus,cmap-parsing-exception.pdf,3,1,16.6,13116992,1,0,0,ok
full-v2,corpus,dotnet-ai.pdf,3,5,24.1,31616840,1,1,1,ok
full-v2,corpus,felltypes-test.pdf,3,1,7.7,4979760,0,0,0,ok
full-v2,corpus,iron-ore-q2-q3-2013.pdf,3,5,27.3,37187816,2,1,1,ok
full-v2,corpus,issue_671.pdf,3,2,18.6,17903256,0,0,0,ok
full-v2,corpus,journal.pone.0196757.pdf,3,5,43.5,35666352,2,1,1,ok
full-v2,corpus,jtehm-melillo-2679746.pdf,3,5,55.0,52736168,0,0,0,ok
full-v2,corpus,pop-bugzilla37292.pdf,3,4,8.9,7589808,0,0,0,ok
full-v2,corpus,reference-2-numeric-error.pdf,3,1,10.8,7147424,0,0,0,ok
full-v2,corpus,ssm2163.pdf,3,5,10.9,10255328,0,0,0,ok
full-v2,corpus,test-2_so_74165171.pdf,3,1,65.0,42182072,1,1,1,ok
full-v2,corpus,testPdf-1.pdf,3,2,6.1,5833200,0,0,0,ok
full-v2,corpus,test_a-5.pdf,3,5,69.2,69906312,2,1,1,ok
full-v2,corpus,test_a.pdf,3,5,86.3,68792232,2,1,1,ok
full-v2,corpus,toc.pdf,3,5,4.7,7515880,0,0,0,ok
full-v2,corpus,type3-font-zero-height.pdf,3,1,8.7,8049744,0,0,0,ok
baseline,corpus,0000851.pdf,1,5,1100.3,170032088,5,2,2,ok
baseline,corpus,11194059_2017-11_de_s.pdf,1,2,111.6,27690248,0,0,0,ok
baseline,corpus,2006_Swedish_Touring_Car_Championship.pdf,1,4,51.1,7884680,1,1,0,ok
baseline,corpus,2108.11480.pdf,1,5,192.6,76987408,2,1,1,ok
baseline,corpus,6.Secrets.to.Startup.Success.PDFDrive.pdf,1,5,83.8,24746568,1,1,1,ok
baseline,corpus,68-1990-01_A.pdf,1,5,213.3,64938000,2,1,1,ok
baseline,corpus,Approved_Document_B__fire_safety__volume_2_-_Buildings_other_than_dwellings__2019_edition_incorporating_2020_and_2022_amendments.pdf,1,5,114.6,52520632,2,2,2,ok
baseline,corpus,ClipPathLetterFilter-Test1.pdf,1,5,100.4,41327672,1,0,0,ok
baseline,corpus,ClipPathLetterFilter-Test2.pdf,1,1,24.8,8847088,0,0,0,ok
baseline,corpus,ColorIssue.pdf,1,1,104.3,34607016,2,2,2,ok
baseline,corpus,DeviceN_CS_test.pdf,1,5,60.3,22232120,1,1,1,ok
baseline,corpus,ErcotFacts.pdf,1,2,48.8,14129536,1,0,0,ok
baseline,corpus,FICTIF_TABLE_INDEX.pdf,1,5,44.7,15510952,0,0,0,ok
baseline,corpus,FarmerMac.pdf,1,5,53.1,14125848,1,0,0,ok
baseline,corpus,GHOSTSCRIPT-696171-0.pdf,1,5,38.7,11351512,0,0,0,ok
baseline,corpus,GHOSTSCRIPT-697234-0.pdf,1,3,112.8,22891280,1,1,1,ok
baseline,corpus,GHOSTSCRIPT-697507-0.pdf,1,1,26.0,8070968,0,0,0,ok
baseline,corpus,GHOSTSCRIPT-698721-0.zip-6.pdf,1,2,25.8,7741856,1,0,0,ok
baseline,corpus,GHOSTSCRIPT-699035-0.pdf,1,5,169.6,38415736,0,0,0,ok
baseline,corpus,GHOSTSCRIPT-699178-0.pdf,1,3,25.9,8609296,0,0,0,ok
baseline,corpus,GHOSTSCRIPT-699488-0.pdf,1,1,32.4,8128088,1,0,0,ok
baseline,corpus,GHOSTSCRIPT-700125-1.pdf,1,5,58.3,17647608,1,1,1,ok
baseline,corpus,GHOSTSCRIPT-700139-0.pdf,1,2,381.5,117737968,3,2,1,ok
baseline,corpus,GHOSTSCRIPT-700236-1.pdf,1,5,44.0,13572832,1,0,0,ok
baseline,corpus,Gamebook.pdf,1,5,130.8,150825632,8,8,8,ok
baseline,corpus,ICML03-081.pdf,1,5,54.5,17385424,1,1,0,ok
baseline,corpus,Indexed-DeviceRGB-JPXDecode-0-.0.0.255.0.-Font-F1_1_missing_char_255-1.pdf,1,1,58.4,17086288,1,0,0,ok
baseline,corpus,Judgement Document.pdf,1,5,40.9,11061864,1,1,1,ok
baseline,corpus,Layer pdf - 322_High_Holborn_building_Brochure.pdf,1,3,165.9,38364496,1,0,0,ok
baseline,corpus,MOZILLA-10225-0.pdf,1,5,34.5,23121080,0,0,0,ok
baseline,corpus,MOZILLA-10372-2.pdf,1,5,47.9,13451656,1,1,1,ok
baseline,corpus,MOZILLA-2775-1.pdf,1,5,52.7,17809208,0,0,0,ok
baseline,corpus,MOZILLA-3136-0.pdf,1,4,757.9,219851632,5,2,1,ok
baseline,corpus,MOZILLA-7375-0.pdf,1,5,50.3,16128824,0,0,0,ok
baseline,corpus,Math119FakingData.pdf,1,5,30.3,9332480,0,0,0,ok
baseline,corpus,Motor Insurance claim form.pdf,1,3,330.5,69902616,4,3,3,ok
baseline,corpus,Multiple Page - from Mortality Statistics.pdf,1,5,43.0,15965736,0,0,0,ok
baseline,corpus,OPEN.RABBIT.ENGLISH.LOP.pdf,1,5,127.0,27963944,1,0,0,ok
baseline,corpus,Old Gutnish Internet Explorer.pdf,1,3,44.6,14922056,0,0,0,ok
baseline,corpus,P2P-33713919.pdf,1,5,71.2,23100616,1,0,0,ok
baseline,corpus,PDFBOX-492-4.jar-8.pdf,1,2,65.7,17002672,0,0,0,ok
baseline,corpus,PDFBOX-624-2.pdf,1,5,32.8,11353432,0,0,0,ok
baseline,corpus,Pig Production Handbook.pdf,1,5,32.6,11661096,0,0,0,ok
baseline,corpus,Publication_of_award_of_Bids_for_Transport_Sector__August_2016.pdf,1,5,46.0,8727768,1,1,1,ok
baseline,corpus,Rotation 45.pdf,1,4,78.3,17683024,0,0,0,ok
baseline,corpus,SPARC - v9 Architecture Manual.pdf,1,5,341.0,108711920,6,3,1,ok
baseline,corpus,SPE8EF26T0545.pdf,1,5,12.5,11406696,0,0,0,ok
baseline,corpus,TIKA-1552-0.pdf,1,5,33.1,23572216,1,0,0,ok
baseline,corpus,TIKA-2054-0.pdf,1,5,28.6,23587312,0,0,0,ok
baseline,corpus,Type0 Font.pdf,1,1,24.5,10409272,1,1,1,ok
baseline,corpus,Type0_CJK_Font.pdf,1,5,68.5,4918176,0,0,0,ok
baseline,corpus,capas.pdf,1,5,8.7,8295872,0,0,0,ok
baseline,corpus,cat-genetics_bobld.pdf,1,1,11.8,7030904,1,0,0,ok
baseline,corpus,cmap-parsing-exception.pdf,1,1,30.6,13350112,0,0,0,ok
baseline,corpus,dotnet-ai.pdf,1,5,32.2,32510224,1,1,1,ok
baseline,corpus,felltypes-test.pdf,1,1,15.9,4980560,0,0,0,ok
baseline,corpus,iron-ore-q2-q3-2013.pdf,1,5,48.9,37231392,1,1,1,ok
baseline,corpus,issue_671.pdf,1,2,33.8,18335456,2,1,1,ok
baseline,corpus,journal.pone.0196757.pdf,1,5,59.8,35782688,1,0,0,ok
baseline,corpus,jtehm-melillo-2679746.pdf,1,5,103.4,53030320,2,1,1,ok
baseline,corpus,pop-bugzilla37292.pdf,1,4,8.7,7989872,0,0,0,ok
baseline,corpus,reference-2-numeric-error.pdf,1,1,16.6,7196176,0,0,0,ok
baseline,corpus,ssm2163.pdf,1,5,23.9,10631072,1,0,0,ok
baseline,corpus,test-2_so_74165171.pdf,1,1,137.7,41197496,1,1,1,ok
baseline,corpus,testPdf-1.pdf,1,2,6.4,6061048,0,0,0,ok
baseline,corpus,test_a-5.pdf,1,5,117.5,70170024,4,2,1,ok
baseline,corpus,test_a.pdf,1,5,80.9,70167064,1,0,0,ok
baseline,corpus,toc.pdf,1,5,5.7,7514568,0,0,0,ok
baseline,corpus,type3-font-zero-height.pdf,1,1,26.1,8064416,1,1,1,ok
baseline,corpus,0000851.pdf,2,5,248.2,122541152,2,0,0,ok
baseline,corpus,11194059_2017-11_de_s.pdf,2,2,47.6,27607048,2,1,1,ok
baseline,corpus,2006_Swedish_Touring_Car_Championship.pdf,2,4,7.5,7883472,0,0,0,ok
baseline,corpus,2108.11480.pdf,2,5,75.3,76810696,2,1,0,ok
baseline,corpus,6.Secrets.to.Startup.Success.PDFDrive.pdf,2,5,19.2,24670264,0,0,0,ok
baseline,corpus,68-1990-01_A.pdf,2,5,64.5,44583296,2,1,1,ok
baseline,corpus,Approved_Document_B__fire_safety__volume_2_-_Buildings_other_than_dwellings__2019_edition_incorporating_2020_and_2022_amendments.pdf,2,5,47.7,52515040,2,1,1,ok
baseline,corpus,ClipPathLetterFilter-Test1.pdf,2,5,18.6,12863608,1,1,1,ok
baseline,corpus,ClipPathLetterFilter-Test2.pdf,2,1,6.8,8847064,0,0,0,ok
baseline,corpus,ColorIssue.pdf,2,1,34.7,34472864,1,1,1,ok
baseline,corpus,DeviceN_CS_test.pdf,2,5,30.5,22022016,2,1,1,ok
baseline,corpus,ErcotFacts.pdf,2,2,15.4,14118720,0,0,0,ok
baseline,corpus,FICTIF_TABLE_INDEX.pdf,2,5,15.5,15025272,1,0,0,ok
baseline,corpus,FarmerMac.pdf,2,5,11.8,13732288,0,0,0,ok
baseline,corpus,GHOSTSCRIPT-696171-0.pdf,2,5,9.5,11349720,0,0,0,ok
baseline,corpus,GHOSTSCRIPT-697234-0.pdf,2,3,30.4,22751632,1,0,0,ok
baseline,corpus,GHOSTSCRIPT-697507-0.pdf,2,1,8.2,7998264,0,0,0,ok
baseline,corpus,GHOSTSCRIPT-698721-0.zip-6.pdf,2,2,6.7,7741072,0,0,0,ok
baseline,corpus,GHOSTSCRIPT-699035-0.pdf,2,5,50.2,38415640,1,1,1,ok
baseline,corpus,GHOSTSCRIPT-699178-0.pdf,2,3,7.3,8441960,0,0,0,ok
baseline,corpus,GHOSTSCRIPT-699488-0.pdf,2,1,7.9,8125856,0,0,0,ok
baseline,corpus,GHOSTSCRIPT-700125-1.pdf,2,5,15.9,17640256,1,1,0,ok
baseline,corpus,GHOSTSCRIPT-700139-0.pdf,2,2,142.8,116185464,4,3,1,ok
baseline,corpus,GHOSTSCRIPT-700236-1.pdf,2,5,12.6,13572088,1,0,0,ok
baseline,corpus,Gamebook.pdf,2,5,10.0,9367320,1,0,0,ok
baseline,corpus,ICML03-081.pdf,2,5,16.0,17381392,0,0,0,ok
baseline,corpus,Indexed-DeviceRGB-JPXDecode-0-.0.0.255.0.-Font-F1_1_missing_char_255-1.pdf,2,1,24.6,17064032,1,0,0,ok
baseline,corpus,Judgement Document.pdf,2,5,12.3,9128112,0,0,0,ok
baseline,corpus,Layer pdf - 322_High_Holborn_building_Brochure.pdf,2,3,41.5,37984392,1,1,1,ok
baseline,corpus,MOZILLA-10225-0.pdf,2,5,12.6,23067072,0,0,0,ok
baseline,corpus,MOZILLA-10372-2.pdf,2,5,17.7,13161416,1,1,1,ok
baseline,corpus,MOZILLA-2775-1.pdf,2,5,15.8,17808416,1,0,0,ok
baseline,corpus,MOZILLA-3136-0.pdf,2,4,235.1,217767936,5,2,1,ok
baseline,corpus,MOZILLA-7375-0.pdf,2,5,26.9,16134368,1,1,1,ok
baseline,corpus,Math119FakingData.pdf,2,5,7.8,9331088,0,0,0,ok
baseline,corpus,Motor Insurance claim form.pdf,2,3,100.0,69262816,4,2,2,ok
baseline,corpus,Multiple Page - from Mortality Statistics.pdf,2,5,6.3,8290144,0,0,0,ok
baseline,corpus,OPEN.RABBIT.ENGLISH.LOP.pdf,2,5,21.2,27774056,0,0,0,ok
baseline,corpus,Old Gutnish Internet Explorer.pdf,2,3,24.2,14345288,1,1,1,ok
baseline,corpus,P2P-33713919.pdf,2,5,19.1,23059136,1,0,0,ok
baseline,corpus,PDFBOX-492-4.jar-8.pdf,2,2,18.8,16922312,0,0,0,ok
baseline,corpus,PDFBOX-624-2.pdf,2,5,9.1,11351800,0,0,0,ok
baseline,corpus,Pig Production Handbook.pdf,2,5,9.2,11660472,0,0,0,ok
baseline,corpus,Publication_of_award_of_Bids_for_Transport_Sector__August_2016.pdf,2,5,19.2,8490696,1,1,1,ok
baseline,corpus,Rotation 45.pdf,2,4,14.3,10018776,0,0,0,ok
baseline,corpus,SPARC - v9 Architecture Manual.pdf,2,5,99.6,108713688,5,2,2,ok
baseline,corpus,SPE8EF26T0545.pdf,2,5,10.5,11399952,0,0,0,ok
baseline,corpus,TIKA-1552-0.pdf,2,5,24.5,23549776,1,1,0,ok
baseline,corpus,TIKA-2054-0.pdf,2,5,27.7,23583728,1,0,0,ok
baseline,corpus,Type0 Font.pdf,2,1,9.3,9722752,0,0,0,ok
baseline,corpus,Type0_CJK_Font.pdf,2,5,10.8,3270736,0,0,0,ok
baseline,corpus,capas.pdf,2,5,5.8,8042120,0,0,0,ok
baseline,corpus,cat-genetics_bobld.pdf,2,1,5.3,7025248,0,0,0,ok
baseline,corpus,cmap-parsing-exception.pdf,2,1,19.6,13114656,1,0,0,ok
baseline,corpus,dotnet-ai.pdf,2,5,25.4,31820528,1,1,1,ok
baseline,corpus,felltypes-test.pdf,2,1,7.8,4979600,0,0,0,ok
baseline,corpus,iron-ore-q2-q3-2013.pdf,2,5,38.1,36856712,2,2,2,ok
baseline,corpus,issue_671.pdf,2,2,18.1,17971944,0,0,0,ok
baseline,corpus,journal.pone.0196757.pdf,2,5,42.8,35951752,2,1,1,ok
baseline,corpus,jtehm-melillo-2679746.pdf,2,5,74.9,52896608,2,1,1,ok
baseline,corpus,pop-bugzilla37292.pdf,2,4,6.3,7755176,0,0,0,ok
baseline,corpus,reference-2-numeric-error.pdf,2,1,9.3,7193704,0,0,0,ok
baseline,corpus,ssm2163.pdf,2,5,13.4,10620584,1,0,0,ok
baseline,corpus,test-2_so_74165171.pdf,2,1,42.9,41192552,0,0,0,ok
baseline,corpus,testPdf-1.pdf,2,2,20.2,5838376,1,1,1,ok
baseline,corpus,test_a-5.pdf,2,5,57.9,69811792,1,0,0,ok
baseline,corpus,test_a.pdf,2,5,81.6,68830968,3,1,1,ok
baseline,corpus,toc.pdf,2,5,4.7,7514504,0,0,0,ok
baseline,corpus,type3-font-zero-height.pdf,2,1,10.1,8056264,0,0,0,ok
baseline,corpus,0000851.pdf,3,5,197.2,122572136,4,1,1,ok
baseline,corpus,11194059_2017-11_de_s.pdf,3,2,21.3,27613240,0,0,0,ok
baseline,corpus,2006_Swedish_Touring_Car_Championship.pdf,3,4,8.2,7666976,0,0,0,ok
baseline,corpus,2108.11480.pdf,3,5,71.2,76142400,0,0,0,ok
baseline,corpus,6.Secrets.to.Startup.Success.PDFDrive.pdf,3,5,62.9,24670056,1,1,0,ok
baseline,corpus,68-1990-01_A.pdf,3,5,59.0,44399176,2,1,1,ok
baseline,corpus,Approved_Document_B__fire_safety__volume_2_-_Buildings_other_than_dwellings__2019_edition_incorporating_2020_and_2022_amendments.pdf,3,5,50.6,52516720,3,2,2,ok
baseline,corpus,ClipPathLetterFilter-Test1.pdf,3,5,10.5,12173320,0,0,0,ok
baseline,corpus,ClipPathLetterFilter-Test2.pdf,3,1,7.0,8697712,0,0,0,ok
baseline,corpus,ColorIssue.pdf,3,1,38.8,34356072,2,2,2,ok
baseline,corpus,DeviceN_CS_test.pdf,3,5,25.1,21696568,2,1,1,ok
baseline,corpus,ErcotFacts.pdf,3,2,13.0,13721904,0,0,0,ok
baseline,corpus,FICTIF_TABLE_INDEX.pdf,3,5,14.8,14806296,1,0,0,ok
baseline,corpus,FarmerMac.pdf,3,5,11.6,13732288,0,0,0,ok
baseline,corpus,GHOSTSCRIPT-696171-0.pdf,3,5,9.4,11349720,0,0,0,ok
baseline,corpus,GHOSTSCRIPT-697234-0.pdf,3,3,29.6,22751632,1,0,0,ok
baseline,corpus,GHOSTSCRIPT-697507-0.pdf,3,1,7.8,7998264,0,0,0,ok
baseline,corpus,GHOSTSCRIPT-698721-0.zip-6.pdf,3,2,6.1,7741072,0,0,0,ok
baseline,corpus,GHOSTSCRIPT-699035-0.pdf,3,5,46.8,38420296,1,1,1,ok
baseline,corpus,GHOSTSCRIPT-699178-0.pdf,3,3,13.6,8437304,1,0,0,ok
baseline,corpus,GHOSTSCRIPT-699488-0.pdf,3,1,6.4,8126064,0,0,0,ok
baseline,corpus,GHOSTSCRIPT-700125-1.pdf,3,5,12.1,17640256,0,0,0,ok
baseline,corpus,GHOSTSCRIPT-700139-0.pdf,3,2,125.4,116450096,4,2,2,ok
baseline,corpus,GHOSTSCRIPT-700236-1.pdf,3,5,10.5,13572088,0,0,0,ok
baseline,corpus,Gamebook.pdf,3,5,9.5,9367112,1,0,0,ok
baseline,corpus,ICML03-081.pdf,3,5,19.7,17381480,1,0,0,ok
baseline,corpus,Indexed-DeviceRGB-JPXDecode-0-.0.0.255.0.-Font-F1_1_missing_char_255-1.pdf,3,1,21.9,17064240,0,0,0,ok
baseline,corpus,Judgement Document.pdf,3,5,6.6,9127904,0,0,0,ok
baseline,corpus,Layer pdf - 322_High_Holborn_building_Brochure.pdf,3,3,29.1,37981744,0,0,0,ok
baseline,corpus,MOZILLA-10225-0.pdf,3,5,16.4,23062600,0,0,0,ok
baseline,corpus,MOZILLA-10372-2.pdf,3,5,26.0,13030320,1,1,1,ok
baseline,corpus,MOZILLA-2775-1.pdf,3,5,17.6,17808416,1,0,0,ok
baseline,corpus,MOZILLA-3136-0.pdf,3,4,242.9,217963304,5,2,2,ok
baseline,corpus,MOZILLA-7375-0.pdf,3,5,14.0,16127600,0,0,0,ok
baseline,corpus,Math119FakingData.pdf,3,5,27.1,9330824,1,1,0,ok
baseline,corpus,Motor Insurance claim form.pdf,3,3,102.6,68931696,2,1,1,ok
baseline,corpus,Multiple Page - from Mortality Statistics.pdf,3,5,7.1,8290920,0,0,0,ok
baseline,corpus,OPEN.RABBIT.ENGLISH.LOP.pdf,3,5,30.1,27774056,1,0,0,ok
baseline,corpus,Old Gutnish Internet Explorer.pdf,3,3,22.9,14476592,1,1,1,ok
baseline,corpus,P2P-33713919.pdf,3,5,21.8,23059136,1,0,0,ok
baseline,corpus,PDFBOX-492-4.jar-8.pdf,3,2,19.9,16922312,0,0,0,ok
baseline,corpus,PDFBOX-624-2.pdf,3,5,10.0,11351800,0,0,0,ok
baseline,corpus,Pig Production Handbook.pdf,3,5,8.9,11660472,0,0,0,ok
baseline,corpus,Publication_of_award_of_Bids_for_Transport_Sector__August_2016.pdf,3,5,19.4,8490696,1,1,1,ok
baseline,corpus,Rotation 45.pdf,3,4,14.1,10018776,0,0,0,ok
baseline,corpus,SPARC - v9 Architecture Manual.pdf,3,5,95.2,108713688,5,2,2,ok
baseline,corpus,SPE8EF26T0545.pdf,3,5,11.1,11399952,1,0,0,ok
baseline,corpus,TIKA-1552-0.pdf,3,5,18.8,23549984,0,0,0,ok
baseline,corpus,TIKA-2054-0.pdf,3,5,19.9,23583520,0,0,0,ok
baseline,corpus,Type0 Font.pdf,3,1,8.8,9722544,0,0,0,ok
baseline,corpus,Type0_CJK_Font.pdf,3,5,9.1,3270736,0,0,0,ok
baseline,corpus,capas.pdf,3,5,5.7,8042120,0,0,0,ok
baseline,corpus,cat-genetics_bobld.pdf,3,1,7.6,7025248,1,0,0,ok
baseline,corpus,cmap-parsing-exception.pdf,3,1,17.6,13114864,0,0,0,ok
baseline,corpus,dotnet-ai.pdf,3,5,27.6,31820320,1,1,1,ok
baseline,corpus,felltypes-test.pdf,3,1,7.8,4979600,0,0,0,ok
baseline,corpus,iron-ore-q2-q3-2013.pdf,3,5,35.9,37380816,2,2,2,ok
baseline,corpus,issue_671.pdf,3,2,28.4,17974592,1,1,1,ok
baseline,corpus,journal.pone.0196757.pdf,3,5,29.6,35888344,1,0,0,ok
baseline,corpus,jtehm-melillo-2679746.pdf,3,5,58.4,52896888,1,1,1,ok
baseline,corpus,pop-bugzilla37292.pdf,3,4,17.8,7623800,1,0,0,ok
baseline,corpus,reference-2-numeric-error.pdf,3,1,8.3,7193912,0,0,0,ok
baseline,corpus,ssm2163.pdf,3,5,8.4,10620584,0,0,0,ok
baseline,corpus,test-2_so_74165171.pdf,3,1,65.6,42241472,2,2,2,ok
baseline,corpus,testPdf-1.pdf,3,2,5.7,5836232,0,0,0,ok
baseline,corpus,test_a-5.pdf,3,5,62.7,69811528,1,0,0,ok
baseline,corpus,test_a.pdf,3,5,74.4,68831248,2,1,1,ok
baseline,corpus,toc.pdf,3,5,5.4,7514504,0,0,0,ok
baseline,corpus,type3-font-zero-height.pdf,3,1,25.4,8190008,1,1,1,ok
scanner+form,corpus,0000851.pdf,1,5,1125.8,165946528,5,2,2,ok
scanner+form,corpus,11194059_2017-11_de_s.pdf,1,2,126.2,27690872,0,0,0,ok
scanner+form,corpus,2006_Swedish_Touring_Car_Championship.pdf,1,4,57.8,7849008,1,1,0,ok
scanner+form,corpus,2108.11480.pdf,1,5,210.7,75658824,2,1,1,ok
scanner+form,corpus,6.Secrets.to.Startup.Success.PDFDrive.pdf,1,5,85.5,24878544,1,1,1,ok
scanner+form,corpus,68-1990-01_A.pdf,1,5,215.5,64940240,2,1,1,ok
scanner+form,corpus,Approved_Document_B__fire_safety__volume_2_-_Buildings_other_than_dwellings__2019_edition_incorporating_2020_and_2022_amendments.pdf,1,5,117.6,52114776,3,2,2,ok
scanner+form,corpus,ClipPathLetterFilter-Test1.pdf,1,5,88.7,41278272,0,0,0,ok
scanner+form,corpus,ClipPathLetterFilter-Test2.pdf,1,1,23.7,8847264,0,0,0,ok
scanner+form,corpus,ColorIssue.pdf,1,1,106.1,34303472,2,2,2,ok
scanner+form,corpus,DeviceN_CS_test.pdf,1,5,63.9,22010280,1,1,0,ok
scanner+form,corpus,ErcotFacts.pdf,1,2,49.1,13769032,0,0,0,ok
scanner+form,corpus,FICTIF_TABLE_INDEX.pdf,1,5,47.7,15511936,1,0,0,ok
scanner+form,corpus,FarmerMac.pdf,1,5,51.6,14097616,0,0,0,ok
scanner+form,corpus,GHOSTSCRIPT-696171-0.pdf,1,5,51.2,11339464,1,1,1,ok
scanner+form,corpus,GHOSTSCRIPT-697234-0.pdf,1,3,106.7,22685144,1,0,0,ok
scanner+form,corpus,GHOSTSCRIPT-697507-0.pdf,1,1,24.1,7979320,0,0,0,ok
scanner+form,corpus,GHOSTSCRIPT-698721-0.zip-6.pdf,1,2,18.4,7318696,0,0,0,ok
scanner+form,corpus,GHOSTSCRIPT-699035-0.pdf,1,5,168.8,38416408,0,0,0,ok
scanner+form,corpus,GHOSTSCRIPT-699178-0.pdf,1,3,25.7,8592424,0,0,0,ok
scanner+form,corpus,GHOSTSCRIPT-699488-0.pdf,1,1,37.5,8125040,1,1,1,ok
scanner+form,corpus,GHOSTSCRIPT-700125-1.pdf,1,5,40.4,16347504,0,0,0,ok
scanner+form,corpus,GHOSTSCRIPT-700139-0.pdf,1,2,368.6,117762336,4,1,1,ok
scanner+form,corpus,GHOSTSCRIPT-700236-1.pdf,1,5,44.1,13424096,0,0,0,ok
scanner+form,corpus,Gamebook.pdf,1,5,141.7,150812472,8,8,8,ok
scanner+form,corpus,ICML03-081.pdf,1,5,60.2,17363768,1,1,0,ok
scanner+form,corpus,Indexed-DeviceRGB-JPXDecode-0-.0.0.255.0.-Font-F1_1_missing_char_255-1.pdf,1,1,59.5,16998768,1,1,0,ok
scanner+form,corpus,Judgement Document.pdf,1,5,38.1,11062744,1,1,1,ok
scanner+form,corpus,Layer pdf - 322_High_Holborn_building_Brochure.pdf,1,3,148.6,38365024,1,0,0,ok
scanner+form,corpus,MOZILLA-10225-0.pdf,1,5,32.9,23056168,0,0,0,ok
scanner+form,corpus,MOZILLA-10372-2.pdf,1,5,43.5,13452360,1,1,1,ok
scanner+form,corpus,MOZILLA-2775-1.pdf,1,5,56.0,17728856,1,0,0,ok
scanner+form,corpus,MOZILLA-3136-0.pdf,1,4,767.1,219902864,3,1,1,ok
scanner+form,corpus,MOZILLA-7375-0.pdf,1,5,52.5,16132648,0,0,0,ok
scanner+form,corpus,Math119FakingData.pdf,1,5,63.4,9254488,1,1,0,ok
scanner+form,corpus,Motor Insurance claim form.pdf,1,3,334.7,69806136,3,3,3,ok
scanner+form,corpus,Multiple Page - from Mortality Statistics.pdf,1,5,33.2,15810832,0,0,0,ok
scanner+form,corpus,OPEN.RABBIT.ENGLISH.LOP.pdf,1,5,50.5,27967488,1,0,0,ok
scanner+form,corpus,Old Gutnish Internet Explorer.pdf,1,3,22.8,14916200,0,0,0,ok
scanner+form,corpus,P2P-33713919.pdf,1,5,40.7,23181504,1,1,1,ok
scanner+form,corpus,PDFBOX-492-4.jar-8.pdf,1,2,46.5,17002304,1,0,0,ok
scanner+form,corpus,PDFBOX-624-2.pdf,1,5,15.5,11334072,0,0,0,ok
scanner+form,corpus,Pig Production Handbook.pdf,1,5,13.0,11474736,0,0,0,ok
scanner+form,corpus,Publication_of_award_of_Bids_for_Transport_Sector__August_2016.pdf,1,5,13.1,8529200,0,0,0,ok
scanner+form,corpus,Rotation 45.pdf,1,4,55.6,17698464,1,1,1,ok
scanner+form,corpus,SPARC - v9 Architecture Manual.pdf,1,5,164.2,74096480,2,2,1,ok
scanner+form,corpus,SPE8EF26T0545.pdf,1,5,32.3,11437272,1,1,0,ok
scanner+form,corpus,TIKA-1552-0.pdf,1,5,25.9,23573128,0,0,0,ok
scanner+form,corpus,TIKA-2054-0.pdf,1,5,23.6,20744360,1,0,0,ok
scanner+form,corpus,Type0 Font.pdf,1,1,19.6,10409088,1,1,1,ok
scanner+form,corpus,Type0_CJK_Font.pdf,1,5,59.9,4864408,0,0,0,ok
scanner+form,corpus,capas.pdf,1,5,6.9,8262632,0,0,0,ok
scanner+form,corpus,cat-genetics_bobld.pdf,1,1,7.1,7036648,0,0,0,ok
scanner+form,corpus,cmap-parsing-exception.pdf,1,1,18.2,13352352,0,0,0,ok
scanner+form,corpus,dotnet-ai.pdf,1,5,27.1,32312352,1,1,1,ok
scanner+form,corpus,felltypes-test.pdf,1,1,14.6,4980736,0,0,0,ok
scanner+form,corpus,iron-ore-q2-q3-2013.pdf,1,5,40.6,37300992,1,1,1,ok
scanner+form,corpus,issue_671.pdf,1,2,29.0,18408968,1,1,1,ok
scanner+form,corpus,journal.pone.0196757.pdf,1,5,55.1,35474184,1,0,0,ok
scanner+form,corpus,jtehm-melillo-2679746.pdf,1,5,83.7,52875944,1,1,1,ok
scanner+form,corpus,pop-bugzilla37292.pdf,1,4,8.6,7963680,0,0,0,ok
scanner+form,corpus,reference-2-numeric-error.pdf,1,1,29.2,7150632,1,0,0,ok
scanner+form,corpus,ssm2163.pdf,1,5,17.4,10279360,0,0,0,ok
scanner+form,corpus,test-2_so_74165171.pdf,1,1,128.1,42241704,1,1,1,ok
scanner+form,corpus,testPdf-1.pdf,1,2,6.5,6058280,0,0,0,ok
scanner+form,corpus,test_a-5.pdf,1,5,86.0,70133472,2,1,1,ok
scanner+form,corpus,test_a.pdf,1,5,104.9,69215584,3,1,1,ok
scanner+form,corpus,toc.pdf,1,5,6.9,7517504,0,0,0,ok
scanner+form,corpus,type3-font-zero-height.pdf,1,1,17.0,8054576,0,0,0,ok
scanner+form,corpus,0000851.pdf,2,5,293.7,118486136,3,2,1,ok
scanner+form,corpus,11194059_2017-11_de_s.pdf,2,2,37.1,27600960,1,0,0,ok
scanner+form,corpus,2006_Swedish_Touring_Car_Championship.pdf,2,4,6.9,7847656,0,0,0,ok
scanner+form,corpus,2108.11480.pdf,2,5,102.8,75575264,2,2,1,ok
scanner+form,corpus,6.Secrets.to.Startup.Success.PDFDrive.pdf,2,5,23.1,24675264,1,0,0,ok
scanner+form,corpus,68-1990-01_A.pdf,2,5,64.4,44578888,1,1,0,ok
scanner+form,corpus,Approved_Document_B__fire_safety__volume_2_-_Buildings_other_than_dwellings__2019_edition_incorporating_2020_and_2022_amendments.pdf,2,5,57.4,52112248,4,4,3,ok
scanner+form,corpus,ClipPathLetterFilter-Test1.pdf,2,5,10.9,12680584,0,0,0,ok
scanner+form,corpus,ClipPathLetterFilter-Test2.pdf,2,1,6.7,8846976,0,0,0,ok
scanner+form,corpus,ColorIssue.pdf,2,1,33.3,33703448,1,0,0,ok
scanner+form,corpus,DeviceN_CS_test.pdf,2,5,14.6,21865504,0,0,0,ok
scanner+form,corpus,ErcotFacts.pdf,2,2,15.6,13757952,0,0,0,ok
scanner+form,corpus,FICTIF_TABLE_INDEX.pdf,2,5,16.8,15072112,1,0,0,ok
scanner+form,corpus,FarmerMac.pdf,2,5,12.4,13703848,0,0,0,ok
scanner+form,corpus,GHOSTSCRIPT-696171-0.pdf,2,5,10.3,11336200,0,0,0,ok
scanner+form,corpus,GHOSTSCRIPT-697234-0.pdf,2,3,24.8,22678008,0,0,0,ok
scanner+form,corpus,GHOSTSCRIPT-697507-0.pdf,2,1,20.5,7906464,1,1,0,ok
scanner+form,corpus,GHOSTSCRIPT-698721-0.zip-6.pdf,2,2,6.7,7318120,0,0,0,ok
scanner+form,corpus,GHOSTSCRIPT-699035-0.pdf,2,5,41.2,38283312,1,0,0,ok
scanner+form,corpus,GHOSTSCRIPT-699178-0.pdf,2,3,7.4,8420288,0,0,0,ok
scanner+form,corpus,GHOSTSCRIPT-699488-0.pdf,2,1,8.3,8120848,0,0,0,ok
scanner+form,corpus,GHOSTSCRIPT-700125-1.pdf,2,5,12.7,16342112,0,0,0,ok
scanner+form,corpus,GHOSTSCRIPT-700139-0.pdf,2,2,154.7,116343512,4,2,2,ok
scanner+form,corpus,GHOSTSCRIPT-700236-1.pdf,2,5,11.9,13423352,0,0,0,ok
scanner+form,corpus,Gamebook.pdf,2,5,9.7,9354160,0,0,0,ok
scanner+form,corpus,ICML03-081.pdf,2,5,20.2,17359528,0,0,0,ok
scanner+form,corpus,Indexed-DeviceRGB-JPXDecode-0-.0.0.255.0.-Font-F1_1_missing_char_255-1.pdf,2,1,28.3,16976512,0,0,0,ok
scanner+form,corpus,Judgement Document.pdf,2,5,9.7,9128784,0,0,0,ok
scanner+form,corpus,Layer pdf - 322_High_Holborn_building_Brochure.pdf,2,3,57.4,37984920,2,1,1,ok
scanner+form,corpus,MOZILLA-10225-0.pdf,2,5,13.1,23002160,0,0,0,ok
scanner+form,corpus,MOZILLA-10372-2.pdf,2,5,22.1,13162120,1,1,1,ok
scanner+form,corpus,MOZILLA-2775-1.pdf,2,5,17.1,17728064,1,0,0,ok
scanner+form,corpus,MOZILLA-3136-0.pdf,2,4,226.0,217696032,4,2,1,ok
scanner+form,corpus,MOZILLA-7375-0.pdf,2,5,17.2,16131424,0,0,0,ok
scanner+form,corpus,Math119FakingData.pdf,2,5,10.8,9252832,0,0,0,ok
scanner+form,corpus,Motor Insurance claim form.pdf,2,3,116.5,69296144,3,2,2,ok
scanner+form,corpus,Multiple Page - from Mortality Statistics.pdf,2,5,16.7,8267704,1,1,0,ok
scanner+form,corpus,OPEN.RABBIT.ENGLISH.LOP.pdf,2,5,26.3,27777688,1,0,0,ok
scanner+form,corpus,Old Gutnish Internet Explorer.pdf,2,3,20.8,14339640,1,1,1,ok
scanner+form,corpus,P2P-33713919.pdf,2,5,20.1,23006136,1,0,0,ok
scanner+form,corpus,PDFBOX-492-4.jar-8.pdf,2,2,18.0,16856384,0,0,0,ok
scanner+form,corpus,PDFBOX-624-2.pdf,2,5,8.8,11332232,0,0,0,ok
scanner+form,corpus,Pig Production Handbook.pdf,2,5,7.9,11474112,0,0,0,ok
scanner+form,corpus,Publication_of_award_of_Bids_for_Transport_Sector__August_2016.pdf,2,5,16.3,8292128,1,0,0,ok
scanner+form,corpus,Rotation 45.pdf,2,4,21.0,9903328,1,1,1,ok
scanner+form,corpus,SPARC - v9 Architecture Manual.pdf,2,5,80.0,74096288,3,3,1,ok
scanner+form,corpus,SPE8EF26T0545.pdf,2,5,14.7,11430528,1,0,0,ok
scanner+form,corpus,TIKA-1552-0.pdf,2,5,18.6,23550688,0,0,0,ok
scanner+form,corpus,TIKA-2054-0.pdf,2,5,18.5,20740776,0,0,0,ok
scanner+form,corpus,Type0 Font.pdf,2,1,22.5,9790448,1,1,1,ok
scanner+form,corpus,Type0_CJK_Font.pdf,2,5,10.7,3217232,0,0,0,ok
scanner+form,corpus,capas.pdf,2,5,6.1,8008880,0,0,0,ok
scanner+form,corpus,cat-genetics_bobld.pdf,2,1,10.4,7035112,0,0,0,ok
scanner+form,corpus,cmap-parsing-exception.pdf,2,1,17.9,13117104,1,0,0,ok
scanner+form,corpus,dotnet-ai.pdf,2,5,25.7,31622656,1,1,1,ok
scanner+form,corpus,felltypes-test.pdf,2,1,7.6,4979776,0,0,0,ok
scanner+form,corpus,iron-ore-q2-q3-2013.pdf,2,5,29.0,37260528,1,1,1,ok
scanner+form,corpus,issue_671.pdf,2,2,25.8,17974072,2,1,1,ok
scanner+form,corpus,journal.pone.0196757.pdf,2,5,34.3,35518568,1,0,0,ok
scanner+form,corpus,jtehm-melillo-2679746.pdf,2,5,65.1,52873608,1,1,1,ok
scanner+form,corpus,pop-bugzilla37292.pdf,2,4,17.0,7597608,1,0,0,ok
scanner+form,corpus,reference-2-numeric-error.pdf,2,1,8.2,7148368,0,0,0,ok
scanner+form,corpus,ssm2163.pdf,2,5,8.6,10268664,0,0,0,ok
scanner+form,corpus,test-2_so_74165171.pdf,2,1,66.1,42239256,1,1,1,ok
scanner+form,corpus,testPdf-1.pdf,2,2,5.7,5833464,0,0,0,ok
scanner+form,corpus,test_a-5.pdf,2,5,84.0,69777088,2,2,1,ok
scanner+form,corpus,test_a.pdf,2,5,74.7,69777888,2,1,1,ok
scanner+form,corpus,toc.pdf,2,5,4.9,7517384,0,0,0,ok
scanner+form,corpus,type3-font-zero-height.pdf,2,1,9.5,8049072,0,0,0,ok
scanner+form,corpus,0000851.pdf,3,5,192.5,118486016,3,1,1,ok
scanner+form,corpus,11194059_2017-11_de_s.pdf,3,2,48.1,27613864,1,1,0,ok
scanner+form,corpus,2006_Swedish_Touring_Car_Championship.pdf,3,4,6.1,7631512,0,0,0,ok
scanner+form,corpus,2108.11480.pdf,3,5,84.4,74838440,2,1,0,ok
scanner+form,corpus,6.Secrets.to.Startup.Success.PDFDrive.pdf,3,5,23.1,24671144,1,0,0,ok
scanner+form,corpus,68-1990-01_A.pdf,3,5,60.9,44401416,2,1,1,ok
scanner+form,corpus,Approved_Document_B__fire_safety__volume_2_-_Buildings_other_than_dwellings__2019_edition_incorporating_2020_and_2022_amendments.pdf,3,5,47.8,52110344,3,3,2,ok
scanner+form,corpus,ClipPathLetterFilter-Test1.pdf,3,5,11.4,12124648,0,0,0,ok
scanner+form,corpus,ClipPathLetterFilter-Test2.pdf,3,1,7.5,8697888,0,0,0,ok
scanner+form,corpus,ColorIssue.pdf,3,1,41.8,33586656,2,1,1,ok
scanner+form,corpus,DeviceN_CS_test.pdf,3,5,13.5,21540888,0,0,0,ok
scanner+form,corpus,ErcotFacts.pdf,3,2,24.5,13499088,1,1,1,ok
scanner+form,corpus,FICTIF_TABLE_INDEX.pdf,3,5,16.2,14874360,1,0,0,ok
scanner+form,corpus,FarmerMac.pdf,3,5,11.8,13703848,0,0,0,ok
scanner+form,corpus,GHOSTSCRIPT-696171-0.pdf,3,5,9.5,11336200,0,0,0,ok
scanner+form,corpus,GHOSTSCRIPT-697234-0.pdf,3,3,23.2,22678008,0,0,0,ok
scanner+form,corpus,GHOSTSCRIPT-697507-0.pdf,3,1,8.5,7906464,0,0,0,ok
scanner+form,corpus,GHOSTSCRIPT-698721-0.zip-6.pdf,3,2,6.3,7317912,0,0,0,ok
scanner+form,corpus,GHOSTSCRIPT-699035-0.pdf,3,5,57.3,38421176,2,1,1,ok
scanner+form,corpus,GHOSTSCRIPT-699178-0.pdf,3,3,6.9,8420432,0,0,0,ok
scanner+form,corpus,GHOSTSCRIPT-699488-0.pdf,3,1,13.1,8120848,1,0,0,ok
scanner+form,corpus,GHOSTSCRIPT-700125-1.pdf,3,5,12.2,16342320,0,0,0,ok
scanner+form,corpus,GHOSTSCRIPT-700139-0.pdf,3,2,133.4,116212416,4,2,2,ok
scanner+form,corpus,GHOSTSCRIPT-700236-1.pdf,3,5,11.4,13423352,0,0,0,ok
scanner+form,corpus,Gamebook.pdf,3,5,9.2,9354160,0,0,0,ok
scanner+form,corpus,ICML03-081.pdf,3,5,15.3,17359528,0,0,0,ok
scanner+form,corpus,Indexed-DeviceRGB-JPXDecode-0-.0.0.255.0.-Font-F1_1_missing_char_255-1.pdf,3,1,28.9,16976512,0,0,0,ok
scanner+form,corpus,Judgement Document.pdf,3,5,9.4,9128784,0,0,0,ok
scanner+form,corpus,Layer pdf - 322_High_Holborn_building_Brochure.pdf,3,3,42.7,37982272,1,0,0,ok
scanner+form,corpus,MOZILLA-10225-0.pdf,3,5,14.8,22997896,0,0,0,ok
scanner+form,corpus,MOZILLA-10372-2.pdf,3,5,20.9,13031024,1,1,1,ok
scanner+form,corpus,MOZILLA-2775-1.pdf,3,5,16.5,17728064,1,0,0,ok
scanner+form,corpus,MOZILLA-3136-0.pdf,3,4,265.8,217989616,4,2,2,ok
scanner+form,corpus,MOZILLA-7375-0.pdf,3,5,12.8,16131424,0,0,0,ok
scanner+form,corpus,Math119FakingData.pdf,3,5,11.0,9252832,1,0,0,ok
scanner+form,corpus,Motor Insurance claim form.pdf,3,3,88.9,68834792,1,1,1,ok
scanner+form,corpus,Multiple Page - from Mortality Statistics.pdf,3,5,15.0,8267792,1,0,0,ok
scanner+form,corpus,OPEN.RABBIT.ENGLISH.LOP.pdf,3,5,21.5,27777688,0,0,0,ok
scanner+form,corpus,Old Gutnish Internet Explorer.pdf,3,3,11.9,14271136,0,0,0,ok
scanner+form,corpus,P2P-33713919.pdf,3,5,31.5,23005872,1,0,0,ok
scanner+form,corpus,PDFBOX-492-4.jar-8.pdf,3,2,17.9,16856384,0,0,0,ok
scanner+form,corpus,PDFBOX-624-2.pdf,3,5,9.2,11332232,0,0,0,ok
scanner+form,corpus,Pig Production Handbook.pdf,3,5,8.7,11474112,0,0,0,ok
scanner+form,corpus,Publication_of_award_of_Bids_for_Transport_Sector__August_2016.pdf,3,5,26.5,8491576,1,1,1,ok
scanner+form,corpus,Rotation 45.pdf,3,4,13.0,9900072,0,0,0,ok
scanner+form,corpus,SPARC - v9 Architecture Manual.pdf,3,5,66.5,74096024,2,1,1,ok
scanner+form,corpus,SPE8EF26T0545.pdf,3,5,9.0,11430528,0,0,0,ok
scanner+form,corpus,TIKA-1552-0.pdf,3,5,18.5,23550480,0,0,0,ok
scanner+form,corpus,TIKA-2054-0.pdf,3,5,19.4,20740776,0,0,0,ok
scanner+form,corpus,Type0 Font.pdf,3,1,9.1,9722152,0,0,0,ok
scanner+form,corpus,Type0_CJK_Font.pdf,3,5,25.1,3219672,1,1,1,ok
scanner+form,corpus,capas.pdf,3,5,6.1,8009088,0,0,0,ok
scanner+form,corpus,cat-genetics_bobld.pdf,3,1,5.3,7100760,0,0,0,ok
scanner+form,corpus,cmap-parsing-exception.pdf,3,1,18.5,13248200,1,0,0,ok
scanner+form,corpus,dotnet-ai.pdf,3,5,22.5,31622656,1,1,1,ok
scanner+form,corpus,felltypes-test.pdf,3,1,8.1,4979776,0,0,0,ok
scanner+form,corpus,iron-ore-q2-q3-2013.pdf,3,5,37.2,36651240,2,2,1,ok
scanner+form,corpus,issue_671.pdf,3,2,18.7,17910632,0,0,0,ok
scanner+form,corpus,journal.pone.0196757.pdf,3,5,32.8,35448000,1,0,0,ok
scanner+form,corpus,jtehm-melillo-2679746.pdf,3,5,79.2,52874144,2,1,1,ok
scanner+form,corpus,pop-bugzilla37292.pdf,3,4,8.2,7597072,0,0,0,ok
scanner+form,corpus,reference-2-numeric-error.pdf,3,1,8.5,7148160,0,0,0,ok
scanner+form,corpus,ssm2163.pdf,3,5,8.9,10268664,0,0,0,ok
scanner+form,corpus,test-2_so_74165171.pdf,3,1,66.6,42239256,1,1,1,ok
scanner+form,corpus,testPdf-1.pdf,3,2,6.2,5833464,0,0,0,ok
scanner+form,corpus,test_a-5.pdf,3,5,92.5,69777624,3,1,1,ok
scanner+form,corpus,test_a.pdf,3,5,74.3,69644144,1,0,0,ok
scanner+form,corpus,toc.pdf,3,5,5.4,7517328,0,0,0,ok
scanner+form,corpus,type3-font-zero-height.pdf,3,1,22.0,8051720,1,1,1,ok
full-v2,corpus,0000851.pdf,1,5,1127.6,165940248,5,2,2,ok
full-v2,corpus,11194059_2017-11_de_s.pdf,1,2,125.3,27685600,0,0,0,ok
full-v2,corpus,2006_Swedish_Touring_Car_Championship.pdf,1,4,56.1,7846600,1,1,0,ok
full-v2,corpus,2108.11480.pdf,1,5,209.0,75655608,2,1,1,ok
full-v2,corpus,6.Secrets.to.Startup.Success.PDFDrive.pdf,1,5,85.3,24872752,1,1,1,ok
full-v2,corpus,68-1990-01_A.pdf,1,5,209.5,64932712,2,1,1,ok
full-v2,corpus,Approved_Document_B__fire_safety__volume_2_-_Buildings_other_than_dwellings__2019_edition_incorporating_2020_and_2022_amendments.pdf,1,5,110.1,52111088,2,2,2,ok
full-v2,corpus,ClipPathLetterFilter-Test1.pdf,1,5,96.7,41300456,1,0,0,ok
full-v2,corpus,ClipPathLetterFilter-Test2.pdf,1,1,24.7,8847496,0,0,0,ok
full-v2,corpus,ColorIssue.pdf,1,1,103.8,34302648,2,2,2,ok
full-v2,corpus,DeviceN_CS_test.pdf,1,5,60.0,22073984,1,1,1,ok
full-v2,corpus,ErcotFacts.pdf,1,2,56.7,13770104,1,0,0,ok
full-v2,corpus,FICTIF_TABLE_INDEX.pdf,1,5,44.3,15509416,0,0,0,ok
full-v2,corpus,FarmerMac.pdf,1,5,52.1,14093952,0,0,0,ok
full-v2,corpus,GHOSTSCRIPT-696171-0.pdf,1,5,40.5,11333792,0,0,0,ok
full-v2,corpus,GHOSTSCRIPT-697234-0.pdf,1,3,110.2,22813416,1,1,1,ok
full-v2,corpus,GHOSTSCRIPT-697507-0.pdf,1,1,24.2,7976904,0,0,0,ok
full-v2,corpus,GHOSTSCRIPT-698721-0.zip-6.pdf,1,2,22.0,7316296,1,0,0,ok
full-v2,corpus,GHOSTSCRIPT-699035-0.pdf,1,5,161.7,38413656,0,0,0,ok
full-v2,corpus,GHOSTSCRIPT-699178-0.pdf,1,3,23.6,8590208,0,0,0,ok
full-v2,corpus,GHOSTSCRIPT-699488-0.pdf,1,1,33.3,8121904,1,0,0,ok
full-v2,corpus,GHOSTSCRIPT-700125-1.pdf,1,5,64.0,16248752,1,1,1,ok
full-v2,corpus,GHOSTSCRIPT-700139-0.pdf,1,2,441.4,117786192,3,2,1,ok
full-v2,corpus,GHOSTSCRIPT-700236-1.pdf,1,5,46.6,13419120,0,0,0,ok
full-v2,corpus,Gamebook.pdf,1,5,137.8,150810968,8,8,8,ok
full-v2,corpus,ICML03-081.pdf,1,5,62.1,17359632,1,1,0,ok
full-v2,corpus,Indexed-DeviceRGB-JPXDecode-0-.0.0.255.0.-Font-F1_1_missing_char_255-1.pdf,1,1,57.7,16997376,1,0,0,ok
full-v2,corpus,Judgement Document.pdf,1,5,43.6,11060304,1,1,1,ok
full-v2,corpus,Layer pdf - 322_High_Holborn_building_Brochure.pdf,1,3,158.1,38361360,1,0,0,ok
full-v2,corpus,MOZILLA-10225-0.pdf,1,5,34.8,23052184,0,0,0,ok
full-v2,corpus,MOZILLA-10372-2.pdf,1,5,53.2,13451048,1,1,1,ok
full-v2,corpus,MOZILLA-2775-1.pdf,1,5,63.6,17724960,1,0,0,ok
full-v2,corpus,MOZILLA-3136-0.pdf,1,4,767.0,219767000,3,1,1,ok
full-v2,corpus,MOZILLA-7375-0.pdf,1,5,49.9,16129256,0,0,0,ok
full-v2,corpus,Math119FakingData.pdf,1,5,70.4,9250752,1,0,0,ok
full-v2,corpus,Motor Insurance claim form.pdf,1,3,267.2,69802336,3,3,3,ok
full-v2,corpus,Multiple Page - from Mortality Statistics.pdf,1,5,42.1,15938624,1,0,0,ok
full-v2,corpus,OPEN.RABBIT.ENGLISH.LOP.pdf,1,5,44.4,27966000,0,0,0,ok
full-v2,corpus,Old Gutnish Internet Explorer.pdf,1,3,24.6,14914544,0,0,0,ok
full-v2,corpus,P2P-33713919.pdf,1,5,48.0,23173712,1,1,1,ok
full-v2,corpus,PDFBOX-492-4.jar-8.pdf,1,2,53.1,17003712,1,0,0,ok
full-v2,corpus,PDFBOX-624-2.pdf,1,5,18.9,11328496,0,0,0,ok
full-v2,corpus,Pig Production Handbook.pdf,1,5,14.6,11470376,0,0,0,ok
full-v2,corpus,Publication_of_award_of_Bids_for_Transport_Sector__August_2016.pdf,1,5,14.9,8525496,0,0,0,ok
full-v2,corpus,Rotation 45.pdf,1,4,50.5,17693920,1,1,1,ok
full-v2,corpus,SPARC - v9 Architecture Manual.pdf,1,5,200.4,74093520,3,3,1,ok
full-v2,corpus,SPE8EF26T0545.pdf,1,5,14.5,11459984,0,0,0,ok
full-v2,corpus,TIKA-1552-0.pdf,1,5,36.4,23569608,1,0,0,ok
full-v2,corpus,TIKA-2054-0.pdf,1,5,24.8,20715920,0,0,0,ok
full-v2,corpus,Type0 Font.pdf,1,1,21.7,10408336,1,1,1,ok
full-v2,corpus,Type0_CJK_Font.pdf,1,5,58.5,4860120,0,0,0,ok
full-v2,corpus,capas.pdf,1,5,7.8,8260048,0,0,0,ok
full-v2,corpus,cat-genetics_bobld.pdf,1,1,7.9,7035312,0,0,0,ok
full-v2,corpus,cmap-parsing-exception.pdf,1,1,18.8,13352240,0,0,0,ok
full-v2,corpus,dotnet-ai.pdf,1,5,30.1,32306536,1,1,1,ok
full-v2,corpus,felltypes-test.pdf,1,1,14.8,4980720,0,0,0,ok
full-v2,corpus,iron-ore-q2-q3-2013.pdf,1,5,47.5,36771184,1,1,1,ok
full-v2,corpus,issue_671.pdf,1,2,29.6,18471840,1,1,1,ok
full-v2,corpus,journal.pone.0196757.pdf,1,5,58.9,35469520,1,0,0,ok
full-v2,corpus,jtehm-melillo-2679746.pdf,1,5,83.4,52876200,1,1,1,ok
full-v2,corpus,pop-bugzilla37292.pdf,1,4,18.4,7960208,1,0,0,ok
full-v2,corpus,reference-2-numeric-error.pdf,1,1,17.1,7150104,0,0,0,ok
full-v2,corpus,ssm2163.pdf,1,5,19.4,10269936,0,0,0,ok
full-v2,corpus,test-2_so_74165171.pdf,1,1,130.6,42241936,1,1,1,ok
full-v2,corpus,testPdf-1.pdf,1,2,7.1,6058016,0,0,0,ok
full-v2,corpus,test_a-5.pdf,1,5,90.2,70131008,2,1,1,ok
full-v2,corpus,test_a.pdf,1,5,100.9,69213120,2,1,1,ok
full-v2,corpus,toc.pdf,1,5,6.4,7516000,0,0,0,ok
full-v2,corpus,type3-font-zero-height.pdf,1,1,18.4,8055248,0,0,0,ok
full-v2,corpus,0000851.pdf,2,5,311.1,118480344,3,2,1,ok
full-v2,corpus,11194059_2017-11_de_s.pdf,2,2,45.3,27595688,1,0,0,ok
full-v2,corpus,2006_Swedish_Touring_Car_Championship.pdf,2,4,6.9,7845248,0,0,0,ok
full-v2,corpus,2108.11480.pdf,2,5,105.7,75572048,2,2,1,ok
full-v2,corpus,6.Secrets.to.Startup.Success.PDFDrive.pdf,2,5,29.5,24669472,1,0,0,ok
full-v2,corpus,68-1990-01_A.pdf,2,5,44.4,44571360,0,0,0,ok
full-v2,corpus,Approved_Document_B__fire_safety__volume_2_-_Buildings_other_than_dwellings__2019_edition_incorporating_2020_and_2022_amendments.pdf,2,5,60.6,51975816,3,3,2,ok
full-v2,corpus,ClipPathLetterFilter-Test1.pdf,2,5,11.5,12677416,0,0,0,ok
full-v2,corpus,ClipPathLetterFilter-Test2.pdf,2,1,7.3,8847208,0,0,0,ok
full-v2,corpus,ColorIssue.pdf,2,1,42.8,34170328,2,2,2,ok
full-v2,corpus,DeviceN_CS_test.pdf,2,5,15.0,21927240,0,0,0,ok
full-v2,corpus,ErcotFacts.pdf,2,2,23.1,13754904,1,1,0,ok
full-v2,corpus,FICTIF_TABLE_INDEX.pdf,2,5,13.6,15506968,0,0,0,ok
full-v2,corpus,FarmerMac.pdf,2,5,21.6,14227568,1,1,1,ok
full-v2,corpus,GHOSTSCRIPT-696171-0.pdf,2,5,15.9,11402152,1,0,0,ok
full-v2,corpus,GHOSTSCRIPT-697234-0.pdf,2,3,25.1,22673976,0,0,0,ok
full-v2,corpus,GHOSTSCRIPT-697507-0.pdf,2,1,8.7,7903992,0,0,0,ok
full-v2,corpus,GHOSTSCRIPT-698721-0.zip-6.pdf,2,2,6.4,7315512,0,0,0,ok
full-v2,corpus,GHOSTSCRIPT-699035-0.pdf,2,5,44.8,38411448,1,0,0,ok
full-v2,corpus,GHOSTSCRIPT-699178-0.pdf,2,3,7.2,8590200,0,0,0,ok
full-v2,corpus,GHOSTSCRIPT-699488-0.pdf,2,1,8.0,8119672,0,0,0,ok
full-v2,corpus,GHOSTSCRIPT-700125-1.pdf,2,5,13.3,16241400,0,0,0,ok
full-v2,corpus,GHOSTSCRIPT-700139-0.pdf,2,2,154.9,117694448,4,3,2,ok
full-v2,corpus,GHOSTSCRIPT-700236-1.pdf,2,5,11.5,13418376,0,0,0,ok
full-v2,corpus,Gamebook.pdf,2,5,11.0,9352656,1,0,0,ok
full-v2,corpus,ICML03-081.pdf,2,5,16.2,17355600,0,0,0,ok
full-v2,corpus,Indexed-DeviceRGB-JPXDecode-0-.0.0.255.0.-Font-F1_1_missing_char_255-1.pdf,2,1,23.2,16975120,0,0,0,ok
full-v2,corpus,Judgement Document.pdf,2,5,9.1,9126344,0,0,0,ok
full-v2,corpus,Layer pdf - 322_High_Holborn_building_Brochure.pdf,2,3,42.7,37978608,2,1,0,ok
full-v2,corpus,MOZILLA-10225-0.pdf,2,5,13.0,22993912,0,0,0,ok
full-v2,corpus,MOZILLA-10372-2.pdf,2,5,20.3,13029712,1,1,1,ok
full-v2,corpus,MOZILLA-2775-1.pdf,2,5,21.0,17724168,1,0,0,ok
full-v2,corpus,MOZILLA-3136-0.pdf,2,4,220.1,217846984,3,1,1,ok
full-v2,corpus,MOZILLA-7375-0.pdf,2,5,16.9,16128032,0,0,0,ok
full-v2,corpus,Math119FakingData.pdf,2,5,10.9,9249096,0,0,0,ok
full-v2,corpus,Motor Insurance claim form.pdf,2,3,140.2,69161272,3,2,2,ok
full-v2,corpus,Multiple Page - from Mortality Statistics.pdf,2,5,16.5,8263880,1,0,0,ok
full-v2,corpus,OPEN.RABBIT.ENGLISH.LOP.pdf,2,5,20.8,27775992,0,0,0,ok
full-v2,corpus,Old Gutnish Internet Explorer.pdf,2,3,25.6,14337984,1,1,1,ok
full-v2,corpus,P2P-33713919.pdf,2,5,20.1,22998400,1,0,0,ok
full-v2,corpus,PDFBOX-492-4.jar-8.pdf,2,2,18.1,16853616,0,0,0,ok
full-v2,corpus,PDFBOX-624-2.pdf,2,5,9.8,11326656,0,0,0,ok
full-v2,corpus,Pig Production Handbook.pdf,2,5,8.5,11469752,0,0,0,ok
full-v2,corpus,Publication_of_award_of_Bids_for_Transport_Sector__August_2016.pdf,2,5,20.2,8487872,1,1,1,ok
full-v2,corpus,Rotation 45.pdf,2,4,12.7,9895528,0,0,0,ok
full-v2,corpus,SPARC - v9 Architecture Manual.pdf,2,5,69.3,74093064,2,1,1,ok
full-v2,corpus,SPE8EF26T0545.pdf,2,5,9.1,11453240,0,0,0,ok
full-v2,corpus,TIKA-1552-0.pdf,2,5,34.1,23554024,1,1,1,ok
full-v2,corpus,TIKA-2054-0.pdf,2,5,21.2,20777952,1,1,0,ok
full-v2,corpus,Type0 Font.pdf,2,1,8.5,9721816,0,0,0,ok
full-v2,corpus,Type0_CJK_Font.pdf,2,5,10.9,3212680,0,0,0,ok
full-v2,corpus,capas.pdf,2,5,7.3,8006296,1,1,0,ok
full-v2,corpus,cat-genetics_bobld.pdf,2,1,10.8,7029864,0,0,0,ok
full-v2,corpus,cmap-parsing-exception.pdf,2,1,28.4,13316384,1,1,1,ok
full-v2,corpus,dotnet-ai.pdf,2,5,28.7,31616896,1,1,1,ok
full-v2,corpus,felltypes-test.pdf,2,1,9.3,4979760,0,0,0,ok
full-v2,corpus,iron-ore-q2-q3-2013.pdf,2,5,25.1,36511064,1,0,0,ok
full-v2,corpus,issue_671.pdf,2,2,21.9,17837640,0,0,0,ok
full-v2,corpus,journal.pone.0196757.pdf,2,5,44.0,35411040,2,2,0,ok
full-v2,corpus,jtehm-melillo-2679746.pdf,2,5,77.3,52869376,2,1,1,ok
full-v2,corpus,pop-bugzilla37292.pdf,2,4,7.2,7594816,0,0,0,ok
full-v2,corpus,reference-2-numeric-error.pdf,2,1,9.6,7147424,0,0,0,ok
full-v2,corpus,ssm2163.pdf,2,5,18.6,10263256,1,0,0,ok
full-v2,corpus,test-2_so_74165171.pdf,2,1,62.1,42239696,1,1,1,ok
full-v2,corpus,testPdf-1.pdf,2,2,6.5,5833200,0,0,0,ok
full-v2,corpus,test_a-5.pdf,2,5,79.5,69774880,2,2,1,ok
full-v2,corpus,test_a.pdf,2,5,90.1,69251112,3,2,1,ok
full-v2,corpus,toc.pdf,2,5,5.7,7515880,0,0,0,ok
full-v2,corpus,type3-font-zero-height.pdf,2,1,9.5,8049744,0,0,0,ok
full-v2,corpus,0000851.pdf,3,5,199.0,118611320,3,2,1,ok
full-v2,corpus,11194059_2017-11_de_s.pdf,3,2,40.6,27543032,1,0,0,ok
full-v2,corpus,2006_Swedish_Touring_Car_Championship.pdf,3,4,6.7,7629104,0,0,0,ok
full-v2,corpus,2108.11480.pdf,3,5,91.9,74969200,3,2,1,ok
full-v2,corpus,6.Secrets.to.Startup.Success.PDFDrive.pdf,3,5,18.4,24669472,0,0,0,ok
full-v2,corpus,68-1990-01_A.pdf,3,5,78.7,44328120,2,2,1,ok
full-v2,corpus,Approved_Document_B__fire_safety__volume_2_-_Buildings_other_than_dwellings__2019_edition_incorporating_2020_and_2022_amendments.pdf,3,5,40.3,52104976,1,1,1,ok
full-v2,corpus,ClipPathLetterFilter-Test1.pdf,3,5,20.4,12255832,1,1,1,ok
full-v2,corpus,ClipPathLetterFilter-Test2.pdf,3,1,6.7,8698328,0,0,0,ok
full-v2,corpus,ColorIssue.pdf,3,1,44.0,33920328,2,2,2,ok
full-v2,corpus,DeviceN_CS_test.pdf,3,5,14.1,21536384,0,0,0,ok
full-v2,corpus,ErcotFacts.pdf,3,2,13.4,13362208,0,0,0,ok
full-v2,corpus,FICTIF_TABLE_INDEX.pdf,3,5,18.0,14804760,1,0,0,ok
full-v2,corpus,FarmerMac.pdf,3,5,12.8,13700392,0,0,0,ok
full-v2,corpus,GHOSTSCRIPT-696171-0.pdf,3,5,9.7,11332208,0,0,0,ok
full-v2,corpus,GHOSTSCRIPT-697234-0.pdf,3,3,35.1,22673768,1,1,0,ok
full-v2,corpus,GHOSTSCRIPT-697507-0.pdf,3,1,8.2,7904200,0,0,0,ok
full-v2,corpus,GHOSTSCRIPT-698721-0.zip-6.pdf,3,2,19.4,7453464,1,1,1,ok
full-v2,corpus,GHOSTSCRIPT-699035-0.pdf,3,5,41.8,38477272,1,0,0,ok
full-v2,corpus,GHOSTSCRIPT-699178-0.pdf,3,3,7.1,8418072,0,0,0,ok
full-v2,corpus,GHOSTSCRIPT-699488-0.pdf,3,1,7.4,8119672,0,0,0,ok
full-v2,corpus,GHOSTSCRIPT-700125-1.pdf,3,5,13.1,16241400,0,0,0,ok
full-v2,corpus,GHOSTSCRIPT-700139-0.pdf,3,2,147.1,116366944,3,2,2,ok
full-v2,corpus,GHOSTSCRIPT-700236-1.pdf,3,5,11.2,13418376,0,0,0,ok
full-v2,corpus,Gamebook.pdf,3,5,15.8,9352656,1,0,0,ok
full-v2,corpus,ICML03-081.pdf,3,5,16.8,17355688,0,0,0,ok
full-v2,corpus,Indexed-DeviceRGB-JPXDecode-0-.0.0.255.0.-Font-F1_1_missing_char_255-1.pdf,3,1,24.0,16975120,0,0,0,ok
full-v2,corpus,Judgement Document.pdf,3,5,6.9,9126344,0,0,0,ok
full-v2,corpus,Layer pdf - 322_High_Holborn_building_Brochure.pdf,3,3,39.0,37978608,0,0,0,ok
full-v2,corpus,MOZILLA-10225-0.pdf,3,5,35.3,23000560,1,1,1,ok
full-v2,corpus,MOZILLA-10372-2.pdf,3,5,10.1,13027184,0,0,0,ok
full-v2,corpus,MOZILLA-2775-1.pdf,3,5,18.6,17719840,1,0,0,ok
full-v2,corpus,MOZILLA-3136-0.pdf,3,4,285.6,218009560,5,2,2,ok
full-v2,corpus,MOZILLA-7375-0.pdf,3,5,14.4,16128032,0,0,0,ok
full-v2,corpus,Math119FakingData.pdf,3,5,11.2,9249096,0,0,0,ok
full-v2,corpus,Motor Insurance claim form.pdf,3,3,130.1,68830720,3,2,1,ok
full-v2,corpus,Multiple Page - from Mortality Statistics.pdf,3,5,6.7,8263448,0,0,0,ok
full-v2,corpus,OPEN.RABBIT.ENGLISH.LOP.pdf,3,5,30.9,27775784,1,0,0,ok
full-v2,corpus,Old Gutnish Internet Explorer.pdf,3,3,25.0,14338192,1,1,1,ok
full-v2,corpus,P2P-33713919.pdf,3,5,13.6,22998400,0,0,0,ok
full-v2,corpus,PDFBOX-492-4.jar-8.pdf,3,2,28.5,16853408,1,0,0,ok
full-v2,corpus,PDFBOX-624-2.pdf,3,5,9.9,11326864,0,0,0,ok
full-v2,corpus,Pig Production Handbook.pdf,3,5,9.2,11469752,0,0,0,ok
full-v2,corpus,Publication_of_award_of_Bids_for_Transport_Sector__August_2016.pdf,3,5,7.4,8288424,0,0,0,ok
full-v2,corpus,Rotation 45.pdf,3,4,26.1,10029152,1,1,1,ok
full-v2,corpus,SPARC - v9 Architecture Manual.pdf,3,5,77.5,74093328,3,2,1,ok
full-v2,corpus,SPE8EF26T0545.pdf,3,5,9.3,11453240,0,0,0,ok
full-v2,corpus,TIKA-1552-0.pdf,3,5,33.8,23554024,1,1,1,ok
full-v2,corpus,TIKA-2054-0.pdf,3,5,18.5,20909048,0,0,0,ok
full-v2,corpus,Type0 Font.pdf,3,1,8.8,9721608,0,0,0,ok
full-v2,corpus,Type0_CJK_Font.pdf,3,5,12.2,3212680,1,0,0,ok
full-v2,corpus,capas.pdf,3,5,5.7,8006504,0,0,0,ok
full-v2,corpus,cat-genetics_bobld.pdf,3,1,5.4,7029656,0,0,0,ok
full-v2,corpus,cmap-parsing-exception.pdf,3,1,28.4,13316384,1,1,1,ok
full-v2,corpus,dotnet-ai.pdf,3,5,24.7,31616896,1,1,1,ok
full-v2,corpus,felltypes-test.pdf,3,1,8.2,4979760,0,0,0,ok
full-v2,corpus,iron-ore-q2-q3-2013.pdf,3,5,23.3,36511064,1,0,0,ok
full-v2,corpus,issue_671.pdf,3,2,20.4,17837640,0,0,0,ok
full-v2,corpus,journal.pone.0196757.pdf,3,5,36.6,35411040,1,0,0,ok
full-v2,corpus,jtehm-melillo-2679746.pdf,3,5,65.6,52869376,1,1,1,ok
full-v2,corpus,pop-bugzilla37292.pdf,3,4,6.9,7594816,0,0,0,ok
full-v2,corpus,reference-2-numeric-error.pdf,3,1,9.1,7147424,0,0,0,ok
full-v2,corpus,ssm2163.pdf,3,5,22.0,10263256,1,0,0,ok
full-v2,corpus,test-2_so_74165171.pdf,3,1,60.1,42239696,1,1,1,ok
full-v2,corpus,testPdf-1.pdf,3,2,18.7,5966944,1,1,1,ok
full-v2,corpus,test_a-5.pdf,3,5,69.4,69772776,1,0,0,ok
full-v2,corpus,test_a.pdf,3,5,83.7,69775424,2,1,1,ok
full-v2,corpus,toc.pdf,3,5,5.7,7515824,0,0,0,ok
full-v2,corpus,type3-font-zero-height.pdf,3,1,26.6,8052392,1,1,1,ok
baseline,corpus,0000851.pdf,1,5,1352.8,170032624,5,2,2,ok
baseline,corpus,11194059_2017-11_de_s.pdf,1,2,163.6,27690248,0,0,0,ok
baseline,corpus,2006_Swedish_Touring_Car_Championship.pdf,1,4,60.4,7884680,1,1,0,ok
baseline,corpus,2108.11480.pdf,1,5,238.0,76962784,2,1,1,ok
baseline,corpus,6.Secrets.to.Startup.Success.PDFDrive.pdf,1,5,121.3,24746568,1,1,1,ok
baseline,corpus,68-1990-01_A.pdf,1,5,292.3,64938000,2,1,1,ok
baseline,corpus,Approved_Document_B__fire_safety__volume_2_-_Buildings_other_than_dwellings__2019_edition_incorporating_2020_and_2022_amendments.pdf,1,5,129.7,52520632,2,2,2,ok
baseline,corpus,ClipPathLetterFilter-Test1.pdf,1,5,100.8,41327672,1,0,0,ok
baseline,corpus,ClipPathLetterFilter-Test2.pdf,1,1,27.4,8847088,0,0,0,ok
baseline,corpus,ColorIssue.pdf,1,1,117.9,34607296,2,2,2,ok
baseline,corpus,DeviceN_CS_test.pdf,1,5,66.7,22232120,1,1,1,ok
baseline,corpus,ErcotFacts.pdf,1,2,60.7,14129536,1,0,0,ok
baseline,corpus,FICTIF_TABLE_INDEX.pdf,1,5,49.0,15510952,0,0,0,ok
baseline,corpus,FarmerMac.pdf,1,5,58.4,14125848,0,0,0,ok
baseline,corpus,GHOSTSCRIPT-696171-0.pdf,1,5,55.0,11351304,0,0,0,ok
baseline,corpus,GHOSTSCRIPT-697234-0.pdf,1,3,128.4,22891280,1,1,1,ok
baseline,corpus,GHOSTSCRIPT-697507-0.pdf,1,1,48.8,8070968,0,0,0,ok
baseline,corpus,GHOSTSCRIPT-698721-0.zip-6.pdf,1,2,36.2,7741856,1,0,0,ok
baseline,corpus,GHOSTSCRIPT-699035-0.pdf,1,5,206.0,38415736,0,0,0,ok
baseline,corpus,GHOSTSCRIPT-699178-0.pdf,1,3,21.3,8633920,0,0,0,ok
baseline,corpus,GHOSTSCRIPT-699488-0.pdf,1,1,32.4,8128088,1,0,0,ok
baseline,corpus,GHOSTSCRIPT-700125-1.pdf,1,5,51.8,17647608,1,1,1,ok
baseline,corpus,GHOSTSCRIPT-700139-0.pdf,1,2,311.8,117737968,3,2,1,ok
baseline,corpus,GHOSTSCRIPT-700236-1.pdf,1,5,37.3,13572832,1,0,0,ok
baseline,corpus,Gamebook.pdf,1,5,117.6,150825632,8,8,8,ok
baseline,corpus,ICML03-081.pdf,1,5,55.4,17385424,1,1,0,ok
baseline,corpus,Indexed-DeviceRGB-JPXDecode-0-.0.0.255.0.-Font-F1_1_missing_char_255-1.pdf,1,1,43.7,17086288,0,0,0,ok
baseline,corpus,Judgement Document.pdf,1,5,33.5,11061656,1,1,1,ok
baseline,corpus,Layer pdf - 322_High_Holborn_building_Brochure.pdf,1,3,62.7,38364496,1,0,0,ok
baseline,corpus,MOZILLA-10225-0.pdf,1,5,27.5,23121080,0,0,0,ok
baseline,corpus,MOZILLA-10372-2.pdf,1,5,38.8,13451656,1,1,1,ok
baseline,corpus,MOZILLA-2775-1.pdf,1,5,39.9,17809208,1,0,0,ok
baseline,corpus,MOZILLA-3136-0.pdf,1,4,493.2,219851840,3,1,1,ok
baseline,corpus,MOZILLA-7375-0.pdf,1,5,30.1,16128824,0,0,0,ok
baseline,corpus,Math119FakingData.pdf,1,5,54.2,9332480,1,1,0,ok
baseline,corpus,Motor Insurance claim form.pdf,1,3,181.1,69903792,3,3,3,ok
baseline,corpus,Multiple Page - from Mortality Statistics.pdf,1,5,45.4,15965288,1,0,0,ok
baseline,corpus,OPEN.RABBIT.ENGLISH.LOP.pdf,1,5,47.4,27964176,0,0,0,ok
baseline,corpus,Old Gutnish Internet Explorer.pdf,1,3,30.6,14921848,0,0,0,ok
baseline,corpus,P2P-33713919.pdf,1,5,61.3,23234448,1,1,1,ok
baseline,corpus,PDFBOX-492-4.jar-8.pdf,1,2,61.3,17072408,1,0,0,ok
baseline,corpus,PDFBOX-624-2.pdf,1,5,22.8,11353640,0,0,0,ok
baseline,corpus,Pig Production Handbook.pdf,1,5,17.2,11661096,0,0,0,ok
baseline,corpus,Publication_of_award_of_Bids_for_Transport_Sector__August_2016.pdf,1,5,23.0,8528320,0,0,0,ok
baseline,corpus,Rotation 45.pdf,1,4,69.0,17817688,2,1,1,ok
baseline,corpus,SPARC - v9 Architecture Manual.pdf,1,5,261.1,108712184,5,3,1,ok
baseline,corpus,SPE8EF26T0545.pdf,1,5,21.3,11406696,0,0,0,ok
baseline,corpus,TIKA-1552-0.pdf,1,5,48.8,23572216,0,0,0,ok
baseline,corpus,TIKA-2054-0.pdf,1,5,59.6,23587104,0,0,0,ok
baseline,corpus,Type0 Font.pdf,1,1,37.8,10409272,1,1,1,ok
baseline,corpus,Type0_CJK_Font.pdf,1,5,108.9,4918176,0,0,0,ok
baseline,corpus,capas.pdf,1,5,14.5,8295872,0,0,0,ok
baseline,corpus,cat-genetics_bobld.pdf,1,1,15.2,7030904,1,0,0,ok
baseline,corpus,cmap-parsing-exception.pdf,1,1,38.6,13350112,0,0,0,ok
baseline,corpus,dotnet-ai.pdf,1,5,39.5,32510224,1,1,1,ok
baseline,corpus,felltypes-test.pdf,1,1,20.2,4980560,0,0,0,ok
baseline,corpus,iron-ore-q2-q3-2013.pdf,1,5,70.2,36776392,2,2,2,ok
baseline,corpus,issue_671.pdf,1,2,26.7,18534640,0,0,0,ok
baseline,corpus,journal.pone.0196757.pdf,1,5,69.6,35712656,2,1,0,ok
baseline,corpus,jtehm-melillo-2679746.pdf,1,5,108.8,53034808,2,2,1,ok
baseline,corpus,pop-bugzilla37292.pdf,1,4,12.7,7989192,0,0,0,ok
baseline,corpus,reference-2-numeric-error.pdf,1,1,19.8,7196176,0,0,0,ok
baseline,corpus,ssm2163.pdf,1,5,27.9,10627264,1,0,0,ok
baseline,corpus,test-2_so_74165171.pdf,1,1,146.2,42242168,1,1,1,ok
baseline,corpus,testPdf-1.pdf,1,2,8.0,6061048,0,0,0,ok
baseline,corpus,test_a-5.pdf,1,5,123.0,70170024,2,1,1,ok
baseline,corpus,test_a.pdf,1,5,134.7,69252136,3,2,1,ok
baseline,corpus,toc.pdf,1,5,6.6,7514624,0,0,0,ok
baseline,corpus,type3-font-zero-height.pdf,1,1,28.5,8061768,1,1,0,ok
baseline,corpus,0000851.pdf,2,5,342.2,122572576,4,2,1,ok
baseline,corpus,11194059_2017-11_de_s.pdf,2,2,29.8,27600336,0,0,0,ok
baseline,corpus,2006_Swedish_Touring_Car_Championship.pdf,2,4,25.0,7883120,1,0,0,ok
baseline,corpus,2108.11480.pdf,2,5,98.4,76879320,2,2,1,ok
baseline,corpus,6.Secrets.to.Startup.Success.PDFDrive.pdf,2,5,26.4,24674384,1,0,0,ok
baseline,corpus,68-1990-01_A.pdf,2,5,77.8,44576648,1,1,0,ok
baseline,corpus,Approved_Document_B__fire_safety__volume_2_-_Buildings_other_than_dwellings__2019_edition_incorporating_2020_and_2022_amendments.pdf,2,5,62.0,52385568,3,3,2,ok
baseline,corpus,ClipPathLetterFilter-Test1.pdf,2,5,21.7,12863608,1,1,1,ok
baseline,corpus,ClipPathLetterFilter-Test2.pdf,2,1,7.9,8847064,0,0,0,ok
baseline,corpus,ColorIssue.pdf,2,1,46.7,34343728,2,2,2,ok
baseline,corpus,DeviceN_CS_test.pdf,2,5,26.3,22084840,1,1,0,ok
baseline,corpus,ErcotFacts.pdf,2,2,18.5,14114544,0,0,0,ok
baseline,corpus,FICTIF_TABLE_INDEX.pdf,2,5,17.8,15507248,1,0,0,ok
baseline,corpus,FarmerMac.pdf,2,5,21.5,14125840,1,1,0,ok
baseline,corpus,GHOSTSCRIPT-696171-0.pdf,2,5,11.2,11349928,0,0,0,ok
baseline,corpus,GHOSTSCRIPT-697234-0.pdf,2,3,45.1,22885096,2,1,1,ok
baseline,corpus,GHOSTSCRIPT-697507-0.pdf,2,1,9.6,8068088,0,0,0,ok
baseline,corpus,GHOSTSCRIPT-698721-0.zip-6.pdf,2,2,7.0,7741072,0,0,0,ok
baseline,corpus,GHOSTSCRIPT-699035-0.pdf,2,5,37.7,38413528,0,0,0,ok
baseline,corpus,GHOSTSCRIPT-699178-0.pdf,2,3,10.0,8609080,0,0,0,ok
baseline,corpus,GHOSTSCRIPT-699488-0.pdf,2,1,10.6,8125856,0,0,0,ok
baseline,corpus,GHOSTSCRIPT-700125-1.pdf,2,5,19.8,17640256,0,0,0,ok
baseline,corpus,GHOSTSCRIPT-700139-0.pdf,2,2,162.1,117515336,5,3,2,ok
baseline,corpus,GHOSTSCRIPT-700236-1.pdf,2,5,11.5,13572088,0,0,0,ok
baseline,corpus,Gamebook.pdf,2,5,12.0,9367112,1,0,0,ok
baseline,corpus,ICML03-081.pdf,2,5,16.7,17381392,0,0,0,ok
baseline,corpus,Indexed-DeviceRGB-JPXDecode-0-.0.0.255.0.-Font-F1_1_missing_char_255-1.pdf,2,1,24.8,17064032,0,0,0,ok
baseline,corpus,Judgement Document.pdf,2,5,15.1,9127904,1,0,0,ok
baseline,corpus,Layer pdf - 322_High_Holborn_building_Brochure.pdf,2,3,41.3,37984600,1,1,1,ok
baseline,corpus,MOZILLA-10225-0.pdf,2,5,22.2,23204656,1,1,1,ok
baseline,corpus,MOZILLA-10372-2.pdf,2,5,9.9,13027792,0,0,0,ok
baseline,corpus,MOZILLA-2775-1.pdf,2,5,15.8,17804088,1,0,0,ok
baseline,corpus,MOZILLA-3136-0.pdf,2,4,285.6,217767936,3,1,1,ok
baseline,corpus,MOZILLA-7375-0.pdf,2,5,14.0,16127600,0,0,0,ok
baseline,corpus,Math119FakingData.pdf,2,5,8.1,9330824,0,0,0,ok
baseline,corpus,Motor Insurance claim form.pdf,2,3,112.0,68934912,3,3,2,ok
baseline,corpus,Multiple Page - from Mortality Statistics.pdf,2,5,16.5,8421848,1,0,0,ok
baseline,corpus,OPEN.RABBIT.ENGLISH.LOP.pdf,2,5,21.1,27774264,0,0,0,ok
baseline,corpus,Old Gutnish Internet Explorer.pdf,2,3,12.1,14276992,0,0,0,ok
baseline,corpus,P2P-33713919.pdf,2,5,30.1,23058872,1,0,0,ok
baseline,corpus,PDFBOX-492-4.jar-8.pdf,2,2,19.8,16922312,0,0,0,ok
baseline,corpus,PDFBOX-624-2.pdf,2,5,10.1,11351800,0,0,0,ok
baseline,corpus,Pig Production Handbook.pdf,2,5,9.8,11660472,0,0,0,ok
baseline,corpus,Publication_of_award_of_Bids_for_Transport_Sector__August_2016.pdf,2,5,27.3,8490696,1,1,1,ok
baseline,corpus,Rotation 45.pdf,2,4,14.8,10018776,0,0,0,ok
baseline,corpus,SPARC - v9 Architecture Manual.pdf,2,5,99.7,108711728,5,2,1,ok
baseline,corpus,SPE8EF26T0545.pdf,2,5,11.2,11399952,0,0,0,ok
baseline,corpus,TIKA-1552-0.pdf,2,5,21.2,23549776,1,0,0,ok
baseline,corpus,TIKA-2054-0.pdf,2,5,26.8,23583728,1,1,0,ok
baseline,corpus,Type0 Font.pdf,2,1,16.4,9791048,2,1,1,ok
baseline,corpus,Type0_CJK_Font.pdf,2,5,11.3,3271000,0,0,0,ok
baseline,corpus,capas.pdf,2,5,6.3,8042120,0,0,0,ok
baseline,corpus,cat-genetics_bobld.pdf,2,1,8.2,7029368,1,0,0,ok
baseline,corpus,cmap-parsing-exception.pdf,2,1,17.9,13114864,0,0,0,ok
baseline,corpus,dotnet-ai.pdf,2,5,29.1,31820320,1,1,1,ok
baseline,corpus,felltypes-test.pdf,2,1,8.4,4979600,0,0,0,ok
baseline,corpus,iron-ore-q2-q3-2013.pdf,2,5,29.7,37190928,1,1,1,ok
baseline,corpus,issue_671.pdf,2,2,35.1,17904824,2,1,1,ok
baseline,corpus,journal.pone.0196757.pdf,2,5,36.2,35757248,1,0,0,ok
baseline,corpus,jtehm-melillo-2679746.pdf,2,5,83.2,52896888,2,2,1,ok
baseline,corpus,pop-bugzilla37292.pdf,2,4,7.9,7754896,0,0,0,ok
baseline,corpus,reference-2-numeric-error.pdf,2,1,8.9,7193704,0,0,0,ok
baseline,corpus,ssm2163.pdf,2,5,15.1,10620584,1,0,0,ok
baseline,corpus,test-2_so_74165171.pdf,2,1,73.5,41195048,1,1,1,ok
baseline,corpus,testPdf-1.pdf,2,2,5.8,5836232,0,0,0,ok
baseline,corpus,test_a-5.pdf,2,5,87.4,69814176,2,1,1,ok
baseline,corpus,test_a.pdf,2,5,90.0,69811792,2,1,0,ok
baseline,corpus,toc.pdf,2,5,5.3,7514448,0,0,0,ok
baseline,corpus,type3-font-zero-height.pdf,2,1,21.5,8058912,1,1,1,ok
baseline,corpus,0000851.pdf,3,5,218.0,122540920,2,0,0,ok
baseline,corpus,11194059_2017-11_de_s.pdf,3,2,22.5,27547624,0,0,0,ok
baseline,corpus,2006_Swedish_Touring_Car_Championship.pdf,3,4,6.9,7666976,0,0,0,ok
baseline,corpus,2108.11480.pdf,3,5,85.0,76275840,3,2,1,ok
baseline,corpus,6.Secrets.to.Startup.Success.PDFDrive.pdf,3,5,40.9,24674384,1,1,0,ok
baseline,corpus,68-1990-01_A.pdf,3,5,68.4,44333616,2,1,1,ok
baseline,corpus,Approved_Document_B__fire_safety__volume_2_-_Buildings_other_than_dwellings__2019_edition_incorporating_2020_and_2022_amendments.pdf,3,5,52.9,52383944,2,1,1,ok
baseline,corpus,ClipPathLetterFilter-Test1.pdf,3,5,10.2,12173320,0,0,0,ok
baseline,corpus,ClipPathLetterFilter-Test2.pdf,3,1,6.7,8697712,0,0,0,ok
baseline,corpus,ColorIssue.pdf,3,1,45.7,34356224,2,2,2,ok
baseline,corpus,DeviceN_CS_test.pdf,3,5,14.0,21694368,0,0,0,ok
baseline,corpus,ErcotFacts.pdf,3,2,19.4,13721640,1,0,0,ok
baseline,corpus,FICTIF_TABLE_INDEX.pdf,3,5,13.9,14806504,0,0,0,ok
baseline,corpus,FarmerMac.pdf,3,5,13.6,13732080,0,0,0,ok
baseline,corpus,GHOSTSCRIPT-696171-0.pdf,3,5,21.7,11349720,1,1,0,ok
baseline,corpus,GHOSTSCRIPT-697234-0.pdf,3,3,29.6,22751840,1,0,0,ok
baseline,corpus,GHOSTSCRIPT-697507-0.pdf,3,1,9.6,7998264,0,0,0,ok
baseline,corpus,GHOSTSCRIPT-698721-0.zip-6.pdf,3,2,18.3,7879024,1,1,1,ok
baseline,corpus,GHOSTSCRIPT-699035-0.pdf,3,5,44.4,38479352,1,0,0,ok
baseline,corpus,GHOSTSCRIPT-699178-0.pdf,3,3,7.6,8437160,0,0,0,ok
baseline,corpus,GHOSTSCRIPT-699488-0.pdf,3,1,7.7,8125856,0,0,0,ok
baseline,corpus,GHOSTSCRIPT-700125-1.pdf,3,5,26.1,17640256,1,0,0,ok
baseline,corpus,GHOSTSCRIPT-700139-0.pdf,3,2,143.3,116185464,4,2,1,ok
baseline,corpus,GHOSTSCRIPT-700236-1.pdf,3,5,11.7,13572088,0,0,0,ok
baseline,corpus,Gamebook.pdf,3,5,12.7,9367112,1,0,0,ok
baseline,corpus,ICML03-081.pdf,3,5,17.3,17381392,0,0,0,ok
baseline,corpus,Indexed-DeviceRGB-JPXDecode-0-.0.0.255.0.-Font-F1_1_missing_char_255-1.pdf,3,1,24.4,17064032,0,0,0,ok
baseline,corpus,Judgement Document.pdf,3,5,8.3,9127904,1,0,0,ok
baseline,corpus,Layer pdf - 322_High_Holborn_building_Brochure.pdf,3,3,55.4,37984600,2,1,1,ok
baseline,corpus,MOZILLA-10225-0.pdf,3,5,15.1,23067072,0,0,0,ok
baseline,corpus,MOZILLA-10372-2.pdf,3,5,22.0,13030320,1,1,1,ok
baseline,corpus,MOZILLA-2775-1.pdf,3,5,17.7,17808416,1,0,0,ok
baseline,corpus,MOZILLA-3136-0.pdf,3,4,264.9,217799416,6,3,2,ok
baseline,corpus,MOZILLA-7375-0.pdf,3,5,22.3,16127600,1,0,0,ok
baseline,corpus,Math119FakingData.pdf,3,5,8.3,9331032,0,0,0,ok
baseline,corpus,Motor Insurance claim form.pdf,3,3,99.4,68929528,1,0,0,ok
baseline,corpus,Multiple Page - from Mortality Statistics.pdf,3,5,6.6,8224528,0,0,0,ok
baseline,corpus,OPEN.RABBIT.ENGLISH.LOP.pdf,3,5,25.2,27511888,0,0,0,ok
baseline,corpus,Old Gutnish Internet Explorer.pdf,3,3,16.3,14276992,0,0,0,ok
baseline,corpus,P2P-33713919.pdf,3,5,40.9,23057400,1,1,1,ok
baseline,corpus,PDFBOX-492-4.jar-8.pdf,3,2,27.6,16992136,1,0,0,ok
baseline,corpus,PDFBOX-624-2.pdf,3,5,9.2,11352008,0,0,0,ok
baseline,corpus,Pig Production Handbook.pdf,3,5,8.4,11660472,0,0,0,ok
baseline,corpus,Publication_of_award_of_Bids_for_Transport_Sector__August_2016.pdf,3,5,7.0,8291248,0,0,0,ok
baseline,corpus,Rotation 45.pdf,3,4,22.2,10019088,1,0,0,ok
baseline,corpus,SPARC - v9 Architecture Manual.pdf,3,5,70.5,108578192,0,0,0,ok
baseline,corpus,SPE8EF26T0545.pdf,3,5,11.1,11399688,0,0,0,ok
baseline,corpus,TIKA-1552-0.pdf,3,5,25.0,23480008,0,0,0,ok
baseline,corpus,TIKA-2054-0.pdf,3,5,47.9,23786944,1,1,1,ok
baseline,corpus,Type0 Font.pdf,3,1,10.4,9722896,1,0,0,ok
baseline,corpus,Type0_CJK_Font.pdf,3,5,8.5,3270944,0,0,0,ok
baseline,corpus,capas.pdf,3,5,5.9,8042120,0,0,0,ok
baseline,corpus,cat-genetics_bobld.pdf,3,1,5.4,7025248,0,0,0,ok
baseline,corpus,cmap-parsing-exception.pdf,3,1,17.3,13114656,1,0,0,ok
baseline,corpus,dotnet-ai.pdf,3,5,29.6,31820528,1,1,1,ok
baseline,corpus,felltypes-test.pdf,3,1,7.9,4979600,0,0,0,ok
baseline,corpus,iron-ore-q2-q3-2013.pdf,3,5,21.8,36514592,1,0,0,ok
baseline,corpus,issue_671.pdf,3,2,20.2,17902120,0,0,0,ok
baseline,corpus,journal.pone.0196757.pdf,3,5,40.4,35654384,1,0,0,ok
baseline,corpus,jtehm-melillo-2679746.pdf,3,5,77.1,53032472,2,1,1,ok
baseline,corpus,pop-bugzilla37292.pdf,3,4,7.7,7623120,0,0,0,ok
baseline,corpus,reference-2-numeric-error.pdf,3,1,9.3,7193704,0,0,0,ok
baseline,corpus,ssm2163.pdf,3,5,9.5,10616776,0,0,0,ok
baseline,corpus,test-2_so_74165171.pdf,3,1,68.6,41192344,1,0,0,ok
baseline,corpus,testPdf-1.pdf,3,2,5.9,5704840,0,0,0,ok
baseline,corpus,test_a-5.pdf,3,5,83.9,69814176,2,1,1,ok
baseline,corpus,test_a.pdf,3,5,89.2,69680696,2,1,0,ok
baseline,corpus,toc.pdf,3,5,6.6,7514448,0,0,0,ok
baseline,corpus,type3-font-zero-height.pdf,3,1,10.5,8056264,0,0,0,ok
scanner+form,corpus,0000851.pdf,1,5,1123.1,165946528,5,2,2,ok
scanner+form,corpus,11194059_2017-11_de_s.pdf,1,2,137.3,27690872,1,1,0,ok
scanner+form,corpus,2006_Swedish_Touring_Car_Championship.pdf,1,4,30.2,7849216,0,0,0,ok
scanner+form,corpus,2108.11480.pdf,1,5,190.0,75683240,2,1,1,ok
scanner+form,corpus,6.Secrets.to.Startup.Success.PDFDrive.pdf,1,5,86.8,24878544,2,1,1,ok
scanner+form,corpus,68-1990-01_A.pdf,1,5,200.8,64940240,2,1,1,ok
scanner+form,corpus,Approved_Document_B__fire_safety__volume_2_-_Buildings_other_than_dwellings__2019_edition_incorporating_2020_and_2022_amendments.pdf,1,5,109.5,52114776,3,2,2,ok
scanner+form,corpus,ClipPathLetterFilter-Test1.pdf,1,5,85.4,41278272,0,0,0,ok
scanner+form,corpus,ClipPathLetterFilter-Test2.pdf,1,1,23.0,8847264,0,0,0,ok
scanner+form,corpus,ColorIssue.pdf,1,1,96.2,34303472,2,2,2,ok
scanner+form,corpus,DeviceN_CS_test.pdf,1,5,56.8,22078488,1,1,1,ok
scanner+form,corpus,ErcotFacts.pdf,1,2,45.2,13773152,1,0,0,ok
scanner+form,corpus,FICTIF_TABLE_INDEX.pdf,1,5,41.3,15513192,0,0,0,ok
scanner+form,corpus,FarmerMac.pdf,1,5,48.5,14097408,0,0,0,ok
scanner+form,corpus,GHOSTSCRIPT-696171-0.pdf,1,5,51.9,11475648,1,1,1,ok
scanner+form,corpus,GHOSTSCRIPT-697234-0.pdf,1,3,98.5,22684176,1,0,0,ok
scanner+form,corpus,GHOSTSCRIPT-697507-0.pdf,1,1,21.0,7975200,0,0,0,ok
scanner+form,corpus,GHOSTSCRIPT-698721-0.zip-6.pdf,1,2,18.0,7318696,0,0,0,ok
scanner+form,corpus,GHOSTSCRIPT-699035-0.pdf,1,5,156.4,38416408,0,0,0,ok
scanner+form,corpus,GHOSTSCRIPT-699178-0.pdf,1,3,24.7,8592424,0,0,0,ok
scanner+form,corpus,GHOSTSCRIPT-699488-0.pdf,1,1,39.0,8125040,1,1,1,ok
scanner+form,corpus,GHOSTSCRIPT-700125-1.pdf,1,5,45.9,16347504,0,0,0,ok
scanner+form,corpus,GHOSTSCRIPT-700139-0.pdf,1,2,371.5,117762336,4,1,1,ok
scanner+form,corpus,GHOSTSCRIPT-700236-1.pdf,1,5,46.1,13424096,0,0,0,ok
scanner+form,corpus,Gamebook.pdf,1,5,139.7,150812472,8,8,8,ok
scanner+form,corpus,ICML03-081.pdf,1,5,59.0,17363768,1,1,0,ok
scanner+form,corpus,Indexed-DeviceRGB-JPXDecode-0-.0.0.255.0.-Font-F1_1_missing_char_255-1.pdf,1,1,57.3,16998768,1,1,0,ok
scanner+form,corpus,Judgement Document.pdf,1,5,36.2,11062744,1,1,1,ok
scanner+form,corpus,Layer pdf - 322_High_Holborn_building_Brochure.pdf,1,3,142.8,38365024,1,0,0,ok
scanner+form,corpus,MOZILLA-10225-0.pdf,1,5,31.4,23056168,0,0,0,ok
scanner+form,corpus,MOZILLA-10372-2.pdf,1,5,47.8,13452360,1,1,1,ok
scanner+form,corpus,MOZILLA-2775-1.pdf,1,5,56.7,17728856,1,0,0,ok
scanner+form,corpus,MOZILLA-3136-0.pdf,1,4,719.2,219878240,3,1,1,ok
scanner+form,corpus,MOZILLA-7375-0.pdf,1,5,47.4,16132648,0,0,0,ok
scanner+form,corpus,Math119FakingData.pdf,1,5,56.5,9254488,1,1,0,ok
scanner+form,corpus,Motor Insurance claim form.pdf,1,3,320.0,69806112,3,3,3,ok
scanner+form,corpus,Multiple Page - from Mortality Statistics.pdf,1,5,51.9,15811232,1,0,0,ok
scanner+form,corpus,OPEN.RABBIT.ENGLISH.LOP.pdf,1,5,132.4,27967624,0,0,0,ok
scanner+form,corpus,Old Gutnish Internet Explorer.pdf,1,3,51.6,14915992,0,0,0,ok
scanner+form,corpus,P2P-33713919.pdf,1,5,77.8,23181504,1,1,1,ok
scanner+form,corpus,PDFBOX-492-4.jar-8.pdf,1,2,76.9,17002304,1,0,0,ok
scanner+form,corpus,PDFBOX-624-2.pdf,1,5,33.3,11334072,0,0,0,ok
scanner+form,corpus,Pig Production Handbook.pdf,1,5,32.6,11474736,0,0,0,ok
scanner+form,corpus,Publication_of_award_of_Bids_for_Transport_Sector__August_2016.pdf,1,5,31.7,8529200,0,0,0,ok
scanner+form,corpus,Rotation 45.pdf,1,4,94.7,17698984,2,1,1,ok
scanner+form,corpus,SPARC - v9 Architecture Manual.pdf,1,5,277.4,74096480,3,3,1,ok
scanner+form,corpus,SPE8EF26T0545.pdf,1,5,21.7,11437272,1,0,0,ok
scanner+form,corpus,TIKA-1552-0.pdf,1,5,31.4,23573128,0,0,0,ok
scanner+form,corpus,TIKA-2054-0.pdf,1,5,31.2,20744360,0,0,0,ok
scanner+form,corpus,Type0 Font.pdf,1,1,26.5,10408880,1,1,1,ok
scanner+form,corpus,Type0_CJK_Font.pdf,1,5,62.5,4864408,0,0,0,ok
scanner+form,corpus,capas.pdf,1,5,7.8,8262632,0,0,0,ok
scanner+form,corpus,cat-genetics_bobld.pdf,1,1,11.3,7036648,1,0,0,ok
scanner+form,corpus,cmap-parsing-exception.pdf,1,1,28.4,13352560,0,0,0,ok
scanner+form,corpus,dotnet-ai.pdf,1,5,27.8,32312352,1,1,1,ok
scanner+form,corpus,felltypes-test.pdf,1,1,14.9,4980736,0,0,0,ok
scanner+form,corpus,iron-ore-q2-q3-2013.pdf,1,5,44.9,37300992,1,1,1,ok
scanner+form,corpus,issue_671.pdf,1,2,28.9,18474472,1,1,1,ok
scanner+form,corpus,journal.pone.0196757.pdf,1,5,54.1,35474184,1,0,0,ok
scanner+form,corpus,jtehm-melillo-2679746.pdf,1,5,89.5,52880432,2,1,1,ok
scanner+form,corpus,pop-bugzilla37292.pdf,1,4,8.7,7963000,0,0,0,ok
scanner+form,corpus,reference-2-numeric-error.pdf,1,1,16.0,7150632,0,0,0,ok
scanner+form,corpus,ssm2163.pdf,1,5,17.3,10275344,0,0,0,ok
scanner+form,corpus,test-2_so_74165171.pdf,1,1,129.2,42241704,1,1,1,ok
scanner+form,corpus,testPdf-1.pdf,1,2,6.9,6058280,0,0,0,ok
scanner+form,corpus,test_a-5.pdf,1,5,91.6,70133472,2,1,1,ok
scanner+form,corpus,test_a.pdf,1,5,109.0,69215584,3,2,1,ok
scanner+form,corpus,toc.pdf,1,5,6.6,7517504,0,0,0,ok
scanner+form,corpus,type3-font-zero-height.pdf,1,1,29.8,8054576,1,1,0,ok
scanner+form,corpus,0000851.pdf,2,5,304.0,118486432,4,2,1,ok
scanner+form,corpus,11194059_2017-11_de_s.pdf,2,2,26.1,27600960,0,0,0,ok
scanner+form,corpus,2006_Swedish_Touring_Car_Championship.pdf,2,4,10.2,7847448,0,0,0,ok
scanner+form,corpus,2108.11480.pdf,2,5,100.8,75575152,3,2,1,ok
scanner+form,corpus,6.Secrets.to.Startup.Success.PDFDrive.pdf,2,5,27.9,24675264,1,0,0,ok
scanner+form,corpus,68-1990-01_A.pdf,2,5,75.1,44578888,1,1,0,ok
scanner+form,corpus,Approved_Document_B__fire_safety__volume_2_-_Buildings_other_than_dwellings__2019_edition_incorporating_2020_and_2022_amendments.pdf,2,5,63.8,51981152,4,4,3,ok
scanner+form,corpus,ClipPathLetterFilter-Test1.pdf,2,5,12.0,12680584,0,0,0,ok
scanner+form,corpus,ClipPathLetterFilter-Test2.pdf,2,1,7.3,8846976,0,0,0,ok
scanner+form,corpus,ColorIssue.pdf,2,1,39.2,33703448,1,0,0,ok
scanner+form,corpus,DeviceN_CS_test.pdf,2,5,16.1,21865504,0,0,0,ok
scanner+form,corpus,ErcotFacts.pdf,2,2,17.2,13757952,0,0,0,ok
scanner+form,corpus,FICTIF_TABLE_INDEX.pdf,2,5,18.6,15072112,1,0,0,ok
scanner+form,corpus,FarmerMac.pdf,2,5,13.7,13703848,0,0,0,ok
scanner+form,corpus,GHOSTSCRIPT-696171-0.pdf,2,5,10.6,11336200,0,0,0,ok
scanner+form,corpus,GHOSTSCRIPT-697234-0.pdf,2,3,26.4,22678008,0,0,0,ok
scanner+form,corpus,GHOSTSCRIPT-697507-0.pdf,2,1,24.8,7906464,1,1,0,ok
scanner+form,corpus,GHOSTSCRIPT-698721-0.zip-6.pdf,2,2,7.3,7318120,0,0,0,ok
scanner+form,corpus,GHOSTSCRIPT-699035-0.pdf,2,5,40.5,38283312,1,0,0,ok
scanner+form,corpus,GHOSTSCRIPT-699178-0.pdf,2,3,7.1,8420288,0,0,0,ok
scanner+form,corpus,GHOSTSCRIPT-699488-0.pdf,2,1,8.4,8120848,0,0,0,ok
scanner+form,corpus,GHOSTSCRIPT-700125-1.pdf,2,5,15.0,16342112,0,0,0,ok
scanner+form,corpus,GHOSTSCRIPT-700139-0.pdf,2,2,161.8,116343512,4,2,2,ok
scanner+form,corpus,GHOSTSCRIPT-700236-1.pdf,2,5,11.8,13423352,0,0,0,ok
scanner+form,corpus,Gamebook.pdf,2,5,9.9,9354160,0,0,0,ok
scanner+form,corpus,ICML03-081.pdf,2,5,24.8,17359528,0,0,0,ok
scanner+form,corpus,Indexed-DeviceRGB-JPXDecode-0-.0.0.255.0.-Font-F1_1_missing_char_255-1.pdf,2,1,33.2,16976512,0,0,0,ok
scanner+form,corpus,Judgement Document.pdf,2,5,12.0,9128784,0,0,0,ok
scanner+form,corpus,Layer pdf - 322_High_Holborn_building_Brochure.pdf,2,3,60.2,37984920,2,1,1,ok
scanner+form,corpus,MOZILLA-10225-0.pdf,2,5,15.7,23002160,0,0,0,ok
scanner+form,corpus,MOZILLA-10372-2.pdf,2,5,20.8,13162120,1,1,1,ok
scanner+form,corpus,MOZILLA-2775-1.pdf,2,5,17.6,17728064,1,0,0,ok
scanner+form,corpus,MOZILLA-3136-0.pdf,2,4,243.9,217827128,4,2,1,ok
scanner+form,corpus,MOZILLA-7375-0.pdf,2,5,16.7,16131424,0,0,0,ok
scanner+form,corpus,Math119FakingData.pdf,2,5,10.8,9252832,0,0,0,ok
scanner+form,corpus,Motor Insurance claim form.pdf,2,3,129.8,69296144,3,2,2,ok
scanner+form,corpus,Multiple Page - from Mortality Statistics.pdf,2,5,18.4,8267704,1,1,0,ok
scanner+form,corpus,OPEN.RABBIT.ENGLISH.LOP.pdf,2,5,29.6,27777688,1,0,0,ok
scanner+form,corpus,Old Gutnish Internet Explorer.pdf,2,3,21.8,14339640,1,1,1,ok
scanner+form,corpus,P2P-33713919.pdf,2,5,25.8,23006136,1,0,0,ok
scanner+form,corpus,PDFBOX-492-4.jar-8.pdf,2,2,19.0,16856384,0,0,0,ok
scanner+form,corpus,PDFBOX-624-2.pdf,2,5,9.6,11332232,0,0,0,ok
scanner+form,corpus,Pig Production Handbook.pdf,2,5,9.3,11474112,0,0,0,ok
scanner+form,corpus,Publication_of_award_of_Bids_for_Transport_Sector__August_2016.pdf,2,5,29.0,8292128,1,1,0,ok
scanner+form,corpus,Rotation 45.pdf,2,4,23.7,9903328,1,1,1,ok
scanner+form,corpus,SPARC - v9 Architecture Manual.pdf,2,5,84.1,74096288,3,3,1,ok
scanner+form,corpus,SPE8EF26T0545.pdf,2,5,17.5,11430528,1,0,0,ok
scanner+form,corpus,TIKA-1552-0.pdf,2,5,19.4,23550688,0,0,0,ok
scanner+form,corpus,TIKA-2054-0.pdf,2,5,18.2,20740776,0,0,0,ok
scanner+form,corpus,Type0 Font.pdf,2,1,26.4,9790448,1,1,1,ok
scanner+form,corpus,Type0_CJK_Font.pdf,2,5,10.8,3217232,0,0,0,ok
scanner+form,corpus,capas.pdf,2,5,6.0,8008880,0,0,0,ok
scanner+form,corpus,cat-genetics_bobld.pdf,2,1,10.4,7035112,0,0,0,ok
scanner+form,corpus,cmap-parsing-exception.pdf,2,1,19.3,13117104,1,0,0,ok
scanner+form,corpus,dotnet-ai.pdf,2,5,28.2,31622656,1,1,1,ok
scanner+form,corpus,felltypes-test.pdf,2,1,8.8,4979776,0,0,0,ok
scanner+form,corpus,iron-ore-q2-q3-2013.pdf,2,5,32.2,36736216,1,1,1,ok
scanner+form,corpus,issue_671.pdf,2,2,30.8,17842976,2,1,1,ok
scanner+form,corpus,journal.pone.0196757.pdf,2,5,35.7,35518568,1,0,0,ok
scanner+form,corpus,jtehm-melillo-2679746.pdf,2,5,67.9,52873608,1,1,1,ok
scanner+form,corpus,pop-bugzilla37292.pdf,2,4,22.8,7597608,1,0,0,ok
scanner+form,corpus,reference-2-numeric-error.pdf,2,1,8.9,7148368,0,0,0,ok
scanner+form,corpus,ssm2163.pdf,2,5,8.8,10268664,0,0,0,ok
scanner+form,corpus,test-2_so_74165171.pdf,2,1,68.8,42239256,1,1,1,ok
scanner+form,corpus,testPdf-1.pdf,2,2,5.7,5833464,0,0,0,ok
scanner+form,corpus,test_a-5.pdf,2,5,106.6,69777624,3,2,1,ok
scanner+form,corpus,test_a.pdf,2,5,87.2,69646792,2,1,1,ok
scanner+form,corpus,toc.pdf,2,5,5.1,7517384,0,0,0,ok
scanner+form,corpus,type3-font-zero-height.pdf,2,1,10.5,8049072,0,0,0,ok
scanner+form,corpus,0000851.pdf,3,5,204.8,118617112,4,1,1,ok
scanner+form,corpus,11194059_2017-11_de_s.pdf,3,2,46.0,27613864,1,1,0,ok
scanner+form,corpus,2006_Swedish_Touring_Car_Championship.pdf,3,4,6.3,7631512,0,0,0,ok
scanner+form,corpus,2108.11480.pdf,3,5,85.7,74838440,3,1,0,ok
scanner+form,corpus,6.Secrets.to.Startup.Success.PDFDrive.pdf,3,5,20.6,24671144,0,0,0,ok
scanner+form,corpus,68-1990-01_A.pdf,3,5,65.9,44401208,2,1,1,ok
scanner+form,corpus,Approved_Document_B__fire_safety__volume_2_-_Buildings_other_than_dwellings__2019_edition_incorporating_2020_and_2022_amendments.pdf,3,5,47.4,52110344,3,3,2,ok
scanner+form,corpus,ClipPathLetterFilter-Test1.pdf,3,5,13.5,12124648,0,0,0,ok
scanner+form,corpus,ClipPathLetterFilter-Test2.pdf,3,1,7.5,8697888,0,0,0,ok
scanner+form,corpus,ColorIssue.pdf,3,1,45.7,33586656,2,1,1,ok
scanner+form,corpus,DeviceN_CS_test.pdf,3,5,15.3,21540888,0,0,0,ok
scanner+form,corpus,ErcotFacts.pdf,3,2,23.9,13499088,1,1,1,ok
scanner+form,corpus,FICTIF_TABLE_INDEX.pdf,3,5,17.8,14874360,1,0,0,ok
scanner+form,corpus,FarmerMac.pdf,3,5,13.4,13703848,0,0,0,ok
scanner+form,corpus,GHOSTSCRIPT-696171-0.pdf,3,5,11.4,11336200,0,0,0,ok
scanner+form,corpus,GHOSTSCRIPT-697234-0.pdf,3,3,24.2,22678008,0,0,0,ok
scanner+form,corpus,GHOSTSCRIPT-697507-0.pdf,3,1,8.5,7906464,0,0,0,ok
scanner+form,corpus,GHOSTSCRIPT-698721-0.zip-6.pdf,3,2,6.0,7317912,0,0,0,ok
scanner+form,corpus,GHOSTSCRIPT-699035-0.pdf,3,5,61.9,38421176,2,1,1,ok
scanner+form,corpus,GHOSTSCRIPT-699178-0.pdf,3,3,7.1,8420432,0,0,0,ok
scanner+form,corpus,GHOSTSCRIPT-699488-0.pdf,3,1,15.2,8120848,1,0,0,ok
scanner+form,corpus,GHOSTSCRIPT-700125-1.pdf,3,5,13.3,16342320,0,0,0,ok
scanner+form,corpus,GHOSTSCRIPT-700139-0.pdf,3,2,142.8,116343512,4,2,2,ok
scanner+form,corpus,GHOSTSCRIPT-700236-1.pdf,3,5,11.0,13423352,0,0,0,ok
scanner+form,corpus,Gamebook.pdf,3,5,8.8,9354160,0,0,0,ok
scanner+form,corpus,ICML03-081.pdf,3,5,19.2,17359528,0,0,0,ok
scanner+form,corpus,Indexed-DeviceRGB-JPXDecode-0-.0.0.255.0.-Font-F1_1_missing_char_255-1.pdf,3,1,30.1,16976512,0,0,0,ok
scanner+form,corpus,Judgement Document.pdf,3,5,9.4,9128784,0,0,0,ok
scanner+form,corpus,Layer pdf - 322_High_Holborn_building_Brochure.pdf,3,3,46.9,37982272,1,0,0,ok
scanner+form,corpus,MOZILLA-10225-0.pdf,3,5,16.1,22997896,0,0,0,ok
scanner+form,corpus,MOZILLA-10372-2.pdf,3,5,22.5,13031024,1,1,1,ok
scanner+form,corpus,MOZILLA-2775-1.pdf,3,5,17.8,17728064,1,0,0,ok
scanner+form,corpus,MOZILLA-3136-0.pdf,3,4,282.5,217989616,5,3,2,ok
scanner+form,corpus,MOZILLA-7375-0.pdf,3,5,13.6,16131424,0,0,0,ok
scanner+form,corpus,Math119FakingData.pdf,3,5,11.4,9252832,1,0,0,ok
scanner+form,corpus,Motor Insurance claim form.pdf,3,3,74.6,68832144,0,0,0,ok
scanner+form,corpus,Multiple Page - from Mortality Statistics.pdf,3,5,40.9,8201360,1,1,0,ok
scanner+form,corpus,OPEN.RABBIT.ENGLISH.LOP.pdf,3,5,38.1,27845984,1,1,1,ok
scanner+form,corpus,Old Gutnish Internet Explorer.pdf,3,3,25.0,14405232,1,1,1,ok
scanner+form,corpus,P2P-33713919.pdf,3,5,20.1,23006136,1,0,0,ok
scanner+form,corpus,PDFBOX-492-4.jar-8.pdf,3,2,19.5,16856384,0,0,0,ok
scanner+form,corpus,PDFBOX-624-2.pdf,3,5,11.0,11332232,0,0,0,ok
scanner+form,corpus,Pig Production Handbook.pdf,3,5,10.3,11474112,0,0,0,ok
scanner+form,corpus,Publication_of_award_of_Bids_for_Transport_Sector__August_2016.pdf,3,5,21.0,8491576,1,1,1,ok
scanner+form,corpus,Rotation 45.pdf,3,4,13.2,9900072,0,0,0,ok
scanner+form,corpus,SPARC - v9 Architecture Manual.pdf,3,5,78.1,74098520,4,3,2,ok
scanner+form,corpus,SPE8EF26T0545.pdf,3,5,10.1,11430528,0,0,0,ok
scanner+form,corpus,TIKA-1552-0.pdf,3,5,33.0,23550480,1,0,0,ok
scanner+form,corpus,TIKA-2054-0.pdf,3,5,17.1,20740984,0,0,0,ok
scanner+form,corpus,Type0 Font.pdf,3,1,9.1,9722152,0,0,0,ok
scanner+form,corpus,Type0_CJK_Font.pdf,3,5,9.8,3216968,0,0,0,ok
scanner+form,corpus,capas.pdf,3,5,6.5,8008880,0,0,0,ok
scanner+form,corpus,cat-genetics_bobld.pdf,3,1,5.3,7030992,0,0,0,ok
scanner+form,corpus,cmap-parsing-exception.pdf,3,1,17.0,13117104,0,0,0,ok
scanner+form,corpus,dotnet-ai.pdf,3,5,36.5,31624408,2,2,2,ok
scanner+form,corpus,felltypes-test.pdf,3,1,8.6,4979776,0,0,0,ok
scanner+form,corpus,iron-ore-q2-q3-2013.pdf,3,5,22.3,36516560,1,1,0,ok
scanner+form,corpus,issue_671.pdf,3,2,24.7,17840272,1,0,0,ok
scanner+form,corpus,journal.pone.0196757.pdf,3,5,25.5,35415912,0,0,0,ok
scanner+form,corpus,jtehm-melillo-2679746.pdf,3,5,53.5,52740192,1,0,0,ok
scanner+form,corpus,pop-bugzilla37292.pdf,3,4,7.4,7592808,0,0,0,ok
scanner+form,corpus,reference-2-numeric-error.pdf,3,1,9.3,7148160,0,0,0,ok
scanner+form,corpus,ssm2163.pdf,3,5,9.6,10260736,0,0,0,ok
scanner+form,corpus,test-2_so_74165171.pdf,3,1,47.7,41134672,0,0,0,ok
scanner+form,corpus,testPdf-1.pdf,3,2,29.4,5835608,1,1,1,ok
scanner+form,corpus,test_a-5.pdf,3,5,82.1,69777888,2,1,1,ok
scanner+form,corpus,test_a.pdf,3,5,87.7,69780536,3,2,2,ok
scanner+form,corpus,toc.pdf,3,5,11.6,7517384,1,0,0,ok
scanner+form,corpus,type3-font-zero-height.pdf,3,1,19.8,8183024,1,1,1,ok
full,corpus,0000851.pdf,1,5,1121.7,165940528,5,2,2,ok
full,corpus,11194059_2017-11_de_s.pdf,1,2,122.7,27691360,0,0,0,ok
full,corpus,2006_Swedish_Touring_Car_Championship.pdf,1,4,60.9,7846456,1,1,0,ok
full,corpus,2108.11480.pdf,1,5,206.8,75680064,2,1,1,ok
full,corpus,6.Secrets.to.Startup.Success.PDFDrive.pdf,1,5,103.6,24878536,2,1,1,ok
full,corpus,68-1990-01_A.pdf,1,5,229.4,64938496,2,1,1,ok
full,corpus,Approved_Document_B__fire_safety__volume_2_-_Buildings_other_than_dwellings__2019_edition_incorporating_2020_and_2022_amendments.pdf,1,5,121.1,52117392,3,2,2,ok
full,corpus,ClipPathLetterFilter-Test1.pdf,1,5,95.1,41274936,0,0,0,ok
full,corpus,ClipPathLetterFilter-Test2.pdf,1,1,24.5,8847328,0,0,0,ok
full,corpus,ColorIssue.pdf,1,1,101.2,34171384,2,2,2,ok
full,corpus,DeviceN_CS_test.pdf,1,5,57.0,22079744,1,1,1,ok
full,corpus,ErcotFacts.pdf,1,2,48.7,13769960,1,0,0,ok
full,corpus,FICTIF_TABLE_INDEX.pdf,1,5,43.1,15509248,0,0,0,ok
full,corpus,FarmerMac.pdf,1,5,50.0,14093784,0,0,0,ok
full,corpus,GHOSTSCRIPT-696171-0.pdf,1,5,53.8,11471488,1,1,1,ok
full,corpus,GHOSTSCRIPT-697234-0.pdf,1,3,108.2,22685720,1,0,0,ok
full,corpus,GHOSTSCRIPT-697507-0.pdf,1,1,22.8,7972560,0,0,0,ok
full,corpus,GHOSTSCRIPT-698721-0.zip-6.pdf,1,2,18.5,7316128,0,0,0,ok
full,corpus,GHOSTSCRIPT-699035-0.pdf,1,5,169.6,38413280,0,0,0,ok
full,corpus,GHOSTSCRIPT-699178-0.pdf,1,3,26.0,8590040,0,0,0,ok
full,corpus,GHOSTSCRIPT-699488-0.pdf,1,1,37.8,8123696,1,1,1,ok
full,corpus,GHOSTSCRIPT-700125-1.pdf,1,5,47.1,16252552,0,0,0,ok
full,corpus,GHOSTSCRIPT-700139-0.pdf,1,2,402.4,117786064,4,1,1,ok
full,corpus,GHOSTSCRIPT-700236-1.pdf,1,5,46.2,13424880,0,0,0,ok
full,corpus,Gamebook.pdf,1,5,163.0,150810824,8,8,8,ok
full,corpus,ICML03-081.pdf,1,5,71.3,17365416,1,1,0,ok
full,corpus,Indexed-DeviceRGB-JPXDecode-0-.0.0.255.0.-Font-F1_1_missing_char_255-1.pdf,1,1,64.7,16997208,1,1,0,ok
full,corpus,Judgement Document.pdf,1,5,41.3,11066088,1,1,1,ok
full,corpus,Layer pdf - 322_High_Holborn_building_Brochure.pdf,1,3,160.8,38361192,1,0,0,ok
full,corpus,MOZILLA-10225-0.pdf,1,5,34.5,23052016,0,0,0,ok
full,corpus,MOZILLA-10372-2.pdf,1,5,46.7,13456808,1,1,1,ok
full,corpus,MOZILLA-2775-1.pdf,1,5,59.2,17724816,1,0,0,ok
full,corpus,MOZILLA-3136-0.pdf,1,4,791.4,219898152,3,1,1,ok
full,corpus,MOZILLA-7375-0.pdf,1,5,52.3,16135016,0,0,0,ok
full,corpus,Math119FakingData.pdf,1,5,61.5,9250608,1,1,0,ok
full,corpus,Motor Insurance claim form.pdf,1,3,320.1,69933264,3,3,3,ok
full,corpus,Multiple Page - from Mortality Statistics.pdf,1,5,44.8,15813312,1,0,0,ok
full,corpus,OPEN.RABBIT.ENGLISH.LOP.pdf,1,5,48.5,27965832,0,0,0,ok
full,corpus,Old Gutnish Internet Explorer.pdf,1,3,31.6,14914376,0,0,0,ok
full,corpus,P2P-33713919.pdf,1,5,46.6,23179528,1,1,1,ok
full,corpus,PDFBOX-492-4.jar-8.pdf,1,2,54.2,16999392,1,0,0,ok
full,corpus,PDFBOX-624-2.pdf,1,5,18.7,11328328,0,0,0,ok
full,corpus,Pig Production Handbook.pdf,1,5,16.0,11470208,0,0,0,ok
full,corpus,Publication_of_award_of_Bids_for_Transport_Sector__August_2016.pdf,1,5,16.6,8525328,0,0,0,ok
full,corpus,Rotation 45.pdf,1,4,57.7,17694272,2,1,1,ok
full,corpus,SPARC - v9 Architecture Manual.pdf,1,5,204.2,74099304,3,3,1,ok
full,corpus,SPE8EF26T0545.pdf,1,5,22.9,11466608,1,0,0,ok
full,corpus,TIKA-1552-0.pdf,1,5,30.4,23569648,0,0,0,ok
full,corpus,TIKA-2054-0.pdf,1,5,33.2,20715544,0,0,0,ok
full,corpus,Type0 Font.pdf,1,1,23.2,10408168,1,1,1,ok
full,corpus,Type0_CJK_Font.pdf,1,5,63.4,4865880,0,0,0,ok
full,corpus,capas.pdf,1,5,8.3,8259880,0,0,0,ok
full,corpus,cat-genetics_bobld.pdf,1,1,12.0,7035168,1,0,0,ok
full,corpus,cmap-parsing-exception.pdf,1,1,19.8,13352280,0,0,0,ok
full,corpus,dotnet-ai.pdf,1,5,29.8,32312296,1,1,1,ok
full,corpus,felltypes-test.pdf,1,1,15.8,4980552,0,0,0,ok
full,corpus,iron-ore-q2-q3-2013.pdf,1,5,51.4,37295352,1,1,1,ok
full,corpus,issue_671.pdf,1,2,30.4,18477824,1,1,1,ok
full,corpus,journal.pone.0196757.pdf,1,5,59.3,35469376,1,0,0,ok
full,corpus,jtehm-melillo-2679746.pdf,1,5,98.3,52876032,2,1,1,ok
full,corpus,pop-bugzilla37292.pdf,1,4,9.1,7965968,0,0,0,ok
full,corpus,reference-2-numeric-error.pdf,1,1,16.9,7149728,0,0,0,ok
full,corpus,ssm2163.pdf,1,5,18.8,10269768,0,0,0,ok
full,corpus,test-2_so_74165171.pdf,1,1,135.7,42241792,1,1,1,ok
full,corpus,testPdf-1.pdf,1,2,7.1,6057848,0,0,0,ok
full,corpus,test_a-5.pdf,1,5,88.8,70130840,2,1,1,ok
full,corpus,test_a.pdf,1,5,107.3,69218904,3,2,1,ok
full,corpus,toc.pdf,1,5,7.3,7521760,0,0,0,ok
full,corpus,type3-font-zero-height.pdf,1,1,26.0,8055104,1,1,0,ok
full,corpus,0000851.pdf,2,5,321.0,118480472,4,2,1,ok
full,corpus,11194059_2017-11_de_s.pdf,2,2,24.6,27601448,0,0,0,ok
full,corpus,2006_Swedish_Touring_Car_Championship.pdf,2,4,10.4,7844872,0,0,0,ok
full,corpus,2108.11480.pdf,2,5,107.0,75571792,3,2,1,ok
full,corpus,6.Secrets.to.Startup.Success.PDFDrive.pdf,2,5,27.0,24675232,1,0,0,ok
full,corpus,68-1990-01_A.pdf,2,5,72.7,44571216,1,1,0,ok
full,corpus,Approved_Document_B__fire_safety__volume_2_-_Buildings_other_than_dwellings__2019_edition_incorporating_2020_and_2022_amendments.pdf,2,5,59.3,51983768,4,4,3,ok
full,corpus,ClipPathLetterFilter-Test1.pdf,2,5,12.8,12677248,0,0,0,ok
full,corpus,ClipPathLetterFilter-Test2.pdf,2,1,7.6,8847040,0,0,0,ok
full,corpus,ColorIssue.pdf,2,1,34.7,33702456,1,0,0,ok
full,corpus,DeviceN_CS_test.pdf,2,5,16.2,21860832,0,0,0,ok
full,corpus,ErcotFacts.pdf,2,2,18.6,13754736,0,0,0,ok
full,corpus,FICTIF_TABLE_INDEX.pdf,2,5,18.2,15505544,1,0,0,ok
full,corpus,FarmerMac.pdf,2,5,13.4,14093776,0,0,0,ok
full,corpus,GHOSTSCRIPT-696171-0.pdf,2,5,10.5,11332040,0,0,0,ok
full,corpus,GHOSTSCRIPT-697234-0.pdf,2,3,29.5,22673600,0,0,0,ok
full,corpus,GHOSTSCRIPT-697507-0.pdf,2,1,23.0,7903824,1,1,0,ok
full,corpus,GHOSTSCRIPT-698721-0.zip-6.pdf,2,2,7.1,7321480,0,0,0,ok
full,corpus,GHOSTSCRIPT-699035-0.pdf,2,5,43.0,38280208,1,0,0,ok
full,corpus,GHOSTSCRIPT-699178-0.pdf,2,3,7.3,8590032,0,0,0,ok
full,corpus,GHOSTSCRIPT-699488-0.pdf,2,1,8.7,8119504,0,0,0,ok
full,corpus,GHOSTSCRIPT-700125-1.pdf,2,5,13.5,16241232,0,0,0,ok
full,corpus,GHOSTSCRIPT-700139-0.pdf,2,2,172.7,117690384,4,2,2,ok
full,corpus,GHOSTSCRIPT-700236-1.pdf,2,5,12.3,13424136,0,0,0,ok
full,corpus,Gamebook.pdf,2,5,10.2,9352488,0,0,0,ok
full,corpus,ICML03-081.pdf,2,5,24.2,17355224,0,0,0,ok
full,corpus,Indexed-DeviceRGB-JPXDecode-0-.0.0.255.0.-Font-F1_1_missing_char_255-1.pdf,2,1,29.8,16974952,0,0,0,ok
full,corpus,Judgement Document.pdf,2,5,9.8,9126176,0,0,0,ok
full,corpus,Layer pdf - 322_High_Holborn_building_Brochure.pdf,2,3,61.9,37981112,1,1,1,ok
full,corpus,MOZILLA-10225-0.pdf,2,5,13.2,22998008,0,0,0,ok
full,corpus,MOZILLA-10372-2.pdf,2,5,23.0,13166568,1,1,1,ok
full,corpus,MOZILLA-2775-1.pdf,2,5,17.8,17724024,1,0,0,ok
full,corpus,MOZILLA-3136-0.pdf,2,4,260.0,217847040,5,2,1,ok
full,corpus,MOZILLA-7375-0.pdf,2,5,17.8,16133792,0,0,0,ok
full,corpus,Math119FakingData.pdf,2,5,10.7,9248928,0,0,0,ok
full,corpus,Motor Insurance claim form.pdf,2,3,116.3,69292224,3,2,2,ok
full,corpus,Multiple Page - from Mortality Statistics.pdf,2,5,17.3,8269664,1,0,0,ok
full,corpus,OPEN.RABBIT.ENGLISH.LOP.pdf,2,5,22.3,27775824,0,0,0,ok
full,corpus,Old Gutnish Internet Explorer.pdf,2,3,12.1,14269520,0,0,0,ok
full,corpus,P2P-33713919.pdf,2,5,24.3,23131800,1,1,1,ok
full,corpus,PDFBOX-492-4.jar-8.pdf,2,2,27.9,16929136,1,0,0,ok
full,corpus,PDFBOX-624-2.pdf,2,5,9.5,11326696,0,0,0,ok
full,corpus,Pig Production Handbook.pdf,2,5,9.2,11469584,0,0,0,ok
full,corpus,Publication_of_award_of_Bids_for_Transport_Sector__August_2016.pdf,2,5,7.0,8288256,0,0,0,ok
full,corpus,Rotation 45.pdf,2,4,25.0,9895672,1,0,0,ok
full,corpus,SPARC - v9 Architecture Manual.pdf,2,5,72.3,74099056,2,1,1,ok
full,corpus,SPE8EF26T0545.pdf,2,5,24.6,11587120,1,1,1,ok
full,corpus,TIKA-1552-0.pdf,2,5,27.6,23553752,1,0,0,ok
full,corpus,TIKA-2054-0.pdf,2,5,18.9,20712168,0,0,0,ok
full,corpus,Type0 Font.pdf,2,1,10.0,9721440,0,0,0,ok
full,corpus,Type0_CJK_Font.pdf,2,5,11.3,3212512,0,0,0,ok
full,corpus,capas.pdf,2,5,6.4,8006128,0,0,0,ok
full,corpus,cat-genetics_bobld.pdf,2,1,11.0,7029488,0,0,0,ok
full,corpus,cmap-parsing-exception.pdf,2,1,31.8,13316216,1,1,1,ok
full,corpus,dotnet-ai.pdf,2,5,26.9,31622656,1,1,1,ok
full,corpus,felltypes-test.pdf,2,1,8.2,4979592,0,0,0,ok
full,corpus,iron-ore-q2-q3-2013.pdf,2,5,21.0,36510920,1,0,0,ok
full,corpus,issue_671.pdf,2,2,20.2,17837696,0,0,0,ok
full,corpus,journal.pone.0196757.pdf,2,5,39.3,35410872,1,1,0,ok
full,corpus,jtehm-melillo-2679746.pdf,2,5,76.0,52941464,2,2,1,ok
full,corpus,pop-bugzilla37292.pdf,2,4,8.1,7599896,0,0,0,ok
full,corpus,reference-2-numeric-error.pdf,2,1,15.4,7147280,1,0,0,ok
full,corpus,ssm2163.pdf,2,5,9.1,10255368,0,0,0,ok
full,corpus,test-2_so_74165171.pdf,2,1,59.1,42239320,1,1,1,ok
full,corpus,testPdf-1.pdf,2,2,6.6,5838960,0,0,0,ok
full,corpus,test_a-5.pdf,2,5,83.5,69775016,2,1,1,ok
full,corpus,test_a.pdf,2,5,107.0,68857680,3,2,1,ok
full,corpus,toc.pdf,2,5,5.9,7521640,0,0,0,ok
full,corpus,type3-font-zero-height.pdf,2,1,9.6,8049576,0,0,0,ok
full,corpus,0000851.pdf,3,5,201.5,118480080,4,2,1,ok
full,corpus,11194059_2017-11_de_s.pdf,3,2,42.4,27614376,1,0,0,ok
full,corpus,2006_Swedish_Touring_Car_Championship.pdf,3,4,6.4,7628936,0,0,0,ok
full,corpus,2108.11480.pdf,3,5,69.1,74835056,0,0,0,ok
full,corpus,6.Secrets.to.Startup.Success.PDFDrive.pdf,3,5,56.6,24743552,2,1,1,ok
full,corpus,68-1990-01_A.pdf,3,5,44.0,44321304,0,0,0,ok
full,corpus,Approved_Document_B__fire_safety__volume_2_-_Buildings_other_than_dwellings__2019_edition_incorporating_2020_and_2022_amendments.pdf,3,5,53.6,52112152,2,2,2,ok
full,corpus,ClipPathLetterFilter-Test1.pdf,3,5,12.9,12121856,1,1,0,ok
full,corpus,ClipPathLetterFilter-Test2.pdf,3,1,18.5,8700808,1,1,1,ok
full,corpus,ColorIssue.pdf,3,1,32.9,33791952,1,1,1,ok
full,corpus,DeviceN_CS_test.pdf,3,5,25.1,21541480,1,1,0,ok
full,corpus,ErcotFacts.pdf,3,2,15.0,13358128,0,0,0,ok
full,corpus,FICTIF_TABLE_INDEX.pdf,3,5,20.2,14803544,1,1,0,ok
full,corpus,FarmerMac.pdf,3,5,18.8,13708912,1,1,1,ok
full,corpus,GHOSTSCRIPT-696171-0.pdf,3,5,10.1,11401984,0,0,0,ok
full,corpus,GHOSTSCRIPT-697234-0.pdf,3,3,30.5,22673600,1,0,0,ok
full,corpus,GHOSTSCRIPT-697507-0.pdf,3,1,8.7,7904032,0,0,0,ok
full,corpus,GHOSTSCRIPT-698721-0.zip-6.pdf,3,2,6.1,7315344,0,0,0,ok
full,corpus,GHOSTSCRIPT-699035-0.pdf,3,5,39.3,38411280,0,0,0,ok
full,corpus,GHOSTSCRIPT-699178-0.pdf,3,3,9.5,8417696,0,0,0,ok
full,corpus,GHOSTSCRIPT-699488-0.pdf,3,1,26.8,8119504,1,1,0,ok
full,corpus,GHOSTSCRIPT-700125-1.pdf,3,5,11.9,16247368,0,0,0,ok
full,corpus,GHOSTSCRIPT-700139-0.pdf,3,2,152.9,116371360,4,3,2,ok
full,corpus,GHOSTSCRIPT-700236-1.pdf,3,5,11.4,13424136,0,0,0,ok
full,corpus,Gamebook.pdf,3,5,9.2,9352488,0,0,0,ok
full,corpus,ICML03-081.pdf,3,5,16.9,17355248,1,0,0,ok
full,corpus,Indexed-DeviceRGB-JPXDecode-0-.0.0.255.0.-Font-F1_1_missing_char_255-1.pdf,3,1,24.8,16975160,1,0,0,ok
full,corpus,Judgement Document.pdf,3,5,11.4,9126384,1,1,0,ok
full,corpus,Layer pdf - 322_High_Holborn_building_Brochure.pdf,3,3,41.4,37984600,1,0,0,ok
full,corpus,MOZILLA-10225-0.pdf,3,5,14.7,22993744,0,0,0,ok
full,corpus,MOZILLA-10372-2.pdf,3,5,20.8,13035472,1,1,1,ok
full,corpus,MOZILLA-2775-1.pdf,3,5,13.3,17724000,0,0,0,ok
full,corpus,MOZILLA-3136-0.pdf,3,4,253.8,217846856,3,1,1,ok
full,corpus,MOZILLA-7375-0.pdf,3,5,13.1,16127864,0,0,0,ok
full,corpus,Math119FakingData.pdf,3,5,8.0,9248928,0,0,0,ok
full,corpus,Motor Insurance claim form.pdf,3,3,96.3,69161104,2,2,2,ok
full,corpus,Multiple Page - from Mortality Statistics.pdf,3,5,6.5,8269120,0,0,0,ok
full,corpus,OPEN.RABBIT.ENGLISH.LOP.pdf,3,5,30.2,27775640,1,0,0,ok
full,corpus,Old Gutnish Internet Explorer.pdf,3,3,19.4,14338024,1,1,1,ok
full,corpus,P2P-33713919.pdf,3,5,12.0,23004160,0,0,0,ok
full,corpus,PDFBOX-492-4.jar-8.pdf,3,2,24.9,16853264,1,1,0,ok
full,corpus,PDFBOX-624-2.pdf,3,5,8.7,11326696,0,0,0,ok
full,corpus,Pig Production Handbook.pdf,3,5,8.1,11469584,0,0,0,ok
full,corpus,Publication_of_award_of_Bids_for_Transport_Sector__August_2016.pdf,3,5,16.9,8493632,1,1,1,ok
full,corpus,Rotation 45.pdf,3,4,12.2,9895360,0,0,0,ok
full,corpus,SPARC - v9 Architecture Manual.pdf,3,5,61.2,74092920,2,1,1,ok
full,corpus,SPE8EF26T0545.pdf,3,5,8.8,11453912,0,0,0,ok
full,corpus,TIKA-1552-0.pdf,3,5,33.5,23553856,1,1,1,ok
full,corpus,TIKA-2054-0.pdf,3,5,17.1,20783712,0,0,0,ok
full,corpus,Type0 Font.pdf,3,1,10.7,9721464,1,1,0,ok
full,corpus,Type0_CJK_Font.pdf,3,5,8.7,3212720,0,0,0,ok
full,corpus,capas.pdf,3,5,5.4,8006128,0,0,0,ok
full,corpus,cat-genetics_bobld.pdf,3,1,7.2,7029488,1,0,0,ok
full,corpus,cmap-parsing-exception.pdf,3,1,19.9,13320896,1,1,1,ok
full,corpus,dotnet-ai.pdf,3,5,25.0,31622656,1,1,1,ok
full,corpus,felltypes-test.pdf,3,1,8.2,4979592,0,0,0,ok
full,corpus,iron-ore-q2-q3-2013.pdf,3,5,23.6,36510920,1,0,0,ok
full,corpus,issue_671.pdf,3,2,18.4,17837696,0,0,0,ok
full,corpus,journal.pone.0196757.pdf,3,5,24.1,35410872,0,0,0,ok
full,corpus,jtehm-melillo-2679746.pdf,3,5,76.8,52869000,1,1,1,ok
full,corpus,pop-bugzilla37292.pdf,3,4,7.3,7600576,0,0,0,ok
full,corpus,reference-2-numeric-error.pdf,3,1,8.2,7147256,0,0,0,ok
full,corpus,ssm2163.pdf,3,5,16.6,10263112,1,1,0,ok
full,corpus,test-2_so_74165171.pdf,3,1,53.7,42239528,1,1,1,ok
full,corpus,testPdf-1.pdf,3,2,18.1,5972728,1,1,1,ok
full,corpus,test_a-5.pdf,3,5,58.5,69772608,1,0,0,ok
full,corpus,test_a.pdf,3,5,75.9,68792064,2,1,1,ok
full,corpus,toc.pdf,3,5,5.5,7521640,0,0,0,ok
full,corpus,type3-font-zero-height.pdf,3,1,17.9,8183344,1,1,1,ok
baseline,corpus,0000851.pdf,1,5,1107.5,170032088,5,2,2,ok
baseline,corpus,11194059_2017-11_de_s.pdf,1,2,113.8,27690248,0,0,0,ok
baseline,corpus,2006_Swedish_Touring_Car_Championship.pdf,1,4,54.6,7884680,1,1,0,ok
baseline,corpus,2108.11480.pdf,1,5,203.9,76962784,2,1,1,ok
baseline,corpus,6.Secrets.to.Startup.Success.PDFDrive.pdf,1,5,88.1,24746568,1,1,1,ok
baseline,corpus,68-1990-01_A.pdf,1,5,202.1,64938000,2,1,1,ok
baseline,corpus,Approved_Document_B__fire_safety__volume_2_-_Buildings_other_than_dwellings__2019_edition_incorporating_2020_and_2022_amendments.pdf,1,5,106.4,52520632,2,2,2,ok
baseline,corpus,ClipPathLetterFilter-Test1.pdf,1,5,88.0,41327672,1,0,0,ok
baseline,corpus,ClipPathLetterFilter-Test2.pdf,1,1,22.9,8847088,0,0,0,ok
baseline,corpus,ColorIssue.pdf,1,1,95.2,34607016,2,2,2,ok
baseline,corpus,DeviceN_CS_test.pdf,1,5,54.6,22232120,1,1,1,ok
baseline,corpus,ErcotFacts.pdf,1,2,47.4,14129536,1,0,0,ok
baseline,corpus,FICTIF_TABLE_INDEX.pdf,1,5,40.9,15510952,0,0,0,ok
baseline,corpus,FarmerMac.pdf,1,5,48.1,14125848,0,0,0,ok
baseline,corpus,GHOSTSCRIPT-696171-0.pdf,1,5,36.6,11351304,0,0,0,ok
baseline,corpus,GHOSTSCRIPT-697234-0.pdf,1,3,105.2,22891280,1,1,1,ok
baseline,corpus,GHOSTSCRIPT-697507-0.pdf,1,1,22.6,8070968,0,0,0,ok
baseline,corpus,GHOSTSCRIPT-698721-0.zip-6.pdf,1,2,21.9,7741856,1,0,0,ok
baseline,corpus,GHOSTSCRIPT-699035-0.pdf,1,5,162.9,38415736,0,0,0,ok
baseline,corpus,GHOSTSCRIPT-699178-0.pdf,1,3,23.1,8609296,0,0,0,ok
baseline,corpus,GHOSTSCRIPT-699488-0.pdf,1,1,32.3,8128088,1,0,0,ok
baseline,corpus,GHOSTSCRIPT-700125-1.pdf,1,5,56.5,17647608,1,1,1,ok
baseline,corpus,GHOSTSCRIPT-700139-0.pdf,1,2,372.4,117737968,3,2,1,ok
baseline,corpus,GHOSTSCRIPT-700236-1.pdf,1,5,42.2,13572832,1,0,0,ok
baseline,corpus,Gamebook.pdf,1,5,126.9,150825632,8,8,8,ok
baseline,corpus,ICML03-081.pdf,1,5,57.2,17385424,1,1,0,ok
baseline,corpus,Indexed-DeviceRGB-JPXDecode-0-.0.0.255.0.-Font-F1_1_missing_char_255-1.pdf,1,1,49.5,17086288,0,0,0,ok
baseline,corpus,Judgement Document.pdf,1,5,38.0,11061656,1,1,1,ok
baseline,corpus,Layer pdf - 322_High_Holborn_building_Brochure.pdf,1,3,149.5,38364496,1,0,0,ok
baseline,corpus,MOZILLA-10225-0.pdf,1,5,33.7,23121080,0,0,0,ok
baseline,corpus,MOZILLA-10372-2.pdf,1,5,45.8,13451656,1,1,1,ok
baseline,corpus,MOZILLA-2775-1.pdf,1,5,50.7,17809208,0,0,0,ok
baseline,corpus,MOZILLA-3136-0.pdf,1,4,728.8,219876256,5,2,1,ok
baseline,corpus,MOZILLA-7375-0.pdf,1,5,51.2,16128824,0,0,0,ok
baseline,corpus,Math119FakingData.pdf,1,5,30.8,9332480,0,0,0,ok
baseline,corpus,Motor Insurance claim form.pdf,1,3,284.9,69902640,3,3,3,ok
baseline,corpus,Multiple Page - from Mortality Statistics.pdf,1,5,33.1,15965856,0,0,0,ok
baseline,corpus,OPEN.RABBIT.ENGLISH.LOP.pdf,1,5,55.6,27964064,1,0,0,ok
baseline,corpus,Old Gutnish Internet Explorer.pdf,1,3,20.9,14922056,0,0,0,ok
baseline,corpus,P2P-33713919.pdf,1,5,40.4,23234360,1,1,1,ok
baseline,corpus,PDFBOX-492-4.jar-8.pdf,1,2,53.0,17072496,1,0,0,ok
baseline,corpus,PDFBOX-624-2.pdf,1,5,16.3,11353640,0,0,0,ok
baseline,corpus,Pig Production Handbook.pdf,1,5,14.8,11661096,0,0,0,ok
baseline,corpus,Publication_of_award_of_Bids_for_Transport_Sector__August_2016.pdf,1,5,12.2,8528320,0,0,0,ok
baseline,corpus,Rotation 45.pdf,1,4,36.2,17682816,0,0,0,ok
baseline,corpus,SPARC - v9 Architecture Manual.pdf,1,5,218.4,108711920,5,1,1,ok
baseline,corpus,SPE8EF26T0545.pdf,1,5,11.9,11406696,0,0,0,ok
baseline,corpus,TIKA-1552-0.pdf,1,5,47.4,23705960,2,1,1,ok
baseline,corpus,TIKA-2054-0.pdf,1,5,28.2,23587368,0,0,0,ok
baseline,corpus,Type0 Font.pdf,1,1,12.0,10340976,0,0,0,ok
baseline,corpus,Type0_CJK_Font.pdf,1,5,67.5,4917912,0,0,0,ok
baseline,corpus,capas.pdf,1,5,11.3,8295872,0,0,0,ok
baseline,corpus,cat-genetics_bobld.pdf,1,1,9.9,7026784,0,0,0,ok
baseline,corpus,cmap-parsing-exception.pdf,1,1,34.7,13549296,1,1,1,ok
baseline,corpus,dotnet-ai.pdf,1,5,26.7,32510488,1,1,1,ok
baseline,corpus,felltypes-test.pdf,1,1,17.2,4980560,0,0,0,ok
baseline,corpus,iron-ore-q2-q3-2013.pdf,1,5,42.1,36555056,1,0,0,ok
baseline,corpus,issue_671.pdf,1,2,21.2,18332752,0,0,0,ok
baseline,corpus,journal.pone.0196757.pdf,1,5,54.6,35679824,0,0,0,ok
baseline,corpus,jtehm-melillo-2679746.pdf,1,5,97.7,53030112,2,2,1,ok
baseline,corpus,pop-bugzilla37292.pdf,1,4,9.6,7989872,0,0,0,ok
baseline,corpus,reference-2-numeric-error.pdf,1,1,30.4,7196176,1,1,0,ok
baseline,corpus,ssm2163.pdf,1,5,14.2,10631280,0,0,0,ok
baseline,corpus,test-2_so_74165171.pdf,1,1,144.5,42241960,1,1,1,ok
baseline,corpus,testPdf-1.pdf,1,2,7.8,6061048,0,0,0,ok
baseline,corpus,test_a-5.pdf,1,5,138.7,70170024,3,2,1,ok
baseline,corpus,test_a.pdf,1,5,94.9,70038616,1,1,1,ok
baseline,corpus,toc.pdf,1,5,6.3,7514624,0,0,0,ok
baseline,corpus,type3-font-zero-height.pdf,1,1,15.3,8061768,0,0,0,ok
baseline,corpus,0000851.pdf,2,5,284.7,122703440,4,2,1,ok
baseline,corpus,11194059_2017-11_de_s.pdf,2,2,26.0,27665896,0,0,0,ok
baseline,corpus,2006_Swedish_Touring_Car_Championship.pdf,2,4,9.5,7883120,0,0,0,ok
baseline,corpus,2108.11480.pdf,2,5,87.6,76745136,0,0,0,ok
baseline,corpus,6.Secrets.to.Startup.Success.PDFDrive.pdf,2,5,50.1,24670056,1,0,0,ok
baseline,corpus,68-1990-01_A.pdf,2,5,58.8,44583504,1,1,1,ok
baseline,corpus,Approved_Document_B__fire_safety__volume_2_-_Buildings_other_than_dwellings__2019_edition_incorporating_2020_and_2022_amendments.pdf,2,5,53.0,52515040,2,1,1,ok
baseline,corpus,ClipPathLetterFilter-Test1.pdf,2,5,11.9,12729256,0,0,0,ok
baseline,corpus,ClipPathLetterFilter-Test2.pdf,2,1,7.4,8846800,0,0,0,ok
baseline,corpus,ColorIssue.pdf,2,1,42.2,34472864,1,1,1,ok
baseline,corpus,DeviceN_CS_test.pdf,2,5,27.3,22087576,1,1,1,ok
baseline,corpus,ErcotFacts.pdf,2,2,26.0,14118720,1,0,0,ok
baseline,corpus,FICTIF_TABLE_INDEX.pdf,2,5,18.3,15071128,0,0,0,ok
baseline,corpus,FarmerMac.pdf,2,5,14.9,13732080,0,0,0,ok
baseline,corpus,GHOSTSCRIPT-696171-0.pdf,2,5,13.2,11349720,0,0,0,ok
baseline,corpus,GHOSTSCRIPT-697234-0.pdf,2,3,35.7,22751632,0,0,0,ok
baseline,corpus,GHOSTSCRIPT-697507-0.pdf,2,1,13.2,7998056,0,0,0,ok
baseline,corpus,GHOSTSCRIPT-698721-0.zip-6.pdf,2,2,13.8,7741072,0,0,0,ok
baseline,corpus,GHOSTSCRIPT-699035-0.pdf,2,5,73.3,38415640,2,1,1,ok
baseline,corpus,GHOSTSCRIPT-699178-0.pdf,2,3,13.6,8441960,0,0,0,ok
baseline,corpus,GHOSTSCRIPT-699488-0.pdf,2,1,10.9,8125856,0,0,0,ok
baseline,corpus,GHOSTSCRIPT-700125-1.pdf,2,5,30.7,17640256,1,0,0,ok
baseline,corpus,GHOSTSCRIPT-700139-0.pdf,2,2,199.2,116185464,4,2,1,ok
baseline,corpus,GHOSTSCRIPT-700236-1.pdf,2,5,14.1,13572088,0,0,0,ok
baseline,corpus,Gamebook.pdf,2,5,13.4,9367112,1,0,0,ok
baseline,corpus,ICML03-081.pdf,2,5,19.7,17381392,0,0,0,ok
baseline,corpus,Indexed-DeviceRGB-JPXDecode-0-.0.0.255.0.-Font-F1_1_missing_char_255-1.pdf,2,1,28.3,17064032,0,0,0,ok
baseline,corpus,Judgement Document.pdf,2,5,18.4,9127904,1,0,0,ok
baseline,corpus,Layer pdf - 322_High_Holborn_building_Brochure.pdf,2,3,54.3,37981952,1,1,0,ok
baseline,corpus,MOZILLA-10225-0.pdf,2,5,17.6,23062808,0,0,0,ok
baseline,corpus,MOZILLA-10372-2.pdf,2,5,29.7,13030320,1,1,1,ok
baseline,corpus,MOZILLA-2775-1.pdf,2,5,29.2,17808416,1,0,0,ok
baseline,corpus,MOZILLA-3136-0.pdf,2,4,309.5,217930512,5,3,2,ok
baseline,corpus,MOZILLA-7375-0.pdf,2,5,15.8,16127600,0,0,0,ok
baseline,corpus,Math119FakingData.pdf,2,5,12.0,9330824,0,0,0,ok
baseline,corpus,Motor Insurance claim form.pdf,2,3,109.9,68929528,2,1,0,ok
baseline,corpus,Multiple Page - from Mortality Statistics.pdf,2,5,6.2,8224528,0,0,0,ok
baseline,corpus,OPEN.RABBIT.ENGLISH.LOP.pdf,2,5,22.9,27511888,0,0,0,ok
baseline,corpus,Old Gutnish Internet Explorer.pdf,2,3,30.9,14345344,1,1,1,ok
baseline,corpus,P2P-33713919.pdf,2,5,23.6,23059080,1,0,0,ok
baseline,corpus,PDFBOX-492-4.jar-8.pdf,2,2,18.9,16922312,0,0,0,ok
baseline,corpus,PDFBOX-624-2.pdf,2,5,9.6,11351800,0,0,0,ok
baseline,corpus,Pig Production Handbook.pdf,2,5,9.5,11660472,0,0,0,ok
baseline,corpus,Publication_of_award_of_Bids_for_Transport_Sector__August_2016.pdf,2,5,7.3,8291248,0,0,0,ok
baseline,corpus,Rotation 45.pdf,2,4,15.9,10018568,0,0,0,ok
baseline,corpus,SPARC - v9 Architecture Manual.pdf,2,5,98.0,108711728,4,2,1,ok
baseline,corpus,SPE8EF26T0545.pdf,2,5,11.9,11399952,1,0,0,ok
baseline,corpus,TIKA-1552-0.pdf,2,5,19.6,23549984,0,0,0,ok
baseline,corpus,TIKA-2054-0.pdf,2,5,22.8,23583520,0,0,0,ok
baseline,corpus,Type0 Font.pdf,2,1,20.0,9790896,1,1,1,ok
baseline,corpus,Type0_CJK_Font.pdf,2,5,10.4,3270944,0,0,0,ok
baseline,corpus,capas.pdf,2,5,5.8,8042120,0,0,0,ok
baseline,corpus,cat-genetics_bobld.pdf,2,1,5.5,7029368,0,0,0,ok
baseline,corpus,cmap-parsing-exception.pdf,2,1,19.2,13245752,1,0,0,ok
baseline,corpus,dotnet-ai.pdf,2,5,22.2,31820528,1,1,1,ok
baseline,corpus,felltypes-test.pdf,2,1,8.5,4979600,0,0,0,ok
baseline,corpus,iron-ore-q2-q3-2013.pdf,2,5,32.6,37191344,2,2,1,ok
baseline,corpus,issue_671.pdf,2,2,19.2,17967736,0,0,0,ok
baseline,corpus,journal.pone.0196757.pdf,2,5,38.9,35673296,1,0,0,ok
baseline,corpus,jtehm-melillo-2679746.pdf,2,5,66.2,53032472,1,1,1,ok
baseline,corpus,pop-bugzilla37292.pdf,2,4,15.9,7623120,1,0,0,ok
baseline,corpus,reference-2-numeric-error.pdf,2,1,8.5,7193912,0,0,0,ok
baseline,corpus,ssm2163.pdf,2,5,10.0,10616776,0,0,0,ok
baseline,corpus,test-2_so_74165171.pdf,2,1,62.1,42239512,1,1,1,ok
baseline,corpus,testPdf-1.pdf,2,2,6.0,5836232,0,0,0,ok
baseline,corpus,test_a-5.pdf,2,5,84.0,69814176,2,1,1,ok
baseline,corpus,test_a.pdf,2,5,76.0,69811792,2,1,0,ok
baseline,corpus,toc.pdf,2,5,4.9,7514448,0,0,0,ok
baseline,corpus,type3-font-zero-height.pdf,2,1,9.5,8056264,0,0,0,ok
baseline,corpus,0000851.pdf,3,5,205.8,122543448,4,2,1,ok
baseline,corpus,11194059_2017-11_de_s.pdf,3,2,21.3,27547624,0,0,0,ok
baseline,corpus,2006_Swedish_Touring_Car_Championship.pdf,3,4,6.7,7666976,0,0,0,ok
baseline,corpus,2108.11480.pdf,3,5,99.6,76145048,2,1,1,ok
baseline,corpus,6.Secrets.to.Startup.Success.PDFDrive.pdf,3,5,17.1,24740240,0,0,0,ok
baseline,corpus,68-1990-01_A.pdf,3,5,65.9,44326552,2,1,0,ok
baseline,corpus,Approved_Document_B__fire_safety__volume_2_-_Buildings_other_than_dwellings__2019_edition_incorporating_2020_and_2022_amendments.pdf,3,5,43.1,52516144,2,2,2,ok
baseline,corpus,ClipPathLetterFilter-Test1.pdf,3,5,9.9,12173320,0,0,0,ok
baseline,corpus,ClipPathLetterFilter-Test2.pdf,3,1,16.9,8700360,1,1,1,ok
baseline,corpus,ColorIssue.pdf,3,1,29.2,34092296,1,1,1,ok
baseline,corpus,DeviceN_CS_test.pdf,3,5,30.1,21695792,2,2,1,ok
baseline,corpus,ErcotFacts.pdf,3,2,13.1,13722680,0,0,0,ok
baseline,corpus,FICTIF_TABLE_INDEX.pdf,3,5,12.8,14806296,0,0,0,ok
baseline,corpus,FarmerMac.pdf,3,5,13.4,13732080,1,0,0,ok
baseline,corpus,GHOSTSCRIPT-696171-0.pdf,3,5,9.0,11349928,0,0,0,ok
baseline,corpus,GHOSTSCRIPT-697234-0.pdf,3,3,23.6,22751632,0,0,0,ok
baseline,corpus,GHOSTSCRIPT-697507-0.pdf,3,1,8.0,7998056,0,0,0,ok
baseline,corpus,GHOSTSCRIPT-698721-0.zip-6.pdf,3,2,8.3,7741072,1,0,0,ok
baseline,corpus,GHOSTSCRIPT-699035-0.pdf,3,5,47.2,38415848,2,1,1,ok
baseline,corpus,GHOSTSCRIPT-699178-0.pdf,3,3,6.4,8441960,0,0,0,ok
baseline,corpus,GHOSTSCRIPT-699488-0.pdf,3,1,6.6,8125856,0,0,0,ok
baseline,corpus,GHOSTSCRIPT-700125-1.pdf,3,5,17.8,17640256,1,0,0,ok
baseline,corpus,GHOSTSCRIPT-700139-0.pdf,3,2,119.5,116316560,3,1,1,ok
baseline,corpus,GHOSTSCRIPT-700236-1.pdf,3,5,11.3,13572088,0,0,0,ok
baseline,corpus,Gamebook.pdf,3,5,9.4,9367112,1,0,0,ok
baseline,corpus,ICML03-081.pdf,3,5,20.8,17381392,1,0,0,ok
baseline,corpus,Indexed-DeviceRGB-JPXDecode-0-.0.0.255.0.-Font-F1_1_missing_char_255-1.pdf,3,1,22.1,17064240,0,0,0,ok
baseline,corpus,Judgement Document.pdf,3,5,6.7,9127904,0,0,0,ok
baseline,corpus,Layer pdf - 322_High_Holborn_building_Brochure.pdf,3,3,44.2,37984392,1,1,1,ok
baseline,corpus,MOZILLA-10225-0.pdf,3,5,13.7,23067072,0,0,0,ok
baseline,corpus,MOZILLA-10372-2.pdf,3,5,21.9,13161416,1,1,1,ok
baseline,corpus,MOZILLA-2775-1.pdf,3,5,17.2,17808416,1,0,0,ok
baseline,corpus,MOZILLA-3136-0.pdf,3,4,248.1,217832208,5,3,2,ok
baseline,corpus,MOZILLA-7375-0.pdf,3,5,26.9,16127600,1,0,0,ok
baseline,corpus,Math119FakingData.pdf,3,5,8.2,9331032,0,0,0,ok
baseline,corpus,Motor Insurance claim form.pdf,3,3,98.2,68929528,1,1,0,ok
baseline,corpus,Multiple Page - from Mortality Statistics.pdf,3,5,6.6,8224528,0,0,0,ok
baseline,corpus,OPEN.RABBIT.ENGLISH.LOP.pdf,3,5,32.5,27511888,1,0,0,ok
baseline,corpus,Old Gutnish Internet Explorer.pdf,3,3,27.1,14345496,1,1,1,ok
baseline,corpus,P2P-33713919.pdf,3,5,12.7,23059136,0,0,0,ok
baseline,corpus,PDFBOX-492-4.jar-8.pdf,3,2,27.2,16922104,1,0,0,ok
baseline,corpus,PDFBOX-624-2.pdf,3,5,9.6,11352008,0,0,0,ok
baseline,corpus,Pig Production Handbook.pdf,3,5,9.1,11660472,0,0,0,ok
baseline,corpus,Publication_of_award_of_Bids_for_Transport_Sector__August_2016.pdf,3,5,7.5,8291248,0,0,0,ok
baseline,corpus,Rotation 45.pdf,3,4,13.0,10018568,0,0,0,ok
baseline,corpus,SPARC - v9 Architecture Manual.pdf,3,5,87.1,108711728,5,1,1,ok
baseline,corpus,SPE8EF26T0545.pdf,3,5,9.1,11399952,0,0,0,ok
baseline,corpus,TIKA-1552-0.pdf,3,5,27.8,23549776,1,1,0,ok
baseline,corpus,TIKA-2054-0.pdf,3,5,20.2,23583728,0,0,0,ok
baseline,corpus,Type0 Font.pdf,3,1,19.9,9790840,1,1,1,ok
baseline,corpus,Type0_CJK_Font.pdf,3,5,9.5,3271000,0,0,0,ok
baseline,corpus,capas.pdf,3,5,6.3,8042120,0,0,0,ok
baseline,corpus,cat-genetics_bobld.pdf,3,1,5.4,7029368,0,0,0,ok
baseline,corpus,cmap-parsing-exception.pdf,3,1,18.3,13114656,1,0,0,ok
baseline,corpus,dotnet-ai.pdf,3,5,26.0,31820528,1,1,1,ok
baseline,corpus,felltypes-test.pdf,3,1,8.2,4979600,0,0,0,ok
baseline,corpus,iron-ore-q2-q3-2013.pdf,3,5,35.3,37177720,2,1,1,ok
baseline,corpus,issue_671.pdf,3,2,18.0,17971944,0,0,0,ok
baseline,corpus,journal.pone.0196757.pdf,3,5,36.9,35682560,1,0,0,ok
baseline,corpus,jtehm-melillo-2679746.pdf,3,5,60.0,53032472,1,1,1,ok
baseline,corpus,pop-bugzilla37292.pdf,3,4,16.7,7623120,1,0,0,ok
baseline,corpus,reference-2-numeric-error.pdf,3,1,8.5,7193912,0,0,0,ok
baseline,corpus,ssm2163.pdf,3,5,9.3,10616776,0,0,0,ok
baseline,corpus,test-2_so_74165171.pdf,3,1,63.7,42239512,1,1,1,ok
baseline,corpus,testPdf-1.pdf,3,2,6.0,5836232,0,0,0,ok
baseline,corpus,test_a-5.pdf,3,5,84.9,69814176,2,1,1,ok
baseline,corpus,test_a.pdf,3,5,63.9,69811792,1,0,0,ok
baseline,corpus,toc.pdf,3,5,5.5,7514448,0,0,0,ok
baseline,corpus,type3-font-zero-height.pdf,3,1,9.2,8056264,0,0,0,ok
scanner+form,corpus,0000851.pdf,1,5,1105.6,165945992,5,2,2,ok
scanner+form,corpus,11194059_2017-11_de_s.pdf,1,2,110.3,27690872,0,0,0,ok
scanner+form,corpus,2006_Swedish_Touring_Car_Championship.pdf,1,4,51.7,7849008,1,1,0,ok
scanner+form,corpus,2108.11480.pdf,1,5,196.7,75658824,2,1,1,ok
scanner+form,corpus,6.Secrets.to.Startup.Success.PDFDrive.pdf,1,5,78.8,24747448,1,1,1,ok
scanner+form,corpus,68-1990-01_A.pdf,1,5,204.2,64940240,2,1,1,ok
scanner+form,corpus,Approved_Document_B__fire_safety__volume_2_-_Buildings_other_than_dwellings__2019_edition_incorporating_2020_and_2022_amendments.pdf,1,5,108.7,52138880,2,2,2,ok
scanner+form,corpus,ClipPathLetterFilter-Test1.pdf,1,5,97.6,41279000,1,0,0,ok
scanner+form,corpus,ClipPathLetterFilter-Test2.pdf,1,1,23.4,8847264,0,0,0,ok
scanner+form,corpus,ColorIssue.pdf,1,1,97.6,34303192,2,2,2,ok
scanner+form,corpus,DeviceN_CS_test.pdf,1,5,57.3,22078488,1,1,1,ok
scanner+form,corpus,ErcotFacts.pdf,1,2,50.7,13773152,1,0,0,ok
scanner+form,corpus,FICTIF_TABLE_INDEX.pdf,1,5,43.4,15513192,0,0,0,ok
scanner+form,corpus,FarmerMac.pdf,1,5,48.5,14097408,0,0,0,ok
scanner+form,corpus,GHOSTSCRIPT-696171-0.pdf,1,5,41.3,11337784,0,0,0,ok
scanner+form,corpus,GHOSTSCRIPT-697234-0.pdf,1,3,112.2,22817376,1,1,1,ok
scanner+form,corpus,GHOSTSCRIPT-697507-0.pdf,1,1,22.6,7979376,0,0,0,ok
scanner+form,corpus,GHOSTSCRIPT-698721-0.zip-6.pdf,1,2,21.8,7318696,1,0,0,ok
scanner+form,corpus,GHOSTSCRIPT-699035-0.pdf,1,5,166.1,38416616,0,0,0,ok
scanner+form,corpus,GHOSTSCRIPT-699178-0.pdf,1,3,24.8,8592424,0,0,0,ok
scanner+form,corpus,GHOSTSCRIPT-699488-0.pdf,1,1,39.4,8123080,1,0,0,ok
scanner+form,corpus,GHOSTSCRIPT-700125-1.pdf,1,5,55.0,16349464,1,1,1,ok
scanner+form,corpus,GHOSTSCRIPT-700139-0.pdf,1,2,384.1,117762544,3,2,1,ok
scanner+form,corpus,GHOSTSCRIPT-700236-1.pdf,1,5,43.8,13424096,0,0,0,ok
scanner+form,corpus,Gamebook.pdf,1,5,136.9,150812472,8,8,8,ok
scanner+form,corpus,ICML03-081.pdf,1,5,59.8,17363768,1,1,0,ok
scanner+form,corpus,Indexed-DeviceRGB-JPXDecode-0-.0.0.255.0.-Font-F1_1_missing_char_255-1.pdf,1,1,55.4,16998768,0,0,0,ok
scanner+form,corpus,Judgement Document.pdf,1,5,40.0,11062536,1,1,1,ok
scanner+form,corpus,Layer pdf - 322_High_Holborn_building_Brochure.pdf,1,3,153.8,38365024,1,0,0,ok
scanner+form,corpus,MOZILLA-10225-0.pdf,1,5,31.1,23056168,0,0,0,ok
scanner+form,corpus,MOZILLA-10372-2.pdf,1,5,49.0,13452360,1,1,1,ok
scanner+form,corpus,MOZILLA-2775-1.pdf,1,5,50.4,17728856,0,0,0,ok
scanner+form,corpus,MOZILLA-3136-0.pdf,1,4,749.4,219878032,4,2,1,ok
scanner+form,corpus,MOZILLA-7375-0.pdf,1,5,44.9,16132648,0,0,0,ok
scanner+form,corpus,Math119FakingData.pdf,1,5,25.4,9254488,0,0,0,ok
scanner+form,corpus,Motor Insurance claim form.pdf,1,3,324.7,69805216,3,3,3,ok
scanner+form,corpus,Multiple Page - from Mortality Statistics.pdf,1,5,39.6,15942496,0,0,0,ok
scanner+form,corpus,OPEN.RABBIT.ENGLISH.LOP.pdf,1,5,134.2,27967368,1,0,0,ok
scanner+form,corpus,Old Gutnish Internet Explorer.pdf,1,3,44.5,14916200,0,0,0,ok
scanner+form,corpus,P2P-33713919.pdf,1,5,75.3,23180824,1,1,1,ok
scanner+form,corpus,PDFBOX-492-4.jar-8.pdf,1,2,76.3,17006568,1,0,0,ok
scanner+form,corpus,PDFBOX-624-2.pdf,1,5,34.6,11334072,0,0,0,ok
scanner+form,corpus,Pig Production Handbook.pdf,1,5,33.9,11474736,0,0,0,ok
scanner+form,corpus,Publication_of_award_of_Bids_for_Transport_Sector__August_2016.pdf,1,5,34.4,8529200,0,0,0,ok
scanner+form,corpus,Rotation 45.pdf,1,4,88.2,17564112,0,0,0,ok
scanner+form,corpus,SPARC - v9 Architecture Manual.pdf,1,5,311.8,74098712,3,2,2,ok
scanner+form,corpus,SPE8EF26T0545.pdf,1,5,14.8,11437272,0,0,0,ok
scanner+form,corpus,TIKA-1552-0.pdf,1,5,41.7,23572920,1,0,0,ok
scanner+form,corpus,TIKA-2054-0.pdf,1,5,25.6,20744568,0,0,0,ok
scanner+form,corpus,Type0 Font.pdf,1,1,12.8,10340584,0,0,0,ok
scanner+form,corpus,Type0_CJK_Font.pdf,1,5,66.1,4864144,0,0,0,ok
scanner+form,corpus,capas.pdf,1,5,12.2,8262632,0,0,0,ok
scanner+form,corpus,cat-genetics_bobld.pdf,1,1,13.7,7032528,1,0,0,ok
scanner+form,corpus,cmap-parsing-exception.pdf,1,1,40.8,13551952,1,1,1,ok
scanner+form,corpus,dotnet-ai.pdf,1,5,30.6,32312616,1,1,1,ok
scanner+form,corpus,felltypes-test.pdf,1,1,17.4,4980736,0,0,0,ok
scanner+form,corpus,iron-ore-q2-q3-2013.pdf,1,5,47.0,36557024,1,0,0,ok
scanner+form,corpus,issue_671.pdf,1,2,34.9,18273552,1,1,1,ok
scanner+form,corpus,journal.pone.0196757.pdf,1,5,64.5,35675104,1,0,0,ok
scanner+form,corpus,jtehm-melillo-2679746.pdf,1,5,85.4,52742736,1,0,0,ok
scanner+form,corpus,pop-bugzilla37292.pdf,1,4,12.1,7958880,0,0,0,ok
scanner+form,corpus,reference-2-numeric-error.pdf,1,1,18.3,7150632,0,0,0,ok
scanner+form,corpus,ssm2163.pdf,1,5,19.5,10271224,0,0,0,ok
scanner+form,corpus,test-2_so_74165171.pdf,1,1,131.7,41201152,1,1,1,ok
scanner+form,corpus,testPdf-1.pdf,1,2,19.6,6060776,1,1,1,ok
scanner+form,corpus,test_a-5.pdf,1,5,89.1,70131088,1,0,0,ok
scanner+form,corpus,test_a.pdf,1,5,97.8,69149968,2,1,1,ok
scanner+form,corpus,toc.pdf,1,5,5.9,7517504,0,0,0,ok
scanner+form,corpus,type3-font-zero-height.pdf,1,1,20.1,8054576,0,0,0,ok
scanner+form,corpus,0000851.pdf,2,5,361.2,118617232,3,2,1,ok
scanner+form,corpus,11194059_2017-11_de_s.pdf,2,2,32.9,27666520,0,0,0,ok
scanner+form,corpus,2006_Swedish_Touring_Car_Championship.pdf,2,4,23.5,7847448,1,0,0,ok
scanner+form,corpus,2108.11480.pdf,2,5,85.0,75441496,0,0,0,ok
scanner+form,corpus,6.Secrets.to.Startup.Success.PDFDrive.pdf,2,5,44.4,24743560,1,1,1,ok
scanner+form,corpus,68-1990-01_A.pdf,2,5,55.2,44578888,1,0,0,ok
scanner+form,corpus,Approved_Document_B__fire_safety__volume_2_-_Buildings_other_than_dwellings__2019_edition_incorporating_2020_and_2022_amendments.pdf,2,5,52.0,52109768,2,2,2,ok
scanner+form,corpus,ClipPathLetterFilter-Test1.pdf,2,5,12.8,12680584,0,0,0,ok
scanner+form,corpus,ClipPathLetterFilter-Test2.pdf,2,1,8.9,8846976,1,1,0,ok
scanner+form,corpus,ColorIssue.pdf,2,1,48.3,34040112,2,2,2,ok
scanner+form,corpus,DeviceN_CS_test.pdf,2,5,15.0,21931896,0,0,0,ok
scanner+form,corpus,ErcotFacts.pdf,2,2,23.2,13762072,1,1,0,ok
scanner+form,corpus,FICTIF_TABLE_INDEX.pdf,2,5,14.1,15073368,0,0,0,ok
scanner+form,corpus,FarmerMac.pdf,2,5,12.5,13703640,0,0,0,ok
scanner+form,corpus,GHOSTSCRIPT-696171-0.pdf,2,5,11.9,11336200,1,0,0,ok
scanner+form,corpus,GHOSTSCRIPT-697234-0.pdf,2,3,29.1,22678216,1,0,0,ok
scanner+form,corpus,GHOSTSCRIPT-697507-0.pdf,2,1,8.5,7906672,0,0,0,ok
scanner+form,corpus,GHOSTSCRIPT-698721-0.zip-6.pdf,2,2,6.1,7317912,0,0,0,ok
scanner+form,corpus,GHOSTSCRIPT-699035-0.pdf,2,5,45.0,38421176,1,1,1,ok
scanner+form,corpus,GHOSTSCRIPT-699178-0.pdf,2,3,16.5,8420432,1,1,0,ok
scanner+form,corpus,GHOSTSCRIPT-699488-0.pdf,2,1,7.8,8121056,0,0,0,ok
scanner+form,corpus,GHOSTSCRIPT-700125-1.pdf,2,5,12.5,16342112,0,0,0,ok
scanner+form,corpus,GHOSTSCRIPT-700139-0.pdf,2,2,140.9,116340928,3,2,1,ok
scanner+form,corpus,GHOSTSCRIPT-700236-1.pdf,2,5,16.2,13423352,0,0,0,ok
scanner+form,corpus,Gamebook.pdf,2,5,12.1,9354160,0,0,0,ok
scanner+form,corpus,ICML03-081.pdf,2,5,22.1,17359528,0,0,0,ok
scanner+form,corpus,Indexed-DeviceRGB-JPXDecode-0-.0.0.255.0.-Font-F1_1_missing_char_255-1.pdf,2,1,27.9,16976512,0,0,0,ok
scanner+form,corpus,Judgement Document.pdf,2,5,9.6,9128784,0,0,0,ok
scanner+form,corpus,Layer pdf - 322_High_Holborn_building_Brochure.pdf,2,3,59.4,37984920,1,1,1,ok
scanner+form,corpus,MOZILLA-10225-0.pdf,2,5,21.0,23135904,1,1,1,ok
scanner+form,corpus,MOZILLA-10372-2.pdf,2,5,15.5,13028496,1,0,0,ok
scanner+form,corpus,MOZILLA-2775-1.pdf,2,5,13.1,17723944,0,0,0,ok
scanner+form,corpus,MOZILLA-3136-0.pdf,2,4,241.8,217631552,2,1,0,ok
scanner+form,corpus,MOZILLA-7375-0.pdf,2,5,26.3,16138136,1,1,1,ok
scanner+form,corpus,Math119FakingData.pdf,2,5,7.7,9253096,0,0,0,ok
scanner+form,corpus,Motor Insurance claim form.pdf,2,3,94.4,68900232,2,1,1,ok
scanner+form,corpus,Multiple Page - from Mortality Statistics.pdf,2,5,20.9,8267704,1,0,0,ok
scanner+form,corpus,OPEN.RABBIT.ENGLISH.LOP.pdf,2,5,35.2,28239248,1,1,1,ok
scanner+form,corpus,Old Gutnish Internet Explorer.pdf,2,3,11.4,14271400,0,0,0,ok
scanner+form,corpus,P2P-33713919.pdf,2,5,20.9,23005872,1,0,0,ok
scanner+form,corpus,PDFBOX-492-4.jar-8.pdf,2,2,20.3,16856384,0,0,0,ok
scanner+form,corpus,PDFBOX-624-2.pdf,2,5,9.1,11332232,0,0,0,ok
scanner+form,corpus,Pig Production Handbook.pdf,2,5,8.6,11474112,0,0,0,ok
scanner+form,corpus,Publication_of_award_of_Bids_for_Transport_Sector__August_2016.pdf,2,5,15.8,8292128,1,0,0,ok
scanner+form,corpus,Rotation 45.pdf,2,4,23.7,10033904,1,1,1,ok
scanner+form,corpus,SPARC - v9 Architecture Manual.pdf,2,5,69.0,74096288,2,2,1,ok
scanner+form,corpus,SPE8EF26T0545.pdf,2,5,29.2,11430528,1,1,0,ok
scanner+form,corpus,TIKA-1552-0.pdf,2,5,17.8,23550688,0,0,0,ok
scanner+form,corpus,TIKA-2054-0.pdf,2,5,19.3,20740776,1,0,0,ok
scanner+form,corpus,Type0 Font.pdf,2,1,19.0,9790656,1,1,1,ok
scanner+form,corpus,Type0_CJK_Font.pdf,2,5,10.6,3217232,0,0,0,ok
scanner+form,corpus,capas.pdf,2,5,5.6,8008880,0,0,0,ok
scanner+form,corpus,cat-genetics_bobld.pdf,2,1,10.6,7035112,0,0,0,ok
scanner+form,corpus,cmap-parsing-exception.pdf,2,1,18.9,13117104,1,0,0,ok
scanner+form,corpus,dotnet-ai.pdf,2,5,21.7,31622656,1,1,1,ok
scanner+form,corpus,felltypes-test.pdf,2,1,7.9,4979776,0,0,0,ok
scanner+form,corpus,iron-ore-q2-q3-2013.pdf,2,5,30.7,37192896,1,1,1,ok
scanner+form,corpus,issue_671.pdf,2,2,27.3,17842976,1,1,1,ok
scanner+form,corpus,journal.pone.0196757.pdf,2,5,36.4,35518568,1,0,0,ok
scanner+form,corpus,jtehm-melillo-2679746.pdf,2,5,72.7,52742512,1,1,1,ok
scanner+form,corpus,pop-bugzilla37292.pdf,2,4,6.9,7597608,0,0,0,ok
scanner+form,corpus,reference-2-numeric-error.pdf,2,1,8.8,7148160,0,0,0,ok
scanner+form,corpus,ssm2163.pdf,2,5,9.1,10268664,0,0,0,ok
scanner+form,corpus,test-2_so_74165171.pdf,2,1,73.6,42239256,2,1,1,ok
scanner+form,corpus,testPdf-1.pdf,2,2,6.0,5833464,0,0,0,ok
scanner+form,corpus,test_a-5.pdf,2,5,102.1,69777624,3,2,1,ok
scanner+form,corpus,test_a.pdf,2,5,56.9,69775240,0,0,0,ok
scanner+form,corpus,toc.pdf,2,5,7.9,7517120,0,0,0,ok
scanner+form,corpus,type3-font-zero-height.pdf,2,1,23.4,8051720,1,1,1,ok
scanner+form,corpus,0000851.pdf,3,5,196.9,118617376,2,1,1,ok
scanner+form,corpus,11194059_2017-11_de_s.pdf,3,2,32.1,27613864,1,0,0,ok
scanner+form,corpus,2006_Swedish_Touring_Car_Championship.pdf,3,4,6.8,7631512,0,0,0,ok
scanner+form,corpus,2108.11480.pdf,3,5,68.1,74838440,1,0,0,ok
scanner+form,corpus,6.Secrets.to.Startup.Success.PDFDrive.pdf,3,5,26.1,24671144,0,0,0,ok
scanner+form,corpus,68-1990-01_A.pdf,3,5,72.9,44401208,2,1,1,ok
scanner+form,corpus,Approved_Document_B__fire_safety__volume_2_-_Buildings_other_than_dwellings__2019_edition_incorporating_2020_and_2022_amendments.pdf,3,5,37.1,52108144,1,1,1,ok
scanner+form,corpus,ClipPathLetterFilter-Test1.pdf,3,5,21.6,12127904,1,1,1,ok
scanner+form,corpus,ClipPathLetterFilter-Test2.pdf,3,1,6.5,8698152,0,0,0,ok
scanner+form,corpus,ColorIssue.pdf,3,1,33.6,33919192,1,1,1,ok
scanner+form,corpus,DeviceN_CS_test.pdf,3,5,24.3,21476600,2,1,1,ok
scanner+form,corpus,ErcotFacts.pdf,3,2,13.6,13366296,0,0,0,ok
scanner+form,corpus,FICTIF_TABLE_INDEX.pdf,3,5,12.4,14808536,0,0,0,ok
scanner+form,corpus,FarmerMac.pdf,3,5,14.7,13703640,1,0,0,ok
scanner+form,corpus,GHOSTSCRIPT-696171-0.pdf,3,5,9.2,11336408,0,0,0,ok
scanner+form,corpus,GHOSTSCRIPT-697234-0.pdf,3,3,22.3,22678008,0,0,0,ok
scanner+form,corpus,GHOSTSCRIPT-697507-0.pdf,3,1,9.6,7906464,1,1,0,ok
scanner+form,corpus,GHOSTSCRIPT-698721-0.zip-6.pdf,3,2,5.9,7318120,0,0,0,ok
scanner+form,corpus,GHOSTSCRIPT-699035-0.pdf,3,5,40.1,38414408,1,1,0,ok
scanner+form,corpus,GHOSTSCRIPT-699178-0.pdf,3,3,6.8,8420288,0,0,0,ok
scanner+form,corpus,GHOSTSCRIPT-699488-0.pdf,3,1,16.1,8120848,1,1,0,ok
scanner+form,corpus,GHOSTSCRIPT-700125-1.pdf,3,5,12.2,16342320,0,0,0,ok
scanner+form,corpus,GHOSTSCRIPT-700139-0.pdf,3,2,135.0,116216744,4,3,2,ok
scanner+form,corpus,GHOSTSCRIPT-700236-1.pdf,3,5,11.4,13423352,0,0,0,ok
scanner+form,corpus,Gamebook.pdf,3,5,16.4,9354160,1,0,0,ok
scanner+form,corpus,ICML03-081.pdf,3,5,15.8,17359736,0,0,0,ok
scanner+form,corpus,Indexed-DeviceRGB-JPXDecode-0-.0.0.255.0.-Font-F1_1_missing_char_255-1.pdf,3,1,22.2,16976512,0,0,0,ok
scanner+form,corpus,Judgement Document.pdf,3,5,7.4,9128784,0,0,0,ok
scanner+form,corpus,Layer pdf - 322_High_Holborn_building_Brochure.pdf,3,3,38.0,37982272,0,0,0,ok
scanner+form,corpus,MOZILLA-10225-0.pdf,3,5,36.3,22999368,1,1,1,ok
scanner+form,corpus,MOZILLA-10372-2.pdf,3,5,9.6,13029552,0,0,0,ok
scanner+form,corpus,MOZILLA-2775-1.pdf,3,5,19.1,17727856,1,0,0,ok
scanner+form,corpus,MOZILLA-3136-0.pdf,3,4,251.7,217825816,4,3,2,ok
scanner+form,corpus,MOZILLA-7375-0.pdf,3,5,14.5,16131424,0,0,0,ok
scanner+form,corpus,Math119FakingData.pdf,3,5,10.0,9252832,0,0,0,ok
scanner+form,corpus,Motor Insurance claim form.pdf,3,3,119.1,68833528,3,2,1,ok
scanner+form,corpus,Multiple Page - from Mortality Statistics.pdf,3,5,6.3,8268240,0,0,0,ok
scanner+form,corpus,OPEN.RABBIT.ENGLISH.LOP.pdf,3,5,30.6,27777480,1,0,0,ok
scanner+form,corpus,Old Gutnish Internet Explorer.pdf,3,3,11.2,14271344,0,0,0,ok
scanner+form,corpus,P2P-33713919.pdf,3,5,12.2,23005872,0,0,0,ok
scanner+form,corpus,PDFBOX-492-4.jar-8.pdf,3,2,30.2,16856176,1,0,0,ok
scanner+form,corpus,PDFBOX-624-2.pdf,3,5,9.7,11332440,0,0,0,ok
scanner+form,corpus,Pig Production Handbook.pdf,3,5,8.1,11474112,0,0,0,ok
scanner+form,corpus,Publication_of_award_of_Bids_for_Transport_Sector__August_2016.pdf,3,5,18.5,8491520,1,1,1,ok
scanner+form,corpus,Rotation 45.pdf,3,4,12.3,9900128,0,0,0,ok
scanner+form,corpus,SPARC - v9 Architecture Manual.pdf,3,5,66.2,74096024,2,1,1,ok
scanner+form,corpus,SPE8EF26T0545.pdf,3,5,8.6,11430528,0,0,0,ok
scanner+form,corpus,TIKA-1552-0.pdf,3,5,19.4,23550480,0,0,0,ok
scanner+form,corpus,TIKA-2054-0.pdf,3,5,31.9,20944200,1,1,1,ok
scanner+form,corpus,Type0 Font.pdf,3,1,8.6,9722504,0,0,0,ok
scanner+form,corpus,Type0_CJK_Font.pdf,3,5,10.2,3216968,0,0,0,ok
scanner+form,corpus,capas.pdf,3,5,5.5,8008880,0,0,0,ok
scanner+form,corpus,cat-genetics_bobld.pdf,3,1,6.7,7030992,1,0,0,ok
scanner+form,corpus,cmap-parsing-exception.pdf,3,1,16.4,13117312,0,0,0,ok
scanner+form,corpus,dotnet-ai.pdf,3,5,23.8,31622448,1,1,1,ok
scanner+form,corpus,felltypes-test.pdf,3,1,8.2,4979776,0,0,0,ok
scanner+form,corpus,iron-ore-q2-q3-2013.pdf,3,5,27.1,37260528,1,1,1,ok
scanner+form,corpus,issue_671.pdf,3,2,27.8,17974072,2,1,1,ok
scanner+form,corpus,journal.pone.0196757.pdf,3,5,35.5,35518568,1,0,0,ok
scanner+form,corpus,jtehm-melillo-2679746.pdf,3,5,59.3,52873608,1,1,1,ok
scanner+form,corpus,pop-bugzilla37292.pdf,3,4,6.7,7597608,0,0,0,ok
scanner+form,corpus,reference-2-numeric-error.pdf,3,1,18.5,7148160,1,0,0,ok
scanner+form,corpus,ssm2163.pdf,3,5,8.2,10268872,0,0,0,ok
scanner+form,corpus,test-2_so_74165171.pdf,3,1,59.8,42239256,1,1,1,ok
scanner+form,corpus,testPdf-1.pdf,3,2,5.2,5833464,0,0,0,ok
scanner+form,corpus,test_a-5.pdf,3,5,81.9,69777624,2,1,1,ok
scanner+form,corpus,test_a.pdf,3,5,89.1,69777888,2,1,1,ok
scanner+form,corpus,toc.pdf,3,5,5.7,7517384,0,0,0,ok
scanner+form,corpus,type3-font-zero-height.pdf,3,1,10.0,8049072,0,0,0,ok
full,corpus,0000851.pdf,1,5,1100.2,165939968,5,2,2,ok
full,corpus,11194059_2017-11_de_s.pdf,1,2,113.9,27685320,0,0,0,ok
full,corpus,2006_Swedish_Touring_Car_Championship.pdf,1,4,55.6,7846320,1,1,0,ok
full,corpus,2108.11480.pdf,1,5,201.7,75655328,2,1,1,ok
full,corpus,6.Secrets.to.Startup.Success.PDFDrive.pdf,1,5,84.4,24741376,1,1,1,ok
full,corpus,68-1990-01_A.pdf,1,5,212.5,64932432,2,1,1,ok
full,corpus,Approved_Document_B__fire_safety__volume_2_-_Buildings_other_than_dwellings__2019_edition_incorporating_2020_and_2022_amendments.pdf,1,5,113.0,52135432,2,2,2,ok
full,corpus,ClipPathLetterFilter-Test1.pdf,1,5,95.9,41275552,1,0,0,ok
full,corpus,ClipPathLetterFilter-Test2.pdf,1,1,25.0,8847216,0,0,0,ok
full,corpus,ColorIssue.pdf,1,1,100.7,34302368,2,2,2,ok
full,corpus,DeviceN_CS_test.pdf,1,5,60.2,22073704,1,1,1,ok
full,corpus,ErcotFacts.pdf,1,2,57.4,13769824,1,0,0,ok
full,corpus,FICTIF_TABLE_INDEX.pdf,1,5,45.5,15509136,0,0,0,ok
full,corpus,FarmerMac.pdf,1,5,52.7,14093672,0,0,0,ok
full,corpus,GHOSTSCRIPT-696171-0.pdf,1,5,41.1,11333512,0,0,0,ok
full,corpus,GHOSTSCRIPT-697234-0.pdf,1,3,113.9,22813136,1,1,1,ok
full,corpus,GHOSTSCRIPT-697507-0.pdf,1,1,23.7,7976624,0,0,0,ok
full,corpus,GHOSTSCRIPT-698721-0.zip-6.pdf,1,2,20.6,7316016,1,0,0,ok
full,corpus,GHOSTSCRIPT-699035-0.pdf,1,5,165.2,38413376,0,0,0,ok
full,corpus,GHOSTSCRIPT-699178-0.pdf,1,3,22.5,8589928,0,0,0,ok
full,corpus,GHOSTSCRIPT-699488-0.pdf,1,1,35.9,8121624,1,0,0,ok
full,corpus,GHOSTSCRIPT-700125-1.pdf,1,5,54.6,16248472,1,1,1,ok
full,corpus,GHOSTSCRIPT-700139-0.pdf,1,2,419.6,117786136,3,2,1,ok
full,corpus,GHOSTSCRIPT-700236-1.pdf,1,5,46.0,13418840,0,0,0,ok
full,corpus,Gamebook.pdf,1,5,138.1,150810688,8,8,8,ok
full,corpus,ICML03-081.pdf,1,5,59.6,17359352,1,1,0,ok
full,corpus,Indexed-DeviceRGB-JPXDecode-0-.0.0.255.0.-Font-F1_1_missing_char_255-1.pdf,1,1,55.8,16997096,0,0,0,ok
full,corpus,Judgement Document.pdf,1,5,44.5,11059816,1,1,1,ok
full,corpus,Layer pdf - 322_High_Holborn_building_Brochure.pdf,1,3,155.3,38361080,1,0,0,ok
full,corpus,MOZILLA-10225-0.pdf,1,5,33.8,23051904,0,0,0,ok
full,corpus,MOZILLA-10372-2.pdf,1,5,46.4,13450768,1,1,1,ok
full,corpus,MOZILLA-2775-1.pdf,1,5,53.9,17724680,0,0,0,ok
full,corpus,MOZILLA-3136-0.pdf,1,4,837.7,219897832,4,2,1,ok
full,corpus,MOZILLA-7375-0.pdf,1,5,50.2,16128976,0,0,0,ok
full,corpus,Math119FakingData.pdf,1,5,25.9,9250472,0,0,0,ok
full,corpus,Motor Insurance claim form.pdf,1,3,301.8,69801160,3,3,3,ok
full,corpus,Multiple Page - from Mortality Statistics.pdf,1,5,30.5,15938512,0,0,0,ok
full,corpus,OPEN.RABBIT.ENGLISH.LOP.pdf,1,5,63.4,27965512,1,0,0,ok
full,corpus,Old Gutnish Internet Explorer.pdf,1,3,25.8,14914472,0,0,0,ok
full,corpus,P2P-33713919.pdf,1,5,49.7,23173344,1,1,1,ok
full,corpus,PDFBOX-492-4.jar-8.pdf,1,2,48.5,17003520,0,0,0,ok
full,corpus,PDFBOX-624-2.pdf,1,5,29.3,11328008,1,0,0,ok
full,corpus,Pig Production Handbook.pdf,1,5,16.4,11470304,0,0,0,ok
full,corpus,Publication_of_award_of_Bids_for_Transport_Sector__August_2016.pdf,1,5,16.8,8525216,0,0,0,ok
full,corpus,Rotation 45.pdf,1,4,35.1,17559288,0,0,0,ok
full,corpus,SPARC - v9 Architecture Manual.pdf,1,5,213.7,74095472,3,2,2,ok
full,corpus,SPE8EF26T0545.pdf,1,5,16.8,11460544,0,0,0,ok
full,corpus,TIKA-1552-0.pdf,1,5,36.2,23569328,0,0,0,ok
full,corpus,TIKA-2054-0.pdf,1,5,40.4,20715432,1,0,0,ok
full,corpus,Type0 Font.pdf,1,1,11.0,10339968,0,0,0,ok
full,corpus,Type0_CJK_Font.pdf,1,5,64.9,4859576,0,0,0,ok
full,corpus,capas.pdf,1,5,8.1,8259768,0,0,0,ok
full,corpus,cat-genetics_bobld.pdf,1,1,8.7,7030912,0,0,0,ok
full,corpus,cmap-parsing-exception.pdf,1,1,26.0,13351960,1,0,0,ok
full,corpus,dotnet-ai.pdf,1,5,32.7,32306464,1,1,1,ok
full,corpus,felltypes-test.pdf,1,1,17.2,4980440,0,0,0,ok
full,corpus,iron-ore-q2-q3-2013.pdf,1,5,48.7,37228000,2,1,1,ok
full,corpus,issue_671.pdf,1,2,23.0,18333832,0,0,0,ok
full,corpus,journal.pone.0196757.pdf,1,5,70.2,35724304,1,1,1,ok
full,corpus,jtehm-melillo-2679746.pdf,1,5,81.8,52738224,1,0,0,ok
full,corpus,pop-bugzilla37292.pdf,1,4,9.3,7955808,0,0,0,ok
full,corpus,reference-2-numeric-error.pdf,1,1,18.3,7149616,0,0,0,ok
full,corpus,ssm2163.pdf,1,5,20.5,10265536,0,0,0,ok
full,corpus,test-2_so_74165171.pdf,1,1,143.6,42184240,2,1,1,ok
full,corpus,testPdf-1.pdf,1,2,6.5,6057736,0,0,0,ok
full,corpus,test_a-5.pdf,1,5,92.6,70130728,2,1,1,ok
full,corpus,test_a.pdf,1,5,89.7,69343936,1,1,1,ok
full,corpus,toc.pdf,1,5,8.5,7515720,0,0,0,ok
full,corpus,type3-font-zero-height.pdf,1,1,18.7,8054968,0,0,0,ok
full,corpus,0000851.pdf,2,5,324.3,118480176,3,1,1,ok
full,corpus,11194059_2017-11_de_s.pdf,2,2,25.2,27660968,0,0,0,ok
full,corpus,2006_Swedish_Touring_Car_Championship.pdf,2,4,30.2,7844760,1,1,0,ok
full,corpus,2108.11480.pdf,2,5,73.1,75437888,1,0,0,ok
full,corpus,6.Secrets.to.Startup.Success.PDFDrive.pdf,2,5,38.5,24665072,2,1,0,ok
full,corpus,68-1990-01_A.pdf,2,5,68.0,44643496,2,1,1,ok
full,corpus,Approved_Document_B__fire_safety__volume_2_-_Buildings_other_than_dwellings__2019_edition_incorporating_2020_and_2022_amendments.pdf,2,5,41.6,52106376,2,2,2,ok
full,corpus,ClipPathLetterFilter-Test1.pdf,2,5,11.4,12677136,0,0,0,ok
full,corpus,ClipPathLetterFilter-Test2.pdf,2,1,7.7,8846928,1,1,0,ok
full,corpus,ColorIssue.pdf,2,1,37.8,33704512,1,1,1,ok
full,corpus,DeviceN_CS_test.pdf,2,5,23.3,22060944,1,1,1,ok
full,corpus,ErcotFacts.pdf,2,2,15.3,13759008,0,0,0,ok
full,corpus,FICTIF_TABLE_INDEX.pdf,2,5,14.2,15506480,0,0,0,ok
full,corpus,FarmerMac.pdf,2,5,13.9,14093456,1,0,0,ok
full,corpus,GHOSTSCRIPT-696171-0.pdf,2,5,9.8,11332136,0,0,0,ok
full,corpus,GHOSTSCRIPT-697234-0.pdf,2,3,29.5,22673488,1,0,0,ok
full,corpus,GHOSTSCRIPT-697507-0.pdf,2,1,18.2,8107432,1,1,1,ok
full,corpus,GHOSTSCRIPT-698721-0.zip-6.pdf,2,2,5.9,7315496,0,0,0,ok
full,corpus,GHOSTSCRIPT-699035-0.pdf,2,5,47.6,38413280,2,1,1,ok
full,corpus,GHOSTSCRIPT-699178-0.pdf,2,3,7.2,8594720,0,0,0,ok
full,corpus,GHOSTSCRIPT-699488-0.pdf,2,1,7.1,8119392,0,0,0,ok
full,corpus,GHOSTSCRIPT-700125-1.pdf,2,5,19.7,16241120,1,0,0,ok
full,corpus,GHOSTSCRIPT-700139-0.pdf,2,2,133.6,117559384,3,2,2,ok
full,corpus,GHOSTSCRIPT-700236-1.pdf,2,5,12.5,13418096,0,0,0,ok
full,corpus,Gamebook.pdf,2,5,12.0,9352376,0,0,0,ok
full,corpus,ICML03-081.pdf,2,5,21.3,17355112,0,0,0,ok
full,corpus,Indexed-DeviceRGB-JPXDecode-0-.0.0.255.0.-Font-F1_1_missing_char_255-1.pdf,2,1,27.7,16974840,0,0,0,ok
full,corpus,Judgement Document.pdf,2,5,9.4,9126064,0,0,0,ok
full,corpus,Layer pdf - 322_High_Holborn_building_Brochure.pdf,2,3,62.0,37980976,2,1,1,ok
full,corpus,MOZILLA-10225-0.pdf,2,5,11.5,22997896,0,0,0,ok
full,corpus,MOZILLA-10372-2.pdf,2,5,18.5,13029432,1,1,1,ok
full,corpus,MOZILLA-2775-1.pdf,2,5,18.5,17723888,1,0,0,ok
full,corpus,MOZILLA-3136-0.pdf,2,4,212.0,217715832,3,1,1,ok
full,corpus,MOZILLA-7375-0.pdf,2,5,15.8,16127752,0,0,0,ok
full,corpus,Math119FakingData.pdf,2,5,10.6,9248816,0,0,0,ok
full,corpus,Motor Insurance claim form.pdf,2,3,134.5,68832208,3,3,2,ok
full,corpus,Multiple Page - from Mortality Statistics.pdf,2,5,7.4,8395232,0,0,0,ok
full,corpus,OPEN.RABBIT.ENGLISH.LOP.pdf,2,5,37.0,27775504,1,1,0,ok
full,corpus,Old Gutnish Internet Explorer.pdf,2,3,12.3,14269616,0,0,0,ok
full,corpus,P2P-33713919.pdf,2,5,13.7,22997856,0,0,0,ok
full,corpus,PDFBOX-492-4.jar-8.pdf,2,2,43.8,16854808,2,1,1,ok
full,corpus,PDFBOX-624-2.pdf,2,5,9.6,11462824,0,0,0,ok
full,corpus,Pig Production Handbook.pdf,2,5,9.5,11535120,0,0,0,ok
full,corpus,Publication_of_award_of_Bids_for_Transport_Sector__August_2016.pdf,2,5,7.3,8288144,0,0,0,ok
full,corpus,Rotation 45.pdf,2,4,17.1,9895560,1,0,0,ok
full,corpus,SPARC - v9 Architecture Manual.pdf,2,5,74.0,74092992,2,1,1,ok
full,corpus,SPE8EF26T0545.pdf,2,5,11.4,11453800,0,0,0,ok
full,corpus,TIKA-1552-0.pdf,2,5,34.1,23553744,1,1,1,ok
full,corpus,TIKA-2054-0.pdf,2,5,20.9,20908768,1,1,0,ok
full,corpus,Type0 Font.pdf,2,1,8.8,9721536,0,0,0,ok
full,corpus,Type0_CJK_Font.pdf,2,5,11.1,3212400,0,0,0,ok
full,corpus,capas.pdf,2,5,5.6,8006016,0,0,0,ok
full,corpus,cat-genetics_bobld.pdf,2,1,9.8,7029376,0,0,0,ok
full,corpus,cmap-parsing-exception.pdf,2,1,26.1,13316104,1,1,1,ok
full,corpus,dotnet-ai.pdf,2,5,24.8,31616616,1,1,1,ok
full,corpus,felltypes-test.pdf,2,1,7.9,4979480,0,0,0,ok
full,corpus,iron-ore-q2-q3-2013.pdf,2,5,21.6,36510784,1,0,0,ok
full,corpus,issue_671.pdf,2,2,18.0,17837584,0,0,0,ok
full,corpus,journal.pone.0196757.pdf,2,5,39.0,35410760,1,1,0,ok
full,corpus,jtehm-melillo-2679746.pdf,2,5,64.8,52735888,1,1,0,ok
full,corpus,pop-bugzilla37292.pdf,2,4,7.0,7589736,0,0,0,ok
full,corpus,reference-2-numeric-error.pdf,2,1,8.8,7147144,0,0,0,ok
full,corpus,ssm2163.pdf,2,5,17.0,10255048,1,1,0,ok
full,corpus,test-2_so_74165171.pdf,2,1,63.6,41200824,2,2,2,ok
full,corpus,testPdf-1.pdf,2,2,5.8,5832920,0,0,0,ok
full,corpus,test_a-5.pdf,2,5,97.2,69772232,1,1,0,ok
full,corpus,test_a.pdf,2,5,78.1,68791952,2,1,1,ok
full,corpus,toc.pdf,2,5,5.4,7515600,0,0,0,ok
full,corpus,type3-font-zero-height.pdf,2,1,10.0,8049464,0,0,0,ok
full,corpus,0000851.pdf,3,5,186.0,118582352,2,1,1,ok
full,corpus,11194059_2017-11_de_s.pdf,3,2,29.3,27542696,0,0,0,ok
full,corpus,2006_Swedish_Touring_Car_Championship.pdf,3,4,8.9,7628616,0,0,0,ok
full,corpus,2108.11480.pdf,3,5,80.2,74968920,2,1,1,ok
full,corpus,6.Secrets.to.Startup.Success.PDFDrive.pdf,3,5,28.1,24669192,1,1,0,ok
full,corpus,68-1990-01_A.pdf,3,5,59.7,44459144,1,1,1,ok
full,corpus,Approved_Document_B__fire_safety__volume_2_-_Buildings_other_than_dwellings__2019_edition_incorporating_2020_and_2022_amendments.pdf,3,5,39.1,52104696,1,1,1,ok
full,corpus,ClipPathLetterFilter-Test1.pdf,3,5,21.4,12255552,1,1,1,ok
full,corpus,ClipPathLetterFilter-Test2.pdf,3,1,7.2,8698104,0,0,0,ok
full,corpus,ColorIssue.pdf,3,1,40.2,34049184,1,1,1,ok
full,corpus,DeviceN_CS_test.pdf,3,5,24.8,21472592,1,1,1,ok
full,corpus,ErcotFacts.pdf,3,2,19.7,13362192,1,0,0,ok
full,corpus,FICTIF_TABLE_INDEX.pdf,3,5,14.5,14804688,0,0,0,ok
full,corpus,FarmerMac.pdf,3,5,14.2,13699904,0,0,0,ok
full,corpus,GHOSTSCRIPT-696171-0.pdf,3,5,11.3,11331928,0,0,0,ok
full,corpus,GHOSTSCRIPT-697234-0.pdf,3,3,27.9,22673488,0,0,0,ok
full,corpus,GHOSTSCRIPT-697507-0.pdf,3,1,12.2,7903712,0,0,0,ok
full,corpus,GHOSTSCRIPT-698721-0.zip-6.pdf,3,2,9.5,7315232,0,0,0,ok
full,corpus,GHOSTSCRIPT-699035-0.pdf,3,5,68.0,38417936,1,1,1,ok
full,corpus,GHOSTSCRIPT-699178-0.pdf,3,3,16.6,8417936,1,0,0,ok
full,corpus,GHOSTSCRIPT-699488-0.pdf,3,1,8.1,8119600,0,0,0,ok
full,corpus,GHOSTSCRIPT-700125-1.pdf,3,5,14.6,16241120,0,0,0,ok
full,corpus,GHOSTSCRIPT-700139-0.pdf,3,2,151.0,116233424,3,1,1,ok
full,corpus,GHOSTSCRIPT-700236-1.pdf,3,5,12.2,13418096,0,0,0,ok
full,corpus,Gamebook.pdf,3,5,11.3,9352376,0,0,0,ok
full,corpus,ICML03-081.pdf,3,5,17.3,17355112,0,0,0,ok
full,corpus,Indexed-DeviceRGB-JPXDecode-0-.0.0.255.0.-Font-F1_1_missing_char_255-1.pdf,3,1,29.8,16974840,0,0,0,ok
full,corpus,Judgement Document.pdf,3,5,11.6,9126064,0,0,0,ok
full,corpus,Layer pdf - 322_High_Holborn_building_Brochure.pdf,3,3,55.4,37980976,1,1,1,ok
full,corpus,MOZILLA-10225-0.pdf,3,5,15.7,22997896,0,0,0,ok
full,corpus,MOZILLA-10372-2.pdf,3,5,20.1,13160528,1,1,1,ok
full,corpus,MOZILLA-2775-1.pdf,3,5,19.7,17723888,1,0,0,ok
full,corpus,MOZILLA-3136-0.pdf,3,4,262.2,217878408,5,3,2,ok
full,corpus,MOZILLA-7375-0.pdf,3,5,14.4,16127752,0,0,0,ok
full,corpus,Math119FakingData.pdf,3,5,10.3,9248816,0,0,0,ok
full,corpus,Motor Insurance claim form.pdf,3,3,84.7,68827792,1,0,0,ok
full,corpus,Multiple Page - from Mortality Statistics.pdf,3,5,8.4,8197464,0,0,0,ok
full,corpus,OPEN.RABBIT.ENGLISH.LOP.pdf,3,5,29.9,27513336,0,0,0,ok
full,corpus,Old Gutnish Internet Explorer.pdf,3,3,30.5,14337704,1,1,1,ok
full,corpus,P2P-33713919.pdf,3,5,13.0,22998120,0,0,0,ok
full,corpus,PDFBOX-492-4.jar-8.pdf,3,2,25.9,16853128,1,0,0,ok
full,corpus,PDFBOX-624-2.pdf,3,5,9.4,11326584,0,0,0,ok
full,corpus,Pig Production Handbook.pdf,3,5,8.8,11469472,0,0,0,ok
full,corpus,Publication_of_award_of_Bids_for_Transport_Sector__August_2016.pdf,3,5,7.0,8288144,0,0,0,ok
full,corpus,Rotation 45.pdf,3,4,13.0,9895040,0,0,0,ok
full,corpus,SPARC - v9 Architecture Manual.pdf,3,5,83.0,73961688,3,1,1,ok
full,corpus,SPE8EF26T0545.pdf,3,5,9.3,11453800,0,0,0,ok
full,corpus,TIKA-1552-0.pdf,3,5,34.0,23546888,1,0,0,ok
full,corpus,TIKA-2054-0.pdf,3,5,17.8,20712056,0,0,0,ok
full,corpus,Type0 Font.pdf,3,1,9.1,9721328,0,0,0,ok
full,corpus,Type0_CJK_Font.pdf,3,5,9.0,3212400,0,0,0,ok
full,corpus,capas.pdf,3,5,6.3,8006016,0,0,0,ok
full,corpus,cat-genetics_bobld.pdf,3,1,5.9,7029376,0,0,0,ok
full,corpus,cmap-parsing-exception.pdf,3,1,17.8,13116712,0,0,0,ok
full,corpus,dotnet-ai.pdf,3,5,32.6,31616352,1,1,1,ok
full,corpus,felltypes-test.pdf,3,1,8.6,4979480,0,0,0,ok
full,corpus,iron-ore-q2-q3-2013.pdf,3,5,32.2,36645464,2,1,1,ok
full,corpus,issue_671.pdf,3,2,19.8,17907944,0,0,0,ok
full,corpus,journal.pone.0196757.pdf,3,5,37.6,35443056,1,0,0,ok
full,corpus,jtehm-melillo-2679746.pdf,3,5,65.2,52735888,1,0,0,ok
full,corpus,pop-bugzilla37292.pdf,3,4,7.3,7589736,0,0,0,ok
full,corpus,reference-2-numeric-error.pdf,3,1,9.4,7147144,0,0,0,ok
full,corpus,ssm2163.pdf,3,5,8.9,10255048,0,0,0,ok
full,corpus,test-2_so_74165171.pdf,3,1,62.0,41657480,1,1,1,ok
full,corpus,testPdf-1.pdf,3,2,6.5,5832920,0,0,0,ok
full,corpus,test_a-5.pdf,3,5,114.4,69774880,3,1,1,ok
full,corpus,test_a.pdf,3,5,74.7,69641400,1,0,0,ok
full,corpus,toc.pdf,3,5,5.5,7515544,0,0,0,ok
full,corpus,type3-font-zero-height.pdf,3,1,9.4,8049464,0,0,0,ok
full-v2,corpus,0000851.pdf,1,5,1395.4,165940784,5,2,2,ok
full-v2,corpus,11194059_2017-11_de_s.pdf,1,2,202.9,27685600,0,0,0,ok
full-v2,corpus,2006_Swedish_Touring_Car_Championship.pdf,1,4,59.0,7846600,0,0,0,ok
full-v2,corpus,2108.11480.pdf,1,5,371.6,75655400,3,2,1,ok
full-v2,corpus,6.Secrets.to.Startup.Success.PDFDrive.pdf,1,5,120.4,24872752,1,1,1,ok
full-v2,corpus,68-1990-01_A.pdf,1,5,309.0,64957336,2,1,1,ok
full-v2,corpus,Approved_Document_B__fire_safety__volume_2_-_Buildings_other_than_dwellings__2019_edition_incorporating_2020_and_2022_amendments.pdf,1,5,150.0,52111088,2,2,2,ok
full-v2,corpus,ClipPathLetterFilter-Test1.pdf,1,5,115.1,41275832,1,0,0,ok
full-v2,corpus,ClipPathLetterFilter-Test2.pdf,1,1,28.7,8847496,0,0,0,ok
full-v2,corpus,ColorIssue.pdf,1,1,114.2,34302648,2,2,2,ok
full-v2,corpus,DeviceN_CS_test.pdf,1,5,66.4,22073984,1,1,1,ok
full-v2,corpus,ErcotFacts.pdf,1,2,61.1,13770104,1,0,0,ok
full-v2,corpus,FICTIF_TABLE_INDEX.pdf,1,5,51.6,15509416,0,0,0,ok
full-v2,corpus,FarmerMac.pdf,1,5,55.5,14093952,0,0,0,ok
full-v2,corpus,GHOSTSCRIPT-696171-0.pdf,1,5,41.5,11333792,0,0,0,ok
full-v2,corpus,GHOSTSCRIPT-697234-0.pdf,1,3,120.2,22813416,1,1,1,ok
full-v2,corpus,GHOSTSCRIPT-697507-0.pdf,1,1,24.5,7976904,0,0,0,ok
full-v2,corpus,GHOSTSCRIPT-698721-0.zip-6.pdf,1,2,22.7,7316296,1,0,0,ok
full-v2,corpus,GHOSTSCRIPT-699035-0.pdf,1,5,173.6,38413656,0,0,0,ok
full-v2,corpus,GHOSTSCRIPT-699178-0.pdf,1,3,27.2,8590208,0,0,0,ok
full-v2,corpus,GHOSTSCRIPT-699488-0.pdf,1,1,37.9,8121904,1,0,0,ok
full-v2,corpus,GHOSTSCRIPT-700125-1.pdf,1,5,60.3,16248752,1,1,1,ok
full-v2,corpus,GHOSTSCRIPT-700139-0.pdf,1,2,420.2,117786192,3,2,1,ok
full-v2,corpus,GHOSTSCRIPT-700236-1.pdf,1,5,48.7,13419120,0,0,0,ok
full-v2,corpus,Gamebook.pdf,1,5,144.2,150810968,8,8,8,ok
full-v2,corpus,ICML03-081.pdf,1,5,59.9,17359632,1,1,0,ok
full-v2,corpus,Indexed-DeviceRGB-JPXDecode-0-.0.0.255.0.-Font-F1_1_missing_char_255-1.pdf,1,1,55.1,16997376,0,0,0,ok
full-v2,corpus,Judgement Document.pdf,1,5,42.5,11060096,1,1,1,ok
full-v2,corpus,Layer pdf - 322_High_Holborn_building_Brochure.pdf,1,3,153.7,38361360,1,0,0,ok
full-v2,corpus,MOZILLA-10225-0.pdf,1,5,34.0,23052184,0,0,0,ok
full-v2,corpus,MOZILLA-10372-2.pdf,1,5,56.6,13451048,1,1,1,ok
full-v2,corpus,MOZILLA-2775-1.pdf,1,5,53.8,17724960,0,0,0,ok
full-v2,corpus,MOZILLA-3136-0.pdf,1,4,780.5,219897960,4,2,1,ok
full-v2,corpus,MOZILLA-7375-0.pdf,1,5,54.8,16129376,0,0,0,ok
full-v2,corpus,Math119FakingData.pdf,1,5,63.5,9250872,1,1,0,ok
full-v2,corpus,Motor Insurance claim form.pdf,1,3,242.9,70064536,3,3,3,ok
full-v2,corpus,Multiple Page - from Mortality Statistics.pdf,1,5,40.8,15807440,1,0,0,ok
full-v2,corpus,OPEN.RABBIT.ENGLISH.LOP.pdf,1,5,33.4,27966000,0,0,0,ok
full-v2,corpus,Old Gutnish Internet Explorer.pdf,1,3,29.2,14982840,1,1,1,ok
full-v2,corpus,P2P-33713919.pdf,1,5,26.7,23040144,1,0,0,ok
full-v2,corpus,PDFBOX-492-4.jar-8.pdf,1,2,41.3,16933976,0,0,0,ok
full-v2,corpus,PDFBOX-624-2.pdf,1,5,15.6,11328288,0,0,0,ok
full-v2,corpus,Pig Production Handbook.pdf,1,5,14.1,11470376,0,0,0,ok
full-v2,corpus,Publication_of_award_of_Bids_for_Transport_Sector__August_2016.pdf,1,5,10.0,8525496,0,0,0,ok
full-v2,corpus,Rotation 45.pdf,1,4,39.6,17562360,1,1,1,ok
full-v2,corpus,SPARC - v9 Architecture Manual.pdf,1,5,168.9,74093464,2,1,1,ok
full-v2,corpus,SPE8EF26T0545.pdf,1,5,14.5,11459984,0,0,0,ok
full-v2,corpus,TIKA-1552-0.pdf,1,5,39.8,23707560,1,1,1,ok
full-v2,corpus,TIKA-2054-0.pdf,1,5,23.3,20781536,0,0,0,ok
full-v2,corpus,Type0 Font.pdf,1,1,13.7,10340040,1,0,0,ok
full-v2,corpus,Type0_CJK_Font.pdf,1,5,70.1,4862712,1,1,1,ok
full-v2,corpus,capas.pdf,1,5,7.8,8260312,0,0,0,ok
full-v2,corpus,cat-genetics_bobld.pdf,1,1,7.1,7100960,0,0,0,ok
full-v2,corpus,cmap-parsing-exception.pdf,1,1,19.4,13483336,0,0,0,ok
full-v2,corpus,dotnet-ai.pdf,1,5,31.1,32306536,1,1,1,ok
full-v2,corpus,felltypes-test.pdf,1,1,15.6,4980720,0,0,0,ok
full-v2,corpus,iron-ore-q2-q3-2013.pdf,1,5,47.9,36703968,2,1,1,ok
full-v2,corpus,issue_671.pdf,1,2,34.8,18336536,1,1,1,ok
full-v2,corpus,journal.pone.0196757.pdf,1,5,54.6,35670440,1,0,0,ok
full-v2,corpus,jtehm-melillo-2679746.pdf,1,5,82.7,52871712,1,1,1,ok
full-v2,corpus,pop-bugzilla37292.pdf,1,4,8.7,7960888,0,0,0,ok
full-v2,corpus,reference-2-numeric-error.pdf,1,1,28.4,7149896,1,0,0,ok
full-v2,corpus,ssm2163.pdf,1,5,18.4,10273952,0,0,0,ok
full-v2,corpus,test-2_so_74165171.pdf,1,1,129.5,42241936,1,1,1,ok
full-v2,corpus,testPdf-1.pdf,1,2,21.2,6191760,1,1,1,ok
full-v2,corpus,test_a-5.pdf,1,5,81.6,70128624,1,0,0,ok
full-v2,corpus,test_a.pdf,1,5,95.7,69147504,2,1,1,ok
full-v2,corpus,toc.pdf,1,5,6.7,7516000,0,0,0,ok
full-v2,corpus,type3-font-zero-height.pdf,1,1,31.8,8188992,1,1,1,ok
full-v2,corpus,0000851.pdf,2,5,285.9,118582336,2,1,1,ok
full-v2,corpus,11194059_2017-11_de_s.pdf,2,2,35.8,27665992,1,0,0,ok
full-v2,corpus,2006_Swedish_Touring_Car_Championship.pdf,2,4,7.6,7845248,0,0,0,ok
full-v2,corpus,2108.11480.pdf,2,5,101.8,75438072,2,1,0,ok
full-v2,corpus,6.Secrets.to.Startup.Success.PDFDrive.pdf,2,5,22.6,24665352,0,0,0,ok
full-v2,corpus,68-1990-01_A.pdf,2,5,82.8,44643568,2,1,1,ok
full-v2,corpus,Approved_Document_B__fire_safety__volume_2_-_Buildings_other_than_dwellings__2019_edition_incorporating_2020_and_2022_amendments.pdf,2,5,55.9,52108336,3,3,3,ok
full-v2,corpus,ClipPathLetterFilter-Test1.pdf,2,5,12.7,12677416,0,0,0,ok
full-v2,corpus,ClipPathLetterFilter-Test2.pdf,2,1,9.4,8847208,1,1,0,ok
full-v2,corpus,ColorIssue.pdf,2,1,31.8,33702832,0,0,0,ok
full-v2,corpus,DeviceN_CS_test.pdf,2,5,23.9,21860792,1,0,0,ok
full-v2,corpus,ErcotFacts.pdf,2,2,17.3,13755112,0,0,0,ok
full-v2,corpus,FICTIF_TABLE_INDEX.pdf,2,5,15.3,15505712,0,0,0,ok
full-v2,corpus,FarmerMac.pdf,2,5,13.4,14093736,0,0,0,ok
full-v2,corpus,GHOSTSCRIPT-696171-0.pdf,2,5,13.2,11332208,1,0,0,ok
full-v2,corpus,GHOSTSCRIPT-697234-0.pdf,2,3,26.1,22673976,0,0,0,ok
full-v2,corpus,GHOSTSCRIPT-697507-0.pdf,2,1,8.9,7903992,0,0,0,ok
full-v2,corpus,GHOSTSCRIPT-698721-0.zip-6.pdf,2,2,7.2,7315512,0,0,0,ok
full-v2,corpus,GHOSTSCRIPT-699035-0.pdf,2,5,55.5,38287120,2,2,1,ok
full-v2,corpus,GHOSTSCRIPT-699178-0.pdf,2,3,7.8,8590344,0,0,0,ok
full-v2,corpus,GHOSTSCRIPT-699488-0.pdf,2,1,7.3,8119672,0,0,0,ok
full-v2,corpus,GHOSTSCRIPT-700125-1.pdf,2,5,18.8,16241400,1,0,0,ok
full-v2,corpus,GHOSTSCRIPT-700139-0.pdf,2,2,144.0,117821696,4,2,2,ok
full-v2,corpus,GHOSTSCRIPT-700236-1.pdf,2,5,11.4,13418376,0,0,0,ok
full-v2,corpus,Gamebook.pdf,2,5,9.2,9352656,0,0,0,ok
full-v2,corpus,ICML03-081.pdf,2,5,16.2,17355480,0,0,0,ok
full-v2,corpus,Indexed-DeviceRGB-JPXDecode-0-.0.0.255.0.-Font-F1_1_missing_char_255-1.pdf,2,1,24.1,16975120,0,0,0,ok
full-v2,corpus,Judgement Document.pdf,2,5,9.8,9126344,0,0,0,ok
full-v2,corpus,Layer pdf - 322_High_Holborn_building_Brochure.pdf,2,3,40.3,37978608,0,0,0,ok
full-v2,corpus,MOZILLA-10225-0.pdf,2,5,16.8,22993704,0,0,0,ok
full-v2,corpus,MOZILLA-10372-2.pdf,2,5,33.9,13029712,1,1,1,ok
full-v2,corpus,MOZILLA-2775-1.pdf,2,5,20.2,17724168,1,0,0,ok
full-v2,corpus,MOZILLA-3136-0.pdf,2,4,268.3,218009560,4,2,2,ok
full-v2,corpus,MOZILLA-7375-0.pdf,2,5,24.2,16128032,1,0,0,ok
full-v2,corpus,Math119FakingData.pdf,2,5,7.8,9249304,0,0,0,ok
full-v2,corpus,Motor Insurance claim form.pdf,2,3,102.0,68828072,1,1,0,ok
full-v2,corpus,Multiple Page - from Mortality Statistics.pdf,2,5,6.7,8197744,0,0,0,ok
full-v2,corpus,OPEN.RABBIT.ENGLISH.LOP.pdf,2,5,33.9,27581912,1,1,1,ok
full-v2,corpus,Old Gutnish Internet Explorer.pdf,2,3,21.0,14469344,1,1,1,ok
full-v2,corpus,P2P-33713919.pdf,2,5,19.9,22998400,1,0,0,ok
full-v2,corpus,PDFBOX-492-4.jar-8.pdf,2,2,29.0,16986824,1,1,1,ok
full-v2,corpus,PDFBOX-624-2.pdf,2,5,9.4,11331576,0,0,0,ok
full-v2,corpus,Pig Production Handbook.pdf,2,5,8.1,11535400,0,0,0,ok
full-v2,corpus,Publication_of_award_of_Bids_for_Transport_Sector__August_2016.pdf,2,5,10.9,8288424,1,0,0,ok
full-v2,corpus,Rotation 45.pdf,2,4,20.0,10029880,1,1,1,ok
full-v2,corpus,SPARC - v9 Architecture Manual.pdf,2,5,84.6,74095288,3,2,2,ok
full-v2,corpus,SPE8EF26T0545.pdf,2,5,9.7,11453240,0,0,0,ok
full-v2,corpus,TIKA-1552-0.pdf,2,5,20.5,23547168,0,0,0,ok
full-v2,corpus,TIKA-2054-0.pdf,2,5,19.0,20712128,0,0,0,ok
full-v2,corpus,Type0 Font.pdf,2,1,9.5,9721608,0,0,0,ok
full-v2,corpus,Type0_CJK_Font.pdf,2,5,11.6,3212680,0,0,0,ok
full-v2,corpus,capas.pdf,2,5,6.1,8006296,0,0,0,ok
full-v2,corpus,cat-genetics_bobld.pdf,2,1,10.6,7029656,0,0,0,ok
full-v2,corpus,cmap-parsing-exception.pdf,2,1,17.4,13116992,0,0,0,ok
full-v2,corpus,dotnet-ai.pdf,2,5,41.4,31618592,2,2,2,ok
full-v2,corpus,felltypes-test.pdf,2,1,8.1,4979760,0,0,0,ok
full-v2,corpus,iron-ore-q2-q3-2013.pdf,2,5,24.3,36511064,1,1,0,ok
full-v2,corpus,issue_671.pdf,2,2,18.9,17837640,0,0,0,ok
full-v2,corpus,journal.pone.0196757.pdf,2,5,37.9,35411040,1,0,0,ok
full-v2,corpus,jtehm-melillo-2679746.pdf,2,5,66.4,52736168,1,0,0,ok
full-v2,corpus,pop-bugzilla37292.pdf,2,4,7.4,7590016,0,0,0,ok
full-v2,corpus,reference-2-numeric-error.pdf,2,1,9.8,7147424,0,0,0,ok
full-v2,corpus,ssm2163.pdf,2,5,10.3,10255328,0,0,0,ok
full-v2,corpus,test-2_so_74165171.pdf,2,1,49.2,41134904,0,0,0,ok
full-v2,corpus,testPdf-1.pdf,2,2,33.0,5835344,1,1,1,ok
full-v2,corpus,test_a-5.pdf,2,5,77.8,69775424,2,1,1,ok
full-v2,corpus,test_a.pdf,2,5,97.4,69646976,3,2,2,ok
full-v2,corpus,toc.pdf,2,5,5.8,7515880,0,0,0,ok
full-v2,corpus,type3-font-zero-height.pdf,2,1,21.4,8183488,1,1,1,ok
full-v2,corpus,0000851.pdf,3,5,203.9,118611584,3,1,1,ok
full-v2,corpus,11194059_2017-11_de_s.pdf,3,2,50.7,27608592,1,1,0,ok
full-v2,corpus,2006_Swedish_Touring_Car_Championship.pdf,3,4,7.0,7629104,0,0,0,ok
full-v2,corpus,2108.11480.pdf,3,5,86.3,74837872,2,1,1,ok
full-v2,corpus,6.Secrets.to.Startup.Success.PDFDrive.pdf,3,5,17.3,24735328,0,0,0,ok
full-v2,corpus,68-1990-01_A.pdf,3,5,48.6,44321264,1,0,0,ok
full-v2,corpus,Approved_Document_B__fire_safety__volume_2_-_Buildings_other_than_dwellings__2019_edition_incorporating_2020_and_2022_amendments.pdf,3,5,43.7,52106600,2,2,2,ok
full-v2,corpus,ClipPathLetterFilter-Test1.pdf,3,5,12.9,12121480,1,1,0,ok
full-v2,corpus,ClipPathLetterFilter-Test2.pdf,3,1,11.6,8700976,1,1,1,ok
full-v2,corpus,ColorIssue.pdf,3,1,32.6,33787648,1,1,1,ok
full-v2,corpus,DeviceN_CS_test.pdf,3,5,23.6,21668904,1,1,1,ok
full-v2,corpus,ErcotFacts.pdf,3,2,13.1,13363096,0,0,0,ok
full-v2,corpus,FICTIF_TABLE_INDEX.pdf,3,5,12.5,14804760,0,0,0,ok
full-v2,corpus,FarmerMac.pdf,3,5,14.6,13700184,1,0,0,ok
full-v2,corpus,GHOSTSCRIPT-696171-0.pdf,3,5,9.2,11332416,0,0,0,ok
full-v2,corpus,GHOSTSCRIPT-697234-0.pdf,3,3,23.1,22673768,0,0,0,ok
full-v2,corpus,GHOSTSCRIPT-697507-0.pdf,3,1,10.4,7903992,1,0,0,ok
full-v2,corpus,GHOSTSCRIPT-698721-0.zip-6.pdf,3,2,6.5,7315720,0,0,0,ok
full-v2,corpus,GHOSTSCRIPT-699035-0.pdf,3,5,49.5,38413280,2,1,1,ok
full-v2,corpus,GHOSTSCRIPT-699178-0.pdf,3,3,7.4,8422872,0,0,0,ok
full-v2,corpus,GHOSTSCRIPT-699488-0.pdf,3,1,6.8,8119672,0,0,0,ok
full-v2,corpus,GHOSTSCRIPT-700125-1.pdf,3,5,21.8,16241400,1,0,0,ok
full-v2,corpus,GHOSTSCRIPT-700139-0.pdf,3,2,146.5,116233688,3,2,1,ok
full-v2,corpus,GHOSTSCRIPT-700236-1.pdf,3,5,12.2,13418376,0,0,0,ok
full-v2,corpus,Gamebook.pdf,3,5,11.0,9352656,1,0,0,ok
full-v2,corpus,ICML03-081.pdf,3,5,16.0,17355600,0,0,0,ok
full-v2,corpus,Indexed-DeviceRGB-JPXDecode-0-.0.0.255.0.-Font-F1_1_missing_char_255-1.pdf,3,1,26.7,16975120,0,0,0,ok
full-v2,corpus,Judgement Document.pdf,3,5,9.1,9126344,0,0,0,ok
full-v2,corpus,Layer pdf - 322_High_Holborn_building_Brochure.pdf,3,3,42.5,37981256,2,1,1,ok
full-v2,corpus,MOZILLA-10225-0.pdf,3,5,23.5,23131920,1,1,1,ok
full-v2,corpus,MOZILLA-10372-2.pdf,3,5,14.3,13027184,1,0,0,ok
full-v2,corpus,MOZILLA-2775-1.pdf,3,5,14.0,17720048,0,0,0,ok
full-v2,corpus,MOZILLA-3136-0.pdf,3,4,273.0,217813984,3,1,1,ok
full-v2,corpus,MOZILLA-7375-0.pdf,3,5,13.7,16128032,0,0,0,ok
full-v2,corpus,Math119FakingData.pdf,3,5,7.6,9249096,0,0,0,ok
full-v2,corpus,Motor Insurance claim form.pdf,3,3,96.6,68830808,1,1,1,ok
full-v2,corpus,Multiple Page - from Mortality Statistics.pdf,3,5,29.7,8263880,1,0,0,ok
full-v2,corpus,OPEN.RABBIT.ENGLISH.LOP.pdf,3,5,34.1,27975384,1,1,1,ok
full-v2,corpus,Old Gutnish Internet Explorer.pdf,3,3,12.7,14269952,0,0,0,ok
full-v2,corpus,P2P-33713919.pdf,3,5,24.6,22998136,1,0,0,ok
full-v2,corpus,PDFBOX-492-4.jar-8.pdf,3,2,19.7,16853616,0,0,0,ok
full-v2,corpus,PDFBOX-624-2.pdf,3,5,23.9,11326656,1,0,0,ok
full-v2,corpus,Pig Production Handbook.pdf,3,5,10.8,11469960,0,0,0,ok
full-v2,corpus,Publication_of_award_of_Bids_for_Transport_Sector__August_2016.pdf,3,5,7.9,8288424,0,0,0,ok
full-v2,corpus,Rotation 45.pdf,3,4,26.2,10029152,1,1,1,ok
full-v2,corpus,SPARC - v9 Architecture Manual.pdf,3,5,77.9,74093328,2,1,1,ok
full-v2,corpus,SPE8EF26T0545.pdf,3,5,10.6,11453240,0,0,0,ok
full-v2,corpus,TIKA-1552-0.pdf,3,5,27.1,23547168,0,0,0,ok
full-v2,corpus,TIKA-2054-0.pdf,3,5,25.4,20712128,0,0,0,ok
full-v2,corpus,Type0 Font.pdf,3,1,32.3,9789904,1,1,1,ok
full-v2,corpus,Type0_CJK_Font.pdf,3,5,9.6,3212944,0,0,0,ok
full-v2,corpus,capas.pdf,3,5,6.1,8006296,0,0,0,ok
full-v2,corpus,cat-genetics_bobld.pdf,3,1,5.6,7033776,0,0,0,ok
full-v2,corpus,cmap-parsing-exception.pdf,3,1,17.3,13116992,0,0,0,ok
full-v2,corpus,dotnet-ai.pdf,3,5,28.3,31616632,1,1,1,ok
full-v2,corpus,felltypes-test.pdf,3,1,8.8,4979760,0,0,0,ok
full-v2,corpus,iron-ore-q2-q3-2013.pdf,3,5,27.4,36663504,2,1,1,ok
full-v2,corpus,issue_671.pdf,3,2,19.4,17903256,0,0,0,ok
full-v2,corpus,journal.pone.0196757.pdf,3,5,44.2,35699144,1,1,1,ok
full-v2,corpus,jtehm-melillo-2679746.pdf,3,5,60.9,52736168,1,0,0,ok
full-v2,corpus,pop-bugzilla37292.pdf,3,4,7.2,7590016,0,0,0,ok
full-v2,corpus,reference-2-numeric-error.pdf,3,1,26.8,7147424,1,1,0,ok
full-v2,corpus,ssm2163.pdf,3,5,8.7,10255536,0,0,0,ok
full-v2,corpus,test-2_so_74165171.pdf,3,1,56.9,42182072,1,1,1,ok
full-v2,corpus,testPdf-1.pdf,3,2,17.8,5966944,1,1,1,ok
full-v2,corpus,test_a-5.pdf,3,5,66.3,69772776,1,0,0,ok
full-v2,corpus,test_a.pdf,3,5,86.9,68792232,2,1,1,ok
full-v2,corpus,toc.pdf,3,5,5.4,7515880,0,0,0,ok
full-v2,corpus,type3-font-zero-height.pdf,3,1,9.3,8049744,0,0,0,ok
scanner+form,corpus,0000851.pdf,1,5,1351.8,165946528,5,2,2,ok
scanner+form,corpus,11194059_2017-11_de_s.pdf,1,2,162.1,27690872,0,0,0,ok
scanner+form,corpus,2006_Swedish_Touring_Car_Championship.pdf,1,4,65.8,7849008,1,1,0,ok
scanner+form,corpus,2108.11480.pdf,1,5,231.5,75683448,2,1,1,ok
scanner+form,corpus,6.Secrets.to.Startup.Success.PDFDrive.pdf,1,5,118.5,24878544,1,1,1,ok
scanner+form,corpus,68-1990-01_A.pdf,1,5,290.7,64940240,2,1,1,ok
scanner+form,corpus,Approved_Document_B__fire_safety__volume_2_-_Buildings_other_than_dwellings__2019_edition_incorporating_2020_and_2022_amendments.pdf,1,5,130.5,52114256,2,2,2,ok
scanner+form,corpus,ClipPathLetterFilter-Test1.pdf,1,5,106.4,41279000,1,0,0,ok
scanner+form,corpus,ClipPathLetterFilter-Test2.pdf,1,1,28.4,8847264,0,0,0,ok
scanner+form,corpus,ColorIssue.pdf,1,1,116.3,34303472,2,2,2,ok
scanner+form,corpus,DeviceN_CS_test.pdf,1,5,63.7,22078488,1,1,1,ok
scanner+form,corpus,ErcotFacts.pdf,1,2,61.4,13773152,1,0,0,ok
scanner+form,corpus,FICTIF_TABLE_INDEX.pdf,1,5,50.1,15513192,0,0,0,ok
scanner+form,corpus,FarmerMac.pdf,1,5,57.9,14097408,0,0,0,ok
scanner+form,corpus,GHOSTSCRIPT-696171-0.pdf,1,5,55.9,11337784,0,0,0,ok
scanner+form,corpus,GHOSTSCRIPT-697234-0.pdf,1,3,132.8,22817656,1,1,1,ok
scanner+form,corpus,GHOSTSCRIPT-697507-0.pdf,1,1,49.8,7979376,0,0,0,ok
scanner+form,corpus,GHOSTSCRIPT-698721-0.zip-6.pdf,1,2,33.5,7318696,1,0,0,ok
scanner+form,corpus,GHOSTSCRIPT-699035-0.pdf,1,5,201.4,38416616,0,0,0,ok
scanner+form,corpus,GHOSTSCRIPT-699178-0.pdf,1,3,31.7,8592424,0,0,0,ok
scanner+form,corpus,GHOSTSCRIPT-699488-0.pdf,1,1,48.1,8123080,1,0,0,ok
scanner+form,corpus,GHOSTSCRIPT-700125-1.pdf,1,5,66.7,16349464,1,1,1,ok
scanner+form,corpus,GHOSTSCRIPT-700139-0.pdf,1,2,395.9,117762544,3,2,1,ok
scanner+form,corpus,GHOSTSCRIPT-700236-1.pdf,1,5,36.8,13424096,0,0,0,ok
scanner+form,corpus,Gamebook.pdf,1,5,122.3,150812472,8,8,8,ok
scanner+form,corpus,ICML03-081.pdf,1,5,49.4,17363768,1,1,0,ok
scanner+form,corpus,Indexed-DeviceRGB-JPXDecode-0-.0.0.255.0.-Font-F1_1_missing_char_255-1.pdf,1,1,47.5,16998768,0,0,0,ok
scanner+form,corpus,Judgement Document.pdf,1,5,36.6,11062536,1,1,1,ok
scanner+form,corpus,Layer pdf - 322_High_Holborn_building_Brochure.pdf,1,3,121.0,38365024,1,0,0,ok
scanner+form,corpus,MOZILLA-10225-0.pdf,1,5,29.4,23056168,0,0,0,ok
scanner+form,corpus,MOZILLA-10372-2.pdf,1,5,40.1,13452360,1,1,1,ok
scanner+form,corpus,MOZILLA-2775-1.pdf,1,5,42.4,17728856,0,0,0,ok
scanner+form,corpus,MOZILLA-3136-0.pdf,1,4,623.0,219878032,4,2,1,ok
scanner+form,corpus,MOZILLA-7375-0.pdf,1,5,25.3,16132648,0,0,0,ok
scanner+form,corpus,Math119FakingData.pdf,1,5,20.6,9254488,0,0,0,ok
scanner+form,corpus,Motor Insurance claim form.pdf,1,3,191.3,69936312,3,3,3,ok
scanner+form,corpus,Multiple Page - from Mortality Statistics.pdf,1,5,33.7,15942496,0,0,0,ok
scanner+form,corpus,OPEN.RABBIT.ENGLISH.LOP.pdf,1,5,56.8,27967368,1,0,0,ok
scanner+form,corpus,Old Gutnish Internet Explorer.pdf,1,3,29.4,14916128,0,0,0,ok
scanner+form,corpus,P2P-33713919.pdf,1,5,62.6,23181240,1,1,1,ok
scanner+form,corpus,PDFBOX-492-4.jar-8.pdf,1,2,68.7,17006520,1,0,0,ok
scanner+form,corpus,PDFBOX-624-2.pdf,1,5,25.3,11333952,0,0,0,ok
scanner+form,corpus,Pig Production Handbook.pdf,1,5,18.2,11474616,0,0,0,ok
scanner+form,corpus,Publication_of_award_of_Bids_for_Transport_Sector__August_2016.pdf,1,5,23.5,8529080,0,0,0,ok
scanner+form,corpus,Rotation 45.pdf,1,4,49.1,17563056,0,0,0,ok
scanner+form,corpus,SPARC - v9 Architecture Manual.pdf,1,5,215.4,74098592,3,2,2,ok
scanner+form,corpus,SPE8EF26T0545.pdf,1,5,25.6,11437248,0,0,0,ok
scanner+form,corpus,TIKA-1552-0.pdf,1,5,53.5,23572920,1,0,0,ok
scanner+form,corpus,TIKA-2054-0.pdf,1,5,36.7,20744568,0,0,0,ok
scanner+form,corpus,Type0 Font.pdf,1,1,17.0,10340584,0,0,0,ok
scanner+form,corpus,Type0_CJK_Font.pdf,1,5,86.1,4864144,0,0,0,ok
scanner+form,corpus,capas.pdf,1,5,22.9,8262632,0,0,0,ok
scanner+form,corpus,cat-genetics_bobld.pdf,1,1,21.0,7032528,1,0,0,ok
scanner+form,corpus,cmap-parsing-exception.pdf,1,1,47.8,13551952,1,1,1,ok
scanner+form,corpus,dotnet-ai.pdf,1,5,35.7,32312616,1,1,1,ok
scanner+form,corpus,felltypes-test.pdf,1,1,14.8,4980736,0,0,0,ok
scanner+form,corpus,iron-ore-q2-q3-2013.pdf,1,5,57.5,36557024,1,0,0,ok
scanner+form,corpus,issue_671.pdf,1,2,41.9,18273552,1,1,1,ok
scanner+form,corpus,journal.pone.0196757.pdf,1,5,71.2,35675104,1,0,0,ok
scanner+form,corpus,jtehm-melillo-2679746.pdf,1,5,110.0,52742736,1,0,0,ok
scanner+form,corpus,pop-bugzilla37292.pdf,1,4,18.8,7958880,0,0,0,ok
scanner+form,corpus,reference-2-numeric-error.pdf,1,1,17.4,7150632,0,0,0,ok
scanner+form,corpus,ssm2163.pdf,1,5,26.2,10271224,0,0,0,ok
scanner+form,corpus,test-2_so_74165171.pdf,1,1,126.4,41201152,1,1,1,ok
scanner+form,corpus,testPdf-1.pdf,1,2,20.1,6191872,1,1,1,ok
scanner+form,corpus,test_a-5.pdf,1,5,142.0,70131088,1,0,0,ok
scanner+form,corpus,test_a.pdf,1,5,130.6,69149968,2,1,1,ok
scanner+form,corpus,toc.pdf,1,5,8.7,7517504,0,0,0,ok
scanner+form,corpus,type3-font-zero-height.pdf,1,1,18.5,8054576,0,0,0,ok
scanner+form,corpus,0000851.pdf,2,5,322.3,118486136,3,2,1,ok
scanner+form,corpus,11194059_2017-11_de_s.pdf,2,2,51.2,27600960,1,0,0,ok
scanner+form,corpus,2006_Swedish_Touring_Car_Championship.pdf,2,4,7.5,7847656,0,0,0,ok
scanner+form,corpus,2108.11480.pdf,2,5,120.6,75441176,0,0,0,ok
scanner+form,corpus,6.Secrets.to.Startup.Success.PDFDrive.pdf,2,5,45.3,24743560,1,1,1,ok
scanner+form,corpus,68-1990-01_A.pdf,2,5,57.9,44579000,1,0,0,ok
scanner+form,corpus,Approved_Document_B__fire_safety__volume_2_-_Buildings_other_than_dwellings__2019_edition_incorporating_2020_and_2022_amendments.pdf,2,5,49.1,52109768,2,2,2,ok
scanner+form,corpus,ClipPathLetterFilter-Test1.pdf,2,5,15.1,12680584,1,1,0,ok
scanner+form,corpus,ClipPathLetterFilter-Test2.pdf,2,1,7.3,8847184,0,0,0,ok
scanner+form,corpus,ColorIssue.pdf,2,1,43.7,34171000,2,2,2,ok
scanner+form,corpus,DeviceN_CS_test.pdf,2,5,15.0,21931896,0,0,0,ok
scanner+form,corpus,ErcotFacts.pdf,2,2,17.9,13762072,0,0,0,ok
scanner+form,corpus,FICTIF_TABLE_INDEX.pdf,2,5,21.7,15510536,1,1,0,ok
scanner+form,corpus,FarmerMac.pdf,2,5,14.6,14097400,1,0,0,ok
scanner+form,corpus,GHOSTSCRIPT-696171-0.pdf,2,5,10.4,11336408,0,0,0,ok
scanner+form,corpus,GHOSTSCRIPT-697234-0.pdf,2,3,25.4,22678008,0,0,0,ok
scanner+form,corpus,GHOSTSCRIPT-697507-0.pdf,2,1,9.0,7906464,0,0,0,ok
scanner+form,corpus,GHOSTSCRIPT-698721-0.zip-6.pdf,2,2,7.4,7317912,0,0,0,ok
scanner+form,corpus,GHOSTSCRIPT-699035-0.pdf,2,5,52.2,38421176,1,1,1,ok
scanner+form,corpus,GHOSTSCRIPT-699178-0.pdf,2,3,16.5,8592560,1,0,0,ok
scanner+form,corpus,GHOSTSCRIPT-699488-0.pdf,2,1,7.6,8121056,0,0,0,ok
scanner+form,corpus,GHOSTSCRIPT-700125-1.pdf,2,5,12.2,16342112,0,0,0,ok
scanner+form,corpus,GHOSTSCRIPT-700139-0.pdf,2,2,141.4,117533000,3,2,1,ok
scanner+form,corpus,GHOSTSCRIPT-700236-1.pdf,2,5,13.4,13423352,0,0,0,ok
scanner+form,corpus,Gamebook.pdf,2,5,16.5,9354160,1,0,0,ok
scanner+form,corpus,ICML03-081.pdf,2,5,15.4,17359736,0,0,0,ok
scanner+form,corpus,Indexed-DeviceRGB-JPXDecode-0-.0.0.255.0.-Font-F1_1_missing_char_255-1.pdf,2,1,23.8,16976512,0,0,0,ok
scanner+form,corpus,Judgement Document.pdf,2,5,8.3,9128784,0,0,0,ok
scanner+form,corpus,Layer pdf - 322_High_Holborn_building_Brochure.pdf,2,3,51.4,37984920,1,1,1,ok
scanner+form,corpus,MOZILLA-10225-0.pdf,2,5,23.8,23003840,1,1,1,ok
scanner+form,corpus,MOZILLA-10372-2.pdf,2,5,10.4,13160648,0,0,0,ok
scanner+form,corpus,MOZILLA-2775-1.pdf,2,5,14.8,17727856,0,0,0,ok
scanner+form,corpus,MOZILLA-3136-0.pdf,2,4,270.9,217631552,6,3,0,ok
scanner+form,corpus,MOZILLA-7375-0.pdf,2,5,14.9,16131368,0,0,0,ok
scanner+form,corpus,Math119FakingData.pdf,2,5,9.9,9252832,0,0,0,ok
scanner+form,corpus,Motor Insurance claim form.pdf,2,3,122.2,68834584,1,1,1,ok
scanner+form,corpus,Multiple Page - from Mortality Statistics.pdf,2,5,7.7,8267184,0,0,0,ok
scanner+form,corpus,OPEN.RABBIT.ENGLISH.LOP.pdf,2,5,35.6,27777480,1,0,0,ok
scanner+form,corpus,Old Gutnish Internet Explorer.pdf,2,3,23.3,14339640,1,1,1,ok
scanner+form,corpus,P2P-33713919.pdf,2,5,15.4,23006136,0,0,0,ok
scanner+form,corpus,PDFBOX-492-4.jar-8.pdf,2,2,25.7,16856176,1,1,0,ok
scanner+form,corpus,PDFBOX-624-2.pdf,2,5,9.6,11332440,0,0,0,ok
scanner+form,corpus,Pig Production Handbook.pdf,2,5,8.8,11474112,0,0,0,ok
scanner+form,corpus,Publication_of_award_of_Bids_for_Transport_Sector__August_2016.pdf,2,5,14.4,8292128,1,0,0,ok
scanner+form,corpus,Rotation 45.pdf,2,4,25.2,10034424,1,1,1,ok
scanner+form,corpus,SPARC - v9 Architecture Manual.pdf,2,5,78.0,74096288,2,2,1,ok
scanner+form,corpus,SPE8EF26T0545.pdf,2,5,19.8,11430528,1,0,0,ok
scanner+form,corpus,TIKA-1552-0.pdf,2,5,21.0,23550688,0,0,0,ok
scanner+form,corpus,TIKA-2054-0.pdf,2,5,18.1,20740776,0,0,0,ok
scanner+form,corpus,Type0 Font.pdf,2,1,22.6,9790448,1,1,1,ok
scanner+form,corpus,Type0_CJK_Font.pdf,2,5,11.1,3217232,0,0,0,ok
scanner+form,corpus,capas.pdf,2,5,6.5,8008880,0,0,0,ok
scanner+form,corpus,cat-genetics_bobld.pdf,2,1,11.2,7035112,0,0,0,ok
scanner+form,corpus,cmap-parsing-exception.pdf,2,1,20.2,13248200,1,0,0,ok
scanner+form,corpus,dotnet-ai.pdf,2,5,25.6,31622656,1,1,1,ok
scanner+form,corpus,felltypes-test.pdf,2,1,9.2,4979776,0,0,0,ok
scanner+form,corpus,iron-ore-q2-q3-2013.pdf,2,5,30.6,36736216,1,1,1,ok
scanner+form,corpus,issue_671.pdf,2,2,28.8,18043840,1,1,1,ok
scanner+form,corpus,journal.pone.0196757.pdf,2,5,36.7,35448744,1,0,0,ok
scanner+form,corpus,jtehm-melillo-2679746.pdf,2,5,69.8,52878096,1,1,1,ok
scanner+form,corpus,pop-bugzilla37292.pdf,2,4,17.9,7596928,1,1,0,ok
scanner+form,corpus,reference-2-numeric-error.pdf,2,1,10.3,7148368,0,0,0,ok
scanner+form,corpus,ssm2163.pdf,2,5,11.6,10264856,0,0,0,ok
scanner+form,corpus,test-2_so_74165171.pdf,2,1,64.0,42239256,1,1,1,ok
scanner+form,corpus,testPdf-1.pdf,2,2,6.5,5833464,0,0,0,ok
scanner+form,corpus,test_a-5.pdf,2,5,93.5,69777624,2,1,1,ok
scanner+form,corpus,test_a.pdf,2,5,115.7,68860312,2,1,1,ok
scanner+form,corpus,toc.pdf,2,5,6.8,7517384,0,0,0,ok
scanner+form,corpus,type3-font-zero-height.pdf,2,1,12.2,8049072,0,0,0,ok
scanner+form,corpus,0000851.pdf,3,5,246.5,118486016,3,2,1,ok
scanner+form,corpus,11194059_2017-11_de_s.pdf,3,2,47.2,27548304,1,0,0,ok
scanner+form,corpus,2006_Swedish_Touring_Car_Championship.pdf,3,4,8.9,7631512,0,0,0,ok
scanner+form,corpus,2108.11480.pdf,3,5,133.4,74972416,2,2,1,ok
scanner+form,corpus,6.Secrets.to.Startup.Success.PDFDrive.pdf,3,5,50.0,24675264,1,0,0,ok
scanner+form,corpus,68-1990-01_A.pdf,3,5,76.7,44329000,0,0,0,ok
scanner+form,corpus,Approved_Document_B__fire_safety__volume_2_-_Buildings_other_than_dwellings__2019_edition_incorporating_2020_and_2022_amendments.pdf,3,5,83.8,51978464,2,2,2,ok
scanner+form,corpus,ClipPathLetterFilter-Test1.pdf,3,5,19.1,12125168,1,1,0,ok
scanner+form,corpus,ClipPathLetterFilter-Test2.pdf,3,1,10.6,8698096,0,0,0,ok
scanner+form,corpus,ColorIssue.pdf,3,1,59.5,34052120,2,2,2,ok
scanner+form,corpus,DeviceN_CS_test.pdf,3,5,19.1,21540736,0,0,0,ok
scanner+form,corpus,ErcotFacts.pdf,3,2,31.3,13361136,1,1,0,ok
scanner+form,corpus,FICTIF_TABLE_INDEX.pdf,3,5,23.9,14808744,1,0,0,ok
scanner+form,corpus,FarmerMac.pdf,3,5,27.3,13837680,1,1,1,ok
scanner+form,corpus,GHOSTSCRIPT-696171-0.pdf,3,5,13.4,11406144,0,0,0,ok
scanner+form,corpus,GHOSTSCRIPT-697234-0.pdf,3,3,41.2,22678008,1,0,0,ok
scanner+form,corpus,GHOSTSCRIPT-697507-0.pdf,3,1,11.6,7906672,0,0,0,ok
scanner+form,corpus,GHOSTSCRIPT-698721-0.zip-6.pdf,3,2,8.4,7317912,0,0,0,ok
scanner+form,corpus,GHOSTSCRIPT-699035-0.pdf,3,5,63.4,38414408,1,0,0,ok
scanner+form,corpus,GHOSTSCRIPT-699178-0.pdf,3,3,10.8,8420288,0,0,0,ok
scanner+form,corpus,GHOSTSCRIPT-699488-0.pdf,3,1,9.8,8120848,0,0,0,ok
scanner+form,corpus,GHOSTSCRIPT-700125-1.pdf,3,5,18.5,16342112,0,0,0,ok
scanner+form,corpus,GHOSTSCRIPT-700139-0.pdf,3,2,188.1,116347632,4,3,2,ok
scanner+form,corpus,GHOSTSCRIPT-700236-1.pdf,3,5,13.5,13423352,0,0,0,ok
scanner+form,corpus,Gamebook.pdf,3,5,10.9,9354160,0,0,0,ok
scanner+form,corpus,ICML03-081.pdf,3,5,22.2,17359528,1,0,0,ok
scanner+form,corpus,Indexed-DeviceRGB-JPXDecode-0-.0.0.255.0.-Font-F1_1_missing_char_255-1.pdf,3,1,29.2,16976720,1,0,0,ok
scanner+form,corpus,Judgement Document.pdf,3,5,13.3,9128992,1,1,0,ok
scanner+form,corpus,Layer pdf - 322_High_Holborn_building_Brochure.pdf,3,3,50.2,37982480,1,0,0,ok
scanner+form,corpus,MOZILLA-10225-0.pdf,3,5,16.4,22997896,0,0,0,ok
scanner+form,corpus,MOZILLA-10372-2.pdf,3,5,24.1,13031024,1,1,1,ok
scanner+form,corpus,MOZILLA-2775-1.pdf,3,5,15.5,17728064,0,0,0,ok
scanner+form,corpus,MOZILLA-3136-0.pdf,3,4,285.7,217989496,7,2,2,ok
scanner+form,corpus,MOZILLA-7375-0.pdf,3,5,18.7,16131424,0,0,0,ok
scanner+form,corpus,Math119FakingData.pdf,3,5,13.5,9252832,0,0,0,ok
scanner+form,corpus,Motor Insurance claim form.pdf,3,3,105.5,68831848,1,0,0,ok
scanner+form,corpus,Multiple Page - from Mortality Statistics.pdf,3,5,12.1,8201568,0,0,0,ok
scanner+form,corpus,OPEN.RABBIT.ENGLISH.LOP.pdf,3,5,56.0,27845776,1,1,1,ok
scanner+form,corpus,Old Gutnish Internet Explorer.pdf,3,3,14.6,14271400,0,0,0,ok
scanner+form,corpus,P2P-33713919.pdf,3,5,29.7,23005872,1,0,0,ok
scanner+form,corpus,PDFBOX-492-4.jar-8.pdf,3,2,24.6,16856384,0,0,0,ok
scanner+form,corpus,PDFBOX-624-2.pdf,3,5,12.7,11332232,0,0,0,ok
scanner+form,corpus,Pig Production Handbook.pdf,3,5,12.5,11474112,0,0,0,ok
scanner+form,corpus,Publication_of_award_of_Bids_for_Transport_Sector__August_2016.pdf,3,5,20.6,8292128,1,0,0,ok
scanner+form,corpus,Rotation 45.pdf,3,4,17.4,9900072,0,0,0,ok
scanner+form,corpus,SPARC - v9 Architecture Manual.pdf,3,5,97.7,74096024,2,1,1,ok
scanner+form,corpus,SPE8EF26T0545.pdf,3,5,11.4,11430528,0,0,0,ok
scanner+form,corpus,TIKA-1552-0.pdf,3,5,43.1,23550480,1,0,0,ok
scanner+form,corpus,TIKA-2054-0.pdf,3,5,33.9,20944408,1,1,1,ok
scanner+form,corpus,Type0 Font.pdf,3,1,10.6,9722504,0,0,0,ok
scanner+form,corpus,Type0_CJK_Font.pdf,3,5,11.4,3216968,0,0,0,ok
scanner+form,corpus,capas.pdf,3,5,7.4,8008880,0,0,0,ok
scanner+form,corpus,cat-genetics_bobld.pdf,3,1,7.7,7030992,1,0,0,ok
scanner+form,corpus,cmap-parsing-exception.pdf,3,1,19.5,13117312,0,0,0,ok
scanner+form,corpus,dotnet-ai.pdf,3,5,30.6,31622448,1,1,1,ok
scanner+form,corpus,felltypes-test.pdf,3,1,10.0,4979776,0,0,0,ok
scanner+form,corpus,iron-ore-q2-q3-2013.pdf,3,5,30.9,36669000,2,1,1,ok
scanner+form,corpus,issue_671.pdf,3,2,22.9,17905888,0,0,0,ok
scanner+form,corpus,journal.pone.0196757.pdf,3,5,41.5,35434616,1,0,0,ok
scanner+form,corpus,jtehm-melillo-2679746.pdf,3,5,73.0,52878096,1,1,1,ok
scanner+form,corpus,pop-bugzilla37292.pdf,3,4,24.1,7596928,1,0,0,ok
scanner+form,corpus,reference-2-numeric-error.pdf,3,1,9.9,7148368,0,0,0,ok
scanner+form,corpus,ssm2163.pdf,3,5,10.1,10264856,0,0,0,ok
scanner+form,corpus,test-2_so_74165171.pdf,3,1,73.4,42239256,1,1,1,ok
scanner+form,corpus,testPdf-1.pdf,3,2,6.8,5833464,0,0,0,ok
scanner+form,corpus,test_a-5.pdf,3,5,114.3,69774976,2,1,0,ok
scanner+form,corpus,test_a.pdf,3,5,93.1,68794696,2,1,1,ok
scanner+form,corpus,toc.pdf,3,5,5.8,7517384,0,0,0,ok
scanner+form,corpus,type3-font-zero-height.pdf,3,1,10.3,8049072,0,0,0,ok
full,corpus,0000851.pdf,1,5,1444.0,165940504,5,2,2,ok
full,corpus,11194059_2017-11_de_s.pdf,1,2,151.9,27685320,0,0,0,ok
full,corpus,2006_Swedish_Touring_Car_Championship.pdf,1,4,71.1,7846320,1,1,0,ok
full,corpus,2108.11480.pdf,1,5,251.0,75655328,2,1,1,ok
full,corpus,6.Secrets.to.Startup.Success.PDFDrive.pdf,1,5,114.6,24872472,1,1,1,ok
full,corpus,68-1990-01_A.pdf,1,5,274.7,64932432,2,1,1,ok
full,corpus,Approved_Document_B__fire_safety__volume_2_-_Buildings_other_than_dwellings__2019_edition_incorporating_2020_and_2022_amendments.pdf,1,5,131.6,52110808,2,2,2,ok
full,corpus,ClipPathLetterFilter-Test1.pdf,1,5,108.1,41275552,1,0,0,ok
full,corpus,ClipPathLetterFilter-Test2.pdf,1,1,30.5,8847216,0,0,0,ok
full,corpus,ColorIssue.pdf,1,1,126.9,34326992,2,2,2,ok
full,corpus,DeviceN_CS_test.pdf,1,5,71.8,22073704,1,1,1,ok
full,corpus,ErcotFacts.pdf,1,2,60.9,13769824,1,0,0,ok
full,corpus,FICTIF_TABLE_INDEX.pdf,1,5,53.8,15509136,0,0,0,ok
full,corpus,FarmerMac.pdf,1,5,68.5,14093672,0,0,0,ok
full,corpus,GHOSTSCRIPT-696171-0.pdf,1,5,59.5,11333512,0,0,0,ok
full,corpus,GHOSTSCRIPT-697234-0.pdf,1,3,182.8,22813136,1,1,1,ok
full,corpus,GHOSTSCRIPT-697507-0.pdf,1,1,32.2,7976624,0,0,0,ok
full,corpus,GHOSTSCRIPT-698721-0.zip-6.pdf,1,2,26.9,7316016,1,0,0,ok
full,corpus,GHOSTSCRIPT-699035-0.pdf,1,5,207.7,38413376,0,0,0,ok
full,corpus,GHOSTSCRIPT-699178-0.pdf,1,3,27.1,8589928,0,0,0,ok
full,corpus,GHOSTSCRIPT-699488-0.pdf,1,1,39.1,8121624,1,0,0,ok
full,corpus,GHOSTSCRIPT-700125-1.pdf,1,5,65.9,16248472,1,1,1,ok
full,corpus,GHOSTSCRIPT-700139-0.pdf,1,2,382.5,117786136,3,2,1,ok
full,corpus,GHOSTSCRIPT-700236-1.pdf,1,5,35.2,13418840,0,0,0,ok
full,corpus,Gamebook.pdf,1,5,152.2,150810688,8,8,8,ok
full,corpus,ICML03-081.pdf,1,5,49.0,17359352,1,1,0,ok
full,corpus,Indexed-DeviceRGB-JPXDecode-0-.0.0.255.0.-Font-F1_1_missing_char_255-1.pdf,1,1,50.3,16997096,0,0,0,ok
full,corpus,Judgement Document.pdf,1,5,35.1,11059816,1,1,1,ok
full,corpus,Layer pdf - 322_High_Holborn_building_Brochure.pdf,1,3,59.4,38361080,1,0,0,ok
full,corpus,MOZILLA-10225-0.pdf,1,5,26.1,23051904,0,0,0,ok
full,corpus,MOZILLA-10372-2.pdf,1,5,39.6,13450768,1,1,1,ok
full,corpus,MOZILLA-2775-1.pdf,1,5,32.5,17724680,0,0,0,ok
full,corpus,MOZILLA-3136-0.pdf,1,4,526.9,219897832,4,2,1,ok
full,corpus,MOZILLA-7375-0.pdf,1,5,21.6,16128976,0,0,0,ok
full,corpus,Math119FakingData.pdf,1,5,15.2,9250472,0,0,0,ok
full,corpus,Motor Insurance claim form.pdf,1,3,167.7,69932256,3,3,3,ok
full,corpus,Multiple Page - from Mortality Statistics.pdf,1,5,27.8,15938392,0,0,0,ok
full,corpus,OPEN.RABBIT.ENGLISH.LOP.pdf,1,5,48.3,27965392,1,0,0,ok
full,corpus,Old Gutnish Internet Explorer.pdf,1,3,26.5,14914448,0,0,0,ok
full,corpus,P2P-33713919.pdf,1,5,48.7,23173344,1,1,1,ok
full,corpus,PDFBOX-492-4.jar-8.pdf,1,2,57.3,17003520,1,0,0,ok
full,corpus,PDFBOX-624-2.pdf,1,5,17.7,11328216,0,0,0,ok
full,corpus,Pig Production Handbook.pdf,1,5,15.0,11470096,0,0,0,ok
full,corpus,Publication_of_award_of_Bids_for_Transport_Sector__August_2016.pdf,1,5,17.4,8525216,0,0,0,ok
full,corpus,Rotation 45.pdf,1,4,46.0,17559288,0,0,0,ok
full,corpus,SPARC - v9 Architecture Manual.pdf,1,5,211.0,74095472,3,2,2,ok
full,corpus,SPE8EF26T0545.pdf,1,5,15.3,11460544,0,0,0,ok
full,corpus,TIKA-1552-0.pdf,1,5,41.6,23569328,1,0,0,ok
full,corpus,TIKA-2054-0.pdf,1,5,29.4,20715640,0,0,0,ok
full,corpus,Type0 Font.pdf,1,1,15.2,10339760,0,0,0,ok
full,corpus,Type0_CJK_Font.pdf,1,5,75.9,4859576,0,0,0,ok
full,corpus,capas.pdf,1,5,15.1,8259768,0,0,0,ok
full,corpus,cat-genetics_bobld.pdf,1,1,15.5,7030912,1,0,0,ok
full,corpus,cmap-parsing-exception.pdf,1,1,48.0,13551560,1,1,1,ok
full,corpus,dotnet-ai.pdf,1,5,33.8,32306520,1,1,1,ok
full,corpus,felltypes-test.pdf,1,1,17.5,4980440,0,0,0,ok
full,corpus,iron-ore-q2-q3-2013.pdf,1,5,51.0,36551248,1,0,0,ok
full,corpus,issue_671.pdf,1,2,45.6,18270864,1,1,1,ok
full,corpus,journal.pone.0196757.pdf,1,5,65.9,35670160,1,0,0,ok
full,corpus,jtehm-melillo-2679746.pdf,1,5,97.5,52738224,1,0,0,ok
full,corpus,pop-bugzilla37292.pdf,1,4,12.9,7955808,0,0,0,ok
full,corpus,reference-2-numeric-error.pdf,1,1,18.4,7149616,0,0,0,ok
full,corpus,ssm2163.pdf,1,5,20.5,10265536,0,0,0,ok
full,corpus,test-2_so_74165171.pdf,1,1,139.1,41201104,1,1,1,ok
full,corpus,testPdf-1.pdf,1,2,23.4,6060232,1,1,1,ok
full,corpus,test_a-5.pdf,1,5,113.4,70128344,1,0,0,ok
full,corpus,test_a.pdf,1,5,126.0,69147224,2,1,1,ok
full,corpus,toc.pdf,1,5,7.6,7515720,0,0,0,ok
full,corpus,type3-font-zero-height.pdf,1,1,20.6,8054968,0,0,0,ok
full,corpus,0000851.pdf,2,5,333.1,118480064,3,2,1,ok
full,corpus,11194059_2017-11_de_s.pdf,2,2,34.3,27660968,0,0,0,ok
full,corpus,2006_Swedish_Touring_Car_Championship.pdf,2,4,28.6,7844760,1,0,0,ok
full,corpus,2108.11480.pdf,2,5,98.4,75438000,0,0,0,ok
full,corpus,6.Secrets.to.Startup.Success.PDFDrive.pdf,2,5,49.4,24737488,1,1,1,ok
full,corpus,68-1990-01_A.pdf,2,5,56.9,44571080,1,0,0,ok
full,corpus,Approved_Document_B__fire_safety__volume_2_-_Buildings_other_than_dwellings__2019_edition_incorporating_2020_and_2022_amendments.pdf,2,5,49.2,52106320,2,2,2,ok
full,corpus,ClipPathLetterFilter-Test1.pdf,2,5,12.1,12677136,0,0,0,ok
full,corpus,ClipPathLetterFilter-Test2.pdf,2,1,8.4,8846928,1,1,0,ok
full,corpus,ColorIssue.pdf,2,1,48.0,34039008,2,2,2,ok
full,corpus,DeviceN_CS_test.pdf,2,5,15.7,21927112,0,0,0,ok
full,corpus,ErcotFacts.pdf,2,2,24.2,13758744,1,1,0,ok
full,corpus,FICTIF_TABLE_INDEX.pdf,2,5,15.2,15506688,0,0,0,ok
full,corpus,FarmerMac.pdf,2,5,14.3,14093456,0,0,0,ok
full,corpus,GHOSTSCRIPT-696171-0.pdf,2,5,12.2,11331928,1,0,0,ok
full,corpus,GHOSTSCRIPT-697234-0.pdf,2,3,28.9,22673696,1,0,0,ok
full,corpus,GHOSTSCRIPT-697507-0.pdf,2,1,9.2,7903920,0,0,0,ok
full,corpus,GHOSTSCRIPT-698721-0.zip-6.pdf,2,2,8.9,7315232,0,0,0,ok
full,corpus,GHOSTSCRIPT-699035-0.pdf,2,5,52.6,38417936,1,1,1,ok
full,corpus,GHOSTSCRIPT-699178-0.pdf,2,3,23.9,8590064,1,0,0,ok
full,corpus,GHOSTSCRIPT-699488-0.pdf,2,1,7.7,8119600,0,0,0,ok
full,corpus,GHOSTSCRIPT-700125-1.pdf,2,5,13.2,16241120,0,0,0,ok
full,corpus,GHOSTSCRIPT-700139-0.pdf,2,2,178.3,117556592,3,2,1,ok
full,corpus,GHOSTSCRIPT-700236-1.pdf,2,5,16.8,13418096,0,0,0,ok
full,corpus,Gamebook.pdf,2,5,21.0,9352376,1,0,0,ok
full,corpus,ICML03-081.pdf,2,5,20.9,17355320,0,0,0,ok
full,corpus,Indexed-DeviceRGB-JPXDecode-0-.0.0.255.0.-Font-F1_1_missing_char_255-1.pdf,2,1,28.0,16974840,0,0,0,ok
full,corpus,Judgement Document.pdf,2,5,11.2,9126064,0,0,0,ok
full,corpus,Layer pdf - 322_High_Holborn_building_Brochure.pdf,2,3,59.1,37980976,1,1,1,ok
full,corpus,MOZILLA-10225-0.pdf,2,5,14.3,22997896,0,0,0,ok
full,corpus,MOZILLA-10372-2.pdf,2,5,23.4,13029432,1,1,1,ok
full,corpus,MOZILLA-2775-1.pdf,2,5,20.7,17723888,1,0,0,ok
full,corpus,MOZILLA-3136-0.pdf,2,4,312.6,217683040,5,3,1,ok
full,corpus,MOZILLA-7375-0.pdf,2,5,15.1,16127752,0,0,0,ok
full,corpus,Math119FakingData.pdf,2,5,9.7,9248816,0,0,0,ok
full,corpus,Motor Insurance claim form.pdf,2,3,115.0,69294672,3,3,3,ok
full,corpus,Multiple Page - from Mortality Statistics.pdf,2,5,8.2,8263080,0,0,0,ok
full,corpus,OPEN.RABBIT.ENGLISH.LOP.pdf,2,5,34.5,27775504,1,0,0,ok
full,corpus,Old Gutnish Internet Explorer.pdf,2,3,13.3,14269616,0,0,0,ok
full,corpus,P2P-33713919.pdf,2,5,31.6,23131600,1,1,1,ok
full,corpus,PDFBOX-492-4.jar-8.pdf,2,2,31.5,16923160,1,0,0,ok
full,corpus,PDFBOX-624-2.pdf,2,5,12.2,11326584,0,0,0,ok
full,corpus,Pig Production Handbook.pdf,2,5,9.3,11469472,0,0,0,ok
full,corpus,Publication_of_award_of_Bids_for_Transport_Sector__August_2016.pdf,2,5,8.1,8288144,0,0,0,ok
full,corpus,Rotation 45.pdf,2,4,14.4,9895040,0,0,0,ok
full,corpus,SPARC - v9 Architecture Manual.pdf,2,5,88.3,74095336,3,3,2,ok
full,corpus,SPE8EF26T0545.pdf,2,5,24.5,11453800,1,0,0,ok
full,corpus,TIKA-1552-0.pdf,2,5,20.1,23547096,0,0,0,ok
full,corpus,TIKA-2054-0.pdf,2,5,18.3,20711848,0,0,0,ok
full,corpus,Type0 Font.pdf,2,1,10.2,9721328,0,0,0,ok
full,corpus,Type0_CJK_Font.pdf,2,5,31.7,3212400,1,1,0,ok
full,corpus,capas.pdf,2,5,6.9,8006224,0,0,0,ok
full,corpus,cat-genetics_bobld.pdf,2,1,10.9,7029376,0,0,0,ok
full,corpus,cmap-parsing-exception.pdf,2,1,20.5,13116712,1,0,0,ok
full,corpus,dotnet-ai.pdf,2,5,29.0,31616560,1,1,1,ok
full,corpus,felltypes-test.pdf,2,1,8.6,4979480,0,0,0,ok
full,corpus,iron-ore-q2-q3-2013.pdf,2,5,42.6,37377528,2,2,2,ok
full,corpus,issue_671.pdf,2,2,20.5,17907408,0,0,0,ok
full,corpus,journal.pone.0196757.pdf,2,5,42.9,35708128,1,1,1,ok
full,corpus,jtehm-melillo-2679746.pdf,2,5,60.4,52735888,1,0,0,ok
full,corpus,pop-bugzilla37292.pdf,2,4,7.4,7589736,0,0,0,ok
full,corpus,reference-2-numeric-error.pdf,2,1,9.5,7147144,0,0,0,ok
full,corpus,ssm2163.pdf,2,5,28.7,10261648,2,1,1,ok
full,corpus,test-2_so_74165171.pdf,2,1,62.6,42243536,1,1,1,ok
full,corpus,testPdf-1.pdf,2,2,5.8,5832920,0,0,0,ok
full,corpus,test_a-5.pdf,2,5,79.7,69772232,1,0,0,ok
full,corpus,test_a.pdf,2,5,76.9,68789304,1,0,0,ok
full,corpus,toc.pdf,2,5,7.4,7515544,0,0,0,ok
full,corpus,type3-font-zero-height.pdf,2,1,31.0,8052112,1,1,1,ok
full,corpus,0000851.pdf,3,5,202.1,118611304,3,1,1,ok
full,corpus,11194059_2017-11_de_s.pdf,3,2,47.0,27608312,1,1,0,ok
full,corpus,2006_Swedish_Touring_Car_Championship.pdf,3,4,7.0,7628824,0,0,0,ok
full,corpus,2108.11480.pdf,3,5,89.0,74834944,2,1,0,ok
full,corpus,6.Secrets.to.Startup.Success.PDFDrive.pdf,3,5,29.4,24665072,1,0,0,ok
full,corpus,68-1990-01_A.pdf,3,5,72.1,44393608,2,1,1,ok
full,corpus,Approved_Document_B__fire_safety__volume_2_-_Buildings_other_than_dwellings__2019_edition_incorporating_2020_and_2022_amendments.pdf,3,5,46.3,52106376,2,2,2,ok
full,corpus,ClipPathLetterFilter-Test1.pdf,3,5,11.9,12121200,0,0,0,ok
full,corpus,ClipPathLetterFilter-Test2.pdf,3,1,8.7,8697840,1,1,0,ok
full,corpus,ColorIssue.pdf,3,1,44.5,33585760,1,1,1,ok
full,corpus,DeviceN_CS_test.pdf,3,5,24.6,21669936,1,1,1,ok
full,corpus,ErcotFacts.pdf,3,2,13.8,13362192,0,0,0,ok
full,corpus,FICTIF_TABLE_INDEX.pdf,3,5,14.0,14804480,0,0,0,ok
full,corpus,FarmerMac.pdf,3,5,16.2,13699904,1,0,0,ok
full,corpus,GHOSTSCRIPT-696171-0.pdf,3,5,10.5,11332136,0,0,0,ok
full,corpus,GHOSTSCRIPT-697234-0.pdf,3,3,24.1,22673488,0,0,0,ok
full,corpus,GHOSTSCRIPT-697507-0.pdf,3,1,15.8,8107224,2,1,1,ok
full,corpus,GHOSTSCRIPT-698721-0.zip-6.pdf,3,2,7.3,7315496,0,0,0,ok
full,corpus,GHOSTSCRIPT-699035-0.pdf,3,5,48.5,38413280,2,2,1,ok
full,corpus,GHOSTSCRIPT-699178-0.pdf,3,3,7.4,8422592,0,0,0,ok
full,corpus,GHOSTSCRIPT-699488-0.pdf,3,1,7.4,8119392,0,0,0,ok
full,corpus,GHOSTSCRIPT-700125-1.pdf,3,5,20.2,16241120,1,0,0,ok
full,corpus,GHOSTSCRIPT-700139-0.pdf,3,2,133.6,116236216,3,2,2,ok
full,corpus,GHOSTSCRIPT-700236-1.pdf,3,5,12.8,13418096,0,0,0,ok
full,corpus,Gamebook.pdf,3,5,11.9,9352376,0,0,0,ok
full,corpus,ICML03-081.pdf,3,5,22.5,17355112,0,0,0,ok
full,corpus,Indexed-DeviceRGB-JPXDecode-0-.0.0.255.0.-Font-F1_1_missing_char_255-1.pdf,3,1,31.0,16974840,0,0,0,ok
full,corpus,Judgement Document.pdf,3,5,10.0,9126064,0,0,0,ok
full,corpus,Layer pdf - 322_High_Holborn_building_Brochure.pdf,3,3,59.1,37980976,1,1,1,ok
full,corpus,MOZILLA-10225-0.pdf,3,5,24.2,23000544,1,1,1,ok
full,corpus,MOZILLA-10372-2.pdf,3,5,17.0,13026904,1,0,0,ok
full,corpus,MOZILLA-2775-1.pdf,3,5,14.5,17719768,0,0,0,ok
full,corpus,MOZILLA-3136-0.pdf,3,4,252.4,217651352,2,0,0,ok
full,corpus,MOZILLA-7375-0.pdf,3,5,14.3,16127696,0,0,0,ok
full,corpus,Math119FakingData.pdf,3,5,8.3,9248816,0,0,0,ok
full,corpus,Motor Insurance claim form.pdf,3,3,107.8,68830528,1,1,1,ok
full,corpus,Multiple Page - from Mortality Statistics.pdf,3,5,7.2,8263080,0,0,0,ok
full,corpus,OPEN.RABBIT.ENGLISH.LOP.pdf,3,5,40.6,28105968,2,2,1,ok
full,corpus,Old Gutnish Internet Explorer.pdf,3,3,12.2,14269672,0,0,0,ok
full,corpus,P2P-33713919.pdf,3,5,25.8,22997856,1,1,0,ok
full,corpus,PDFBOX-492-4.jar-8.pdf,3,2,19.1,16853336,0,0,0,ok
full,corpus,PDFBOX-624-2.pdf,3,5,20.0,11326376,1,1,0,ok
full,corpus,Pig Production Handbook.pdf,3,5,9.3,11469680,0,0,0,ok
full,corpus,Publication_of_award_of_Bids_for_Transport_Sector__August_2016.pdf,3,5,18.4,8487536,1,1,1,ok
full,corpus,Rotation 45.pdf,3,4,13.1,9895304,0,0,0,ok
full,corpus,SPARC - v9 Architecture Manual.pdf,3,5,68.6,74092784,2,1,1,ok
full,corpus,SPE8EF26T0545.pdf,3,5,9.4,11453800,0,0,0,ok
full,corpus,TIKA-1552-0.pdf,3,5,18.7,23546888,0,0,0,ok
full,corpus,TIKA-2054-0.pdf,3,5,30.7,20915272,1,1,1,ok
full,corpus,Type0 Font.pdf,3,1,9.1,9721680,0,0,0,ok
full,corpus,Type0_CJK_Font.pdf,3,5,8.4,3212400,0,0,0,ok
full,corpus,capas.pdf,3,5,5.9,8006016,0,0,0,ok
full,corpus,cat-genetics_bobld.pdf,3,1,8.0,7029376,1,0,0,ok
full,corpus,cmap-parsing-exception.pdf,3,1,16.8,13116920,0,0,0,ok
full,corpus,dotnet-ai.pdf,3,5,25.5,31616352,1,1,1,ok
full,corpus,felltypes-test.pdf,3,1,7.7,4979480,0,0,0,ok
full,corpus,iron-ore-q2-q3-2013.pdf,3,5,39.3,37256848,2,2,2,ok
full,corpus,issue_671.pdf,3,2,18.5,18039472,0,0,0,ok
full,corpus,journal.pone.0196757.pdf,3,5,38.8,35443592,1,1,0,ok
full,corpus,jtehm-melillo-2679746.pdf,3,5,63.3,52873584,1,1,1,ok
full,corpus,pop-bugzilla37292.pdf,3,4,18.3,7593856,1,1,0,ok
full,corpus,reference-2-numeric-error.pdf,3,1,8.4,7147352,0,0,0,ok
full,corpus,ssm2163.pdf,3,5,8.9,10259168,0,0,0,ok
full,corpus,test-2_so_74165171.pdf,3,1,57.2,42239208,1,1,1,ok
full,corpus,testPdf-1.pdf,3,2,5.9,5832920,0,0,0,ok
full,corpus,test_a-5.pdf,3,5,75.0,69906032,2,1,1,ok
full,corpus,test_a.pdf,3,5,85.1,68791952,2,1,1,ok
full,corpus,toc.pdf,3,5,5.2,7515600,0,0,0,ok
full,corpus,type3-font-zero-height.pdf,3,1,9.0,8049464,0,0,0,ok
full-v2,corpus,0000851.pdf,1,5,1126.5,165809152,5,2,2,ok
full-v2,corpus,11194059_2017-11_de_s.pdf,1,2,111.5,27685600,0,0,0,ok
full-v2,corpus,2006_Swedish_Touring_Car_Championship.pdf,1,4,33.0,7846600,0,0,0,ok
full-v2,corpus,2108.11480.pdf,1,5,223.3,75655400,3,2,1,ok
full-v2,corpus,6.Secrets.to.Startup.Success.PDFDrive.pdf,1,5,78.6,24872752,1,1,1,ok
full-v2,corpus,68-1990-01_A.pdf,1,5,192.8,64932712,2,1,1,ok
full-v2,corpus,Approved_Document_B__fire_safety__volume_2_-_Buildings_other_than_dwellings__2019_edition_incorporating_2020_and_2022_amendments.pdf,1,5,100.9,52111088,2,2,2,ok
full-v2,corpus,ClipPathLetterFilter-Test1.pdf,1,5,87.8,41300456,1,0,0,ok
full-v2,corpus,ClipPathLetterFilter-Test2.pdf,1,1,25.5,8847496,0,0,0,ok
full-v2,corpus,ColorIssue.pdf,1,1,105.8,34302648,2,2,2,ok
full-v2,corpus,DeviceN_CS_test.pdf,1,5,59.1,22073984,1,1,1,ok
full-v2,corpus,ErcotFacts.pdf,1,2,52.6,13770104,1,0,0,ok
full-v2,corpus,FICTIF_TABLE_INDEX.pdf,1,5,42.5,15509416,0,0,0,ok
full-v2,corpus,FarmerMac.pdf,1,5,49.1,14093952,0,0,0,ok
full-v2,corpus,GHOSTSCRIPT-696171-0.pdf,1,5,39.0,11333792,0,0,0,ok
full-v2,corpus,GHOSTSCRIPT-697234-0.pdf,1,3,111.1,22813416,1,1,1,ok
full-v2,corpus,GHOSTSCRIPT-697507-0.pdf,1,1,22.1,7976904,0,0,0,ok
full-v2,corpus,GHOSTSCRIPT-698721-0.zip-6.pdf,1,2,20.6,7316296,1,0,0,ok
full-v2,corpus,GHOSTSCRIPT-699035-0.pdf,1,5,155.9,38413656,0,0,0,ok
full-v2,corpus,GHOSTSCRIPT-699178-0.pdf,1,3,22.2,8590208,0,0,0,ok
full-v2,corpus,GHOSTSCRIPT-699488-0.pdf,1,1,32.8,8121904,1,0,0,ok
full-v2,corpus,GHOSTSCRIPT-700125-1.pdf,1,5,52.2,16248752,1,1,1,ok
full-v2,corpus,GHOSTSCRIPT-700139-0.pdf,1,2,388.7,117917288,3,2,1,ok
full-v2,corpus,GHOSTSCRIPT-700236-1.pdf,1,5,41.0,13419120,0,0,0,ok
full-v2,corpus,Gamebook.pdf,1,5,131.3,150810968,8,8,8,ok
full-v2,corpus,ICML03-081.pdf,1,5,55.9,17359632,1,1,0,ok
full-v2,corpus,Indexed-DeviceRGB-JPXDecode-0-.0.0.255.0.-Font-F1_1_missing_char_255-1.pdf,1,1,51.4,16997376,0,0,0,ok
full-v2,corpus,Judgement Document.pdf,1,5,41.3,11060096,1,1,1,ok
full-v2,corpus,Layer pdf - 322_High_Holborn_building_Brochure.pdf,1,3,155.0,38361360,1,0,0,ok
full-v2,corpus,MOZILLA-10225-0.pdf,1,5,32.4,23052184,0,0,0,ok
full-v2,corpus,MOZILLA-10372-2.pdf,1,5,47.5,13451048,1,1,1,ok
full-v2,corpus,MOZILLA-2775-1.pdf,1,5,49.1,17724960,0,0,0,ok
full-v2,corpus,MOZILLA-3136-0.pdf,1,4,775.6,219897888,4,2,1,ok
full-v2,corpus,MOZILLA-7375-0.pdf,1,5,46.4,16129256,0,0,0,ok
full-v2,corpus,Math119FakingData.pdf,1,5,23.9,9250752,0,0,0,ok
full-v2,corpus,Motor Insurance claim form.pdf,1,3,321.7,69801440,3,3,3,ok
full-v2,corpus,Multiple Page - from Mortality Statistics.pdf,1,5,36.3,15938792,0,0,0,ok
full-v2,corpus,OPEN.RABBIT.ENGLISH.LOP.pdf,1,5,65.9,27965792,1,0,0,ok
full-v2,corpus,Old Gutnish Internet Explorer.pdf,1,3,32.2,14914752,0,0,0,ok
full-v2,corpus,P2P-33713919.pdf,1,5,55.3,23173088,1,1,1,ok
full-v2,corpus,PDFBOX-492-4.jar-8.pdf,1,2,63.8,17003800,1,0,0,ok
full-v2,corpus,PDFBOX-624-2.pdf,1,5,21.0,11328496,0,0,0,ok
full-v2,corpus,Pig Production Handbook.pdf,1,5,18.1,11470376,0,0,0,ok
full-v2,corpus,Publication_of_award_of_Bids_for_Transport_Sector__August_2016.pdf,1,5,22.8,8525496,0,0,0,ok
full-v2,corpus,Rotation 45.pdf,1,4,63.7,17559568,0,0,0,ok
full-v2,corpus,SPARC - v9 Architecture Manual.pdf,1,5,230.1,74095752,3,2,2,ok
full-v2,corpus,SPE8EF26T0545.pdf,1,5,15.3,11459984,0,0,0,ok
full-v2,corpus,TIKA-1552-0.pdf,1,5,44.2,23569608,1,0,0,ok
full-v2,corpus,TIKA-2054-0.pdf,1,5,29.6,20715920,0,0,0,ok
full-v2,corpus,Type0 Font.pdf,1,1,12.7,10340040,0,0,0,ok
full-v2,corpus,Type0_CJK_Font.pdf,1,5,67.5,4859856,0,0,0,ok
full-v2,corpus,capas.pdf,1,5,11.2,8260048,0,0,0,ok
full-v2,corpus,cat-genetics_bobld.pdf,1,1,13.1,7031192,1,0,0,ok
full-v2,corpus,cmap-parsing-exception.pdf,1,1,23.9,13352448,0,0,0,ok
full-v2,corpus,dotnet-ai.pdf,1,5,36.2,32306536,1,1,1,ok
full-v2,corpus,felltypes-test.pdf,1,1,17.8,4980720,0,0,0,ok
full-v2,corpus,iron-ore-q2-q3-2013.pdf,1,5,54.3,36703552,1,1,1,ok
full-v2,corpus,issue_671.pdf,1,2,23.0,18333888,0,0,0,ok
full-v2,corpus,journal.pone.0196757.pdf,1,5,69.5,35724584,1,1,1,ok
full-v2,corpus,jtehm-melillo-2679746.pdf,1,5,84.5,52738504,1,0,0,ok
full-v2,corpus,pop-bugzilla37292.pdf,1,4,9.7,7956088,0,0,0,ok
full-v2,corpus,reference-2-numeric-error.pdf,1,1,30.1,7149896,1,0,0,ok
full-v2,corpus,ssm2163.pdf,1,5,21.0,10266024,0,0,0,ok
full-v2,corpus,test-2_so_74165171.pdf,1,1,134.6,42184520,1,1,1,ok
full-v2,corpus,testPdf-1.pdf,1,2,18.8,6060664,1,1,1,ok
full-v2,corpus,test_a-5.pdf,1,5,85.1,70128624,1,0,0,ok
full-v2,corpus,test_a.pdf,1,5,107.5,69147504,2,1,1,ok
full-v2,corpus,toc.pdf,1,5,7.1,7516000,0,0,0,ok
full-v2,corpus,type3-font-zero-height.pdf,1,1,19.5,8055248,0,0,0,ok
full-v2,corpus,0000851.pdf,2,5,337.3,118480344,3,1,1,ok
full-v2,corpus,11194059_2017-11_de_s.pdf,2,2,48.8,27661296,1,0,0,ok
full-v2,corpus,2006_Swedish_Touring_Car_Championship.pdf,2,4,7.7,7845344,0,0,0,ok
full-v2,corpus,2108.11480.pdf,2,5,94.2,75438040,0,0,0,ok
full-v2,corpus,6.Secrets.to.Startup.Success.PDFDrive.pdf,2,5,30.0,24665224,0,0,0,ok
full-v2,corpus,68-1990-01_A.pdf,2,5,89.8,44643568,2,1,1,ok
full-v2,corpus,Approved_Document_B__fire_safety__volume_2_-_Buildings_other_than_dwellings__2019_edition_incorporating_2020_and_2022_amendments.pdf,2,5,46.5,52104976,1,1,1,ok
full-v2,corpus,ClipPathLetterFilter-Test1.pdf,2,5,26.0,12811768,1,1,1,ok
full-v2,corpus,ClipPathLetterFilter-Test2.pdf,2,1,7.9,8847472,0,0,0,ok
full-v2,corpus,ColorIssue.pdf,2,1,38.0,34168216,1,1,1,ok
full-v2,corpus,DeviceN_CS_test.pdf,2,5,28.8,21861144,1,0,0,ok
full-v2,corpus,ErcotFacts.pdf,2,2,18.0,13755112,0,0,0,ok
full-v2,corpus,FICTIF_TABLE_INDEX.pdf,2,5,27.2,15575112,1,1,1,ok
full-v2,corpus,FarmerMac.pdf,2,5,15.8,14093944,0,0,0,ok
full-v2,corpus,GHOSTSCRIPT-696171-0.pdf,2,5,13.7,11336328,1,0,0,ok
full-v2,corpus,GHOSTSCRIPT-697234-0.pdf,2,3,34.3,22673976,1,0,0,ok
full-v2,corpus,GHOSTSCRIPT-697507-0.pdf,2,1,10.7,7904200,0,0,0,ok
full-v2,corpus,GHOSTSCRIPT-698721-0.zip-6.pdf,2,2,8.1,7315512,0,0,0,ok
full-v2,corpus,GHOSTSCRIPT-699035-0.pdf,2,5,38.1,38411448,0,0,0,ok
full-v2,corpus,GHOSTSCRIPT-699178-0.pdf,2,3,8.1,8589992,0,0,0,ok
full-v2,corpus,GHOSTSCRIPT-699488-0.pdf,2,1,9.4,8119672,0,0,0,ok
full-v2,corpus,GHOSTSCRIPT-700125-1.pdf,2,5,20.8,16241400,0,0,0,ok
full-v2,corpus,GHOSTSCRIPT-700139-0.pdf,2,2,182.5,117694512,4,3,2,ok
full-v2,corpus,GHOSTSCRIPT-700236-1.pdf,2,5,13.1,13418376,0,0,0,ok
full-v2,corpus,Gamebook.pdf,2,5,9.9,9352656,0,0,0,ok
full-v2,corpus,ICML03-081.pdf,2,5,22.7,17355480,1,0,0,ok
full-v2,corpus,Indexed-DeviceRGB-JPXDecode-0-.0.0.255.0.-Font-F1_1_missing_char_255-1.pdf,2,1,25.1,16975328,0,0,0,ok
full-v2,corpus,Judgement Document.pdf,2,5,8.9,9126344,0,0,0,ok
full-v2,corpus,Layer pdf - 322_High_Holborn_building_Brochure.pdf,2,3,43.5,37978608,1,0,0,ok
full-v2,corpus,MOZILLA-10225-0.pdf,2,5,15.5,22993912,0,0,0,ok
full-v2,corpus,MOZILLA-10372-2.pdf,2,5,23.9,13029712,1,1,1,ok
full-v2,corpus,MOZILLA-2775-1.pdf,2,5,14.0,17724168,0,0,0,ok
full-v2,corpus,MOZILLA-3136-0.pdf,2,4,281.6,217845464,6,2,2,ok
full-v2,corpus,MOZILLA-7375-0.pdf,2,5,14.8,16128032,0,0,0,ok
full-v2,corpus,Math119FakingData.pdf,2,5,8.2,9249096,0,0,0,ok
full-v2,corpus,Motor Insurance claim form.pdf,2,3,127.7,68829752,2,2,1,ok
full-v2,corpus,Multiple Page - from Mortality Statistics.pdf,2,5,7.3,8264416,0,0,0,ok
full-v2,corpus,OPEN.RABBIT.ENGLISH.LOP.pdf,2,5,30.1,27775784,1,0,0,ok
full-v2,corpus,Old Gutnish Internet Explorer.pdf,2,3,23.1,14338192,1,1,1,ok
full-v2,corpus,P2P-33713919.pdf,2,5,14.3,22998400,0,0,0,ok
full-v2,corpus,PDFBOX-492-4.jar-8.pdf,2,2,33.5,16853408,1,0,0,ok
full-v2,corpus,PDFBOX-624-2.pdf,2,5,10.6,11326864,0,0,0,ok
full-v2,corpus,Pig Production Handbook.pdf,2,5,10.0,11469752,0,0,0,ok
full-v2,corpus,Publication_of_award_of_Bids_for_Transport_Sector__August_2016.pdf,2,5,8.3,8288424,0,0,0,ok
full-v2,corpus,Rotation 45.pdf,2,4,24.6,10029152,1,1,1,ok
full-v2,corpus,SPARC - v9 Architecture Manual.pdf,2,5,98.4,74095288,3,3,2,ok
full-v2,corpus,SPE8EF26T0545.pdf,2,5,10.5,11453240,0,0,0,ok
full-v2,corpus,TIKA-1552-0.pdf,2,5,28.0,23547168,1,0,0,ok
full-v2,corpus,TIKA-2054-0.pdf,2,5,17.6,20712336,0,0,0,ok
full-v2,corpus,Type0 Font.pdf,2,1,9.1,9721608,0,0,0,ok
full-v2,corpus,Type0_CJK_Font.pdf,2,5,12.5,3212680,0,0,0,ok
full-v2,corpus,capas.pdf,2,5,6.8,8006296,0,0,0,ok
full-v2,corpus,cat-genetics_bobld.pdf,2,1,23.3,7029656,1,1,0,ok
full-v2,corpus,cmap-parsing-exception.pdf,2,1,17.4,13117200,0,0,0,ok
full-v2,corpus,dotnet-ai.pdf,2,5,23.3,31547288,1,0,0,ok
full-v2,corpus,felltypes-test.pdf,2,1,8.5,4975584,0,0,0,ok
full-v2,corpus,iron-ore-q2-q3-2013.pdf,2,5,35.1,37056304,1,1,1,ok
full-v2,corpus,issue_671.pdf,2,2,30.7,17905904,1,1,1,ok
full-v2,corpus,journal.pone.0196757.pdf,2,5,37.2,35513904,1,0,0,ok
full-v2,corpus,jtehm-melillo-2679746.pdf,2,5,65.1,52873864,1,1,1,ok
full-v2,corpus,pop-bugzilla37292.pdf,2,4,22.6,7594136,1,0,0,ok
full-v2,corpus,reference-2-numeric-error.pdf,2,1,10.1,7147632,0,0,0,ok
full-v2,corpus,ssm2163.pdf,2,5,9.5,10259448,0,0,0,ok
full-v2,corpus,test-2_so_74165171.pdf,2,1,72.2,42241448,2,2,2,ok
full-v2,corpus,testPdf-1.pdf,2,2,6.0,5833200,0,0,0,ok
full-v2,corpus,test_a-5.pdf,2,5,74.2,69772512,1,0,0,ok
full-v2,corpus,test_a.pdf,2,5,110.2,68792232,2,2,1,ok
full-v2,corpus,toc.pdf,2,5,12.7,7515880,1,1,0,ok
full-v2,corpus,type3-font-zero-height.pdf,2,1,9.8,8049952,0,0,0,ok
full-v2,corpus,0000851.pdf,3,5,191.6,118455600,2,1,1,ok
full-v2,corpus,11194059_2017-11_de_s.pdf,3,2,40.4,27746544,1,1,1,ok
full-v2,corpus,2006_Swedish_Touring_Car_Championship.pdf,3,4,15.5,7629104,1,0,0,ok
full-v2,corpus,2108.11480.pdf,3,5,68.6,74835432,1,1,0,ok
full-v2,corpus,6.Secrets.to.Startup.Success.PDFDrive.pdf,3,5,27.5,24665352,1,0,0,ok
full-v2,corpus,68-1990-01_A.pdf,3,5,66.3,44393888,2,1,1,ok
full-v2,corpus,Approved_Document_B__fire_safety__volume_2_-_Buildings_other_than_dwellings__2019_edition_incorporating_2020_and_2022_amendments.pdf,3,5,41.9,52106936,2,2,2,ok
full-v2,corpus,ClipPathLetterFilter-Test1.pdf,3,5,10.4,12121480,0,0,0,ok
full-v2,corpus,ClipPathLetterFilter-Test2.pdf,3,1,8.6,8698120,1,1,0,ok
full-v2,corpus,ColorIssue.pdf,3,1,37.7,33590312,1,1,1,ok
full-v2,corpus,DeviceN_CS_test.pdf,3,5,13.6,21536232,0,0,0,ok
full-v2,corpus,ErcotFacts.pdf,3,2,22.9,13358088,1,1,0,ok
full-v2,corpus,FICTIF_TABLE_INDEX.pdf,3,5,13.0,14804968,0,0,0,ok
full-v2,corpus,FarmerMac.pdf,3,5,12.3,13700184,0,0,0,ok
full-v2,corpus,GHOSTSCRIPT-696171-0.pdf,3,5,25.0,11470072,1,1,1,ok
full-v2,corpus,GHOSTSCRIPT-697234-0.pdf,3,3,29.2,22674032,1,0,0,ok
full-v2,corpus,GHOSTSCRIPT-697507-0.pdf,3,1,8.2,7969848,0,0,0,ok
full-v2,corpus,GHOSTSCRIPT-698721-0.zip-6.pdf,3,2,6.2,7315512,0,0,0,ok
full-v2,corpus,GHOSTSCRIPT-699035-0.pdf,3,5,33.0,38411448,0,0,0,ok
full-v2,corpus,GHOSTSCRIPT-699178-0.pdf,3,3,6.7,8417864,0,0,0,ok
full-v2,corpus,GHOSTSCRIPT-699488-0.pdf,3,1,8.0,8119672,0,0,0,ok
full-v2,corpus,GHOSTSCRIPT-700125-1.pdf,3,5,16.4,16241400,0,0,0,ok
full-v2,corpus,GHOSTSCRIPT-700139-0.pdf,3,2,151.8,116240184,4,3,2,ok
full-v2,corpus,GHOSTSCRIPT-700236-1.pdf,3,5,11.4,13418376,0,0,0,ok
full-v2,corpus,Gamebook.pdf,3,5,9.5,9352656,0,0,0,ok
full-v2,corpus,ICML03-081.pdf,3,5,17.4,17355392,1,0,0,ok
full-v2,corpus,Indexed-DeviceRGB-JPXDecode-0-.0.0.255.0.-Font-F1_1_missing_char_255-1.pdf,3,1,25.0,16975328,1,0,0,ok
full-v2,corpus,Judgement Document.pdf,3,5,11.8,9126552,1,1,0,ok
full-v2,corpus,Layer pdf - 322_High_Holborn_building_Brochure.pdf,3,3,43.2,37978816,1,0,0,ok
full-v2,corpus,MOZILLA-10225-0.pdf,3,5,15.2,22993912,0,0,0,ok
full-v2,corpus,MOZILLA-10372-2.pdf,3,5,20.6,13029712,1,1,1,ok
full-v2,corpus,MOZILLA-2775-1.pdf,3,5,13.6,17724168,0,0,0,ok
full-v2,corpus,MOZILLA-3136-0.pdf,3,4,267.2,217846776,3,1,1,ok
full-v2,corpus,MOZILLA-7375-0.pdf,3,5,13.4,16128032,0,0,0,ok
full-v2,corpus,Math119FakingData.pdf,3,5,7.2,9249096,0,0,0,ok
full-v2,corpus,Motor Insurance claim form.pdf,3,3,101.7,69161272,2,2,2,ok
full-v2,corpus,Multiple Page - from Mortality Statistics.pdf,3,5,6.3,8263360,0,0,0,ok
full-v2,corpus,OPEN.RABBIT.ENGLISH.LOP.pdf,3,5,30.7,27775784,1,0,0,ok
full-v2,corpus,Old Gutnish Internet Explorer.pdf,3,3,22.1,14338192,1,1,1,ok
full-v2,corpus,P2P-33713919.pdf,3,5,12.7,22998400,0,0,0,ok
full-v2,corpus,PDFBOX-492-4.jar-8.pdf,3,2,24.9,16853408,1,1,0,ok
full-v2,corpus,PDFBOX-624-2.pdf,3,5,9.3,11326864,0,0,0,ok
full-v2,corpus,Pig Production Handbook.pdf,3,5,8.2,11469752,0,0,0,ok
full-v2,corpus,Publication_of_award_of_Bids_for_Transport_Sector__August_2016.pdf,3,5,17.9,8487816,1,1,1,ok
full-v2,corpus,Rotation 45.pdf,3,4,12.7,9895584,0,0,0,ok
full-v2,corpus,SPARC - v9 Architecture Manual.pdf,3,5,64.2,74093064,2,1,1,ok
full-v2,corpus,SPE8EF26T0545.pdf,3,5,10.0,11453240,0,0,0,ok
full-v2,corpus,TIKA-1552-0.pdf,3,5,39.0,23554024,1,1,1,ok
full-v2,corpus,TIKA-2054-0.pdf,3,5,16.7,20777952,0,0,0,ok
full-v2,corpus,Type0 Font.pdf,3,1,10.2,9721608,1,1,0,ok
full-v2,corpus,Type0_CJK_Font.pdf,3,5,8.5,3212888,0,0,0,ok
full-v2,corpus,capas.pdf,3,5,5.4,8006296,0,0,0,ok
full-v2,corpus,cat-genetics_bobld.pdf,3,1,7.3,7029656,1,0,0,ok
full-v2,corpus,cmap-parsing-exception.pdf,3,1,21.0,13185496,1,1,1,ok
full-v2,corpus,dotnet-ai.pdf,3,5,27.0,31616896,1,1,1,ok
full-v2,corpus,felltypes-test.pdf,3,1,8.0,4979760,0,0,0,ok
full-v2,corpus,iron-ore-q2-q3-2013.pdf,3,5,23.0,36511064,1,0,0,ok
full-v2,corpus,issue_671.pdf,3,2,18.6,17837640,0,0,0,ok
full-v2,corpus,journal.pone.0196757.pdf,3,5,25.6,35411040,0,0,0,ok
full-v2,corpus,jtehm-melillo-2679746.pdf,3,5,81.3,52735960,1,1,0,ok
full-v2,corpus,pop-bugzilla37292.pdf,3,4,6.9,7590016,0,0,0,ok
full-v2,corpus,reference-2-numeric-error.pdf,3,1,8.8,7147424,0,0,0,ok
full-v2,corpus,ssm2163.pdf,3,5,8.6,10255328,0,0,0,ok
full-v2,corpus,test-2_so_74165171.pdf,3,1,66.9,42245288,2,2,2,ok
full-v2,corpus,testPdf-1.pdf,3,2,6.1,5833200,0,0,0,ok
full-v2,corpus,test_a-5.pdf,3,5,102.4,69772512,2,1,0,ok
full-v2,corpus,test_a.pdf,3,5,83.4,68792232,2,1,1,ok
full-v2,corpus,toc.pdf,3,5,5.4,7515880,0,0,0,ok
full-v2,corpus,type3-font-zero-height.pdf,3,1,9.5,8049744,0,0,0,ok
baseline,corpus,0000851.pdf,1,5,1103.1,170032624,5,2,2,ok
baseline,corpus,11194059_2017-11_de_s.pdf,1,2,114.0,27690248,0,0,0,ok
baseline,corpus,2006_Swedish_Touring_Car_Championship.pdf,1,4,55.2,7884680,1,1,0,ok
baseline,corpus,2108.11480.pdf,1,5,195.4,76962784,2,1,1,ok
baseline,corpus,6.Secrets.to.Startup.Success.PDFDrive.pdf,1,5,80.2,24877664,1,1,1,ok
baseline,corpus,68-1990-01_A.pdf,1,5,208.5,64938000,2,1,1,ok
baseline,corpus,Approved_Document_B__fire_safety__volume_2_-_Buildings_other_than_dwellings__2019_edition_incorporating_2020_and_2022_amendments.pdf,1,5,109.9,52520632,2,2,2,ok
baseline,corpus,ClipPathLetterFilter-Test1.pdf,1,5,92.8,41327672,1,0,0,ok
baseline,corpus,ClipPathLetterFilter-Test2.pdf,1,1,23.4,8847088,0,0,0,ok
baseline,corpus,ColorIssue.pdf,1,1,99.3,34631920,2,2,2,ok
baseline,corpus,DeviceN_CS_test.pdf,1,5,59.6,22232120,1,1,1,ok
baseline,corpus,ErcotFacts.pdf,1,2,52.9,14129536,1,0,0,ok
baseline,corpus,FICTIF_TABLE_INDEX.pdf,1,5,44.4,15510952,0,0,0,ok
baseline,corpus,FarmerMac.pdf,1,5,50.9,14125848,0,0,0,ok
baseline,corpus,GHOSTSCRIPT-696171-0.pdf,1,5,40.0,11351304,0,0,0,ok
baseline,corpus,GHOSTSCRIPT-697234-0.pdf,1,3,109.6,22891280,1,1,1,ok
baseline,corpus,GHOSTSCRIPT-697507-0.pdf,1,1,22.8,8070968,0,0,0,ok
baseline,corpus,GHOSTSCRIPT-698721-0.zip-6.pdf,1,2,23.0,7741856,1,0,0,ok
baseline,corpus,GHOSTSCRIPT-699035-0.pdf,1,5,161.5,38415736,0,0,0,ok
baseline,corpus,GHOSTSCRIPT-699178-0.pdf,1,3,22.7,8609296,0,0,0,ok
baseline,corpus,GHOSTSCRIPT-699488-0.pdf,1,1,32.9,8128088,1,0,0,ok
baseline,corpus,GHOSTSCRIPT-700125-1.pdf,1,5,57.1,17647608,1,1,1,ok
baseline,corpus,GHOSTSCRIPT-700139-0.pdf,1,2,393.5,117869064,3,2,1,ok
baseline,corpus,GHOSTSCRIPT-700236-1.pdf,1,5,41.8,13572832,0,0,0,ok
baseline,corpus,Gamebook.pdf,1,5,139.9,150825424,8,8,8,ok
baseline,corpus,ICML03-081.pdf,1,5,58.8,17385424,1,1,0,ok
baseline,corpus,Indexed-DeviceRGB-JPXDecode-0-.0.0.255.0.-Font-F1_1_missing_char_255-1.pdf,1,1,53.9,17086288,0,0,0,ok
baseline,corpus,Judgement Document.pdf,1,5,39.2,11061656,1,1,1,ok
baseline,corpus,Layer pdf - 322_High_Holborn_building_Brochure.pdf,1,3,156.2,38364496,1,0,0,ok
baseline,corpus,MOZILLA-10225-0.pdf,1,5,32.2,23121080,0,0,0,ok
baseline,corpus,MOZILLA-10372-2.pdf,1,5,51.0,13451656,1,1,1,ok
baseline,corpus,MOZILLA-2775-1.pdf,1,5,50.5,17809208,0,0,0,ok
baseline,corpus,MOZILLA-3136-0.pdf,1,4,784.7,219851632,4,2,1,ok
baseline,corpus,MOZILLA-7375-0.pdf,1,5,49.3,16128824,0,0,0,ok
baseline,corpus,Math119FakingData.pdf,1,5,31.0,9332480,0,0,0,ok
baseline,corpus,Motor Insurance claim form.pdf,1,3,329.7,69902896,3,3,3,ok
baseline,corpus,Multiple Page - from Mortality Statistics.pdf,1,5,38.2,15965576,0,0,0,ok
baseline,corpus,OPEN.RABBIT.ENGLISH.LOP.pdf,1,5,64.1,27964064,1,0,0,ok
baseline,corpus,Old Gutnish Internet Explorer.pdf,1,3,31.6,14922056,0,0,0,ok
baseline,corpus,P2P-33713919.pdf,1,5,57.8,23234360,1,1,1,ok
baseline,corpus,PDFBOX-492-4.jar-8.pdf,1,2,65.7,17072496,1,0,0,ok
baseline,corpus,PDFBOX-624-2.pdf,1,5,21.3,11353640,0,0,0,ok
baseline,corpus,Pig Production Handbook.pdf,1,5,17.3,11661096,0,0,0,ok
baseline,corpus,Publication_of_award_of_Bids_for_Transport_Sector__August_2016.pdf,1,5,21.3,8528320,0,0,0,ok
baseline,corpus,Rotation 45.pdf,1,4,55.9,17682816,0,0,0,ok
baseline,corpus,SPARC - v9 Architecture Manual.pdf,1,5,266.8,108711920,4,2,1,ok
baseline,corpus,SPE8EF26T0545.pdf,1,5,16.0,11406696,0,0,0,ok
baseline,corpus,TIKA-1552-0.pdf,1,5,44.0,23705960,1,1,1,ok
baseline,corpus,TIKA-2054-0.pdf,1,5,40.9,23587368,1,0,0,ok
baseline,corpus,Type0 Font.pdf,1,1,10.9,10341184,0,0,0,ok
baseline,corpus,Type0_CJK_Font.pdf,1,5,67.7,4917912,0,0,0,ok
baseline,corpus,capas.pdf,1,5,8.3,8295872,0,0,0,ok
baseline,corpus,cat-genetics_bobld.pdf,1,1,9.6,7026784,0,0,0,ok
baseline,corpus,cmap-parsing-exception.pdf,1,1,34.9,13549296,1,1,1,ok
baseline,corpus,dotnet-ai.pdf,1,5,33.0,32510488,1,1,1,ok
baseline,corpus,felltypes-test.pdf,1,1,17.7,4980560,0,0,0,ok
baseline,corpus,iron-ore-q2-q3-2013.pdf,1,5,42.9,36555056,1,0,0,ok
baseline,corpus,issue_671.pdf,1,2,23.6,18332752,0,0,0,ok
baseline,corpus,journal.pone.0196757.pdf,1,5,59.6,35679824,0,0,0,ok
baseline,corpus,jtehm-melillo-2679746.pdf,1,5,101.2,53030112,2,1,1,ok
baseline,corpus,pop-bugzilla37292.pdf,1,4,8.9,7989872,0,0,0,ok
baseline,corpus,reference-2-numeric-error.pdf,1,1,19.1,7196176,0,0,0,ok
baseline,corpus,ssm2163.pdf,1,5,28.4,10631072,1,1,0,ok
baseline,corpus,test-2_so_74165171.pdf,1,1,138.8,42242168,1,1,1,ok
baseline,corpus,testPdf-1.pdf,1,2,6.4,6061048,0,0,0,ok
baseline,corpus,test_a-5.pdf,1,5,101.8,70170024,2,1,1,ok
baseline,corpus,test_a.pdf,1,5,86.1,69645400,1,1,1,ok
baseline,corpus,toc.pdf,1,5,7.1,7514624,0,0,0,ok
baseline,corpus,type3-font-zero-height.pdf,1,1,36.7,8061768,1,1,0,ok
baseline,corpus,0000851.pdf,2,5,311.6,122572552,3,2,1,ok
baseline,corpus,11194059_2017-11_de_s.pdf,2,2,28.2,27600336,0,0,0,ok
baseline,corpus,2006_Swedish_Touring_Car_Championship.pdf,2,4,22.6,7883120,1,0,0,ok
baseline,corpus,2108.11480.pdf,2,5,101.3,76879320,2,2,1,ok
baseline,corpus,6.Secrets.to.Startup.Success.PDFDrive.pdf,2,5,21.2,24674384,0,0,0,ok
baseline,corpus,68-1990-01_A.pdf,2,5,60.0,44576440,1,0,0,ok
baseline,corpus,Approved_Document_B__fire_safety__volume_2_-_Buildings_other_than_dwellings__2019_edition_incorporating_2020_and_2022_amendments.pdf,2,5,54.6,52648112,2,2,2,ok
baseline,corpus,ClipPathLetterFilter-Test1.pdf,2,5,21.3,12732512,1,1,1,ok
baseline,corpus,ClipPathLetterFilter-Test2.pdf,2,1,7.3,8847064,0,0,0,ok
baseline,corpus,ColorIssue.pdf,2,1,41.4,34472864,1,1,1,ok
baseline,corpus,DeviceN_CS_test.pdf,2,5,24.3,22022016,1,1,1,ok
baseline,corpus,ErcotFacts.pdf,2,2,21.4,14118720,1,0,0,ok
baseline,corpus,FICTIF_TABLE_INDEX.pdf,2,5,16.9,15508504,0,0,0,ok
baseline,corpus,FarmerMac.pdf,2,5,14.5,14125632,0,0,0,ok
baseline,corpus,GHOSTSCRIPT-696171-0.pdf,2,5,14.0,11349720,0,0,0,ok
baseline,corpus,GHOSTSCRIPT-697234-0.pdf,2,3,36.3,22751632,0,0,0,ok
baseline,corpus,GHOSTSCRIPT-697507-0.pdf,2,1,11.8,7998056,0,0,0,ok
baseline,corpus,GHOSTSCRIPT-698721-0.zip-6.pdf,2,2,12.8,7741072,1,1,0,ok
baseline,corpus,GHOSTSCRIPT-699035-0.pdf,2,5,48.3,38420504,1,1,1,ok
baseline,corpus,GHOSTSCRIPT-699178-0.pdf,2,3,18.8,8609432,1,1,0,ok
baseline,corpus,GHOSTSCRIPT-699488-0.pdf,2,1,8.3,8126064,0,0,0,ok
baseline,corpus,GHOSTSCRIPT-700125-1.pdf,2,5,14.2,17640256,0,0,0,ok
baseline,corpus,GHOSTSCRIPT-700139-0.pdf,2,2,157.2,117639520,3,2,1,ok
baseline,corpus,GHOSTSCRIPT-700236-1.pdf,2,5,13.8,13572088,1,0,0,ok
baseline,corpus,Gamebook.pdf,2,5,10.3,9367320,0,0,0,ok
baseline,corpus,ICML03-081.pdf,2,5,20.7,17381184,1,0,0,ok
baseline,corpus,Indexed-DeviceRGB-JPXDecode-0-.0.0.255.0.-Font-F1_1_missing_char_255-1.pdf,2,1,25.4,17064240,0,0,0,ok
baseline,corpus,Judgement Document.pdf,2,5,14.7,9127904,0,0,0,ok
baseline,corpus,Layer pdf - 322_High_Holborn_building_Brochure.pdf,2,3,58.2,37984392,2,1,1,ok
baseline,corpus,MOZILLA-10225-0.pdf,2,5,13.8,23067072,0,0,0,ok
baseline,corpus,MOZILLA-10372-2.pdf,2,5,20.4,13030320,1,1,1,ok
baseline,corpus,MOZILLA-2775-1.pdf,2,5,14.0,17808416,0,0,0,ok
baseline,corpus,MOZILLA-3136-0.pdf,2,4,261.7,217963096,5,2,2,ok
baseline,corpus,MOZILLA-7375-0.pdf,2,5,15.0,16127600,0,0,0,ok
baseline,corpus,Math119FakingData.pdf,2,5,10.4,9330824,0,0,0,ok
baseline,corpus,Motor Insurance claim form.pdf,2,3,122.6,68931208,3,2,1,ok
baseline,corpus,Multiple Page - from Mortality Statistics.pdf,2,5,6.3,8291200,0,0,0,ok
baseline,corpus,OPEN.RABBIT.ENGLISH.LOP.pdf,2,5,38.8,27774056,1,0,0,ok
baseline,corpus,Old Gutnish Internet Explorer.pdf,2,3,12.8,14277200,0,0,0,ok
baseline,corpus,P2P-33713919.pdf,2,5,26.5,23192616,1,1,1,ok
baseline,corpus,PDFBOX-492-4.jar-8.pdf,2,2,32.2,16992136,1,0,0,ok
baseline,corpus,PDFBOX-624-2.pdf,2,5,10.9,11352008,0,0,0,ok
baseline,corpus,Pig Production Handbook.pdf,2,5,9.9,11660472,0,0,0,ok
baseline,corpus,Publication_of_award_of_Bids_for_Transport_Sector__August_2016.pdf,2,5,8.5,8291248,0,0,0,ok
baseline,corpus,Rotation 45.pdf,2,4,14.4,10018568,0,0,0,ok
baseline,corpus,SPARC - v9 Architecture Manual.pdf,2,5,110.8,108711728,5,1,1,ok
baseline,corpus,SPE8EF26T0545.pdf,2,5,11.8,11399952,0,0,0,ok
baseline,corpus,TIKA-1552-0.pdf,2,5,34.4,23556632,1,1,1,ok
baseline,corpus,TIKA-2054-0.pdf,2,5,31.7,23649344,1,0,0,ok
baseline,corpus,Type0 Font.pdf,2,1,10.2,9722752,0,0,0,ok
baseline,corpus,Type0_CJK_Font.pdf,2,5,11.6,3270736,0,0,0,ok
baseline,corpus,capas.pdf,2,5,6.4,8042120,0,0,0,ok
baseline,corpus,cat-genetics_bobld.pdf,2,1,5.6,7025248,0,0,0,ok
baseline,corpus,cmap-parsing-exception.pdf,2,1,27.5,13314048,1,1,1,ok
baseline,corpus,dotnet-ai.pdf,2,5,27.5,31820584,1,1,1,ok
baseline,corpus,felltypes-test.pdf,2,1,8.2,4979600,0,0,0,ok
baseline,corpus,iron-ore-q2-q3-2013.pdf,2,5,24.5,36514592,1,0,0,ok
baseline,corpus,issue_671.pdf,2,2,19.5,17902120,0,0,0,ok
baseline,corpus,journal.pone.0196757.pdf,2,5,26.0,35654384,0,0,0,ok
baseline,corpus,jtehm-melillo-2679746.pdf,2,5,78.6,52894568,1,0,0,ok
baseline,corpus,pop-bugzilla37292.pdf,2,4,7.3,7619000,0,0,0,ok
baseline,corpus,reference-2-numeric-error.pdf,2,1,9.0,7193704,0,0,0,ok
baseline,corpus,ssm2163.pdf,2,5,9.9,10612656,0,0,0,ok
baseline,corpus,test-2_so_74165171.pdf,2,1,60.9,42182096,1,1,1,ok
baseline,corpus,testPdf-1.pdf,2,2,20.0,5969976,1,1,1,ok
baseline,corpus,test_a-5.pdf,2,5,64.6,69811792,1,0,0,ok
baseline,corpus,test_a.pdf,2,5,75.0,68831248,2,1,1,ok
baseline,corpus,toc.pdf,2,5,5.0,7514504,0,0,0,ok
baseline,corpus,type3-font-zero-height.pdf,2,1,9.8,8056264,0,0,0,ok
baseline,corpus,0000851.pdf,3,5,185.2,122674544,2,1,1,ok
baseline,corpus,11194059_2017-11_de_s.pdf,3,2,61.3,27547624,1,0,0,ok
baseline,corpus,2006_Swedish_Touring_Car_Championship.pdf,3,4,7.0,7667184,0,0,0,ok
baseline,corpus,2108.11480.pdf,3,5,72.0,76276376,2,1,1,ok
baseline,corpus,6.Secrets.to.Startup.Success.PDFDrive.pdf,3,5,32.4,24674384,1,0,0,ok
baseline,corpus,68-1990-01_A.pdf,3,5,53.9,44333616,1,1,1,ok
baseline,corpus,Approved_Document_B__fire_safety__volume_2_-_Buildings_other_than_dwellings__2019_edition_incorporating_2020_and_2022_amendments.pdf,3,5,47.9,52515040,2,1,1,ok
baseline,corpus,ClipPathLetterFilter-Test1.pdf,3,5,18.2,12176576,1,1,1,ok
baseline,corpus,ClipPathLetterFilter-Test2.pdf,3,1,7.2,8697976,0,0,0,ok
baseline,corpus,ColorIssue.pdf,3,1,36.1,34353832,1,1,1,ok
baseline,corpus,DeviceN_CS_test.pdf,3,5,22.7,21631008,1,1,1,ok
baseline,corpus,ErcotFacts.pdf,3,2,17.2,13721904,1,1,0,ok
baseline,corpus,FICTIF_TABLE_INDEX.pdf,3,5,12.4,14806504,0,0,0,ok
baseline,corpus,FarmerMac.pdf,3,5,12.0,13732080,0,0,0,ok
baseline,corpus,GHOSTSCRIPT-696171-0.pdf,3,5,11.5,11349720,1,1,0,ok
baseline,corpus,GHOSTSCRIPT-697234-0.pdf,3,3,26.4,22751840,1,1,0,ok
baseline,corpus,GHOSTSCRIPT-697507-0.pdf,3,1,7.9,7998264,0,0,0,ok
baseline,corpus,GHOSTSCRIPT-698721-0.zip-6.pdf,3,2,6.1,7741072,0,0,0,ok
baseline,corpus,GHOSTSCRIPT-699035-0.pdf,3,5,45.8,38420296,1,1,1,ok
baseline,corpus,GHOSTSCRIPT-699178-0.pdf,3,3,7.0,8437304,0,0,0,ok
baseline,corpus,GHOSTSCRIPT-699488-0.pdf,3,1,18.9,8125856,1,1,0,ok
baseline,corpus,GHOSTSCRIPT-700125-1.pdf,3,5,13.3,17640464,0,0,0,ok
baseline,corpus,GHOSTSCRIPT-700139-0.pdf,3,2,136.2,116185256,4,2,1,ok
baseline,corpus,GHOSTSCRIPT-700236-1.pdf,3,5,13.2,13572088,0,0,0,ok
baseline,corpus,Gamebook.pdf,3,5,10.6,9367112,0,0,0,ok
baseline,corpus,ICML03-081.pdf,3,5,21.9,17381184,1,0,0,ok
baseline,corpus,Indexed-DeviceRGB-JPXDecode-0-.0.0.255.0.-Font-F1_1_missing_char_255-1.pdf,3,1,25.8,17064240,0,0,0,ok
baseline,corpus,Judgement Document.pdf,3,5,7.5,9127904,0,0,0,ok
baseline,corpus,Layer pdf - 322_High_Holborn_building_Brochure.pdf,3,3,60.8,37984392,2,1,1,ok
baseline,corpus,MOZILLA-10225-0.pdf,3,5,15.3,23067072,0,0,0,ok
baseline,corpus,MOZILLA-10372-2.pdf,3,5,21.5,13161416,1,1,1,ok
baseline,corpus,MOZILLA-2775-1.pdf,3,5,14.7,17808416,0,0,0,ok
baseline,corpus,MOZILLA-3136-0.pdf,3,4,258.2,217963096,6,3,2,ok
baseline,corpus,MOZILLA-7375-0.pdf,3,5,13.1,16127600,0,0,0,ok
baseline,corpus,Math119FakingData.pdf,3,5,10.6,9330824,0,0,0,ok
baseline,corpus,Motor Insurance claim form.pdf,3,3,112.2,68932176,2,2,1,ok
baseline,corpus,Multiple Page - from Mortality Statistics.pdf,3,5,6.7,8290232,0,0,0,ok
baseline,corpus,OPEN.RABBIT.ENGLISH.LOP.pdf,3,5,31.1,27774056,1,0,0,ok
baseline,corpus,Old Gutnish Internet Explorer.pdf,3,3,26.0,14345496,1,1,1,ok
baseline,corpus,P2P-33713919.pdf,3,5,12.5,23059136,0,0,0,ok
baseline,corpus,PDFBOX-492-4.jar-8.pdf,3,2,24.7,16922104,1,0,0,ok
baseline,corpus,PDFBOX-624-2.pdf,3,5,8.8,11352008,0,0,0,ok
baseline,corpus,Pig Production Handbook.pdf,3,5,8.7,11660472,0,0,0,ok
baseline,corpus,Publication_of_award_of_Bids_for_Transport_Sector__August_2016.pdf,3,5,7.7,8291248,0,0,0,ok
baseline,corpus,Rotation 45.pdf,3,4,23.7,10021304,1,1,1,ok
baseline,corpus,SPARC - v9 Architecture Manual.pdf,3,5,79.6,108711992,5,2,1,ok
baseline,corpus,SPE8EF26T0545.pdf,3,5,8.9,11399952,0,0,0,ok
baseline,corpus,TIKA-1552-0.pdf,3,5,18.9,23549776,0,0,0,ok
baseline,corpus,TIKA-2054-0.pdf,3,5,29.0,23786944,1,1,1,ok
baseline,corpus,Type0 Font.pdf,3,1,8.7,9722896,0,0,0,ok
baseline,corpus,Type0_CJK_Font.pdf,3,5,8.9,3270736,0,0,0,ok
baseline,corpus,capas.pdf,3,5,8.1,8042120,1,0,0,ok
baseline,corpus,cat-genetics_bobld.pdf,3,1,5.3,7025456,0,0,0,ok
baseline,corpus,cmap-parsing-exception.pdf,3,1,26.8,13314048,1,1,1,ok
baseline,corpus,dotnet-ai.pdf,3,5,25.4,31820584,1,1,1,ok
baseline,corpus,felltypes-test.pdf,3,1,8.4,4979600,0,0,0,ok
baseline,corpus,iron-ore-q2-q3-2013.pdf,3,5,22.7,36514592,1,0,0,ok
baseline,corpus,issue_671.pdf,3,2,26.6,17902120,1,0,0,ok
baseline,corpus,journal.pone.0196757.pdf,3,5,23.9,35654592,0,0,0,ok
baseline,corpus,jtehm-melillo-2679746.pdf,3,5,47.0,52894568,0,0,0,ok
baseline,corpus,pop-bugzilla37292.pdf,3,4,9.1,7618792,0,0,0,ok
baseline,corpus,reference-2-numeric-error.pdf,3,1,10.7,7193704,0,0,0,ok
baseline,corpus,ssm2163.pdf,3,5,11.6,10612656,0,0,0,ok
baseline,corpus,test-2_so_74165171.pdf,3,1,72.0,42245312,2,2,2,ok
baseline,corpus,testPdf-1.pdf,3,2,5.8,5836232,0,0,0,ok
baseline,corpus,test_a-5.pdf,3,5,76.6,69811528,1,0,0,ok
baseline,corpus,test_a.pdf,3,5,74.1,68828600,1,0,0,ok
baseline,corpus,toc.pdf,3,5,7.2,7514448,0,0,0,ok
baseline,corpus,type3-font-zero-height.pdf,3,1,9.7,8056176,0,0,0,ok
full,corpus,0000851.pdf,1,5,1123.4,165940504,5,2,2,ok
full,corpus,11194059_2017-11_de_s.pdf,1,2,108.1,27685320,0,0,0,ok
full,corpus,2006_Swedish_Touring_Car_Championship.pdf,1,4,33.2,7846320,0,0,0,ok
full,corpus,2108.11480.pdf,1,5,233.2,75655120,3,2,1,ok
full,corpus,6.Secrets.to.Startup.Success.PDFDrive.pdf,1,5,86.6,24766000,1,1,1,ok
full,corpus,68-1990-01_A.pdf,1,5,222.4,64932432,2,1,1,ok
full,corpus,Approved_Document_B__fire_safety__volume_2_-_Buildings_other_than_dwellings__2019_edition_incorporating_2020_and_2022_amendments.pdf,1,5,110.3,52110808,2,2,2,ok
full,corpus,ClipPathLetterFilter-Test1.pdf,1,5,101.9,41275032,1,0,0,ok
full,corpus,ClipPathLetterFilter-Test2.pdf,1,1,25.2,8847216,0,0,0,ok
full,corpus,ColorIssue.pdf,1,1,104.3,34171272,2,2,2,ok
full,corpus,DeviceN_CS_test.pdf,1,5,62.2,22204888,1,1,1,ok
full,corpus,ErcotFacts.pdf,1,2,49.1,13769880,0,0,0,ok
full,corpus,FICTIF_TABLE_INDEX.pdf,1,5,46.8,15508928,0,0,0,ok
full,corpus,FarmerMac.pdf,1,5,55.4,14093672,1,0,0,ok
full,corpus,GHOSTSCRIPT-696171-0.pdf,1,5,40.4,11333720,0,0,0,ok
full,corpus,GHOSTSCRIPT-697234-0.pdf,1,3,103.5,22679392,0,0,0,ok
full,corpus,GHOSTSCRIPT-697507-0.pdf,1,1,25.9,7906592,1,0,0,ok
full,corpus,GHOSTSCRIPT-698721-0.zip-6.pdf,1,2,25.9,7454176,1,1,1,ok
full,corpus,GHOSTSCRIPT-699035-0.pdf,1,5,168.6,38478992,0,0,0,ok
full,corpus,GHOSTSCRIPT-699178-0.pdf,1,3,35.5,8589928,1,0,0,ok
full,corpus,GHOSTSCRIPT-699488-0.pdf,1,1,23.4,8121832,0,0,0,ok
full,corpus,GHOSTSCRIPT-700125-1.pdf,1,5,50.9,16241440,0,0,0,ok
full,corpus,GHOSTSCRIPT-700139-0.pdf,1,2,454.4,117923640,4,2,2,ok
full,corpus,GHOSTSCRIPT-700236-1.pdf,1,5,47.5,13418840,0,0,0,ok
full,corpus,Gamebook.pdf,1,5,148.4,150810688,8,8,8,ok
full,corpus,ICML03-081.pdf,1,5,67.4,17359352,1,1,0,ok
full,corpus,Indexed-DeviceRGB-JPXDecode-0-.0.0.255.0.-Font-F1_1_missing_char_255-1.pdf,1,1,54.0,16997096,0,0,0,ok
full,corpus,Judgement Document.pdf,1,5,43.1,11059816,1,1,1,ok
full,corpus,Layer pdf - 322_High_Holborn_building_Brochure.pdf,1,3,166.0,38361080,1,0,0,ok
full,corpus,MOZILLA-10225-0.pdf,1,5,35.3,23051904,0,0,0,ok
full,corpus,MOZILLA-10372-2.pdf,1,5,50.5,13450768,1,1,1,ok
full,corpus,MOZILLA-2775-1.pdf,1,5,55.7,17724680,0,0,0,ok
full,corpus,MOZILLA-3136-0.pdf,1,4,783.1,219897832,5,2,1,ok
full,corpus,MOZILLA-7375-0.pdf,1,5,50.7,16128976,0,0,0,ok
full,corpus,Math119FakingData.pdf,1,5,30.3,9250472,0,0,0,ok
full,corpus,Motor Insurance claim form.pdf,1,3,298.7,69800880,3,3,3,ok
full,corpus,Multiple Page - from Mortality Statistics.pdf,1,5,36.1,15938792,0,0,0,ok
full,corpus,OPEN.RABBIT.ENGLISH.LOP.pdf,1,5,60.0,27965512,1,0,0,ok
full,corpus,Old Gutnish Internet Explorer.pdf,1,3,28.2,14914472,0,0,0,ok
full,corpus,P2P-33713919.pdf,1,5,46.7,23173344,1,1,1,ok
full,corpus,PDFBOX-492-4.jar-8.pdf,1,2,57.2,17003520,1,0,0,ok
full,corpus,PDFBOX-624-2.pdf,1,5,19.6,11328216,0,0,0,ok
full,corpus,Pig Production Handbook.pdf,1,5,15.3,11470096,0,0,0,ok
full,corpus,Publication_of_award_of_Bids_for_Transport_Sector__August_2016.pdf,1,5,15.0,8525216,0,0,0,ok
full,corpus,Rotation 45.pdf,1,4,36.3,17559288,0,0,0,ok
full,corpus,SPARC - v9 Architecture Manual.pdf,1,5,222.6,74095472,3,2,2,ok
full,corpus,SPE8EF26T0545.pdf,1,5,14.8,11460544,0,0,0,ok
full,corpus,TIKA-1552-0.pdf,1,5,39.2,23569328,0,0,0,ok
full,corpus,TIKA-2054-0.pdf,1,5,34.5,20715432,1,0,0,ok
full,corpus,Type0 Font.pdf,1,1,10.7,10339968,0,0,0,ok
full,corpus,Type0_CJK_Font.pdf,1,5,62.8,4859576,0,0,0,ok
full,corpus,capas.pdf,1,5,9.2,8259768,0,0,0,ok
full,corpus,cat-genetics_bobld.pdf,1,1,8.3,7030912,0,0,0,ok
full,corpus,cmap-parsing-exception.pdf,1,1,31.5,13351960,1,1,0,ok
full,corpus,dotnet-ai.pdf,1,5,37.3,32441344,2,2,2,ok
full,corpus,felltypes-test.pdf,1,1,16.3,4980440,0,0,0,ok
full,corpus,iron-ore-q2-q3-2013.pdf,1,5,41.0,36616808,1,1,0,ok
full,corpus,issue_671.pdf,1,2,21.8,18268216,0,0,0,ok
full,corpus,journal.pone.0196757.pdf,1,5,60.9,35436200,1,0,0,ok
full,corpus,jtehm-melillo-2679746.pdf,1,5,89.6,52738224,1,0,0,ok
full,corpus,pop-bugzilla37292.pdf,1,4,9.0,7955808,0,0,0,ok
full,corpus,reference-2-numeric-error.pdf,1,1,17.8,7149616,0,0,0,ok
full,corpus,ssm2163.pdf,1,5,21.4,10265536,0,0,0,ok
full,corpus,test-2_so_74165171.pdf,1,1,130.2,41137072,0,0,0,ok
full,corpus,testPdf-1.pdf,1,2,7.4,5926136,0,0,0,ok
full,corpus,test_a-5.pdf,1,5,109.6,69540856,1,1,1,ok
full,corpus,test_a.pdf,1,5,87.4,69999320,2,1,1,ok
full,corpus,toc.pdf,1,5,7.1,7515720,0,0,0,ok
full,corpus,type3-font-zero-height.pdf,1,1,17.3,8054968,0,0,0,ok
full,corpus,0000851.pdf,2,5,303.1,118480176,4,1,1,ok
full,corpus,11194059_2017-11_de_s.pdf,2,2,25.1,27595408,0,0,0,ok
full,corpus,2006_Swedish_Touring_Car_Championship.pdf,2,4,8.8,7844760,0,0,0,ok
full,corpus,2108.11480.pdf,2,5,97.5,75571656,3,3,1,ok
full,corpus,6.Secrets.to.Startup.Success.PDFDrive.pdf,2,5,20.1,24669192,0,0,0,ok
full,corpus,68-1990-01_A.pdf,2,5,66.1,44577728,2,1,1,ok
full,corpus,Approved_Document_B__fire_safety__volume_2_-_Buildings_other_than_dwellings__2019_edition_incorporating_2020_and_2022_amendments.pdf,2,5,45.1,52106656,2,2,2,ok
full,corpus,ClipPathLetterFilter-Test1.pdf,2,5,11.2,12677136,0,0,0,ok
full,corpus,ClipPathLetterFilter-Test2.pdf,2,1,7.9,8846928,1,1,0,ok
full,corpus,ColorIssue.pdf,2,1,32.7,34037048,1,1,1,ok
full,corpus,DeviceN_CS_test.pdf,2,5,27.0,21863600,1,1,1,ok
full,corpus,ErcotFacts.pdf,2,2,16.4,13759008,0,0,0,ok
full,corpus,FICTIF_TABLE_INDEX.pdf,2,5,16.2,15506480,1,1,0,ok
full,corpus,FarmerMac.pdf,2,5,12.4,14093664,0,0,0,ok
full,corpus,GHOSTSCRIPT-696171-0.pdf,2,5,9.6,11331928,0,0,0,ok
full,corpus,GHOSTSCRIPT-697234-0.pdf,2,3,27.4,22673488,1,1,0,ok
full,corpus,GHOSTSCRIPT-697507-0.pdf,2,1,8.2,7903920,0,0,0,ok
full,corpus,GHOSTSCRIPT-698721-0.zip-6.pdf,2,2,6.0,7315232,0,0,0,ok
full,corpus,GHOSTSCRIPT-699035-0.pdf,2,5,44.6,38417936,2,2,1,ok
full,corpus,GHOSTSCRIPT-699178-0.pdf,2,3,6.8,8590064,0,0,0,ok
full,corpus,GHOSTSCRIPT-699488-0.pdf,2,1,16.1,8119392,1,1,0,ok
full,corpus,GHOSTSCRIPT-700125-1.pdf,2,5,13.6,16241328,0,0,0,ok
full,corpus,GHOSTSCRIPT-700139-0.pdf,2,2,145.6,117556592,3,2,1,ok
full,corpus,GHOSTSCRIPT-700236-1.pdf,2,5,16.6,13418096,0,0,0,ok
full,corpus,Gamebook.pdf,2,5,17.8,9352376,1,0,0,ok
full,corpus,ICML03-081.pdf,2,5,16.2,17355320,0,0,0,ok
full,corpus,Indexed-DeviceRGB-JPXDecode-0-.0.0.255.0.-Font-F1_1_missing_char_255-1.pdf,2,1,23.1,16974840,0,0,0,ok
full,corpus,Judgement Document.pdf,2,5,9.6,9126064,0,0,0,ok
full,corpus,Layer pdf - 322_High_Holborn_building_Brochure.pdf,2,3,43.0,38177632,1,1,1,ok
full,corpus,MOZILLA-10225-0.pdf,2,5,25.9,23004664,1,1,1,ok
full,corpus,MOZILLA-10372-2.pdf,2,5,10.5,13026904,0,0,0,ok
full,corpus,MOZILLA-2775-1.pdf,2,5,14.9,17719560,1,1,0,ok
full,corpus,MOZILLA-3136-0.pdf,2,4,259.4,217814136,6,3,1,ok
full,corpus,MOZILLA-7375-0.pdf,2,5,15.1,16127752,0,0,0,ok
full,corpus,Math119FakingData.pdf,2,5,10.6,9248816,0,0,0,ok
full,corpus,Motor Insurance claim form.pdf,2,3,105.8,68827792,2,1,0,ok
full,corpus,Multiple Page - from Mortality Statistics.pdf,2,5,7.1,8197464,0,0,0,ok
full,corpus,OPEN.RABBIT.ENGLISH.LOP.pdf,2,5,35.1,27581632,1,1,1,ok
full,corpus,Old Gutnish Internet Explorer.pdf,2,3,20.1,14269672,1,0,0,ok
full,corpus,P2P-33713919.pdf,2,5,13.1,22998064,0,0,0,ok
full,corpus,PDFBOX-492-4.jar-8.pdf,2,2,17.7,16853128,0,0,0,ok
full,corpus,PDFBOX-624-2.pdf,2,5,21.1,11326376,1,0,0,ok
full,corpus,Pig Production Handbook.pdf,2,5,9.0,11469680,0,0,0,ok
full,corpus,Publication_of_award_of_Bids_for_Transport_Sector__August_2016.pdf,2,5,6.9,8288144,0,0,0,ok
full,corpus,Rotation 45.pdf,2,4,25.4,9898296,1,1,1,ok
full,corpus,SPARC - v9 Architecture Manual.pdf,2,5,67.8,73959304,1,0,0,ok
full,corpus,SPE8EF26T0545.pdf,2,5,9.8,11453744,0,0,0,ok
full,corpus,TIKA-1552-0.pdf,2,5,33.7,23553656,1,1,1,ok
full,corpus,TIKA-2054-0.pdf,2,5,23.5,20777672,1,0,0,ok
full,corpus,Type0 Font.pdf,2,1,8.5,9721536,0,0,0,ok
full,corpus,Type0_CJK_Font.pdf,2,5,10.5,3212400,0,0,0,ok
full,corpus,capas.pdf,2,5,5.6,8006016,0,0,0,ok
full,corpus,cat-genetics_bobld.pdf,2,1,9.7,7029376,0,0,0,ok
full,corpus,cmap-parsing-exception.pdf,2,1,16.2,13116712,0,0,0,ok
full,corpus,dotnet-ai.pdf,2,5,29.7,31616352,1,1,1,ok
full,corpus,felltypes-test.pdf,2,1,8.2,4979480,0,0,0,ok
full,corpus,iron-ore-q2-q3-2013.pdf,2,5,31.2,37187120,1,1,1,ok
full,corpus,issue_671.pdf,2,2,18.5,17903200,0,0,0,ok
full,corpus,journal.pone.0196757.pdf,2,5,38.4,35429672,1,0,0,ok
full,corpus,jtehm-melillo-2679746.pdf,2,5,65.3,52873584,1,1,1,ok
full,corpus,pop-bugzilla37292.pdf,2,4,16.9,7593856,1,0,0,ok
full,corpus,reference-2-numeric-error.pdf,2,1,9.6,7147352,0,0,0,ok
full,corpus,ssm2163.pdf,2,5,9.2,10259168,0,0,0,ok
full,corpus,test-2_so_74165171.pdf,2,1,67.3,42239208,1,1,1,ok
full,corpus,testPdf-1.pdf,2,2,6.0,5832920,0,0,0,ok
full,corpus,test_a-5.pdf,2,5,89.4,69774880,2,1,1,ok
full,corpus,test_a.pdf,2,5,65.9,69772496,1,0,0,ok
full,corpus,toc.pdf,2,5,5.0,7515544,0,0,0,ok
full,corpus,type3-font-zero-height.pdf,2,1,10.0,8049464,0,0,0,ok
full,corpus,0000851.pdf,3,5,210.3,118455320,4,3,1,ok
full,corpus,11194059_2017-11_de_s.pdf,3,2,22.8,27411656,0,0,0,ok
full,corpus,2006_Swedish_Touring_Car_Championship.pdf,3,4,8.0,7628616,0,0,0,ok
full,corpus,2108.11480.pdf,3,5,76.1,74834944,1,0,0,ok
full,corpus,6.Secrets.to.Startup.Success.PDFDrive.pdf,3,5,40.0,24737416,1,1,1,ok
full,corpus,68-1990-01_A.pdf,3,5,55.4,44321192,1,0,0,ok
full,corpus,Approved_Document_B__fire_safety__volume_2_-_Buildings_other_than_dwellings__2019_edition_incorporating_2020_and_2022_amendments.pdf,3,5,46.7,52106320,2,2,2,ok
full,corpus,ClipPathLetterFilter-Test1.pdf,3,5,11.4,12121200,0,0,0,ok
full,corpus,ClipPathLetterFilter-Test2.pdf,3,1,8.8,8697840,1,1,0,ok
full,corpus,ColorIssue.pdf,3,1,31.9,34049392,1,1,1,ok
full,corpus,DeviceN_CS_test.pdf,3,5,30.5,21471816,2,2,1,ok
full,corpus,ErcotFacts.pdf,3,2,13.5,13362968,0,0,0,ok
full,corpus,FICTIF_TABLE_INDEX.pdf,3,5,13.3,14804480,0,0,0,ok
full,corpus,FarmerMac.pdf,3,5,13.5,13699904,1,0,0,ok
full,corpus,GHOSTSCRIPT-696171-0.pdf,3,5,9.4,11332136,0,0,0,ok
full,corpus,GHOSTSCRIPT-697234-0.pdf,3,3,22.7,22673488,0,0,0,ok
full,corpus,GHOSTSCRIPT-697507-0.pdf,3,1,8.2,7903712,0,0,0,ok
full,corpus,GHOSTSCRIPT-698721-0.zip-6.pdf,3,2,10.6,7315232,1,1,0,ok
full,corpus,GHOSTSCRIPT-699035-0.pdf,3,5,44.0,38411376,1,1,0,ok
full,corpus,GHOSTSCRIPT-699178-0.pdf,3,3,7.8,8417792,0,0,0,ok
full,corpus,GHOSTSCRIPT-699488-0.pdf,3,1,7.8,8119392,0,0,0,ok
full,corpus,GHOSTSCRIPT-700125-1.pdf,3,5,22.9,16241120,1,1,0,ok
full,corpus,GHOSTSCRIPT-700139-0.pdf,3,2,159.3,116371496,4,3,2,ok
full,corpus,GHOSTSCRIPT-700236-1.pdf,3,5,11.7,13418096,0,0,0,ok
full,corpus,Gamebook.pdf,3,5,9.5,9352376,0,0,0,ok
full,corpus,ICML03-081.pdf,3,5,21.7,17355200,0,0,0,ok
full,corpus,Indexed-DeviceRGB-JPXDecode-0-.0.0.255.0.-Font-F1_1_missing_char_255-1.pdf,3,1,26.4,16974840,1,0,0,ok
full,corpus,Judgement Document.pdf,3,5,11.7,9126272,1,0,0,ok
full,corpus,Layer pdf - 322_High_Holborn_building_Brochure.pdf,3,3,29.9,37978536,0,0,0,ok
full,corpus,MOZILLA-10225-0.pdf,3,5,15.0,22993424,0,0,0,ok
full,corpus,MOZILLA-10372-2.pdf,3,5,22.2,13029432,1,1,1,ok
full,corpus,MOZILLA-2775-1.pdf,3,5,14.1,17723888,0,0,0,ok
full,corpus,MOZILLA-3136-0.pdf,3,4,260.2,217976504,6,3,2,ok
full,corpus,MOZILLA-7375-0.pdf,3,5,29.1,16127752,1,0,0,ok
full,corpus,Math119FakingData.pdf,3,5,7.7,9249024,0,0,0,ok
full,corpus,Motor Insurance claim form.pdf,3,3,104.8,68827792,1,1,0,ok
full,corpus,Multiple Page - from Mortality Statistics.pdf,3,5,6.3,8197464,0,0,0,ok
full,corpus,OPEN.RABBIT.ENGLISH.LOP.pdf,3,5,31.9,27513336,1,0,0,ok
full,corpus,Old Gutnish Internet Explorer.pdf,3,3,27.5,14337912,1,1,1,ok
full,corpus,P2P-33713919.pdf,3,5,13.0,22998120,0,0,0,ok
full,corpus,PDFBOX-492-4.jar-8.pdf,3,2,25.6,16853128,1,0,0,ok
full,corpus,PDFBOX-624-2.pdf,3,5,9.2,11326584,0,0,0,ok
full,corpus,Pig Production Handbook.pdf,3,5,8.3,11469472,0,0,0,ok
full,corpus,Publication_of_award_of_Bids_for_Transport_Sector__August_2016.pdf,3,5,6.6,8288144,0,0,0,ok
full,corpus,Rotation 45.pdf,3,4,13.0,9895040,0,0,0,ok
full,corpus,SPARC - v9 Architecture Manual.pdf,3,5,73.8,74092784,3,1,1,ok
full,corpus,SPE8EF26T0545.pdf,3,5,9.3,11453800,0,0,0,ok
full,corpus,TIKA-1552-0.pdf,3,5,31.8,23546888,1,0,0,ok
full,corpus,TIKA-2054-0.pdf,3,5,16.8,20712056,0,0,0,ok
full,corpus,Type0 Font.pdf,3,1,8.7,9721328,0,0,0,ok
full,corpus,Type0_CJK_Font.pdf,3,5,8.7,3212400,0,0,0,ok
full,corpus,capas.pdf,3,5,5.7,8006016,0,0,0,ok
full,corpus,cat-genetics_bobld.pdf,3,1,17.8,7101848,1,1,1,ok
full,corpus,cmap-parsing-exception.pdf,3,1,16.1,13248016,0,0,0,ok
full,corpus,dotnet-ai.pdf,3,5,23.1,31616352,1,1,1,ok
full,corpus,felltypes-test.pdf,3,1,8.0,4979480,0,0,0,ok
full,corpus,iron-ore-q2-q3-2013.pdf,3,5,24.2,36510784,1,0,0,ok
full,corpus,issue_671.pdf,3,2,29.4,17840232,1,1,1,ok
full,corpus,journal.pone.0196757.pdf,3,5,34.2,35644720,1,0,0,ok
full,corpus,jtehm-melillo-2679746.pdf,3,5,60.6,52735888,1,0,0,ok
full,corpus,pop-bugzilla37292.pdf,3,4,6.5,7589736,0,0,0,ok
full,corpus,reference-2-numeric-error.pdf,3,1,8.2,7147144,0,0,0,ok
full,corpus,ssm2163.pdf,3,5,8.3,10255048,0,0,0,ok
full,corpus,test-2_so_74165171.pdf,3,1,61.3,42181792,1,1,1,ok
full,corpus,testPdf-1.pdf,3,2,5.4,5832920,0,0,0,ok
full,corpus,test_a-5.pdf,3,5,93.2,69774880,2,1,1,ok
full,corpus,test_a.pdf,3,5,63.9,69641400,1,0,0,ok
full,corpus,toc.pdf,3,5,7.0,7515544,0,0,0,ok
full,corpus,type3-font-zero-height.pdf,3,1,10.3,8049464,0,0,0,ok
full-v2,corpus,0000851.pdf,1,5,1226.3,165940784,5,2,2,ok
full-v2,corpus,11194059_2017-11_de_s.pdf,1,2,111.7,27685600,0,0,0,ok
full-v2,corpus,2006_Swedish_Touring_Car_Championship.pdf,1,4,34.8,7846600,0,0,0,ok
full-v2,corpus,2108.11480.pdf,1,5,240.1,75655400,3,2,1,ok
full-v2,corpus,6.Secrets.to.Startup.Success.PDFDrive.pdf,1,5,87.4,24872752,1,1,1,ok
full-v2,corpus,68-1990-01_A.pdf,1,5,233.5,64932712,2,1,1,ok
full-v2,corpus,Approved_Document_B__fire_safety__volume_2_-_Buildings_other_than_dwellings__2019_edition_incorporating_2020_and_2022_amendments.pdf,1,5,116.2,52111088,2,2,2,ok
full-v2,corpus,ClipPathLetterFilter-Test1.pdf,1,5,102.0,41275832,1,0,0,ok
full-v2,corpus,ClipPathLetterFilter-Test2.pdf,1,1,27.0,8847496,0,0,0,ok
full-v2,corpus,ColorIssue.pdf,1,1,107.2,34302648,2,2,2,ok
full-v2,corpus,DeviceN_CS_test.pdf,1,5,64.1,22073984,1,1,1,ok
full-v2,corpus,ErcotFacts.pdf,1,2,48.1,13770104,0,0,0,ok
full-v2,corpus,FICTIF_TABLE_INDEX.pdf,1,5,50.2,15509208,1,0,0,ok
full-v2,corpus,FarmerMac.pdf,1,5,53.8,14094160,0,0,0,ok
full-v2,corpus,GHOSTSCRIPT-696171-0.pdf,1,5,43.8,11333792,0,0,0,ok
full-v2,corpus,GHOSTSCRIPT-697234-0.pdf,1,3,117.0,22813416,1,1,1,ok
full-v2,corpus,GHOSTSCRIPT-697507-0.pdf,1,1,25.7,7976904,0,0,0,ok
full-v2,corpus,GHOSTSCRIPT-698721-0.zip-6.pdf,1,2,21.0,7316296,1,0,0,ok
full-v2,corpus,GHOSTSCRIPT-699035-0.pdf,1,5,174.1,38413656,0,0,0,ok
full-v2,corpus,GHOSTSCRIPT-699178-0.pdf,1,3,44.0,8590208,1,0,0,ok
full-v2,corpus,GHOSTSCRIPT-699488-0.pdf,1,1,26.4,8122112,0,0,0,ok
full-v2,corpus,GHOSTSCRIPT-700125-1.pdf,1,5,69.7,16248544,1,1,1,ok
full-v2,corpus,GHOSTSCRIPT-700139-0.pdf,1,2,502.7,117786192,3,2,1,ok
full-v2,corpus,GHOSTSCRIPT-700236-1.pdf,1,5,46.2,13419120,0,0,0,ok
full-v2,corpus,Gamebook.pdf,1,5,141.2,150837480,9,9,9,ok
full-v2,corpus,ICML03-081.pdf,1,5,59.7,17359632,1,1,0,ok
full-v2,corpus,Indexed-DeviceRGB-JPXDecode-0-.0.0.255.0.-Font-F1_1_missing_char_255-1.pdf,1,1,66.3,16999056,1,1,1,ok
full-v2,corpus,Judgement Document.pdf,1,5,31.0,11058680,0,0,0,ok
full-v2,corpus,Layer pdf - 322_High_Holborn_building_Brochure.pdf,1,3,159.8,38361096,1,0,0,ok
full-v2,corpus,MOZILLA-10225-0.pdf,1,5,41.8,23054888,1,1,1,ok
full-v2,corpus,MOZILLA-10372-2.pdf,1,5,46.9,13582352,1,1,1,ok
full-v2,corpus,MOZILLA-2775-1.pdf,1,5,52.6,17724960,0,0,0,ok
full-v2,corpus,MOZILLA-3136-0.pdf,1,4,801.7,219897888,4,2,1,ok
full-v2,corpus,MOZILLA-7375-0.pdf,1,5,51.3,16129256,0,0,0,ok
full-v2,corpus,Math119FakingData.pdf,1,5,31.3,9250752,0,0,0,ok
full-v2,corpus,Motor Insurance claim form.pdf,1,3,398.3,69471776,3,3,2,ok
full-v2,corpus,Multiple Page - from Mortality Statistics.pdf,1,5,54.4,15807440,1,0,0,ok
full-v2,corpus,OPEN.RABBIT.ENGLISH.LOP.pdf,1,5,44.7,27966000,0,0,0,ok
full-v2,corpus,Old Gutnish Internet Explorer.pdf,1,3,40.0,14982840,1,1,1,ok
full-v2,corpus,P2P-33713919.pdf,1,5,38.1,23040144,0,0,0,ok
full-v2,corpus,PDFBOX-492-4.jar-8.pdf,1,2,60.7,16933768,1,0,0,ok
full-v2,corpus,PDFBOX-624-2.pdf,1,5,20.3,11328496,0,0,0,ok
full-v2,corpus,Pig Production Handbook.pdf,1,5,16.5,11470376,0,0,0,ok
full-v2,corpus,Publication_of_award_of_Bids_for_Transport_Sector__August_2016.pdf,1,5,29.4,8724352,1,1,1,ok
full-v2,corpus,Rotation 45.pdf,1,4,46.1,17559832,0,0,0,ok
full-v2,corpus,SPARC - v9 Architecture Manual.pdf,1,5,204.4,74093256,2,1,1,ok
full-v2,corpus,SPE8EF26T0545.pdf,1,5,14.5,11459984,0,0,0,ok
full-v2,corpus,TIKA-1552-0.pdf,1,5,44.6,23576464,1,1,1,ok
full-v2,corpus,TIKA-2054-0.pdf,1,5,26.2,20781536,0,0,0,ok
full-v2,corpus,Type0 Font.pdf,1,1,14.8,10340040,1,0,0,ok
full-v2,corpus,Type0_CJK_Font.pdf,1,5,61.5,4860064,0,0,0,ok
full-v2,corpus,capas.pdf,1,5,16.7,8262752,1,1,1,ok
full-v2,corpus,cat-genetics_bobld.pdf,1,1,8.3,7101168,0,0,0,ok
full-v2,corpus,cmap-parsing-exception.pdf,1,1,22.3,13483336,0,0,0,ok
full-v2,corpus,dotnet-ai.pdf,1,5,34.2,32306536,1,1,1,ok
full-v2,corpus,felltypes-test.pdf,1,1,17.5,4980720,0,0,0,ok
full-v2,corpus,iron-ore-q2-q3-2013.pdf,1,5,60.0,37077936,2,1,1,ok
full-v2,corpus,issue_671.pdf,1,2,24.1,18470160,0,0,0,ok
full-v2,corpus,journal.pone.0196757.pdf,1,5,65.8,35469312,1,0,0,ok
full-v2,corpus,jtehm-melillo-2679746.pdf,1,5,90.5,52876200,1,1,1,ok
full-v2,corpus,pop-bugzilla37292.pdf,1,4,20.5,7960208,1,0,0,ok
full-v2,corpus,reference-2-numeric-error.pdf,1,1,20.6,7150104,0,0,0,ok
full-v2,corpus,ssm2163.pdf,1,5,21.7,10269936,0,0,0,ok
full-v2,corpus,test-2_so_74165171.pdf,1,1,158.2,42241936,1,1,1,ok
full-v2,corpus,testPdf-1.pdf,1,2,26.8,6191608,1,1,1,ok
full-v2,corpus,test_a-5.pdf,1,5,120.6,70131272,2,1,1,ok
full-v2,corpus,test_a.pdf,1,5,98.4,70128048,1,0,0,ok
full-v2,corpus,toc.pdf,1,5,27.1,7515944,1,0,0,ok
full-v2,corpus,type3-font-zero-height.pdf,1,1,32.4,8058104,1,1,1,ok
full-v2,corpus,0000851.pdf,2,5,365.9,118480696,3,1,1,ok
full-v2,corpus,11194059_2017-11_de_s.pdf,2,2,26.7,27661248,0,0,0,ok
full-v2,corpus,2006_Swedish_Touring_Car_Championship.pdf,2,4,7.4,7845040,0,0,0,ok
full-v2,corpus,2108.11480.pdf,2,5,88.5,75437960,2,1,0,ok
full-v2,corpus,6.Secrets.to.Startup.Success.PDFDrive.pdf,2,5,40.3,24737976,1,1,1,ok
full-v2,corpus,68-1990-01_A.pdf,2,5,57.0,44571360,1,0,0,ok
full-v2,corpus,Approved_Document_B__fire_safety__volume_2_-_Buildings_other_than_dwellings__2019_edition_incorporating_2020_and_2022_amendments.pdf,2,5,57.9,52108280,3,3,3,ok
full-v2,corpus,ClipPathLetterFilter-Test1.pdf,2,5,12.6,12677416,0,0,0,ok
full-v2,corpus,ClipPathLetterFilter-Test2.pdf,2,1,14.1,8847208,1,0,0,ok
full-v2,corpus,ColorIssue.pdf,2,1,33.9,33702832,0,0,0,ok
full-v2,corpus,DeviceN_CS_test.pdf,2,5,17.4,21860792,0,0,0,ok
full-v2,corpus,ErcotFacts.pdf,2,2,30.8,13754904,1,0,0,ok
full-v2,corpus,FICTIF_TABLE_INDEX.pdf,2,5,16.6,15505920,0,0,0,ok
full-v2,corpus,FarmerMac.pdf,2,5,14.3,14093736,0,0,0,ok
full-v2,corpus,GHOSTSCRIPT-696171-0.pdf,2,5,11.4,11332208,0,0,0,ok
full-v2,corpus,GHOSTSCRIPT-697234-0.pdf,2,3,28.8,22673768,0,0,0,ok
full-v2,corpus,GHOSTSCRIPT-697507-0.pdf,2,1,12.1,7903992,0,0,0,ok
full-v2,corpus,GHOSTSCRIPT-698721-0.zip-6.pdf,2,2,9.8,7315512,0,0,0,ok
full-v2,corpus,GHOSTSCRIPT-699035-0.pdf,2,5,51.3,38280352,0,0,0,ok
full-v2,corpus,GHOSTSCRIPT-699178-0.pdf,2,3,11.1,8589992,0,0,0,ok
full-v2,corpus,GHOSTSCRIPT-699488-0.pdf,2,1,12.0,8119672,0,0,0,ok
full-v2,corpus,GHOSTSCRIPT-700125-1.pdf,2,5,43.6,16241400,1,0,0,ok
full-v2,corpus,GHOSTSCRIPT-700139-0.pdf,2,2,168.0,117690536,4,2,2,ok
full-v2,corpus,GHOSTSCRIPT-700236-1.pdf,2,5,13.6,13418376,0,0,0,ok
full-v2,corpus,Gamebook.pdf,2,5,10.8,9352656,0,0,0,ok
full-v2,corpus,ICML03-081.pdf,2,5,18.7,17355392,0,0,0,ok
full-v2,corpus,Indexed-DeviceRGB-JPXDecode-0-.0.0.255.0.-Font-F1_1_missing_char_255-1.pdf,2,1,26.4,16975120,0,0,0,ok
full-v2,corpus,Judgement Document.pdf,2,5,8.1,9126344,0,0,0,ok
full-v2,corpus,Layer pdf - 322_High_Holborn_building_Brochure.pdf,2,3,33.9,37978608,0,0,0,ok
full-v2,corpus,MOZILLA-10225-0.pdf,2,5,37.9,23000616,1,1,1,ok
full-v2,corpus,MOZILLA-10372-2.pdf,2,5,21.1,13161016,1,1,1,ok
full-v2,corpus,MOZILLA-2775-1.pdf,2,5,19.8,17724168,1,0,0,ok
full-v2,corpus,MOZILLA-3136-0.pdf,2,4,262.1,217715888,5,2,1,ok
full-v2,corpus,MOZILLA-7375-0.pdf,2,5,12.8,16128032,0,0,0,ok
full-v2,corpus,Math119FakingData.pdf,2,5,8.5,9249096,0,0,0,ok
full-v2,corpus,Motor Insurance claim form.pdf,2,3,98.7,68830808,1,1,1,ok
full-v2,corpus,Multiple Page - from Mortality Statistics.pdf,2,5,18.9,8263880,1,0,0,ok
full-v2,corpus,OPEN.RABBIT.ENGLISH.LOP.pdf,2,5,31.3,28106456,1,1,1,ok
full-v2,corpus,Old Gutnish Internet Explorer.pdf,2,3,12.0,14269952,0,0,0,ok
full-v2,corpus,P2P-33713919.pdf,2,5,26.1,22998136,1,0,0,ok
full-v2,corpus,PDFBOX-492-4.jar-8.pdf,2,2,20.3,16853616,0,0,0,ok
full-v2,corpus,PDFBOX-624-2.pdf,2,5,10.6,11326656,0,0,0,ok
full-v2,corpus,Pig Production Handbook.pdf,2,5,28.7,11471432,1,1,1,ok
full-v2,corpus,Publication_of_award_of_Bids_for_Transport_Sector__August_2016.pdf,2,5,8.3,8486400,0,0,0,ok
full-v2,corpus,Rotation 45.pdf,2,4,15.2,9895320,0,0,0,ok
full-v2,corpus,SPARC - v9 Architecture Manual.pdf,2,5,87.4,74093064,2,1,1,ok
full-v2,corpus,SPE8EF26T0545.pdf,2,5,10.7,11453240,0,0,0,ok
full-v2,corpus,TIKA-1552-0.pdf,2,5,26.7,23547168,0,0,0,ok
full-v2,corpus,TIKA-2054-0.pdf,2,5,36.3,20915552,1,1,1,ok
full-v2,corpus,Type0 Font.pdf,2,1,9.3,9721960,0,0,0,ok
full-v2,corpus,Type0_CJK_Font.pdf,2,5,11.0,3212680,0,0,0,ok
full-v2,corpus,capas.pdf,2,5,6.2,8006296,0,0,0,ok
full-v2,corpus,cat-genetics_bobld.pdf,2,1,12.0,7029656,1,0,0,ok
full-v2,corpus,cmap-parsing-exception.pdf,2,1,17.1,13117200,0,0,0,ok
full-v2,corpus,dotnet-ai.pdf,2,5,26.5,31616632,1,1,1,ok
full-v2,corpus,felltypes-test.pdf,2,1,8.2,4979760,0,0,0,ok
full-v2,corpus,iron-ore-q2-q3-2013.pdf,2,5,31.0,37255032,1,1,1,ok
full-v2,corpus,issue_671.pdf,2,2,28.0,17975704,1,1,1,ok
full-v2,corpus,journal.pone.0196757.pdf,2,5,33.4,35444080,1,0,0,ok
full-v2,corpus,jtehm-melillo-2679746.pdf,2,5,66.0,52738280,1,1,1,ok
full-v2,corpus,pop-bugzilla37292.pdf,2,4,6.7,7594816,0,0,0,ok
full-v2,corpus,reference-2-numeric-error.pdf,2,1,19.7,7147424,1,1,0,ok
full-v2,corpus,ssm2163.pdf,2,5,8.8,10263464,0,0,0,ok
full-v2,corpus,test-2_so_74165171.pdf,2,1,58.3,42239488,1,1,1,ok
full-v2,corpus,testPdf-1.pdf,2,2,6.4,5833200,0,0,0,ok
full-v2,corpus,test_a-5.pdf,2,5,83.5,69775160,2,2,1,ok
full-v2,corpus,test_a.pdf,2,5,102.8,68857848,3,2,1,ok
full-v2,corpus,toc.pdf,2,5,6.0,7515880,0,0,0,ok
full-v2,corpus,type3-font-zero-height.pdf,2,1,10.9,8049744,0,0,0,ok
full-v2,corpus,0000851.pdf,3,5,224.9,118480224,3,2,1,ok
full-v2,corpus,11194059_2017-11_de_s.pdf,3,2,49.4,27543032,1,0,0,ok
full-v2,corpus,2006_Swedish_Touring_Car_Championship.pdf,3,4,8.0,7629104,0,0,0,ok
full-v2,corpus,2108.11480.pdf,3,5,108.7,74969200,2,2,1,ok
full-v2,corpus,6.Secrets.to.Startup.Success.PDFDrive.pdf,3,5,21.6,24669472,0,0,0,ok
full-v2,corpus,68-1990-01_A.pdf,3,5,56.7,44321264,1,0,0,ok
full-v2,corpus,Approved_Document_B__fire_safety__volume_2_-_Buildings_other_than_dwellings__2019_edition_incorporating_2020_and_2022_amendments.pdf,3,5,54.8,52106600,2,2,2,ok
full-v2,corpus,ClipPathLetterFilter-Test1.pdf,3,5,15.8,12122000,1,1,0,ok
full-v2,corpus,ClipPathLetterFilter-Test2.pdf,3,1,17.4,8700976,1,1,1,ok
full-v2,corpus,ColorIssue.pdf,3,1,35.2,33787648,1,1,1,ok
full-v2,corpus,DeviceN_CS_test.pdf,3,5,16.5,21535696,0,0,0,ok
full-v2,corpus,ErcotFacts.pdf,3,2,23.3,13358088,1,1,0,ok
full-v2,corpus,FICTIF_TABLE_INDEX.pdf,3,5,15.0,14803920,0,0,0,ok
full-v2,corpus,FarmerMac.pdf,3,5,24.5,13834072,1,1,1,ok
full-v2,corpus,GHOSTSCRIPT-696171-0.pdf,3,5,14.4,11402096,1,0,0,ok
full-v2,corpus,GHOSTSCRIPT-697234-0.pdf,3,3,25.9,22673976,0,0,0,ok
full-v2,corpus,GHOSTSCRIPT-697507-0.pdf,3,1,10.8,7903992,0,0,0,ok
full-v2,corpus,GHOSTSCRIPT-698721-0.zip-6.pdf,3,2,7.9,7315512,0,0,0,ok
full-v2,corpus,GHOSTSCRIPT-699035-0.pdf,3,5,48.4,38411448,2,1,0,ok
full-v2,corpus,GHOSTSCRIPT-699178-0.pdf,3,3,7.9,8418072,0,0,0,ok
full-v2,corpus,GHOSTSCRIPT-699488-0.pdf,3,1,8.8,8119672,0,0,0,ok
full-v2,corpus,GHOSTSCRIPT-700125-1.pdf,3,5,22.7,16241400,1,0,0,ok
full-v2,corpus,GHOSTSCRIPT-700139-0.pdf,3,2,172.4,116240392,4,3,2,ok
full-v2,corpus,GHOSTSCRIPT-700236-1.pdf,3,5,14.2,13418376,0,0,0,ok
full-v2,corpus,Gamebook.pdf,3,5,10.9,9352656,0,0,0,ok
full-v2,corpus,ICML03-081.pdf,3,5,20.2,17355392,1,0,0,ok
full-v2,corpus,Indexed-DeviceRGB-JPXDecode-0-.0.0.255.0.-Font-F1_1_missing_char_255-1.pdf,3,1,28.8,16975328,1,0,0,ok
full-v2,corpus,Judgement Document.pdf,3,5,15.1,9126552,1,1,0,ok
full-v2,corpus,Layer pdf - 322_High_Holborn_building_Brochure.pdf,3,3,52.3,37978816,1,0,0,ok
full-v2,corpus,MOZILLA-10225-0.pdf,3,5,16.6,22993912,0,0,0,ok
full-v2,corpus,MOZILLA-10372-2.pdf,3,5,23.2,13029712,1,1,1,ok
full-v2,corpus,MOZILLA-2775-1.pdf,3,5,16.9,17724168,0,0,0,ok
full-v2,corpus,MOZILLA-3136-0.pdf,3,4,272.3,217846776,3,1,1,ok
full-v2,corpus,MOZILLA-7375-0.pdf,3,5,21.6,16128032,0,0,0,ok
full-v2,corpus,Math119FakingData.pdf,3,5,64.1,9249096,1,0,0,ok
full-v2,corpus,Motor Insurance claim form.pdf,3,3,114.5,69161480,2,2,2,ok
full-v2,corpus,Multiple Page - from Mortality Statistics.pdf,3,5,18.3,8263880,1,0,0,ok
full-v2,corpus,OPEN.RABBIT.ENGLISH.LOP.pdf,3,5,24.3,27775992,0,0,0,ok
full-v2,corpus,Old Gutnish Internet Explorer.pdf,3,3,28.3,14468800,1,1,1,ok
full-v2,corpus,P2P-33713919.pdf,3,5,24.8,22998400,1,0,0,ok
full-v2,corpus,PDFBOX-492-4.jar-8.pdf,3,2,21.5,16853616,0,0,0,ok
full-v2,corpus,PDFBOX-624-2.pdf,3,5,11.5,11326656,0,0,0,ok
full-v2,corpus,Pig Production Handbook.pdf,3,5,10.5,11469752,0,0,0,ok
full-v2,corpus,Publication_of_award_of_Bids_for_Transport_Sector__August_2016.pdf,3,5,20.7,8487872,1,1,1,ok
full-v2,corpus,Rotation 45.pdf,3,4,14.5,9895528,0,0,0,ok
full-v2,corpus,SPARC - v9 Architecture Manual.pdf,3,5,73.4,74093064,2,1,1,ok
full-v2,corpus,SPE8EF26T0545.pdf,3,5,12.3,11453240,0,0,0,ok
full-v2,corpus,TIKA-1552-0.pdf,3,5,40.8,23554024,1,1,1,ok
full-v2,corpus,TIKA-2054-0.pdf,3,5,20.2,20777952,0,0,0,ok
full-v2,corpus,Type0 Font.pdf,3,1,15.0,9721608,1,1,0,ok
full-v2,corpus,Type0_CJK_Font.pdf,3,5,10.1,3212888,0,0,0,ok
full-v2,corpus,capas.pdf,3,5,7.5,8006296,0,0,0,ok
full-v2,corpus,cat-genetics_bobld.pdf,3,1,8.6,7029656,1,0,0,ok
full-v2,corpus,cmap-parsing-exception.pdf,3,1,24.3,13316592,1,1,1,ok
full-v2,corpus,dotnet-ai.pdf,3,5,30.9,31616896,1,1,1,ok
full-v2,corpus,felltypes-test.pdf,3,1,8.8,4979760,0,0,0,ok
full-v2,corpus,iron-ore-q2-q3-2013.pdf,3,5,27.2,36511064,1,0,0,ok
full-v2,corpus,issue_671.pdf,3,2,22.3,17837640,0,0,0,ok
full-v2,corpus,journal.pone.0196757.pdf,3,5,26.7,35411040,0,0,0,ok
full-v2,corpus,jtehm-melillo-2679746.pdf,3,5,75.0,52869168,1,1,1,ok
full-v2,corpus,pop-bugzilla37292.pdf,3,4,20.7,7594816,1,1,0,ok
full-v2,corpus,reference-2-numeric-error.pdf,3,1,9.2,7147632,0,0,0,ok
full-v2,corpus,ssm2163.pdf,3,5,8.9,10263256,0,0,0,ok
full-v2,corpus,test-2_so_74165171.pdf,3,1,60.6,42239488,2,2,1,ok
full-v2,corpus,testPdf-1.pdf,3,2,6.4,5833200,0,0,0,ok
full-v2,corpus,test_a-5.pdf,3,5,82.2,69775160,2,1,1,ok
full-v2,corpus,test_a.pdf,3,5,94.6,68857848,2,1,1,ok
full-v2,corpus,toc.pdf,3,5,5.6,7515880,0,0,0,ok
full-v2,corpus,type3-font-zero-height.pdf,3,1,9.5,8049744,0,0,0,ok
baseline,corpus,0000851.pdf,1,5,1216.6,170032624,5,2,2,ok
baseline,corpus,11194059_2017-11_de_s.pdf,1,2,122.9,27690248,0,0,0,ok
baseline,corpus,2006_Swedish_Touring_Car_Championship.pdf,1,4,57.9,7884680,1,1,0,ok
baseline,corpus,2108.11480.pdf,1,5,220.0,76962784,2,1,1,ok
baseline,corpus,6.Secrets.to.Startup.Success.PDFDrive.pdf,1,5,84.6,24877664,1,1,1,ok
baseline,corpus,68-1990-01_A.pdf,1,5,214.7,64938000,2,1,1,ok
baseline,corpus,Approved_Document_B__fire_safety__volume_2_-_Buildings_other_than_dwellings__2019_edition_incorporating_2020_and_2022_amendments.pdf,1,5,115.9,52520632,2,2,2,ok
baseline,corpus,ClipPathLetterFilter-Test1.pdf,1,5,100.0,41327672,1,0,0,ok
baseline,corpus,ClipPathLetterFilter-Test2.pdf,1,1,24.0,8847088,0,0,0,ok
baseline,corpus,ColorIssue.pdf,1,1,107.6,34631920,2,2,2,ok
baseline,corpus,DeviceN_CS_test.pdf,1,5,64.9,22232120,1,1,1,ok
baseline,corpus,ErcotFacts.pdf,1,2,53.8,14129536,1,0,0,ok
baseline,corpus,FICTIF_TABLE_INDEX.pdf,1,5,46.8,15510952,0,0,0,ok
baseline,corpus,FarmerMac.pdf,1,5,52.0,14125848,0,0,0,ok
baseline,corpus,GHOSTSCRIPT-696171-0.pdf,1,5,42.1,11351304,0,0,0,ok
baseline,corpus,GHOSTSCRIPT-697234-0.pdf,1,3,122.9,22891280,1,1,1,ok
baseline,corpus,GHOSTSCRIPT-697507-0.pdf,1,1,26.1,8070968,0,0,0,ok
baseline,corpus,GHOSTSCRIPT-698721-0.zip-6.pdf,1,2,24.8,7741856,1,0,0,ok
baseline,corpus,GHOSTSCRIPT-699035-0.pdf,1,5,180.5,38415736,0,0,0,ok
baseline,corpus,GHOSTSCRIPT-699178-0.pdf,1,3,25.8,8609296,0,0,0,ok
baseline,corpus,GHOSTSCRIPT-699488-0.pdf,1,1,38.2,8128088,1,0,0,ok
baseline,corpus,GHOSTSCRIPT-700125-1.pdf,1,5,64.2,17647608,1,1,1,ok
baseline,corpus,GHOSTSCRIPT-700139-0.pdf,1,2,401.5,117737968,3,2,1,ok
baseline,corpus,GHOSTSCRIPT-700236-1.pdf,1,5,45.3,13572832,1,0,0,ok
baseline,corpus,Gamebook.pdf,1,5,136.0,150825632,8,8,8,ok
baseline,corpus,ICML03-081.pdf,1,5,60.3,17385424,1,1,0,ok
baseline,corpus,Indexed-DeviceRGB-JPXDecode-0-.0.0.255.0.-Font-F1_1_missing_char_255-1.pdf,1,1,55.6,17086288,1,0,0,ok
baseline,corpus,Judgement Document.pdf,1,5,39.3,11061864,1,1,1,ok
baseline,corpus,Layer pdf - 322_High_Holborn_building_Brochure.pdf,1,3,150.2,38364496,1,0,0,ok
baseline,corpus,MOZILLA-10225-0.pdf,1,5,31.5,23121080,0,0,0,ok
baseline,corpus,MOZILLA-10372-2.pdf,1,5,44.1,13451656,1,1,1,ok
baseline,corpus,MOZILLA-2775-1.pdf,1,5,54.0,17809208,1,0,0,ok
baseline,corpus,MOZILLA-3136-0.pdf,1,4,686.8,219851840,3,1,1,ok
baseline,corpus,MOZILLA-7375-0.pdf,1,5,48.5,16128824,0,0,0,ok
baseline,corpus,Math119FakingData.pdf,1,5,55.2,9332480,1,1,0,ok
baseline,corpus,Motor Insurance claim form.pdf,1,3,308.3,69903792,3,3,3,ok
baseline,corpus,Multiple Page - from Mortality Statistics.pdf,1,5,41.9,15964792,0,0,0,ok
baseline,corpus,OPEN.RABBIT.ENGLISH.LOP.pdf,1,5,133.7,27964064,1,0,0,ok
baseline,corpus,Old Gutnish Internet Explorer.pdf,1,3,39.8,14922056,0,0,0,ok
baseline,corpus,P2P-33713919.pdf,1,5,70.4,23234448,1,1,1,ok
baseline,corpus,PDFBOX-492-4.jar-8.pdf,1,2,74.7,17072408,1,0,0,ok
baseline,corpus,PDFBOX-624-2.pdf,1,5,33.7,11353640,0,0,0,ok
baseline,corpus,Pig Production Handbook.pdf,1,5,34.2,11661096,0,0,0,ok
baseline,corpus,Publication_of_award_of_Bids_for_Transport_Sector__August_2016.pdf,1,5,31.1,8528320,0,0,0,ok
baseline,corpus,Rotation 45.pdf,1,4,76.9,17817168,1,1,1,ok
baseline,corpus,SPARC - v9 Architecture Manual.pdf,1,5,256.4,108712184,5,3,1,ok
baseline,corpus,SPE8EF26T0545.pdf,1,5,14.7,11406696,0,0,0,ok
baseline,corpus,TIKA-1552-0.pdf,1,5,34.5,23572216,0,0,0,ok
baseline,corpus,TIKA-2054-0.pdf,1,5,38.9,23587104,0,0,0,ok
baseline,corpus,Type0 Font.pdf,1,1,28.6,10409272,1,1,1,ok
baseline,corpus,Type0_CJK_Font.pdf,1,5,62.4,4918176,0,0,0,ok
baseline,corpus,capas.pdf,1,5,8.6,8295872,0,0,0,ok
baseline,corpus,cat-genetics_bobld.pdf,1,1,8.6,7030904,0,0,0,ok
baseline,corpus,cmap-parsing-exception.pdf,1,1,31.8,13349904,1,0,0,ok
baseline,corpus,dotnet-ai.pdf,1,5,27.0,32510432,1,1,1,ok
baseline,corpus,felltypes-test.pdf,1,1,16.7,4980560,0,0,0,ok
baseline,corpus,iron-ore-q2-q3-2013.pdf,1,5,57.5,37825432,2,2,2,ok
baseline,corpus,issue_671.pdf,1,2,23.1,18534640,0,0,0,ok
baseline,corpus,journal.pone.0196757.pdf,1,5,62.6,35712656,1,1,0,ok
baseline,corpus,jtehm-melillo-2679746.pdf,1,5,84.6,53034808,1,1,1,ok
baseline,corpus,pop-bugzilla37292.pdf,1,4,21.0,7989192,1,1,0,ok
baseline,corpus,reference-2-numeric-error.pdf,1,1,19.0,7196384,0,0,0,ok
baseline,corpus,ssm2163.pdf,1,5,20.2,10627264,0,0,0,ok
baseline,corpus,test-2_so_74165171.pdf,1,1,131.8,42241960,1,1,1,ok
baseline,corpus,testPdf-1.pdf,1,2,7.6,6061048,0,0,0,ok
baseline,corpus,test_a-5.pdf,1,5,92.2,70170024,2,1,1,ok
baseline,corpus,test_a.pdf,1,5,105.1,69252136,2,1,1,ok
baseline,corpus,toc.pdf,1,5,6.0,7514624,0,0,0,ok
baseline,corpus,type3-font-zero-height.pdf,1,1,18.1,8061768,0,0,0,ok
baseline,corpus,0000851.pdf,2,5,321.3,122547744,4,3,1,ok
baseline,corpus,11194059_2017-11_de_s.pdf,2,2,27.5,27600336,0,0,0,ok
baseline,corpus,2006_Swedish_Touring_Car_Championship.pdf,2,4,22.9,7883120,1,0,0,ok
baseline,corpus,2108.11480.pdf,2,5,86.5,76879320,2,1,1,ok
baseline,corpus,6.Secrets.to.Startup.Success.PDFDrive.pdf,2,5,32.4,24674384,1,1,0,ok
baseline,corpus,68-1990-01_A.pdf,2,5,60.7,44583504,1,1,1,ok
baseline,corpus,Approved_Document_B__fire_safety__volume_2_-_Buildings_other_than_dwellings__2019_edition_incorporating_2020_and_2022_amendments.pdf,2,5,58.3,52514520,1,1,1,ok
baseline,corpus,ClipPathLetterFilter-Test1.pdf,2,5,30.7,12731456,1,1,1,ok
baseline,corpus,ClipPathLetterFilter-Test2.pdf,2,1,10.0,8847008,0,0,0,ok
baseline,corpus,ColorIssue.pdf,2,1,48.9,34008952,1,1,1,ok
baseline,corpus,DeviceN_CS_test.pdf,2,5,28.0,22020816,1,1,1,ok
baseline,corpus,ErcotFacts.pdf,2,2,24.2,14114544,1,0,0,ok
baseline,corpus,FICTIF_TABLE_INDEX.pdf,2,5,17.2,15507456,0,0,0,ok
baseline,corpus,FarmerMac.pdf,2,5,15.0,14125632,0,0,0,ok
baseline,corpus,GHOSTSCRIPT-696171-0.pdf,2,5,14.9,11349720,0,0,0,ok
baseline,corpus,GHOSTSCRIPT-697234-0.pdf,2,3,36.2,22751632,0,0,0,ok
baseline,corpus,GHOSTSCRIPT-697507-0.pdf,2,1,12.5,7998056,0,0,0,ok
baseline,corpus,GHOSTSCRIPT-698721-0.zip-6.pdf,2,2,12.5,7741072,1,0,0,ok
baseline,corpus,GHOSTSCRIPT-699035-0.pdf,2,5,45.8,38284320,1,1,1,ok
baseline,corpus,GHOSTSCRIPT-699178-0.pdf,2,3,7.3,8609288,0,0,0,ok
baseline,corpus,GHOSTSCRIPT-699488-0.pdf,2,1,7.7,8125856,0,0,0,ok
baseline,corpus,GHOSTSCRIPT-700125-1.pdf,2,5,21.8,17640256,1,1,0,ok
baseline,corpus,GHOSTSCRIPT-700139-0.pdf,2,2,143.2,117507576,2,2,1,ok
baseline,corpus,GHOSTSCRIPT-700236-1.pdf,2,5,16.1,13567912,0,0,0,ok
baseline,corpus,Gamebook.pdf,2,5,12.1,9367112,1,0,0,ok
baseline,corpus,ICML03-081.pdf,2,5,22.2,17315680,1,0,0,ok
baseline,corpus,Indexed-DeviceRGB-JPXDecode-0-.0.0.255.0.-Font-F1_1_missing_char_255-1.pdf,2,1,24.8,17064240,0,0,0,ok
baseline,corpus,Judgement Document.pdf,2,5,12.4,9127904,0,0,0,ok
baseline,corpus,Layer pdf - 322_High_Holborn_building_Brochure.pdf,2,3,47.9,37065848,1,1,1,ok
baseline,corpus,MOZILLA-10225-0.pdf,2,5,13.7,23062808,0,0,0,ok
baseline,corpus,MOZILLA-10372-2.pdf,2,5,20.0,12996376,1,1,1,ok
baseline,corpus,MOZILLA-2775-1.pdf,2,5,15.5,17746880,0,0,0,ok
baseline,corpus,MOZILLA-3136-0.pdf,2,4,261.8,217541272,4,2,1,ok
baseline,corpus,MOZILLA-7375-0.pdf,2,5,12.7,15734280,0,0,0,ok
baseline,corpus,Math119FakingData.pdf,2,5,11.1,9330824,0,0,0,ok
baseline,corpus,Motor Insurance claim form.pdf,2,3,121.0,67361656,3,3,3,ok
baseline,corpus,Multiple Page - from Mortality Statistics.pdf,2,5,8.2,8224528,0,0,0,ok
baseline,corpus,OPEN.RABBIT.ENGLISH.LOP.pdf,2,5,37.8,27511888,1,0,0,ok
baseline,corpus,Old Gutnish Internet Explorer.pdf,2,3,13.7,14277200,0,0,0,ok
baseline,corpus,P2P-33713919.pdf,2,5,15.6,23054752,0,0,0,ok
baseline,corpus,PDFBOX-492-4.jar-8.pdf,2,2,20.1,16922104,0,0,0,ok
baseline,corpus,PDFBOX-624-2.pdf,2,5,10.1,11351800,0,0,0,ok
baseline,corpus,Pig Production Handbook.pdf,2,5,9.9,11660472,0,0,0,ok
baseline,corpus,Publication_of_award_of_Bids_for_Transport_Sector__August_2016.pdf,2,5,25.4,8292928,1,1,1,ok
baseline,corpus,Rotation 45.pdf,2,4,14.2,10018776,0,0,0,ok
baseline,corpus,SPARC - v9 Architecture Manual.pdf,2,5,105.3,108579664,4,2,1,ok
baseline,corpus,SPE8EF26T0545.pdf,2,5,9.2,11399896,0,0,0,ok
baseline,corpus,TIKA-1552-0.pdf,2,5,20.7,23345792,0,0,0,ok
baseline,corpus,TIKA-2054-0.pdf,2,5,21.9,23321352,0,0,0,ok
baseline,corpus,Type0 Font.pdf,2,1,22.7,9724224,1,1,1,ok
baseline,corpus,Type0_CJK_Font.pdf,2,5,12.2,3270944,0,0,0,ok
baseline,corpus,capas.pdf,2,5,6.5,8042120,0,0,0,ok
baseline,corpus,cat-genetics_bobld.pdf,2,1,9.4,7025248,1,0,0,ok
baseline,corpus,cmap-parsing-exception.pdf,2,1,17.6,13114864,0,0,0,ok
baseline,corpus,dotnet-ai.pdf,2,5,28.9,31752656,1,1,1,ok
baseline,corpus,felltypes-test.pdf,2,1,8.9,4974992,0,0,0,ok
baseline,corpus,iron-ore-q2-q3-2013.pdf,2,5,43.7,35961656,2,2,2,ok
baseline,corpus,issue_671.pdf,2,2,20.7,17902120,0,0,0,ok
baseline,corpus,journal.pone.0196757.pdf,2,5,26.8,35596968,0,0,0,ok
baseline,corpus,jtehm-melillo-2679746.pdf,2,5,71.9,52896248,2,1,1,ok
baseline,corpus,pop-bugzilla37292.pdf,2,4,7.6,7619000,0,0,0,ok
baseline,corpus,reference-2-numeric-error.pdf,2,1,9.3,7193704,0,0,0,ok
baseline,corpus,ssm2163.pdf,2,5,11.2,10612656,0,0,0,ok
baseline,corpus,test-2_so_74165171.pdf,2,1,66.0,41136608,1,1,1,ok
baseline,corpus,testPdf-1.pdf,2,2,17.5,5706520,1,1,1,ok
baseline,corpus,test_a-5.pdf,2,5,89.8,68830280,2,1,1,ok
baseline,corpus,test_a.pdf,2,5,77.3,68828600,1,0,0,ok
baseline,corpus,toc.pdf,2,5,5.5,7514448,0,0,0,ok
baseline,corpus,type3-font-zero-height.pdf,2,1,21.2,7008568,1,1,1,ok
baseline,corpus,0000851.pdf,3,5,231.1,122448240,2,1,1,ok
baseline,corpus,11194059_2017-11_de_s.pdf,3,2,24.7,27416528,0,0,0,ok
baseline,corpus,2006_Swedish_Touring_Car_Championship.pdf,3,4,7.5,7663856,0,0,0,ok
baseline,corpus,2108.11480.pdf,3,5,100.9,76076776,2,1,0,ok
baseline,corpus,6.Secrets.to.Startup.Success.PDFDrive.pdf,3,5,24.2,24670264,0,0,0,ok
baseline,corpus,68-1990-01_A.pdf,3,5,76.6,44328232,2,1,1,ok
baseline,corpus,Approved_Document_B__fire_safety__volume_2_-_Buildings_other_than_dwellings__2019_edition_incorporating_2020_and_2022_amendments.pdf,3,5,46.7,52377800,2,2,2,ok
baseline,corpus,ClipPathLetterFilter-Test1.pdf,3,5,12.2,12173264,0,0,0,ok
baseline,corpus,ClipPathLetterFilter-Test2.pdf,3,1,7.7,8369984,0,0,0,ok
baseline,corpus,ColorIssue.pdf,3,1,38.1,32181392,1,0,0,ok
baseline,corpus,DeviceN_CS_test.pdf,3,5,16.7,21628128,0,0,0,ok
baseline,corpus,ErcotFacts.pdf,3,2,14.2,13717520,0,0,0,ok
baseline,corpus,FICTIF_TABLE_INDEX.pdf,3,5,14.4,14805248,0,0,0,ok
baseline,corpus,FarmerMac.pdf,3,5,12.7,13732080,0,0,0,ok
baseline,corpus,GHOSTSCRIPT-696171-0.pdf,3,5,31.6,11351400,1,1,1,ok
baseline,corpus,GHOSTSCRIPT-697234-0.pdf,3,3,29.3,22751840,1,0,0,ok
baseline,corpus,GHOSTSCRIPT-697507-0.pdf,3,1,8.6,7998264,0,0,0,ok
baseline,corpus,GHOSTSCRIPT-698721-0.zip-6.pdf,3,2,7.2,7741072,0,0,0,ok
baseline,corpus,GHOSTSCRIPT-699035-0.pdf,3,5,53.7,38284112,1,1,1,ok
baseline,corpus,GHOSTSCRIPT-699178-0.pdf,3,3,7.4,8437008,0,0,0,ok
baseline,corpus,GHOSTSCRIPT-699488-0.pdf,3,1,7.8,8125856,0,0,0,ok
baseline,corpus,GHOSTSCRIPT-700125-1.pdf,3,5,13.7,17640256,0,0,0,ok
baseline,corpus,GHOSTSCRIPT-700139-0.pdf,3,2,142.0,116128464,3,2,2,ok
baseline,corpus,GHOSTSCRIPT-700236-1.pdf,3,5,11.9,13567376,0,0,0,ok
baseline,corpus,Gamebook.pdf,3,5,9.3,9367112,0,0,0,ok
baseline,corpus,ICML03-081.pdf,3,5,19.3,17283328,0,0,0,ok
baseline,corpus,Indexed-DeviceRGB-JPXDecode-0-.0.0.255.0.-Font-F1_1_missing_char_255-1.pdf,3,1,39.1,17064032,1,0,0,ok
baseline,corpus,Judgement Document.pdf,3,5,6.9,9128112,0,0,0,ok
baseline,corpus,Layer pdf - 322_High_Holborn_building_Brochure.pdf,3,3,47.9,37065848,1,1,1,ok
baseline,corpus,MOZILLA-10225-0.pdf,3,5,14.9,23062808,0,0,0,ok
baseline,corpus,MOZILLA-10372-2.pdf,3,5,20.6,12996376,1,1,1,ok
baseline,corpus,MOZILLA-2775-1.pdf,3,5,22.3,17746880,1,0,0,ok
baseline,corpus,MOZILLA-3136-0.pdf,3,4,225.7,217541480,3,1,1,ok
baseline,corpus,MOZILLA-7375-0.pdf,3,5,16.1,15734280,0,0,0,ok
baseline,corpus,Math119FakingData.pdf,3,5,11.2,9330824,0,0,0,ok
baseline,corpus,Motor Insurance claim form.pdf,3,3,130.2,67356616,1,0,0,ok
baseline,corpus,Multiple Page - from Mortality Statistics.pdf,3,5,7.4,8224528,0,0,0,ok
baseline,corpus,OPEN.RABBIT.ENGLISH.LOP.pdf,3,5,41.6,27513568,1,1,1,ok
baseline,corpus,Old Gutnish Internet Explorer.pdf,3,3,11.8,14277200,0,0,0,ok
baseline,corpus,P2P-33713919.pdf,3,5,14.4,23054752,0,0,0,ok
baseline,corpus,PDFBOX-492-4.jar-8.pdf,3,2,19.0,16922104,0,0,0,ok
baseline,corpus,PDFBOX-624-2.pdf,3,5,24.2,11351800,1,1,0,ok
baseline,corpus,Pig Production Handbook.pdf,3,5,8.9,11660680,0,0,0,ok
baseline,corpus,Publication_of_award_of_Bids_for_Transport_Sector__August_2016.pdf,3,5,20.5,8292928,1,1,1,ok
baseline,corpus,Rotation 45.pdf,3,4,13.1,10018776,0,0,0,ok
baseline,corpus,SPARC - v9 Architecture Manual.pdf,3,5,93.2,108579664,5,2,1,ok
baseline,corpus,SPE8EF26T0545.pdf,3,5,8.8,11399896,0,0,0,ok
baseline,corpus,TIKA-1552-0.pdf,3,5,21.3,23345792,0,0,0,ok
baseline,corpus,TIKA-2054-0.pdf,3,5,33.2,23323032,1,1,1,ok
baseline,corpus,Type0 Font.pdf,3,1,10.7,9722752,1,0,0,ok
baseline,corpus,Type0_CJK_Font.pdf,3,5,9.0,3270944,0,0,0,ok
baseline,corpus,capas.pdf,3,5,7.2,8042120,0,0,0,ok
baseline,corpus,cat-genetics_bobld.pdf,3,1,7.6,7025248,1,0,0,ok
baseline,corpus,cmap-parsing-exception.pdf,3,1,17.0,13114864,0,0,0,ok
baseline,corpus,dotnet-ai.pdf,3,5,29.2,31752656,1,1,1,ok
baseline,corpus,felltypes-test.pdf,3,1,8.7,4974992,0,0,0,ok
baseline,corpus,iron-ore-q2-q3-2013.pdf,3,5,45.5,35961416,2,2,2,ok
baseline,corpus,issue_671.pdf,3,2,20.5,17902120,0,0,0,ok
baseline,corpus,journal.pone.0196757.pdf,3,5,24.4,35564176,0,0,0,ok
baseline,corpus,jtehm-melillo-2679746.pdf,3,5,72.6,52896248,2,2,1,ok
baseline,corpus,pop-bugzilla37292.pdf,3,4,7.6,7619000,0,0,0,ok
baseline,corpus,reference-2-numeric-error.pdf,3,1,9.5,7193704,0,0,0,ok
baseline,corpus,ssm2163.pdf,3,5,9.1,10612656,0,0,0,ok
baseline,corpus,test-2_so_74165171.pdf,3,1,64.7,39104872,1,1,1,ok
baseline,corpus,testPdf-1.pdf,3,2,6.8,5704840,0,0,0,ok
baseline,corpus,test_a-5.pdf,3,5,85.3,68830072,2,1,1,ok
baseline,corpus,test_a.pdf,3,5,75.0,68830280,1,1,1,ok
baseline,corpus,toc.pdf,3,5,5.5,7514448,0,0,0,ok
baseline,corpus,type3-font-zero-height.pdf,3,1,9.5,7006888,0,0,0,ok
scanner+form,corpus,0000851.pdf,1,5,1127.2,165473008,4,2,2,ok
scanner+form,corpus,11194059_2017-11_de_s.pdf,1,2,130.4,27625312,1,0,0,ok
scanner+form,corpus,2006_Swedish_Touring_Car_Championship.pdf,1,4,31.3,7849216,0,0,0,ok
scanner+form,corpus,2108.11480.pdf,1,5,205.7,75468904,2,1,1,ok
scanner+form,corpus,6.Secrets.to.Startup.Success.PDFDrive.pdf,1,5,82.4,24676504,1,1,1,ok
scanner+form,corpus,68-1990-01_A.pdf,1,5,213.1,64725584,2,1,1,ok
scanner+form,corpus,Approved_Document_B__fire_safety__volume_2_-_Buildings_other_than_dwellings__2019_edition_incorporating_2020_and_2022_amendments.pdf,1,5,103.5,52000536,2,2,2,ok
scanner+form,corpus,ClipPathLetterFilter-Test1.pdf,1,5,102.5,41278216,1,0,0,ok
scanner+form,corpus,ClipPathLetterFilter-Test2.pdf,1,1,26.5,8781912,0,0,0,ok
scanner+form,corpus,ColorIssue.pdf,1,1,109.4,33573968,2,2,2,ok
scanner+form,corpus,DeviceN_CS_test.pdf,1,5,50.3,22010136,0,0,0,ok
scanner+form,corpus,ErcotFacts.pdf,1,2,43.9,13768824,0,0,0,ok
scanner+form,corpus,FICTIF_TABLE_INDEX.pdf,1,5,51.2,15511936,1,0,0,ok
scanner+form,corpus,FarmerMac.pdf,1,5,48.9,14097616,0,0,0,ok
scanner+form,corpus,GHOSTSCRIPT-696171-0.pdf,1,5,37.6,11337784,0,0,0,ok
scanner+form,corpus,GHOSTSCRIPT-697234-0.pdf,1,3,97.4,22683912,0,0,0,ok
scanner+form,corpus,GHOSTSCRIPT-697507-0.pdf,1,1,25.2,7909344,0,0,0,ok
scanner+form,corpus,GHOSTSCRIPT-698721-0.zip-6.pdf,1,2,20.7,7318696,0,0,0,ok
scanner+form,corpus,GHOSTSCRIPT-699035-0.pdf,1,5,179.1,38286992,1,1,1,ok
scanner+form,corpus,GHOSTSCRIPT-699178-0.pdf,1,3,23.8,8592480,0,0,0,ok
scanner+form,corpus,GHOSTSCRIPT-699488-0.pdf,1,1,21.9,8123080,0,0,0,ok
scanner+form,corpus,GHOSTSCRIPT-700125-1.pdf,1,5,62.8,16342432,1,0,0,ok
scanner+form,corpus,GHOSTSCRIPT-700139-0.pdf,1,2,361.9,117738456,3,2,2,ok
scanner+form,corpus,GHOSTSCRIPT-700236-1.pdf,1,5,44.4,13419384,0,0,0,ok
scanner+form,corpus,Gamebook.pdf,1,5,138.6,150680408,8,8,8,ok
scanner+form,corpus,ICML03-081.pdf,1,5,53.4,17265232,0,0,0,ok
scanner+form,corpus,Indexed-DeviceRGB-JPXDecode-0-.0.0.255.0.-Font-F1_1_missing_char_255-1.pdf,1,1,64.9,16994440,1,1,0,ok
scanner+form,corpus,Judgement Document.pdf,1,5,40.7,10865120,1,1,1,ok
scanner+form,corpus,Layer pdf - 322_High_Holborn_building_Brochure.pdf,1,3,147.8,37447392,0,0,0,ok
scanner+form,corpus,MOZILLA-10225-0.pdf,1,5,51.2,23053432,1,1,1,ok
scanner+form,corpus,MOZILLA-10372-2.pdf,1,5,40.5,13416944,0,0,0,ok
scanner+form,corpus,MOZILLA-2775-1.pdf,1,5,67.3,17667112,1,0,0,ok
scanner+form,corpus,MOZILLA-3136-0.pdf,1,4,974.3,219648256,3,1,1,ok
scanner+form,corpus,MOZILLA-7375-0.pdf,1,5,46.5,16132648,0,0,0,ok
scanner+form,corpus,Math119FakingData.pdf,1,5,48.8,9254488,1,1,0,ok
scanner+form,corpus,Motor Insurance claim form.pdf,1,3,261.7,69473648,2,2,2,ok
scanner+form,corpus,Multiple Page - from Mortality Statistics.pdf,1,5,37.1,15745128,0,0,0,ok
scanner+form,corpus,OPEN.RABBIT.ENGLISH.LOP.pdf,1,5,57.4,27705320,1,0,0,ok
scanner+form,corpus,Old Gutnish Internet Explorer.pdf,1,3,22.0,14916200,0,0,0,ok
scanner+form,corpus,P2P-33713919.pdf,1,5,24.8,23043496,0,0,0,ok
scanner+form,corpus,PDFBOX-492-4.jar-8.pdf,1,2,39.3,16936536,0,0,0,ok
scanner+form,corpus,PDFBOX-624-2.pdf,1,5,15.2,11333864,0,0,0,ok
scanner+form,corpus,Pig Production Handbook.pdf,1,5,14.0,11474736,0,0,0,ok
scanner+form,corpus,Publication_of_award_of_Bids_for_Transport_Sector__August_2016.pdf,1,5,13.6,8529200,0,0,0,ok
scanner+form,corpus,Rotation 45.pdf,1,4,36.2,17564112,0,0,0,ok
scanner+form,corpus,SPARC - v9 Architecture Manual.pdf,1,5,187.5,73964152,2,1,1,ok
scanner+form,corpus,SPE8EF26T0545.pdf,1,5,12.9,11437216,0,0,0,ok
scanner+form,corpus,TIKA-1552-0.pdf,1,5,27.9,23372056,0,0,0,ok
scanner+form,corpus,TIKA-2054-0.pdf,1,5,35.3,20483872,1,1,1,ok
scanner+form,corpus,Type0 Font.pdf,1,1,12.0,10340792,0,0,0,ok
scanner+form,corpus,Type0_CJK_Font.pdf,1,5,59.1,4864144,0,0,0,ok
scanner+form,corpus,capas.pdf,1,5,8.6,8262632,0,0,0,ok
scanner+form,corpus,cat-genetics_bobld.pdf,1,1,7.4,7032528,0,0,0,ok
scanner+form,corpus,cmap-parsing-exception.pdf,1,1,37.5,13354032,1,1,1,ok
scanner+form,corpus,dotnet-ai.pdf,1,5,28.1,32244896,1,1,1,ok
scanner+form,corpus,felltypes-test.pdf,1,1,14.3,4976128,0,0,0,ok
scanner+form,corpus,iron-ore-q2-q3-2013.pdf,1,5,38.1,36024496,1,0,0,ok
scanner+form,corpus,issue_671.pdf,1,2,22.4,18270904,0,0,0,ok
scanner+form,corpus,journal.pone.0196757.pdf,1,5,47.9,35416520,0,0,0,ok
scanner+form,corpus,jtehm-melillo-2679746.pdf,1,5,80.5,52742528,1,0,0,ok
scanner+form,corpus,pop-bugzilla37292.pdf,1,4,8.9,7958880,0,0,0,ok
scanner+form,corpus,reference-2-numeric-error.pdf,1,1,14.5,7150632,0,0,0,ok
scanner+form,corpus,ssm2163.pdf,1,5,16.9,10271224,0,0,0,ok
scanner+form,corpus,test-2_so_74165171.pdf,1,1,133.5,41138800,1,1,1,ok
scanner+form,corpus,testPdf-1.pdf,1,2,6.6,5926888,0,0,0,ok
scanner+form,corpus,test_a-5.pdf,1,5,113.8,69149368,2,1,1,ok
scanner+form,corpus,test_a.pdf,1,5,87.3,69149000,1,1,1,ok
scanner+form,corpus,toc.pdf,1,5,6.0,7517448,0,0,0,ok
scanner+form,corpus,type3-font-zero-height.pdf,1,1,17.5,7005200,0,0,0,ok
scanner+form,corpus,0000851.pdf,2,5,325.9,118362032,3,2,1,ok
scanner+form,corpus,11194059_2017-11_de_s.pdf,2,2,49.6,27469856,1,0,0,ok
scanner+form,corpus,2006_Swedish_Touring_Car_Championship.pdf,2,4,7.6,7844632,0,0,0,ok
scanner+form,corpus,2108.11480.pdf,2,5,78.3,75375600,1,0,0,ok
scanner+form,corpus,6.Secrets.to.Startup.Success.PDFDrive.pdf,2,5,41.7,24672936,1,1,1,ok
scanner+form,corpus,68-1990-01_A.pdf,2,5,68.0,44578888,1,0,0,ok
scanner+form,corpus,Approved_Document_B__fire_safety__volume_2_-_Buildings_other_than_dwellings__2019_edition_incorporating_2020_and_2022_amendments.pdf,2,5,52.6,51971424,2,2,2,ok
scanner+form,corpus,ClipPathLetterFilter-Test1.pdf,2,5,13.0,12680528,0,0,0,ok
scanner+form,corpus,ClipPathLetterFilter-Test2.pdf,2,1,8.1,8519248,0,0,0,ok
scanner+form,corpus,ColorIssue.pdf,2,1,48.1,31998000,1,1,1,ok
scanner+form,corpus,DeviceN_CS_test.pdf,2,5,25.4,21865504,1,0,0,ok
scanner+form,corpus,ErcotFacts.pdf,2,2,17.9,13758160,0,0,0,ok
scanner+form,corpus,FICTIF_TABLE_INDEX.pdf,2,5,15.6,15509488,0,0,0,ok
scanner+form,corpus,FarmerMac.pdf,2,5,30.7,14098872,1,1,1,ok
scanner+form,corpus,GHOSTSCRIPT-696171-0.pdf,2,5,11.7,11336408,0,0,0,ok
scanner+form,corpus,GHOSTSCRIPT-697234-0.pdf,2,3,37.3,22678008,1,0,0,ok
scanner+form,corpus,GHOSTSCRIPT-697507-0.pdf,2,1,9.4,7906672,0,0,0,ok
scanner+form,corpus,GHOSTSCRIPT-698721-0.zip-6.pdf,2,2,8.1,7317912,0,0,0,ok
scanner+form,corpus,GHOSTSCRIPT-699035-0.pdf,2,5,37.0,38283312,0,0,0,ok
scanner+form,corpus,GHOSTSCRIPT-699178-0.pdf,2,3,8.4,8592056,0,0,0,ok
scanner+form,corpus,GHOSTSCRIPT-699488-0.pdf,2,1,10.5,8120848,0,0,0,ok
scanner+form,corpus,GHOSTSCRIPT-700125-1.pdf,2,5,17.9,16342112,0,0,0,ok
scanner+form,corpus,GHOSTSCRIPT-700139-0.pdf,2,2,158.5,117474528,3,2,1,ok
scanner+form,corpus,GHOSTSCRIPT-700236-1.pdf,2,5,12.8,13418640,0,0,0,ok
scanner+form,corpus,Gamebook.pdf,2,5,11.7,9354160,0,0,0,ok
scanner+form,corpus,ICML03-081.pdf,2,5,21.5,17261672,0,0,0,ok
scanner+form,corpus,Indexed-DeviceRGB-JPXDecode-0-.0.0.255.0.-Font-F1_1_missing_char_255-1.pdf,2,1,40.6,16978192,1,1,1,ok
scanner+form,corpus,Judgement Document.pdf,2,5,7.0,9128992,0,0,0,ok
scanner+form,corpus,Layer pdf - 322_High_Holborn_building_Brochure.pdf,2,3,45.3,37064696,1,0,0,ok
scanner+form,corpus,MOZILLA-10225-0.pdf,2,5,13.2,22997896,0,0,0,ok
scanner+form,corpus,MOZILLA-10372-2.pdf,2,5,22.4,12997080,1,1,1,ok
scanner+form,corpus,MOZILLA-2775-1.pdf,2,5,13.5,17666528,0,0,0,ok
scanner+form,corpus,MOZILLA-3136-0.pdf,2,4,247.2,217567672,4,2,1,ok
scanner+form,corpus,MOZILLA-7375-0.pdf,2,5,12.4,15738104,0,0,0,ok
scanner+form,corpus,Math119FakingData.pdf,2,5,9.7,9252832,0,0,0,ok
scanner+form,corpus,Motor Insurance claim form.pdf,2,3,106.9,67262296,2,2,2,ok
scanner+form,corpus,Multiple Page - from Mortality Statistics.pdf,2,5,6.8,8201568,0,0,0,ok
scanner+form,corpus,OPEN.RABBIT.ENGLISH.LOP.pdf,2,5,35.2,27515312,1,0,0,ok
scanner+form,corpus,Old Gutnish Internet Explorer.pdf,2,3,12.0,14271344,0,0,0,ok
scanner+form,corpus,P2P-33713919.pdf,2,5,26.4,23003432,1,1,1,ok
scanner+form,corpus,PDFBOX-492-4.jar-8.pdf,2,2,20.7,16856384,0,0,0,ok
scanner+form,corpus,PDFBOX-624-2.pdf,2,5,9.8,11332232,0,0,0,ok
scanner+form,corpus,Pig Production Handbook.pdf,2,5,8.4,11474112,0,0,0,ok
scanner+form,corpus,Publication_of_award_of_Bids_for_Transport_Sector__August_2016.pdf,2,5,17.4,8292128,1,0,0,ok
scanner+form,corpus,Rotation 45.pdf,2,4,13.4,9900072,0,0,0,ok
scanner+form,corpus,SPARC - v9 Architecture Manual.pdf,2,5,90.2,73965640,3,3,2,ok
scanner+form,corpus,SPE8EF26T0545.pdf,2,5,9.8,11430472,0,0,0,ok
scanner+form,corpus,TIKA-1552-0.pdf,2,5,19.4,23346496,0,0,0,ok
scanner+form,corpus,TIKA-2054-0.pdf,2,5,26.7,20478608,1,0,0,ok
scanner+form,corpus,Type0 Font.pdf,2,1,8.6,9722360,0,0,0,ok
scanner+form,corpus,Type0_CJK_Font.pdf,2,5,10.9,3216968,0,0,0,ok
scanner+form,corpus,capas.pdf,2,5,6.0,8008880,0,0,0,ok
scanner+form,corpus,cat-genetics_bobld.pdf,2,1,10.8,7030992,0,0,0,ok
scanner+form,corpus,cmap-parsing-exception.pdf,2,1,17.0,13117104,0,0,0,ok
scanner+form,corpus,dotnet-ai.pdf,2,5,36.7,31553104,1,1,0,ok
scanner+form,corpus,felltypes-test.pdf,2,1,8.4,4975168,0,0,0,ok
scanner+form,corpus,iron-ore-q2-q3-2013.pdf,2,5,37.6,35961808,1,1,1,ok
scanner+form,corpus,issue_671.pdf,2,2,19.7,17840272,0,0,0,ok
scanner+form,corpus,journal.pone.0196757.pdf,2,5,41.1,35325496,1,0,0,ok
scanner+form,corpus,jtehm-melillo-2679746.pdf,2,5,65.2,52742080,1,1,1,ok
scanner+form,corpus,pop-bugzilla37292.pdf,2,4,7.8,7592808,0,0,0,ok
scanner+form,corpus,reference-2-numeric-error.pdf,2,1,8.7,7148160,0,0,0,ok
scanner+form,corpus,ssm2163.pdf,2,5,9.0,10260736,0,0,0,ok
scanner+form,corpus,test-2_so_74165171.pdf,2,1,73.2,39104616,2,1,1,ok
scanner+form,corpus,testPdf-1.pdf,2,2,5.8,5702072,0,0,0,ok
scanner+form,corpus,test_a-5.pdf,2,5,70.1,68793520,1,1,1,ok
scanner+form,corpus,test_a.pdf,2,5,71.3,68792048,1,0,0,ok
scanner+form,corpus,toc.pdf,2,5,6.2,7517328,0,0,0,ok
scanner+form,corpus,type3-font-zero-height.pdf,2,1,27.6,7001376,1,1,1,ok
scanner+form,corpus,0000851.pdf,3,5,211.4,118362120,2,1,1,ok
scanner+form,corpus,11194059_2017-11_de_s.pdf,3,2,44.5,27417152,1,0,0,ok
scanner+form,corpus,2006_Swedish_Touring_Car_Championship.pdf,3,4,6.7,7628392,0,0,0,ok
scanner+form,corpus,2108.11480.pdf,3,5,68.1,74772816,1,0,0,ok
scanner+form,corpus,6.Secrets.to.Startup.Success.PDFDrive.pdf,3,5,25.6,24671144,0,0,0,ok
scanner+form,corpus,68-1990-01_A.pdf,3,5,62.4,44330472,1,1,1,ok
scanner+form,corpus,Approved_Document_B__fire_safety__volume_2_-_Buildings_other_than_dwellings__2019_edition_incorporating_2020_and_2022_amendments.pdf,3,5,40.6,51969744,1,1,1,ok
scanner+form,corpus,ClipPathLetterFilter-Test1.pdf,3,5,10.3,12124592,0,0,0,ok
scanner+form,corpus,ClipPathLetterFilter-Test2.pdf,3,1,21.8,8371840,1,1,1,ok
scanner+form,corpus,ColorIssue.pdf,3,1,37.3,31879456,1,1,1,ok
scanner+form,corpus,DeviceN_CS_test.pdf,3,5,13.7,21474496,0,0,0,ok
scanner+form,corpus,ErcotFacts.pdf,3,2,19.4,13361136,1,0,0,ok
scanner+form,corpus,FICTIF_TABLE_INDEX.pdf,3,5,12.6,14807696,0,0,0,ok
scanner+form,corpus,FarmerMac.pdf,3,5,12.2,13703640,0,0,0,ok
scanner+form,corpus,GHOSTSCRIPT-696171-0.pdf,3,5,9.6,11336200,0,0,0,ok
scanner+form,corpus,GHOSTSCRIPT-697234-0.pdf,3,3,25.4,22678008,0,0,0,ok
scanner+form,corpus,GHOSTSCRIPT-697507-0.pdf,3,1,10.2,7906464,0,0,0,ok
scanner+form,corpus,GHOSTSCRIPT-698721-0.zip-6.pdf,3,2,22.4,7319592,1,1,1,ok
scanner+form,corpus,GHOSTSCRIPT-699035-0.pdf,3,5,33.0,38283520,0,0,0,ok
scanner+form,corpus,GHOSTSCRIPT-699178-0.pdf,3,3,6.8,8419928,0,0,0,ok
scanner+form,corpus,GHOSTSCRIPT-699488-0.pdf,3,1,7.4,8120848,0,0,0,ok
scanner+form,corpus,GHOSTSCRIPT-700125-1.pdf,3,5,26.8,16342112,1,1,0,ok
scanner+form,corpus,GHOSTSCRIPT-700139-0.pdf,3,2,128.1,116151568,2,2,1,ok
scanner+form,corpus,GHOSTSCRIPT-700236-1.pdf,3,5,12.1,13418640,0,0,0,ok
scanner+form,corpus,Gamebook.pdf,3,5,9.9,9354160,1,0,0,ok
scanner+form,corpus,ICML03-081.pdf,3,5,19.5,17261880,1,0,0,ok
scanner+form,corpus,Indexed-DeviceRGB-JPXDecode-0-.0.0.255.0.-Font-F1_1_missing_char_255-1.pdf,3,1,21.4,16976720,0,0,0,ok
scanner+form,corpus,Judgement Document.pdf,3,5,6.3,9128784,0,0,0,ok
scanner+form,corpus,Layer pdf - 322_High_Holborn_building_Brochure.pdf,3,3,47.7,37066376,1,1,1,ok
scanner+form,corpus,MOZILLA-10225-0.pdf,3,5,13.5,22997896,0,0,0,ok
scanner+form,corpus,MOZILLA-10372-2.pdf,3,5,9.6,12995400,0,0,0,ok
scanner+form,corpus,MOZILLA-2775-1.pdf,3,5,31.7,17668000,1,1,1,ok
scanner+form,corpus,MOZILLA-3136-0.pdf,3,4,215.4,217567880,3,2,1,ok
scanner+form,corpus,MOZILLA-7375-0.pdf,3,5,17.2,15738104,0,0,0,ok
scanner+form,corpus,Math119FakingData.pdf,3,5,10.8,9252832,0,0,0,ok
scanner+form,corpus,Motor Insurance claim form.pdf,3,3,96.0,67260616,1,1,1,ok
scanner+form,corpus,Multiple Page - from Mortality Statistics.pdf,3,5,23.1,8202088,1,0,0,ok
scanner+form,corpus,OPEN.RABBIT.ENGLISH.LOP.pdf,3,5,31.2,27517200,1,1,1,ok
scanner+form,corpus,Old Gutnish Internet Explorer.pdf,3,3,11.2,14271344,0,0,0,ok
scanner+form,corpus,P2P-33713919.pdf,3,5,12.4,23001752,0,0,0,ok
scanner+form,corpus,PDFBOX-492-4.jar-8.pdf,3,2,27.9,16856176,1,0,0,ok
scanner+form,corpus,PDFBOX-624-2.pdf,3,5,8.4,11332440,0,0,0,ok
scanner+form,corpus,Pig Production Handbook.pdf,3,5,8.2,11474112,0,0,0,ok
scanner+form,corpus,Publication_of_award_of_Bids_for_Transport_Sector__August_2016.pdf,3,5,6.6,8292128,0,0,0,ok
scanner+form,corpus,Rotation 45.pdf,3,4,27.1,9902064,1,1,1,ok
scanner+form,corpus,SPARC - v9 Architecture Manual.pdf,3,5,54.2,73962488,1,0,0,ok
scanner+form,corpus,SPE8EF26T0545.pdf,3,5,8.8,11430472,0,0,0,ok
scanner+form,corpus,TIKA-1552-0.pdf,3,5,33.5,23348176,1,1,1,ok
scanner+form,corpus,TIKA-2054-0.pdf,3,5,15.9,20478816,0,0,0,ok
scanner+form,corpus,Type0 Font.pdf,3,1,7.9,9722152,0,0,0,ok
scanner+form,corpus,Type0_CJK_Font.pdf,3,5,9.0,3216968,0,0,0,ok
scanner+form,corpus,capas.pdf,3,5,5.5,8008880,0,0,0,ok
scanner+form,corpus,cat-genetics_bobld.pdf,3,1,5.2,7030992,0,0,0,ok
scanner+form,corpus,cmap-parsing-exception.pdf,3,1,23.9,13117104,1,0,0,ok
scanner+form,corpus,dotnet-ai.pdf,3,5,25.9,31554992,1,1,1,ok
scanner+form,corpus,felltypes-test.pdf,3,1,7.8,4975168,0,0,0,ok
scanner+form,corpus,iron-ore-q2-q3-2013.pdf,3,5,32.9,35961288,1,1,1,ok
scanner+form,corpus,issue_671.pdf,3,2,18.4,17840272,0,0,0,ok
scanner+form,corpus,journal.pone.0196757.pdf,3,5,23.8,35325496,0,0,0,ok
scanner+form,corpus,jtehm-melillo-2679746.pdf,3,5,68.0,52741872,2,2,1,ok
scanner+form,corpus,pop-bugzilla37292.pdf,3,4,6.9,7592808,0,0,0,ok
scanner+form,corpus,reference-2-numeric-error.pdf,3,1,7.9,7148160,0,0,0,ok
scanner+form,corpus,ssm2163.pdf,3,5,8.6,10260736,0,0,0,ok
scanner+form,corpus,test-2_so_74165171.pdf,3,1,81.4,39104616,2,1,1,ok
scanner+form,corpus,testPdf-1.pdf,3,2,5.5,5702072,0,0,0,ok
scanner+form,corpus,test_a-5.pdf,3,5,76.6,68791840,1,0,0,ok
scanner+form,corpus,test_a.pdf,3,5,72.8,68793728,1,1,1,ok
scanner+form,corpus,toc.pdf,3,5,5.4,7517328,0,0,0,ok
scanner+form,corpus,type3-font-zero-height.pdf,3,1,9.5,6999696,0,0,0,ok
full-v2,corpus,0000851.pdf,1,5,1088.1,165467264,4,2,2,ok
full-v2,corpus,11194059_2017-11_de_s.pdf,1,2,121.4,27620040,1,0,0,ok
full-v2,corpus,2006_Swedish_Touring_Car_Championship.pdf,1,4,28.6,7846808,0,0,0,ok
full-v2,corpus,2108.11480.pdf,1,5,203.4,75465688,2,1,1,ok
full-v2,corpus,6.Secrets.to.Startup.Success.PDFDrive.pdf,1,5,75.0,24670712,1,1,1,ok
full-v2,corpus,68-1990-01_A.pdf,1,5,197.5,64718056,2,1,1,ok
full-v2,corpus,Approved_Document_B__fire_safety__volume_2_-_Buildings_other_than_dwellings__2019_edition_incorporating_2020_and_2022_amendments.pdf,1,5,100.1,51972744,2,2,2,ok
full-v2,corpus,ClipPathLetterFilter-Test1.pdf,1,5,100.5,41275048,1,0,0,ok
full-v2,corpus,ClipPathLetterFilter-Test2.pdf,1,1,24.6,8782144,0,0,0,ok
full-v2,corpus,ColorIssue.pdf,1,1,111.0,33573144,2,2,2,ok
full-v2,corpus,DeviceN_CS_test.pdf,1,5,53.3,22005632,0,0,0,ok
full-v2,corpus,ErcotFacts.pdf,1,2,47.4,13765776,0,0,0,ok
full-v2,corpus,FICTIF_TABLE_INDEX.pdf,1,5,51.9,15508160,1,0,0,ok
full-v2,corpus,FarmerMac.pdf,1,5,49.5,14094160,0,0,0,ok
full-v2,corpus,GHOSTSCRIPT-696171-0.pdf,1,5,38.7,11333792,0,0,0,ok
full-v2,corpus,GHOSTSCRIPT-697234-0.pdf,1,3,99.4,22679672,0,0,0,ok
full-v2,corpus,GHOSTSCRIPT-697507-0.pdf,1,1,23.4,7906872,0,0,0,ok
full-v2,corpus,GHOSTSCRIPT-698721-0.zip-6.pdf,1,2,19.6,7316296,0,0,0,ok
full-v2,corpus,GHOSTSCRIPT-699035-0.pdf,1,5,174.4,38284032,1,1,1,ok
full-v2,corpus,GHOSTSCRIPT-699178-0.pdf,1,3,22.9,8590264,0,0,0,ok
full-v2,corpus,GHOSTSCRIPT-699488-0.pdf,1,1,21.4,8121904,0,0,0,ok
full-v2,corpus,GHOSTSCRIPT-700125-1.pdf,1,5,60.3,16241720,1,0,0,ok
full-v2,corpus,GHOSTSCRIPT-700139-0.pdf,1,2,382.7,117762104,3,2,2,ok
full-v2,corpus,GHOSTSCRIPT-700236-1.pdf,1,5,41.7,13414408,0,0,0,ok
full-v2,corpus,Gamebook.pdf,1,5,137.7,150678904,8,8,8,ok
full-v2,corpus,ICML03-081.pdf,1,5,50.7,17261096,0,0,0,ok
full-v2,corpus,Indexed-DeviceRGB-JPXDecode-0-.0.0.255.0.-Font-F1_1_missing_char_255-1.pdf,1,1,62.5,17017672,1,1,0,ok
full-v2,corpus,Judgement Document.pdf,1,5,36.4,10862680,1,1,1,ok
full-v2,corpus,Layer pdf - 322_High_Holborn_building_Brochure.pdf,1,3,133.3,37443728,0,0,0,ok
full-v2,corpus,MOZILLA-10225-0.pdf,1,5,41.2,23049448,1,1,1,ok
full-v2,corpus,MOZILLA-10372-2.pdf,1,5,33.0,13415632,0,0,0,ok
full-v2,corpus,MOZILLA-2775-1.pdf,1,5,51.5,17663216,1,0,0,ok
full-v2,corpus,MOZILLA-3136-0.pdf,1,4,726.4,219638848,3,1,1,ok
full-v2,corpus,MOZILLA-7375-0.pdf,1,5,48.6,15735936,0,0,0,ok
full-v2,corpus,Math119FakingData.pdf,1,5,25.5,9250752,0,0,0,ok
full-v2,corpus,Motor Insurance claim form.pdf,1,3,266.6,67896728,3,3,2,ok
full-v2,corpus,Multiple Page - from Mortality Statistics.pdf,1,5,28.0,15741304,0,0,0,ok
full-v2,corpus,OPEN.RABBIT.ENGLISH.LOP.pdf,1,5,58.7,27703624,1,1,0,ok
full-v2,corpus,Old Gutnish Internet Explorer.pdf,1,3,21.3,14914752,0,0,0,ok
full-v2,corpus,P2P-33713919.pdf,1,5,32.7,23035760,0,0,0,ok
full-v2,corpus,PDFBOX-492-4.jar-8.pdf,1,2,42.9,16933768,0,0,0,ok
full-v2,corpus,PDFBOX-624-2.pdf,1,5,35.6,11328288,1,0,0,ok
full-v2,corpus,Pig Production Handbook.pdf,1,5,14.2,11470584,0,0,0,ok
full-v2,corpus,Publication_of_award_of_Bids_for_Transport_Sector__August_2016.pdf,1,5,14.3,8525496,0,0,0,ok
full-v2,corpus,Rotation 45.pdf,1,4,34.2,17550920,0,0,0,ok
full-v2,corpus,SPARC - v9 Architecture Manual.pdf,1,5,196.9,73961192,2,1,1,ok
full-v2,corpus,SPE8EF26T0545.pdf,1,5,14.4,11459928,0,0,0,ok
full-v2,corpus,TIKA-1552-0.pdf,1,5,30.2,23365624,0,0,0,ok
full-v2,corpus,TIKA-2054-0.pdf,1,5,41.5,20455224,1,1,1,ok
full-v2,corpus,Type0 Font.pdf,1,1,10.6,10340248,0,0,0,ok
full-v2,corpus,Type0_CJK_Font.pdf,1,5,65.6,4859856,0,0,0,ok
full-v2,corpus,capas.pdf,1,5,8.1,8260048,0,0,0,ok
full-v2,corpus,cat-genetics_bobld.pdf,1,1,8.4,7031192,0,0,0,ok
full-v2,corpus,cmap-parsing-exception.pdf,1,1,31.4,13353920,1,1,1,ok
full-v2,corpus,dotnet-ai.pdf,1,5,27.8,32239080,1,1,1,ok
full-v2,corpus,felltypes-test.pdf,1,1,16.2,4976112,0,0,0,ok
full-v2,corpus,iron-ore-q2-q3-2013.pdf,1,5,37.7,35995336,1,0,0,ok
full-v2,corpus,issue_671.pdf,1,2,19.8,18268272,0,0,0,ok
full-v2,corpus,journal.pone.0196757.pdf,1,5,46.4,35346272,0,0,0,ok
full-v2,corpus,jtehm-melillo-2679746.pdf,1,5,76.1,52738296,1,0,0,ok
full-v2,corpus,pop-bugzilla37292.pdf,1,4,8.4,7956088,0,0,0,ok
full-v2,corpus,reference-2-numeric-error.pdf,1,1,16.2,7149896,0,0,0,ok
full-v2,corpus,ssm2163.pdf,1,5,19.3,10265816,0,0,0,ok
full-v2,corpus,test-2_so_74165171.pdf,1,1,130.0,41139032,1,1,1,ok
full-v2,corpus,testPdf-1.pdf,1,2,6.4,5926624,0,0,0,ok
full-v2,corpus,test_a-5.pdf,1,5,81.4,69146904,1,1,1,ok
full-v2,corpus,test_a.pdf,1,5,91.2,69146536,2,1,1,ok
full-v2,corpus,toc.pdf,1,5,5.8,7515944,0,0,0,ok
full-v2,corpus,type3-font-zero-height.pdf,1,1,17.7,7005872,0,0,0,ok
full-v2,corpus,0000851.pdf,2,5,322.9,118356240,3,1,1,ok
full-v2,corpus,11194059_2017-11_de_s.pdf,2,2,25.7,27464584,0,0,0,ok
full-v2,corpus,2006_Swedish_Touring_Car_Championship.pdf,2,4,7.8,7842016,0,0,0,ok
full-v2,corpus,2108.11480.pdf,2,5,78.0,75372456,1,0,0,ok
full-v2,corpus,6.Secrets.to.Startup.Success.PDFDrive.pdf,2,5,28.2,24665352,0,0,0,ok
full-v2,corpus,68-1990-01_A.pdf,2,5,65.3,44572944,1,1,1,ok
full-v2,corpus,Approved_Document_B__fire_safety__volume_2_-_Buildings_other_than_dwellings__2019_edition_incorporating_2020_and_2022_amendments.pdf,2,5,43.1,51966576,1,1,1,ok
full-v2,corpus,ClipPathLetterFilter-Test1.pdf,2,5,23.3,12679560,1,1,1,ok
full-v2,corpus,ClipPathLetterFilter-Test2.pdf,2,1,6.8,8519688,0,0,0,ok
full-v2,corpus,ColorIssue.pdf,2,1,34.4,31997176,1,1,1,ok
full-v2,corpus,DeviceN_CS_test.pdf,2,5,19.3,21861000,1,0,0,ok
full-v2,corpus,ErcotFacts.pdf,2,2,15.0,13755112,0,0,0,ok
full-v2,corpus,FICTIF_TABLE_INDEX.pdf,2,5,13.5,15505712,0,0,0,ok
full-v2,corpus,FarmerMac.pdf,2,5,25.1,14095416,1,1,1,ok
full-v2,corpus,GHOSTSCRIPT-696171-0.pdf,2,5,9.4,11332416,0,0,0,ok
full-v2,corpus,GHOSTSCRIPT-697234-0.pdf,2,3,23.4,22673768,0,0,0,ok
full-v2,corpus,GHOSTSCRIPT-697507-0.pdf,2,1,8.0,7903992,0,0,0,ok
full-v2,corpus,GHOSTSCRIPT-698721-0.zip-6.pdf,2,2,5.8,7315512,0,0,0,ok
full-v2,corpus,GHOSTSCRIPT-699035-0.pdf,2,5,38.8,38280352,1,0,0,ok
full-v2,corpus,GHOSTSCRIPT-699178-0.pdf,2,3,6.7,8590048,0,0,0,ok
full-v2,corpus,GHOSTSCRIPT-699488-0.pdf,2,1,7.3,8119672,0,0,0,ok
full-v2,corpus,GHOSTSCRIPT-700125-1.pdf,2,5,23.0,16241400,1,0,0,ok
full-v2,corpus,GHOSTSCRIPT-700139-0.pdf,2,2,130.6,117498384,2,2,1,ok
full-v2,corpus,GHOSTSCRIPT-700236-1.pdf,2,5,10.9,13413664,0,0,0,ok
full-v2,corpus,Gamebook.pdf,2,5,16.3,9352656,1,0,0,ok
full-v2,corpus,ICML03-081.pdf,2,5,15.1,17257744,0,0,0,ok
full-v2,corpus,Indexed-DeviceRGB-JPXDecode-0-.0.0.255.0.-Font-F1_1_missing_char_255-1.pdf,2,1,21.9,16975120,0,0,0,ok
full-v2,corpus,Judgement Document.pdf,2,5,6.5,9126344,0,0,0,ok
full-v2,corpus,Layer pdf - 322_High_Holborn_building_Brochure.pdf,2,3,43.6,37062712,1,1,1,ok
full-v2,corpus,MOZILLA-10225-0.pdf,2,5,12.9,22993912,0,0,0,ok
full-v2,corpus,MOZILLA-10372-2.pdf,2,5,25.0,12995768,1,1,1,ok
full-v2,corpus,MOZILLA-2775-1.pdf,2,5,13.7,17662632,0,0,0,ok
full-v2,corpus,MOZILLA-3136-0.pdf,2,4,246.0,217587528,4,2,1,ok
full-v2,corpus,MOZILLA-7375-0.pdf,2,5,12.3,15734712,0,0,0,ok
full-v2,corpus,Math119FakingData.pdf,2,5,7.5,9249096,0,0,0,ok
full-v2,corpus,Motor Insurance claim form.pdf,2,3,101.3,67258520,2,2,2,ok
full-v2,corpus,Multiple Page - from Mortality Statistics.pdf,2,5,6.6,8197744,0,0,0,ok
full-v2,corpus,OPEN.RABBIT.ENGLISH.LOP.pdf,2,5,36.3,27513616,1,0,0,ok
full-v2,corpus,Old Gutnish Internet Explorer.pdf,2,3,11.2,14269896,0,0,0,ok
full-v2,corpus,P2P-33713919.pdf,2,5,26.9,22995696,1,1,1,ok
full-v2,corpus,PDFBOX-492-4.jar-8.pdf,2,2,19.7,16853616,0,0,0,ok
full-v2,corpus,PDFBOX-624-2.pdf,2,5,8.5,11326656,0,0,0,ok
full-v2,corpus,Pig Production Handbook.pdf,2,5,8.9,11469752,0,0,0,ok
full-v2,corpus,Publication_of_award_of_Bids_for_Transport_Sector__August_2016.pdf,2,5,6.6,8288424,0,0,0,ok
full-v2,corpus,Rotation 45.pdf,2,4,24.6,9895840,1,0,0,ok
full-v2,corpus,SPARC - v9 Architecture Manual.pdf,2,5,88.6,73962888,3,3,2,ok
full-v2,corpus,SPE8EF26T0545.pdf,2,5,8.8,11453184,0,0,0,ok
full-v2,corpus,TIKA-1552-0.pdf,2,5,17.2,23343184,0,0,0,ok
full-v2,corpus,TIKA-2054-0.pdf,2,5,16.4,20449960,0,0,0,ok
full-v2,corpus,Type0 Font.pdf,2,1,8.3,9721608,0,0,0,ok
full-v2,corpus,Type0_CJK_Font.pdf,2,5,10.3,3212680,0,0,0,ok
full-v2,corpus,capas.pdf,2,5,9.9,8006296,1,0,0,ok
full-v2,corpus,cat-genetics_bobld.pdf,2,1,9.8,7029864,0,0,0,ok
full-v2,corpus,cmap-parsing-exception.pdf,2,1,16.0,13116992,0,0,0,ok
full-v2,corpus,dotnet-ai.pdf,2,5,32.5,31547288,1,1,0,ok
full-v2,corpus,felltypes-test.pdf,2,1,7.6,4975152,0,0,0,ok
full-v2,corpus,iron-ore-q2-q3-2013.pdf,2,5,37.6,35956312,1,1,1,ok
full-v2,corpus,issue_671.pdf,2,2,17.4,17837640,0,0,0,ok
full-v2,corpus,journal.pone.0196757.pdf,2,5,23.4,35320832,0,0,0,ok
full-v2,corpus,jtehm-melillo-2679746.pdf,2,5,64.2,52737640,1,1,1,ok
full-v2,corpus,pop-bugzilla37292.pdf,2,4,7.0,7590016,0,0,0,ok
full-v2,corpus,reference-2-numeric-error.pdf,2,1,8.1,7147424,0,0,0,ok
full-v2,corpus,ssm2163.pdf,2,5,24.5,10255328,1,0,0,ok
full-v2,corpus,test-2_so_74165171.pdf,2,1,57.7,39105056,1,1,1,ok
full-v2,corpus,testPdf-1.pdf,2,2,5.7,5701808,0,0,0,ok
full-v2,corpus,test_a-5.pdf,2,5,63.8,68791056,1,1,1,ok
full-v2,corpus,test_a.pdf,2,5,80.3,68791264,2,1,1,ok
full-v2,corpus,toc.pdf,2,5,4.8,7515824,0,0,0,ok
full-v2,corpus,type3-font-zero-height.pdf,2,1,9.5,7000368,0,0,0,ok
full-v2,corpus,0000851.pdf,3,5,186.7,118356120,2,1,1,ok
full-v2,corpus,11194059_2017-11_de_s.pdf,3,2,40.7,27411880,1,0,0,ok
full-v2,corpus,2006_Swedish_Touring_Car_Championship.pdf,3,4,6.3,7625984,0,0,0,ok
full-v2,corpus,2108.11480.pdf,3,5,55.8,74769600,1,0,0,ok
full-v2,corpus,6.Secrets.to.Startup.Success.PDFDrive.pdf,3,5,24.7,24665352,0,0,0,ok
full-v2,corpus,68-1990-01_A.pdf,3,5,57.1,44322944,1,1,1,ok
full-v2,corpus,Approved_Document_B__fire_safety__volume_2_-_Buildings_other_than_dwellings__2019_edition_incorporating_2020_and_2022_amendments.pdf,3,5,38.2,51966576,1,1,1,ok
full-v2,corpus,ClipPathLetterFilter-Test1.pdf,3,5,19.8,12123624,1,1,1,ok
full-v2,corpus,ClipPathLetterFilter-Test2.pdf,3,1,6.4,8370600,0,0,0,ok
full-v2,corpus,ColorIssue.pdf,3,1,36.3,31878424,1,1,1,ok
full-v2,corpus,DeviceN_CS_test.pdf,3,5,18.9,21469992,1,0,0,ok
full-v2,corpus,ErcotFacts.pdf,3,2,12.1,13358296,0,0,0,ok
full-v2,corpus,FICTIF_TABLE_INDEX.pdf,3,5,11.3,14803712,0,0,0,ok
full-v2,corpus,FarmerMac.pdf,3,5,10.8,13700184,0,0,0,ok
full-v2,corpus,GHOSTSCRIPT-696171-0.pdf,3,5,9.0,11332208,0,0,0,ok
full-v2,corpus,GHOSTSCRIPT-697234-0.pdf,3,3,40.0,22675448,1,1,1,ok
full-v2,corpus,GHOSTSCRIPT-697507-0.pdf,3,1,7.7,7904200,0,0,0,ok
full-v2,corpus,GHOSTSCRIPT-698721-0.zip-6.pdf,3,2,5.6,7315512,0,0,0,ok
full-v2,corpus,GHOSTSCRIPT-699035-0.pdf,3,5,41.5,38280352,1,1,0,ok
full-v2,corpus,GHOSTSCRIPT-699178-0.pdf,3,3,6.1,8417920,0,0,0,ok
full-v2,corpus,GHOSTSCRIPT-699488-0.pdf,3,1,6.7,8119672,0,0,0,ok
full-v2,corpus,GHOSTSCRIPT-700125-1.pdf,3,5,10.4,16241400,0,0,0,ok
full-v2,corpus,GHOSTSCRIPT-700139-0.pdf,3,2,123.1,116175008,2,2,1,ok
full-v2,corpus,GHOSTSCRIPT-700236-1.pdf,3,5,13.9,13413664,0,0,0,ok
full-v2,corpus,Gamebook.pdf,3,5,21.6,9352656,1,0,0,ok
full-v2,corpus,ICML03-081.pdf,3,5,14.3,17257744,0,0,0,ok
full-v2,corpus,Indexed-DeviceRGB-JPXDecode-0-.0.0.255.0.-Font-F1_1_missing_char_255-1.pdf,3,1,21.7,16975120,0,0,0,ok
full-v2,corpus,Judgement Document.pdf,3,5,7.7,9126344,1,0,0,ok
full-v2,corpus,Layer pdf - 322_High_Holborn_building_Brochure.pdf,3,3,38.3,37062920,1,1,1,ok
full-v2,corpus,MOZILLA-10225-0.pdf,3,5,13.2,22993912,0,0,0,ok
full-v2,corpus,MOZILLA-10372-2.pdf,3,5,21.4,12995768,1,1,1,ok
full-v2,corpus,MOZILLA-2775-1.pdf,3,5,18.1,17662632,1,0,0,ok
full-v2,corpus,MOZILLA-3136-0.pdf,3,4,233.1,217587736,2,2,1,ok
full-v2,corpus,MOZILLA-7375-0.pdf,3,5,33.1,15736392,1,1,1,ok
full-v2,corpus,Math119FakingData.pdf,3,5,12.6,9249304,1,0,0,ok
full-v2,corpus,Motor Insurance claim form.pdf,3,3,96.6,67258728,2,2,2,ok
full-v2,corpus,Multiple Page - from Mortality Statistics.pdf,3,5,5.7,8197744,0,0,0,ok
full-v2,corpus,OPEN.RABBIT.ENGLISH.LOP.pdf,3,5,18.9,27513616,0,0,0,ok
full-v2,corpus,Old Gutnish Internet Explorer.pdf,3,3,26.0,14269688,1,0,0,ok
full-v2,corpus,P2P-33713919.pdf,3,5,11.5,22994224,0,0,0,ok
full-v2,corpus,PDFBOX-492-4.jar-8.pdf,3,2,16.4,16853408,0,0,0,ok
full-v2,corpus,PDFBOX-624-2.pdf,3,5,8.2,11326656,0,0,0,ok
full-v2,corpus,Pig Production Handbook.pdf,3,5,8.0,11469752,0,0,0,ok
full-v2,corpus,Publication_of_award_of_Bids_for_Transport_Sector__August_2016.pdf,3,5,6.5,8288424,0,0,0,ok
full-v2,corpus,Rotation 45.pdf,3,4,11.9,9895320,0,0,0,ok
full-v2,corpus,SPARC - v9 Architecture Manual.pdf,3,5,65.5,73961000,1,1,1,ok
full-v2,corpus,SPE8EF26T0545.pdf,3,5,38.3,11453184,1,0,0,ok
full-v2,corpus,TIKA-1552-0.pdf,3,5,32.1,23345072,1,1,1,ok
full-v2,corpus,TIKA-2054-0.pdf,3,5,15.5,20450168,0,0,0,ok
full-v2,corpus,Type0 Font.pdf,3,1,7.6,9721608,0,0,0,ok
full-v2,corpus,Type0_CJK_Font.pdf,3,5,7.9,3212680,0,0,0,ok
full-v2,corpus,capas.pdf,3,5,7.7,8006296,1,0,0,ok
full-v2,corpus,cat-genetics_bobld.pdf,3,1,5.0,7029864,0,0,0,ok
full-v2,corpus,cmap-parsing-exception.pdf,3,1,23.3,13118672,1,1,1,ok
full-v2,corpus,dotnet-ai.pdf,3,5,22.8,31549176,1,1,1,ok
full-v2,corpus,felltypes-test.pdf,3,1,7.1,4975152,0,0,0,ok
full-v2,corpus,iron-ore-q2-q3-2013.pdf,3,5,16.3,35953696,0,0,0,ok
full-v2,corpus,issue_671.pdf,3,2,20.3,17837432,1,0,0,ok
full-v2,corpus,journal.pone.0196757.pdf,3,5,21.0,35321040,0,0,0,ok
full-v2,corpus,jtehm-melillo-2679746.pdf,3,5,50.4,52735960,1,0,0,ok
full-v2,corpus,pop-bugzilla37292.pdf,3,4,6.3,7590016,0,0,0,ok
full-v2,corpus,reference-2-numeric-error.pdf,3,1,8.3,7147424,0,0,0,ok
full-v2,corpus,ssm2163.pdf,3,5,23.1,10255328,1,1,0,ok
full-v2,corpus,test-2_so_74165171.pdf,3,1,39.3,39103376,0,0,0,ok
full-v2,corpus,testPdf-1.pdf,3,2,5.8,5701600,0,0,0,ok
full-v2,corpus,test_a-5.pdf,3,5,82.7,68791056,2,1,1,ok
full-v2,corpus,test_a.pdf,3,5,65.4,68791264,1,1,1,ok
full-v2,corpus,toc.pdf,3,5,4.8,7515824,0,0,0,ok
full-v2,corpus,type3-font-zero-height.pdf,3,1,8.6,7000368,0,0,0,ok
baseline,corpus,0000851.pdf,1,5,1002.1,169559104,4,2,2,ok
baseline,corpus,11194059_2017-11_de_s.pdf,1,2,125.0,27624688,1,0,0,ok
baseline,corpus,2006_Swedish_Touring_Car_Championship.pdf,1,4,27.6,7884888,0,0,0,ok
baseline,corpus,2108.11480.pdf,1,5,191.2,76797488,2,1,1,ok
baseline,corpus,6.Secrets.to.Startup.Success.PDFDrive.pdf,1,5,71.1,24675624,1,1,1,ok
baseline,corpus,68-1990-01_A.pdf,1,5,205.7,64723344,2,1,1,ok
baseline,corpus,Approved_Document_B__fire_safety__volume_2_-_Buildings_other_than_dwellings__2019_edition_incorporating_2020_and_2022_amendments.pdf,1,5,100.9,52382288,2,2,2,ok
baseline,corpus,ClipPathLetterFilter-Test1.pdf,1,5,92.7,41326888,1,0,0,ok
baseline,corpus,ClipPathLetterFilter-Test2.pdf,1,1,22.7,8781736,0,0,0,ok
baseline,corpus,ColorIssue.pdf,1,1,104.3,33877792,2,2,2,ok
baseline,corpus,DeviceN_CS_test.pdf,1,5,47.5,22163768,0,0,0,ok
baseline,corpus,ErcotFacts.pdf,1,2,43.7,14125208,0,0,0,ok
baseline,corpus,FICTIF_TABLE_INDEX.pdf,1,5,48.8,15509696,1,0,0,ok
baseline,corpus,FarmerMac.pdf,1,5,46.1,14126056,0,0,0,ok
baseline,corpus,GHOSTSCRIPT-696171-0.pdf,1,5,37.4,11351304,0,0,0,ok
baseline,corpus,GHOSTSCRIPT-697234-0.pdf,1,3,96.6,22757536,0,0,0,ok
baseline,corpus,GHOSTSCRIPT-697507-0.pdf,1,1,21.5,8000936,0,0,0,ok
baseline,corpus,GHOSTSCRIPT-698721-0.zip-6.pdf,1,2,20.2,7741856,0,0,0,ok
baseline,corpus,GHOSTSCRIPT-699035-0.pdf,1,5,168.1,38286112,1,1,1,ok
baseline,corpus,GHOSTSCRIPT-699178-0.pdf,1,3,21.3,8609352,0,0,0,ok
baseline,corpus,GHOSTSCRIPT-699488-0.pdf,1,1,19.4,8128088,0,0,0,ok
baseline,corpus,GHOSTSCRIPT-700125-1.pdf,1,5,58.3,17640576,1,0,0,ok
baseline,corpus,GHOSTSCRIPT-700139-0.pdf,1,2,333.8,117713880,3,2,2,ok
baseline,corpus,GHOSTSCRIPT-700236-1.pdf,1,5,40.4,13568120,0,0,0,ok
baseline,corpus,Gamebook.pdf,1,5,125.4,150693360,8,8,8,ok
baseline,corpus,ICML03-081.pdf,1,5,43.0,17286888,0,0,0,ok
baseline,corpus,Indexed-DeviceRGB-JPXDecode-0-.0.0.255.0.-Font-F1_1_missing_char_255-1.pdf,1,1,48.0,17081960,0,0,0,ok
baseline,corpus,Judgement Document.pdf,1,5,38.3,10864032,1,1,1,ok
baseline,corpus,Layer pdf - 322_High_Holborn_building_Brochure.pdf,1,3,127.3,37446864,0,0,0,ok
baseline,corpus,MOZILLA-10225-0.pdf,1,5,44.9,23118344,1,1,1,ok
baseline,corpus,MOZILLA-10372-2.pdf,1,5,31.0,13416240,0,0,0,ok
baseline,corpus,MOZILLA-2775-1.pdf,1,5,52.0,17747464,1,0,0,ok
baseline,corpus,MOZILLA-3136-0.pdf,1,4,682.8,219592592,3,1,1,ok
baseline,corpus,MOZILLA-7375-0.pdf,1,5,42.5,15735504,0,0,0,ok
baseline,corpus,Math119FakingData.pdf,1,5,22.0,9332480,0,0,0,ok
baseline,corpus,Motor Insurance claim form.pdf,1,3,294.1,67998184,3,3,2,ok
baseline,corpus,Multiple Page - from Mortality Statistics.pdf,1,5,29.5,15768088,0,0,0,ok
baseline,corpus,OPEN.RABBIT.ENGLISH.LOP.pdf,1,5,61.2,27701896,1,1,0,ok
baseline,corpus,Old Gutnish Internet Explorer.pdf,1,3,28.4,14922056,0,0,0,ok
baseline,corpus,P2P-33713919.pdf,1,5,37.9,23096496,0,0,0,ok
baseline,corpus,PDFBOX-492-4.jar-8.pdf,1,2,48.3,17002464,0,0,0,ok
baseline,corpus,PDFBOX-624-2.pdf,1,5,38.2,11353432,1,0,0,ok
baseline,corpus,Pig Production Handbook.pdf,1,5,17.5,11661304,0,0,0,ok
baseline,corpus,Publication_of_award_of_Bids_for_Transport_Sector__August_2016.pdf,1,5,21.0,8528320,0,0,0,ok
baseline,corpus,Rotation 45.pdf,1,4,50.9,17674168,0,0,0,ok
baseline,corpus,SPARC - v9 Architecture Manual.pdf,1,5,228.1,108579856,4,1,1,ok
baseline,corpus,SPE8EF26T0545.pdf,1,5,17.8,11406640,1,0,0,ok
baseline,corpus,TIKA-1552-0.pdf,1,5,29.8,23368440,0,0,0,ok
baseline,corpus,TIKA-2054-0.pdf,1,5,35.4,23324936,1,1,0,ok
baseline,corpus,Type0 Font.pdf,1,1,22.1,10342864,1,1,1,ok
baseline,corpus,Type0_CJK_Font.pdf,1,5,59.6,4918120,0,0,0,ok
baseline,corpus,capas.pdf,1,5,8.2,8295872,0,0,0,ok
baseline,corpus,cat-genetics_bobld.pdf,1,1,9.3,7026784,1,0,0,ok
baseline,corpus,cmap-parsing-exception.pdf,1,1,31.5,13350112,0,0,0,ok
baseline,corpus,dotnet-ai.pdf,1,5,30.1,32442560,1,1,1,ok
baseline,corpus,felltypes-test.pdf,1,1,15.1,4975952,0,0,0,ok
baseline,corpus,iron-ore-q2-q3-2013.pdf,1,5,45.6,36000024,1,1,1,ok
baseline,corpus,issue_671.pdf,1,2,29.2,18334432,1,1,1,ok
baseline,corpus,journal.pone.0196757.pdf,1,5,55.0,35589824,1,0,0,ok
baseline,corpus,jtehm-melillo-2679746.pdf,1,5,77.5,52898792,1,1,1,ok
baseline,corpus,pop-bugzilla37292.pdf,1,4,9.2,7985072,0,0,0,ok
baseline,corpus,reference-2-numeric-error.pdf,1,1,15.6,7196176,0,0,0,ok
baseline,corpus,ssm2163.pdf,1,5,19.6,10623144,0,0,0,ok
baseline,corpus,test-2_so_74165171.pdf,1,1,120.0,41139056,1,1,1,ok
baseline,corpus,testPdf-1.pdf,1,2,6.2,5929656,0,0,0,ok
baseline,corpus,test_a-5.pdf,1,5,99.5,69185920,2,1,1,ok
baseline,corpus,test_a.pdf,1,5,87.3,69185552,1,1,1,ok
baseline,corpus,toc.pdf,1,5,6.2,7514568,0,0,0,ok
baseline,corpus,type3-font-zero-height.pdf,1,1,19.6,7012392,0,0,0,ok
baseline,corpus,0000851.pdf,2,5,326.3,122448152,3,1,1,ok
baseline,corpus,11194059_2017-11_de_s.pdf,2,2,23.7,27469216,0,0,0,ok
baseline,corpus,2006_Swedish_Touring_Car_Championship.pdf,2,4,17.6,7880000,1,0,0,ok
baseline,corpus,2108.11480.pdf,2,5,71.4,76679800,0,0,0,ok
baseline,corpus,6.Secrets.to.Startup.Success.PDFDrive.pdf,2,5,39.0,24671736,1,1,1,ok
baseline,corpus,68-1990-01_A.pdf,2,5,41.2,44576648,0,0,0,ok
baseline,corpus,Approved_Document_B__fire_safety__volume_2_-_Buildings_other_than_dwellings__2019_edition_incorporating_2020_and_2022_amendments.pdf,2,5,45.5,52377592,2,2,2,ok
baseline,corpus,ClipPathLetterFilter-Test1.pdf,2,5,12.1,12729720,1,1,0,ok
baseline,corpus,ClipPathLetterFilter-Test2.pdf,2,1,6.7,8519280,0,0,0,ok
baseline,corpus,ColorIssue.pdf,2,1,33.0,32301824,1,1,1,ok
baseline,corpus,DeviceN_CS_test.pdf,2,5,23.0,22020816,1,1,1,ok
baseline,corpus,ErcotFacts.pdf,2,2,15.5,14114544,1,0,0,ok
baseline,corpus,FICTIF_TABLE_INDEX.pdf,2,5,12.9,15507456,0,0,0,ok
baseline,corpus,FarmerMac.pdf,2,5,11.3,14125632,0,0,0,ok
baseline,corpus,GHOSTSCRIPT-696171-0.pdf,2,5,11.9,11349720,1,1,0,ok
baseline,corpus,GHOSTSCRIPT-697234-0.pdf,2,3,26.0,22751840,1,0,0,ok
baseline,corpus,GHOSTSCRIPT-697507-0.pdf,2,1,8.2,7998264,0,0,0,ok
baseline,corpus,GHOSTSCRIPT-698721-0.zip-6.pdf,2,2,5.8,7741072,0,0,0,ok
baseline,corpus,GHOSTSCRIPT-699035-0.pdf,2,5,44.2,38284112,1,1,1,ok
baseline,corpus,GHOSTSCRIPT-699178-0.pdf,2,3,7.0,8609136,0,0,0,ok
baseline,corpus,GHOSTSCRIPT-699488-0.pdf,2,1,7.2,8125856,0,0,0,ok
baseline,corpus,GHOSTSCRIPT-700125-1.pdf,2,5,22.1,17640256,1,1,0,ok
baseline,corpus,GHOSTSCRIPT-700139-0.pdf,2,2,136.0,117450160,2,2,1,ok
baseline,corpus,GHOSTSCRIPT-700236-1.pdf,2,5,14.6,13567376,0,0,0,ok
baseline,corpus,Gamebook.pdf,2,5,13.0,9367112,1,0,0,ok
baseline,corpus,ICML03-081.pdf,2,5,21.4,17283536,1,0,0,ok
baseline,corpus,Indexed-DeviceRGB-JPXDecode-0-.0.0.255.0.-Font-F1_1_missing_char_255-1.pdf,2,1,24.6,17064240,0,0,0,ok
baseline,corpus,Judgement Document.pdf,2,5,11.9,9127904,0,0,0,ok
baseline,corpus,Layer pdf - 322_High_Holborn_building_Brochure.pdf,2,3,45.1,37065848,1,1,1,ok
baseline,corpus,MOZILLA-10225-0.pdf,2,5,12.8,23062808,0,0,0,ok
baseline,corpus,MOZILLA-10372-2.pdf,2,5,21.2,12996376,1,1,1,ok
baseline,corpus,MOZILLA-2775-1.pdf,2,5,13.5,17746880,0,0,0,ok
baseline,corpus,MOZILLA-3136-0.pdf,2,4,232.9,217541272,4,1,1,ok
baseline,corpus,MOZILLA-7375-0.pdf,2,5,11.4,15734280,0,0,0,ok
baseline,corpus,Math119FakingData.pdf,2,5,7.3,9330824,0,0,0,ok
baseline,corpus,Motor Insurance claim form.pdf,2,3,97.7,67359976,2,2,2,ok
baseline,corpus,Multiple Page - from Mortality Statistics.pdf,2,5,6.6,8224528,0,0,0,ok
baseline,corpus,OPEN.RABBIT.ENGLISH.LOP.pdf,2,5,36.5,27511888,1,1,0,ok
baseline,corpus,Old Gutnish Internet Explorer.pdf,2,3,10.8,14277200,0,0,0,ok
baseline,corpus,P2P-33713919.pdf,2,5,12.5,23054752,0,0,0,ok
baseline,corpus,PDFBOX-492-4.jar-8.pdf,2,2,27.9,16923784,1,1,1,ok
baseline,corpus,PDFBOX-624-2.pdf,2,5,8.0,11352008,0,0,0,ok
baseline,corpus,Pig Production Handbook.pdf,2,5,8.2,11660472,0,0,0,ok
baseline,corpus,Publication_of_award_of_Bids_for_Transport_Sector__August_2016.pdf,2,5,15.7,8291248,1,0,0,ok
baseline,corpus,Rotation 45.pdf,2,4,12.0,10018776,0,0,0,ok
baseline,corpus,SPARC - v9 Architecture Manual.pdf,2,5,89.0,108579664,2,1,1,ok
baseline,corpus,SPE8EF26T0545.pdf,2,5,11.1,11399896,1,0,0,ok
baseline,corpus,TIKA-1552-0.pdf,2,5,17.1,23346000,0,0,0,ok
baseline,corpus,TIKA-2054-0.pdf,2,5,26.7,23321352,1,1,0,ok
baseline,corpus,Type0 Font.pdf,2,1,16.1,9724432,1,1,1,ok
baseline,corpus,Type0_CJK_Font.pdf,2,5,9.7,3270944,0,0,0,ok
baseline,corpus,capas.pdf,2,5,6.0,8042120,0,0,0,ok
baseline,corpus,cat-genetics_bobld.pdf,2,1,4.8,7025248,0,0,0,ok
baseline,corpus,cmap-parsing-exception.pdf,2,1,14.9,13114656,0,0,0,ok
baseline,corpus,dotnet-ai.pdf,2,5,27.4,31752656,1,1,1,ok
baseline,corpus,felltypes-test.pdf,2,1,7.4,4974992,0,0,0,ok
baseline,corpus,iron-ore-q2-q3-2013.pdf,2,5,30.5,35960256,2,1,1,ok
baseline,corpus,issue_671.pdf,2,2,17.4,17902120,0,0,0,ok
baseline,corpus,journal.pone.0196757.pdf,2,5,24.5,35564176,0,0,0,ok
baseline,corpus,jtehm-melillo-2679746.pdf,2,5,64.7,52896248,2,1,1,ok
baseline,corpus,pop-bugzilla37292.pdf,2,4,6.4,7619000,0,0,0,ok
baseline,corpus,reference-2-numeric-error.pdf,2,1,8.7,7193704,0,0,0,ok
baseline,corpus,ssm2163.pdf,2,5,9.3,10612656,0,0,0,ok
baseline,corpus,test-2_so_74165171.pdf,2,1,69.8,39104872,1,1,1,ok
baseline,corpus,testPdf-1.pdf,2,2,5.5,5704840,0,0,0,ok
baseline,corpus,test_a-5.pdf,2,5,76.4,68828392,1,1,0,ok
baseline,corpus,test_a.pdf,2,5,74.9,68830280,2,1,1,ok
baseline,corpus,toc.pdf,2,5,4.7,7514448,0,0,0,ok
baseline,corpus,type3-font-zero-height.pdf,2,1,9.1,7006888,0,0,0,ok
baseline,corpus,0000851.pdf,3,5,177.9,122448032,2,1,1,ok
baseline,corpus,11194059_2017-11_de_s.pdf,3,2,32.7,27416528,1,0,0,ok
baseline,corpus,2006_Swedish_Touring_Car_Championship.pdf,3,4,6.1,7664064,0,0,0,ok
baseline,corpus,2108.11480.pdf,3,5,63.1,76076776,0,0,0,ok
baseline,corpus,6.Secrets.to.Startup.Success.PDFDrive.pdf,3,5,37.5,24671736,1,1,1,ok
baseline,corpus,68-1990-01_A.pdf,3,5,51.3,44326760,1,0,0,ok
baseline,corpus,Approved_Document_B__fire_safety__volume_2_-_Buildings_other_than_dwellings__2019_edition_incorporating_2020_and_2022_amendments.pdf,3,5,40.8,52377800,2,2,2,ok
baseline,corpus,ClipPathLetterFilter-Test1.pdf,3,5,9.7,12173264,0,0,0,ok
baseline,corpus,ClipPathLetterFilter-Test2.pdf,3,1,6.1,8369984,0,0,0,ok
baseline,corpus,ColorIssue.pdf,3,1,32.5,32181392,1,1,0,ok
baseline,corpus,DeviceN_CS_test.pdf,3,5,22.2,21629808,1,1,1,ok
baseline,corpus,ErcotFacts.pdf,3,2,12.3,13717728,0,0,0,ok
baseline,corpus,FICTIF_TABLE_INDEX.pdf,3,5,12.0,14805248,0,0,0,ok
baseline,corpus,FarmerMac.pdf,3,5,13.1,13732080,1,0,0,ok
baseline,corpus,GHOSTSCRIPT-696171-0.pdf,3,5,8.3,11349928,0,0,0,ok
baseline,corpus,GHOSTSCRIPT-697234-0.pdf,3,3,20.8,22751632,0,0,0,ok
baseline,corpus,GHOSTSCRIPT-697507-0.pdf,3,1,7.4,7998056,0,0,0,ok
baseline,corpus,GHOSTSCRIPT-698721-0.zip-6.pdf,3,2,5.6,7741072,0,0,0,ok
baseline,corpus,GHOSTSCRIPT-699035-0.pdf,3,5,48.5,38284112,1,1,1,ok
baseline,corpus,GHOSTSCRIPT-699178-0.pdf,3,3,6.2,8437008,0,0,0,ok
baseline,corpus,GHOSTSCRIPT-699488-0.pdf,3,1,6.4,8125856,0,0,0,ok
baseline,corpus,GHOSTSCRIPT-700125-1.pdf,3,5,11.8,17640256,0,0,0,ok
baseline,corpus,GHOSTSCRIPT-700139-0.pdf,3,2,120.1,116126784,2,2,1,ok
baseline,corpus,GHOSTSCRIPT-700236-1.pdf,3,5,11.0,13567376,0,0,0,ok
baseline,corpus,Gamebook.pdf,3,5,11.3,9367112,1,0,0,ok
baseline,corpus,ICML03-081.pdf,3,5,14.6,17283536,0,0,0,ok
baseline,corpus,Indexed-DeviceRGB-JPXDecode-0-.0.0.255.0.-Font-F1_1_missing_char_255-1.pdf,3,1,25.3,17064032,1,0,0,ok
baseline,corpus,Judgement Document.pdf,3,5,6.4,9128112,0,0,0,ok
baseline,corpus,Layer pdf - 322_High_Holborn_building_Brochure.pdf,3,3,28.4,37064168,0,0,0,ok
baseline,corpus,MOZILLA-10225-0.pdf,3,5,14.9,23062600,0,0,0,ok
baseline,corpus,MOZILLA-10372-2.pdf,3,5,25.2,12996376,1,1,1,ok
baseline,corpus,MOZILLA-2775-1.pdf,3,5,13.4,17746880,0,0,0,ok
baseline,corpus,MOZILLA-3136-0.pdf,3,4,234.5,217541272,5,1,1,ok
baseline,corpus,MOZILLA-7375-0.pdf,3,5,12.2,15734280,0,0,0,ok
baseline,corpus,Math119FakingData.pdf,3,5,6.5,9330824,0,0,0,ok
baseline,corpus,Motor Insurance claim form.pdf,3,3,94.9,67359976,2,2,2,ok
baseline,corpus,Multiple Page - from Mortality Statistics.pdf,3,5,6.2,8224528,0,0,0,ok
baseline,corpus,OPEN.RABBIT.ENGLISH.LOP.pdf,3,5,37.7,27511888,1,1,0,ok
baseline,corpus,Old Gutnish Internet Explorer.pdf,3,3,10.9,14277200,0,0,0,ok
baseline,corpus,P2P-33713919.pdf,3,5,22.1,23056432,1,1,1,ok
baseline,corpus,PDFBOX-492-4.jar-8.pdf,3,2,16.5,16922312,0,0,0,ok
baseline,corpus,PDFBOX-624-2.pdf,3,5,8.5,11351800,0,0,0,ok
baseline,corpus,Pig Production Handbook.pdf,3,5,18.1,11660472,1,0,0,ok
baseline,corpus,Publication_of_award_of_Bids_for_Transport_Sector__August_2016.pdf,3,5,6.9,8291456,0,0,0,ok
baseline,corpus,Rotation 45.pdf,3,4,10.8,10018568,0,0,0,ok
baseline,corpus,SPARC - v9 Architecture Manual.pdf,3,5,89.0,108579664,2,1,1,ok
baseline,corpus,SPE8EF26T0545.pdf,3,5,10.5,11399896,1,0,0,ok
baseline,corpus,TIKA-1552-0.pdf,3,5,16.1,23346000,0,0,0,ok
baseline,corpus,TIKA-2054-0.pdf,3,5,26.7,23321352,1,1,0,ok
baseline,corpus,Type0 Font.pdf,3,1,15.3,9724432,1,1,1,ok
baseline,corpus,Type0_CJK_Font.pdf,3,5,8.1,3270944,0,0,0,ok
baseline,corpus,capas.pdf,3,5,5.7,8042120,0,0,0,ok
baseline,corpus,cat-genetics_bobld.pdf,3,1,5.5,7025248,0,0,0,ok
baseline,corpus,cmap-parsing-exception.pdf,3,1,15.8,13114656,0,0,0,ok
baseline,corpus,dotnet-ai.pdf,3,5,27.0,31752656,1,1,1,ok
baseline,corpus,felltypes-test.pdf,3,1,7.6,4974992,0,0,0,ok
baseline,corpus,iron-ore-q2-q3-2013.pdf,3,5,19.4,35957640,1,0,0,ok
baseline,corpus,issue_671.pdf,3,2,27.2,17903800,1,1,1,ok
baseline,corpus,journal.pone.0196757.pdf,3,5,22.3,35564384,0,0,0,ok
baseline,corpus,jtehm-melillo-2679746.pdf,3,5,54.0,52894568,1,0,0,ok
baseline,corpus,pop-bugzilla37292.pdf,3,4,6.3,7619000,0,0,0,ok
baseline,corpus,reference-2-numeric-error.pdf,3,1,8.2,7193704,0,0,0,ok
baseline,corpus,ssm2163.pdf,3,5,9.0,10612656,0,0,0,ok
baseline,corpus,test-2_so_74165171.pdf,3,1,59.8,39104872,1,1,1,ok
baseline,corpus,testPdf-1.pdf,3,2,5.4,5704840,0,0,0,ok
baseline,corpus,test_a-5.pdf,3,5,82.5,68830072,2,1,1,ok
baseline,corpus,test_a.pdf,3,5,64.4,68830280,1,1,1,ok
baseline,corpus,toc.pdf,3,5,4.7,7514448,0,0,0,ok
baseline,corpus,type3-font-zero-height.pdf,3,1,8.5,7006888,0,0,0,ok
scanner+form,corpus,0000851.pdf,1,5,1000.5,165473008,4,2,2,ok
scanner+form,corpus,11194059_2017-11_de_s.pdf,1,2,119.8,27625312,1,0,0,ok
scanner+form,corpus,2006_Swedish_Touring_Car_Championship.pdf,1,4,28.2,7849216,0,0,0,ok
scanner+form,corpus,2108.11480.pdf,1,5,191.1,75493528,2,1,1,ok
scanner+form,corpus,6.Secrets.to.Startup.Success.PDFDrive.pdf,1,5,77.1,24676504,1,1,1,ok
scanner+form,corpus,68-1990-01_A.pdf,1,5,213.1,64725584,2,1,1,ok
scanner+form,corpus,Approved_Document_B__fire_safety__volume_2_-_Buildings_other_than_dwellings__2019_edition_incorporating_2020_and_2022_amendments.pdf,1,5,101.9,51975912,2,2,2,ok
scanner+form,corpus,ClipPathLetterFilter-Test1.pdf,1,5,90.6,41278216,1,0,0,ok
scanner+form,corpus,ClipPathLetterFilter-Test2.pdf,1,1,21.9,8781912,0,0,0,ok
scanner+form,corpus,ColorIssue.pdf,1,1,94.2,33573968,2,2,2,ok
scanner+form,corpus,DeviceN_CS_test.pdf,1,5,45.5,22010136,0,0,0,ok
scanner+form,corpus,ErcotFacts.pdf,1,2,42.2,13768824,0,0,0,ok
scanner+form,corpus,FICTIF_TABLE_INDEX.pdf,1,5,49.0,15511936,1,0,0,ok
scanner+form,corpus,FarmerMac.pdf,1,5,48.9,14097616,0,0,0,ok
scanner+form,corpus,GHOSTSCRIPT-696171-0.pdf,1,5,37.4,11337784,0,0,0,ok
scanner+form,corpus,GHOSTSCRIPT-697234-0.pdf,1,3,93.5,22683912,0,0,0,ok
scanner+form,corpus,GHOSTSCRIPT-697507-0.pdf,1,1,20.6,7909344,0,0,0,ok
scanner+form,corpus,GHOSTSCRIPT-698721-0.zip-6.pdf,1,2,16.8,7318696,0,0,0,ok
scanner+form,corpus,GHOSTSCRIPT-699035-0.pdf,1,5,163.1,38286992,1,1,1,ok
scanner+form,corpus,GHOSTSCRIPT-699178-0.pdf,1,3,20.3,8592480,0,0,0,ok
scanner+form,corpus,GHOSTSCRIPT-699488-0.pdf,1,1,19.9,8123080,0,0,0,ok
scanner+form,corpus,GHOSTSCRIPT-700125-1.pdf,1,5,56.8,16342432,1,0,0,ok
scanner+form,corpus,GHOSTSCRIPT-700139-0.pdf,1,2,344.8,117738456,3,2,2,ok
scanner+form,corpus,GHOSTSCRIPT-700236-1.pdf,1,5,38.3,13419384,0,0,0,ok
scanner+form,corpus,Gamebook.pdf,1,5,125.1,150680408,8,8,8,ok
scanner+form,corpus,ICML03-081.pdf,1,5,45.5,17265232,0,0,0,ok
scanner+form,corpus,Indexed-DeviceRGB-JPXDecode-0-.0.0.255.0.-Font-F1_1_missing_char_255-1.pdf,1,1,54.4,16994440,1,1,0,ok
scanner+form,corpus,Judgement Document.pdf,1,5,33.2,10865120,1,1,1,ok
scanner+form,corpus,Layer pdf - 322_High_Holborn_building_Brochure.pdf,1,3,130.0,37447392,0,0,0,ok
scanner+form,corpus,MOZILLA-10225-0.pdf,1,5,44.2,23053432,1,1,1,ok
scanner+form,corpus,MOZILLA-10372-2.pdf,1,5,31.7,13416944,0,0,0,ok
scanner+form,corpus,MOZILLA-2775-1.pdf,1,5,48.9,17667112,1,0,0,ok
scanner+form,corpus,MOZILLA-3136-0.pdf,1,4,688.3,219618992,3,1,1,ok
scanner+form,corpus,MOZILLA-7375-0.pdf,1,5,42.5,15739328,0,0,0,ok
scanner+form,corpus,Math119FakingData.pdf,1,5,21.1,9254488,0,0,0,ok
scanner+form,corpus,Motor Insurance claim form.pdf,1,3,301.4,67900504,3,3,2,ok
scanner+form,corpus,Multiple Page - from Mortality Statistics.pdf,1,5,29.3,15745128,0,0,0,ok
scanner+form,corpus,OPEN.RABBIT.ENGLISH.LOP.pdf,1,5,57.2,27705320,1,0,0,ok
scanner+form,corpus,Old Gutnish Internet Explorer.pdf,1,3,26.6,14916200,0,0,0,ok
scanner+form,corpus,P2P-33713919.pdf,1,5,35.1,23043496,0,0,0,ok
scanner+form,corpus,PDFBOX-492-4.jar-8.pdf,1,2,43.8,16936536,0,0,0,ok
scanner+form,corpus,PDFBOX-624-2.pdf,1,5,17.9,11333864,0,0,0,ok
scanner+form,corpus,Pig Production Handbook.pdf,1,5,15.5,11474736,0,0,0,ok
scanner+form,corpus,Publication_of_award_of_Bids_for_Transport_Sector__August_2016.pdf,1,5,20.9,8529200,0,0,0,ok
scanner+form,corpus,Rotation 45.pdf,1,4,57.3,17555464,0,0,0,ok
scanner+form,corpus,SPARC - v9 Architecture Manual.pdf,1,5,206.9,73964152,1,1,1,ok
scanner+form,corpus,SPE8EF26T0545.pdf,1,5,13.6,11437216,0,0,0,ok
scanner+form,corpus,TIKA-1552-0.pdf,1,5,28.7,23368936,0,0,0,ok
scanner+form,corpus,TIKA-2054-0.pdf,1,5,40.6,20482192,1,0,0,ok
scanner+form,corpus,Type0 Font.pdf,1,1,19.2,10342472,1,1,1,ok
scanner+form,corpus,Type0_CJK_Font.pdf,1,5,57.4,4864352,0,0,0,ok
scanner+form,corpus,capas.pdf,1,5,7.6,8262632,0,0,0,ok
scanner+form,corpus,cat-genetics_bobld.pdf,1,1,7.3,7032528,0,0,0,ok
scanner+form,corpus,cmap-parsing-exception.pdf,1,1,17.9,13352352,0,0,0,ok
scanner+form,corpus,dotnet-ai.pdf,1,5,32.4,32244688,1,1,1,ok
scanner+form,corpus,felltypes-test.pdf,1,1,15.0,4976128,0,0,0,ok
scanner+form,corpus,iron-ore-q2-q3-2013.pdf,1,5,41.5,36001992,1,1,1,ok
scanner+form,corpus,issue_671.pdf,1,2,29.1,18272584,1,1,1,ok
scanner+form,corpus,journal.pone.0196757.pdf,1,5,54.4,35351144,1,0,0,ok
scanner+form,corpus,jtehm-melillo-2679746.pdf,1,5,78.4,52744416,1,1,1,ok
scanner+form,corpus,pop-bugzilla37292.pdf,1,4,9.2,7958880,0,0,0,ok
scanner+form,corpus,reference-2-numeric-error.pdf,1,1,16.8,7150632,0,0,0,ok
scanner+form,corpus,ssm2163.pdf,1,5,17.6,10271224,0,0,0,ok
scanner+form,corpus,test-2_so_74165171.pdf,1,1,125.7,41138800,1,1,1,ok
scanner+form,corpus,testPdf-1.pdf,1,2,18.2,5928568,1,1,1,ok
scanner+form,corpus,test_a-5.pdf,1,5,77.2,69147896,1,0,0,ok
scanner+form,corpus,test_a.pdf,1,5,81.0,69149000,1,1,1,ok
scanner+form,corpus,toc.pdf,1,5,23.2,7517448,1,0,0,ok
scanner+form,corpus,type3-font-zero-height.pdf,1,1,16.4,7005408,0,0,0,ok
scanner+form,corpus,0000851.pdf,2,5,294.6,118362032,2,1,1,ok
scanner+form,corpus,11194059_2017-11_de_s.pdf,2,2,50.5,27471536,1,1,1,ok
scanner+form,corpus,2006_Swedish_Touring_Car_Championship.pdf,2,4,6.0,7844632,0,0,0,ok
scanner+form,corpus,2108.11480.pdf,2,5,76.0,75375672,1,0,0,ok
scanner+form,corpus,6.Secrets.to.Startup.Success.PDFDrive.pdf,2,5,19.8,24671144,0,0,0,ok
scanner+form,corpus,68-1990-01_A.pdf,2,5,63.4,44580472,2,1,1,ok
scanner+form,corpus,Approved_Document_B__fire_safety__volume_2_-_Buildings_other_than_dwellings__2019_edition_incorporating_2020_and_2022_amendments.pdf,2,5,46.4,51971424,2,2,2,ok
scanner+form,corpus,ClipPathLetterFilter-Test1.pdf,2,5,11.3,12680528,0,0,0,ok
scanner+form,corpus,ClipPathLetterFilter-Test2.pdf,2,1,7.7,8519248,0,0,0,ok
scanner+form,corpus,ColorIssue.pdf,2,1,36.6,31996320,1,1,0,ok
scanner+form,corpus,DeviceN_CS_test.pdf,2,5,14.4,21865504,0,0,0,ok
scanner+form,corpus,ErcotFacts.pdf,2,2,16.4,13757952,0,0,0,ok
scanner+form,corpus,FICTIF_TABLE_INDEX.pdf,2,5,13.9,15509488,0,0,0,ok
scanner+form,corpus,FarmerMac.pdf,2,5,12.2,14097192,0,0,0,ok
scanner+form,corpus,GHOSTSCRIPT-696171-0.pdf,2,5,19.8,11336200,1,1,0,ok
scanner+form,corpus,GHOSTSCRIPT-697234-0.pdf,2,3,29.6,22678216,1,0,0,ok
scanner+form,corpus,GHOSTSCRIPT-697507-0.pdf,2,1,8.0,7906672,0,0,0,ok
scanner+form,corpus,GHOSTSCRIPT-698721-0.zip-6.pdf,2,2,6.3,7317912,0,0,0,ok
scanner+form,corpus,GHOSTSCRIPT-699035-0.pdf,2,5,46.6,38284992,1,1,1,ok
scanner+form,corpus,GHOSTSCRIPT-699178-0.pdf,2,3,7.2,8592264,0,0,0,ok
scanner+form,corpus,GHOSTSCRIPT-699488-0.pdf,2,1,7.9,8120848,0,0,0,ok
scanner+form,corpus,GHOSTSCRIPT-700125-1.pdf,2,5,12.4,16342112,0,0,0,ok
scanner+form,corpus,GHOSTSCRIPT-700139-0.pdf,2,2,138.0,117474528,2,2,1,ok
scanner+form,corpus,GHOSTSCRIPT-700236-1.pdf,2,5,14.9,13418640,0,0,0,ok
scanner+form,corpus,Gamebook.pdf,2,5,16.9,9354160,1,0,0,ok
scanner+form,corpus,ICML03-081.pdf,2,5,17.2,17261880,0,0,0,ok
scanner+form,corpus,Indexed-DeviceRGB-JPXDecode-0-.0.0.255.0.-Font-F1_1_missing_char_255-1.pdf,2,1,22.2,16976512,0,0,0,ok
scanner+form,corpus,Judgement Document.pdf,2,5,8.3,9128784,1,0,0,ok
scanner+form,corpus,Layer pdf - 322_High_Holborn_building_Brochure.pdf,2,3,37.0,37066584,1,1,1,ok
scanner+form,corpus,MOZILLA-10225-0.pdf,2,5,24.3,22999576,1,1,1,ok
scanner+form,corpus,MOZILLA-10372-2.pdf,2,5,10.1,12995608,0,0,0,ok
scanner+form,corpus,MOZILLA-2775-1.pdf,2,5,14.0,17666320,1,0,0,ok
scanner+form,corpus,MOZILLA-3136-0.pdf,2,4,210.5,217566200,3,2,0,ok
scanner+form,corpus,MOZILLA-7375-0.pdf,2,5,16.2,15738104,0,0,0,ok
scanner+form,corpus,Math119FakingData.pdf,2,5,9.4,9252832,0,0,0,ok
scanner+form,corpus,Motor Insurance claim form.pdf,2,3,117.5,67258936,1,0,0,ok
scanner+form,corpus,Multiple Page - from Mortality Statistics.pdf,2,5,6.1,8201568,0,0,0,ok
scanner+form,corpus,OPEN.RABBIT.ENGLISH.LOP.pdf,2,5,19.8,27515312,0,0,0,ok
scanner+form,corpus,Old Gutnish Internet Explorer.pdf,2,3,34.1,14272816,1,1,1,ok
scanner+form,corpus,P2P-33713919.pdf,2,5,12.2,23001960,0,0,0,ok
scanner+form,corpus,PDFBOX-492-4.jar-8.pdf,2,2,18.5,16856176,0,0,0,ok
scanner+form,corpus,PDFBOX-624-2.pdf,2,5,8.4,11332232,0,0,0,ok
scanner+form,corpus,Pig Production Handbook.pdf,2,5,8.4,11474112,0,0,0,ok
scanner+form,corpus,Publication_of_award_of_Bids_for_Transport_Sector__August_2016.pdf,2,5,26.0,8292128,1,1,0,ok
scanner+form,corpus,Rotation 45.pdf,2,4,11.7,9900072,0,0,0,ok
scanner+form,corpus,SPARC - v9 Architecture Manual.pdf,2,5,73.0,73963960,2,1,1,ok
scanner+form,corpus,SPE8EF26T0545.pdf,2,5,8.9,11430472,0,0,0,ok
scanner+form,corpus,TIKA-1552-0.pdf,2,5,34.2,23348176,1,1,1,ok
scanner+form,corpus,TIKA-2054-0.pdf,2,5,16.8,20478816,0,0,0,ok
scanner+form,corpus,Type0 Font.pdf,2,1,8.3,9722152,0,0,0,ok
scanner+form,corpus,Type0_CJK_Font.pdf,2,5,11.3,3216968,0,0,0,ok
scanner+form,corpus,capas.pdf,2,5,6.1,8008880,0,0,0,ok
scanner+form,corpus,cat-genetics_bobld.pdf,2,1,9.6,7030992,0,0,0,ok
scanner+form,corpus,cmap-parsing-exception.pdf,2,1,31.5,13118784,1,1,1,ok
scanner+form,corpus,dotnet-ai.pdf,2,5,24.7,31554992,1,1,1,ok
scanner+form,corpus,felltypes-test.pdf,2,1,7.8,4975168,0,0,0,ok
scanner+form,corpus,iron-ore-q2-q3-2013.pdf,2,5,17.5,35959192,0,0,0,ok
scanner+form,corpus,issue_671.pdf,2,2,25.4,17840064,1,1,0,ok
scanner+form,corpus,journal.pone.0196757.pdf,2,5,32.1,35325704,0,0,0,ok
scanner+form,corpus,jtehm-melillo-2679746.pdf,2,5,61.3,52740192,1,1,0,ok
scanner+form,corpus,pop-bugzilla37292.pdf,2,4,6.1,7592808,0,0,0,ok
scanner+form,corpus,reference-2-numeric-error.pdf,2,1,8.3,7148160,0,0,0,ok
scanner+form,corpus,ssm2163.pdf,2,5,8.3,10260736,0,0,0,ok
scanner+form,corpus,test-2_so_74165171.pdf,2,1,57.3,39102936,1,1,0,ok
scanner+form,corpus,testPdf-1.pdf,2,2,5.2,5702072,0,0,0,ok
scanner+form,corpus,test_a-5.pdf,2,5,75.8,68793520,1,1,1,ok
scanner+form,corpus,test_a.pdf,2,5,64.5,68792048,1,0,0,ok
scanner+form,corpus,toc.pdf,2,5,5.5,7517328,0,0,0,ok
scanner+form,corpus,type3-font-zero-height.pdf,2,1,21.6,7001376,1,1,1,ok
scanner+form,corpus,0000851.pdf,3,5,164.5,118360440,1,0,0,ok
scanner+form,corpus,11194059_2017-11_de_s.pdf,3,2,26.5,27417152,2,1,0,ok
scanner+form,corpus,2006_Swedish_Touring_Car_Championship.pdf,3,4,5.9,7628392,0,0,0,ok
scanner+form,corpus,2108.11480.pdf,3,5,76.7,74774496,2,2,1,ok
scanner+form,corpus,6.Secrets.to.Startup.Success.PDFDrive.pdf,3,5,17.7,24671144,0,0,0,ok
scanner+form,corpus,68-1990-01_A.pdf,3,5,77.7,44330472,2,2,1,ok
scanner+form,corpus,Approved_Document_B__fire_safety__volume_2_-_Buildings_other_than_dwellings__2019_edition_incorporating_2020_and_2022_amendments.pdf,3,5,36.8,51969744,1,1,1,ok
scanner+form,corpus,ClipPathLetterFilter-Test1.pdf,3,5,10.6,12124592,0,0,0,ok
scanner+form,corpus,ClipPathLetterFilter-Test2.pdf,3,1,6.6,8370160,0,0,0,ok
scanner+form,corpus,ColorIssue.pdf,3,1,36.5,31879248,1,1,1,ok
scanner+form,corpus,DeviceN_CS_test.pdf,3,5,21.2,21476176,1,1,1,ok
scanner+form,corpus,ErcotFacts.pdf,3,2,17.3,13361344,1,0,0,ok
scanner+form,corpus,FICTIF_TABLE_INDEX.pdf,3,5,12.4,14807696,0,0,0,ok
scanner+form,corpus,FarmerMac.pdf,3,5,11.6,13703640,0,0,0,ok
scanner+form,corpus,GHOSTSCRIPT-696171-0.pdf,3,5,10.1,11336200,0,0,0,ok
scanner+form,corpus,GHOSTSCRIPT-697234-0.pdf,3,3,34.7,22678008,1,0,0,ok
scanner+form,corpus,GHOSTSCRIPT-697507-0.pdf,3,1,7.8,7906672,0,0,0,ok
scanner+form,corpus,GHOSTSCRIPT-698721-0.zip-6.pdf,3,2,5.7,7317912,0,0,0,ok
scanner+form,corpus,GHOSTSCRIPT-699035-0.pdf,3,5,46.1,38284992,1,1,1,ok
scanner+form,corpus,GHOSTSCRIPT-699178-0.pdf,3,3,6.5,8420136,0,0,0,ok
scanner+form,corpus,GHOSTSCRIPT-699488-0.pdf,3,1,6.6,8120848,0,0,0,ok
scanner+form,corpus,GHOSTSCRIPT-700125-1.pdf,3,5,11.0,16342112,0,0,0,ok
scanner+form,corpus,GHOSTSCRIPT-700139-0.pdf,3,2,119.5,116151360,2,1,1,ok
scanner+form,corpus,GHOSTSCRIPT-700236-1.pdf,3,5,10.7,13418640,0,0,0,ok
scanner+form,corpus,Gamebook.pdf,3,5,10.9,9354160,0,0,0,ok
scanner+form,corpus,ICML03-081.pdf,3,5,19.5,17261672,0,0,0,ok
scanner+form,corpus,Indexed-DeviceRGB-JPXDecode-0-.0.0.255.0.-Font-F1_1_missing_char_255-1.pdf,3,1,27.0,16976512,0,0,0,ok
scanner+form,corpus,Judgement Document.pdf,3,5,8.8,9128784,0,0,0,ok
scanner+form,corpus,Layer pdf - 322_High_Holborn_building_Brochure.pdf,3,3,58.7,37064696,1,1,0,ok
scanner+form,corpus,MOZILLA-10225-0.pdf,3,5,13.6,22997896,0,0,0,ok
scanner+form,corpus,MOZILLA-10372-2.pdf,3,5,18.2,12997080,1,1,1,ok
scanner+form,corpus,MOZILLA-2775-1.pdf,3,5,13.0,17666528,0,0,0,ok
scanner+form,corpus,MOZILLA-3136-0.pdf,3,4,211.0,217567672,3,1,1,ok
scanner+form,corpus,MOZILLA-7375-0.pdf,3,5,33.4,15739784,1,1,1,ok
scanner+form,corpus,Math119FakingData.pdf,3,5,7.2,9253040,0,0,0,ok
scanner+form,corpus,Motor Insurance claim form.pdf,3,3,82.8,67260616,2,1,1,ok
scanner+form,corpus,Multiple Page - from Mortality Statistics.pdf,3,5,5.8,8201568,0,0,0,ok
scanner+form,corpus,OPEN.RABBIT.ENGLISH.LOP.pdf,3,5,36.2,27515312,1,0,0,ok
scanner+form,corpus,Old Gutnish Internet Explorer.pdf,3,3,10.2,14271344,0,0,0,ok
scanner+form,corpus,P2P-33713919.pdf,3,5,23.4,23003432,1,1,1,ok
scanner+form,corpus,PDFBOX-492-4.jar-8.pdf,3,2,16.2,16856384,0,0,0,ok
scanner+form,corpus,PDFBOX-624-2.pdf,3,5,8.7,11332232,0,0,0,ok
scanner+form,corpus,Pig Production Handbook.pdf,3,5,7.3,11474112,0,0,0,ok
scanner+form,corpus,Publication_of_award_of_Bids_for_Transport_Sector__August_2016.pdf,3,5,6.2,8292128,0,0,0,ok
scanner+form,corpus,Rotation 45.pdf,3,4,24.1,9900384,1,1,0,ok
scanner+form,corpus,SPARC - v9 Architecture Manual.pdf,3,5,74.9,73964168,2,1,1,ok
scanner+form,corpus,SPE8EF26T0545.pdf,3,5,8.0,11430472,0,0,0,ok
scanner+form,corpus,TIKA-1552-0.pdf,3,5,17.0,23346496,0,0,0,ok
scanner+form,corpus,TIKA-2054-0.pdf,3,5,17.4,20478608,0,0,0,ok
scanner+form,corpus,Type0 Font.pdf,3,1,23.7,9723832,1,1,1,ok
scanner+form,corpus,Type0_CJK_Font.pdf,3,5,8.2,3217176,0,0,0,ok
scanner+form,corpus,capas.pdf,3,5,5.3,8008880,0,0,0,ok
scanner+form,corpus,cat-genetics_bobld.pdf,3,1,4.9,7030992,0,0,0,ok
scanner+form,corpus,cmap-parsing-exception.pdf,3,1,15.6,13117104,0,0,0,ok
scanner+form,corpus,dotnet-ai.pdf,3,5,26.9,31554784,1,1,1,ok
scanner+form,corpus,felltypes-test.pdf,3,1,7.3,4975168,0,0,0,ok
scanner+form,corpus,iron-ore-q2-q3-2013.pdf,3,5,30.5,35961288,1,1,1,ok
scanner+form,corpus,issue_671.pdf,3,2,16.5,17840272,0,0,0,ok
scanner+form,corpus,journal.pone.0196757.pdf,3,5,21.9,35325496,0,0,0,ok
scanner+form,corpus,jtehm-melillo-2679746.pdf,3,5,64.6,52741872,2,2,1,ok
scanner+form,corpus,pop-bugzilla37292.pdf,3,4,6.2,7592808,0,0,0,ok
scanner+form,corpus,reference-2-numeric-error.pdf,3,1,7.7,7148160,0,0,0,ok
scanner+form,corpus,ssm2163.pdf,3,5,7.8,10260736,0,0,0,ok
scanner+form,corpus,test-2_so_74165171.pdf,3,1,60.0,39104616,1,1,1,ok
scanner+form,corpus,testPdf-1.pdf,3,2,5.3,5702072,0,0,0,ok
scanner+form,corpus,test_a-5.pdf,3,5,76.4,68791840,1,1,0,ok
scanner+form,corpus,test_a.pdf,3,5,76.6,68793728,2,1,1,ok
scanner+form,corpus,toc.pdf,3,5,4.5,7517328,0,0,0,ok
scanner+form,corpus,type3-font-zero-height.pdf,3,1,8.1,6999696,0,0,0,ok
full,corpus,0000851.pdf,1,5,993.1,165466984,4,2,2,ok
full,corpus,11194059_2017-11_de_s.pdf,1,2,121.2,27619760,1,0,0,ok
full,corpus,2006_Swedish_Touring_Car_Championship.pdf,1,4,27.5,7846528,0,0,0,ok
full,corpus,2108.11480.pdf,1,5,189.0,75465408,2,1,1,ok
full,corpus,6.Secrets.to.Startup.Success.PDFDrive.pdf,1,5,73.2,24695056,1,1,1,ok
full,corpus,68-1990-01_A.pdf,1,5,198.5,64717776,2,1,1,ok
full,corpus,Approved_Document_B__fire_safety__volume_2_-_Buildings_other_than_dwellings__2019_edition_incorporating_2020_and_2022_amendments.pdf,1,5,95.3,51972464,2,2,2,ok
full,corpus,ClipPathLetterFilter-Test1.pdf,1,5,89.5,41274768,1,0,0,ok
full,corpus,ClipPathLetterFilter-Test2.pdf,1,1,21.5,8781864,0,0,0,ok
full,corpus,ColorIssue.pdf,1,1,98.4,33572864,2,2,2,ok
full,corpus,DeviceN_CS_test.pdf,1,5,47.2,22005352,0,0,0,ok
full,corpus,ErcotFacts.pdf,1,2,42.6,13765496,0,0,0,ok
full,corpus,FICTIF_TABLE_INDEX.pdf,1,5,47.7,15507880,1,0,0,ok
full,corpus,FarmerMac.pdf,1,5,45.6,14093880,0,0,0,ok
full,corpus,GHOSTSCRIPT-696171-0.pdf,1,5,36.2,11333512,0,0,0,ok
full,corpus,GHOSTSCRIPT-697234-0.pdf,1,3,93.4,22679392,0,0,0,ok
full,corpus,GHOSTSCRIPT-697507-0.pdf,1,1,22.5,7906592,0,0,0,ok
full,corpus,GHOSTSCRIPT-698721-0.zip-6.pdf,1,2,18.3,7316016,0,0,0,ok
full,corpus,GHOSTSCRIPT-699035-0.pdf,1,5,166.1,38283752,1,1,1,ok
full,corpus,GHOSTSCRIPT-699178-0.pdf,1,3,21.8,8589984,0,0,0,ok
full,corpus,GHOSTSCRIPT-699488-0.pdf,1,1,20.8,8121624,0,0,0,ok
full,corpus,GHOSTSCRIPT-700125-1.pdf,1,5,56.9,16241440,1,0,0,ok
full,corpus,GHOSTSCRIPT-700139-0.pdf,1,2,345.9,117762048,3,2,2,ok
full,corpus,GHOSTSCRIPT-700236-1.pdf,1,5,39.9,13414128,0,0,0,ok
full,corpus,Gamebook.pdf,1,5,128.7,150678624,8,8,8,ok
full,corpus,ICML03-081.pdf,1,5,47.7,17260816,0,0,0,ok
full,corpus,Indexed-DeviceRGB-JPXDecode-0-.0.0.255.0.-Font-F1_1_missing_char_255-1.pdf,1,1,55.2,16992768,1,1,0,ok
full,corpus,Judgement Document.pdf,1,5,33.9,10862400,1,1,1,ok
full,corpus,Layer pdf - 322_High_Holborn_building_Brochure.pdf,1,3,126.7,37443448,0,0,0,ok
full,corpus,MOZILLA-10225-0.pdf,1,5,42.1,23049168,1,1,1,ok
full,corpus,MOZILLA-10372-2.pdf,1,5,33.6,13415352,0,0,0,ok
full,corpus,MOZILLA-2775-1.pdf,1,5,51.8,17662936,1,0,0,ok
full,corpus,MOZILLA-3136-0.pdf,1,4,704.6,219638792,3,1,1,ok
full,corpus,MOZILLA-7375-0.pdf,1,5,42.7,15735656,0,0,0,ok
full,corpus,Math119FakingData.pdf,1,5,24.1,9250472,0,0,0,ok
full,corpus,Motor Insurance claim form.pdf,1,3,298.2,67896448,3,3,2,ok
full,corpus,Multiple Page - from Mortality Statistics.pdf,1,5,29.0,15741024,0,0,0,ok
full,corpus,OPEN.RABBIT.ENGLISH.LOP.pdf,1,5,59.2,27703344,1,1,0,ok
full,corpus,Old Gutnish Internet Explorer.pdf,1,3,26.5,14914472,0,0,0,ok
full,corpus,P2P-33713919.pdf,1,5,35.0,23035480,0,0,0,ok
full,corpus,PDFBOX-492-4.jar-8.pdf,1,2,45.4,16933488,0,0,0,ok
full,corpus,PDFBOX-624-2.pdf,1,5,33.2,11328008,1,0,0,ok
full,corpus,Pig Production Handbook.pdf,1,5,14.1,11470304,0,0,0,ok
full,corpus,Publication_of_award_of_Bids_for_Transport_Sector__August_2016.pdf,1,5,18.2,8525216,0,0,0,ok
full,corpus,Rotation 45.pdf,1,4,49.7,17550640,0,0,0,ok
full,corpus,SPARC - v9 Architecture Manual.pdf,1,5,183.9,73960912,2,1,1,ok
full,corpus,SPE8EF26T0545.pdf,1,5,12.3,11460488,0,0,0,ok
full,corpus,TIKA-1552-0.pdf,1,5,26.3,23365344,0,0,0,ok
full,corpus,TIKA-2054-0.pdf,1,5,38.3,20454944,1,1,1,ok
full,corpus,Type0 Font.pdf,1,1,9.8,10339968,0,0,0,ok
full,corpus,Type0_CJK_Font.pdf,1,5,59.1,4859576,0,0,0,ok
full,corpus,capas.pdf,1,5,7.3,8259768,0,0,0,ok
full,corpus,cat-genetics_bobld.pdf,1,1,7.3,7030912,0,0,0,ok
full,corpus,cmap-parsing-exception.pdf,1,1,28.4,13353640,1,1,1,ok
full,corpus,dotnet-ai.pdf,1,5,25.5,32238800,1,1,1,ok
full,corpus,felltypes-test.pdf,1,1,15.9,4975832,0,0,0,ok
full,corpus,iron-ore-q2-q3-2013.pdf,1,5,37.9,35995056,1,0,0,ok
full,corpus,issue_671.pdf,1,2,18.1,18268216,0,0,0,ok
full,corpus,journal.pone.0196757.pdf,1,5,48.2,35345992,0,0,0,ok
full,corpus,jtehm-melillo-2679746.pdf,1,5,75.0,52738016,1,0,0,ok
full,corpus,pop-bugzilla37292.pdf,1,4,8.9,7955808,0,0,0,ok
full,corpus,reference-2-numeric-error.pdf,1,1,14.8,7149616,0,0,0,ok
full,corpus,ssm2163.pdf,1,5,16.9,10265536,0,0,0,ok
full,corpus,test-2_so_74165171.pdf,1,1,130.0,41138752,1,1,1,ok
full,corpus,testPdf-1.pdf,1,2,5.3,5926344,0,0,0,ok
full,corpus,test_a-5.pdf,1,5,77.3,69146624,1,1,1,ok
full,corpus,test_a.pdf,1,5,88.8,69146256,2,1,1,ok
full,corpus,toc.pdf,1,5,5.2,7515664,0,0,0,ok
full,corpus,type3-font-zero-height.pdf,1,1,16.9,7005592,0,0,0,ok
full,corpus,0000851.pdf,2,5,291.1,118356048,3,1,1,ok
full,corpus,11194059_2017-11_de_s.pdf,2,2,21.5,27464256,0,0,0,ok
full,corpus,2006_Swedish_Touring_Car_Championship.pdf,2,4,6.0,7841640,0,0,0,ok
full,corpus,2108.11480.pdf,2,5,70.8,75372056,1,0,0,ok
full,corpus,6.Secrets.to.Startup.Success.PDFDrive.pdf,2,5,25.6,24665072,0,0,0,ok
full,corpus,68-1990-01_A.pdf,2,5,64.6,44572552,1,1,1,ok
full,corpus,Approved_Document_B__fire_safety__volume_2_-_Buildings_other_than_dwellings__2019_edition_incorporating_2020_and_2022_amendments.pdf,2,5,39.7,51966296,1,1,1,ok
full,corpus,ClipPathLetterFilter-Test1.pdf,2,5,24.6,12679280,1,1,1,ok
full,corpus,ClipPathLetterFilter-Test2.pdf,2,1,6.2,8519408,0,0,0,ok
full,corpus,ColorIssue.pdf,2,1,33.2,31996896,1,1,1,ok
full,corpus,DeviceN_CS_test.pdf,2,5,20.6,21860720,1,0,0,ok
full,corpus,ErcotFacts.pdf,2,2,15.6,13754832,0,0,0,ok
full,corpus,FICTIF_TABLE_INDEX.pdf,2,5,13.9,15505432,0,0,0,ok
full,corpus,FarmerMac.pdf,2,5,27.7,14095136,1,1,1,ok
full,corpus,GHOSTSCRIPT-696171-0.pdf,2,5,9.4,11332136,0,0,0,ok
full,corpus,GHOSTSCRIPT-697234-0.pdf,2,3,23.6,22673488,0,0,0,ok
full,corpus,GHOSTSCRIPT-697507-0.pdf,2,1,8.3,7903712,0,0,0,ok
full,corpus,GHOSTSCRIPT-698721-0.zip-6.pdf,2,2,5.8,7315232,0,0,0,ok
full,corpus,GHOSTSCRIPT-699035-0.pdf,2,5,37.8,38280072,1,0,0,ok
full,corpus,GHOSTSCRIPT-699178-0.pdf,2,3,7.2,8589768,0,0,0,ok
full,corpus,GHOSTSCRIPT-699488-0.pdf,2,1,6.9,8119392,0,0,0,ok
full,corpus,GHOSTSCRIPT-700125-1.pdf,2,5,22.6,16241120,1,0,0,ok
full,corpus,GHOSTSCRIPT-700139-0.pdf,2,2,126.3,117498328,2,2,1,ok
full,corpus,GHOSTSCRIPT-700236-1.pdf,2,5,10.4,13413384,0,0,0,ok
full,corpus,Gamebook.pdf,2,5,14.4,9352376,1,0,0,ok
full,corpus,ICML03-081.pdf,2,5,14.1,17257464,0,0,0,ok
full,corpus,Indexed-DeviceRGB-JPXDecode-0-.0.0.255.0.-Font-F1_1_missing_char_255-1.pdf,2,1,22.8,16974840,0,0,0,ok
full,corpus,Judgement Document.pdf,2,5,6.8,9126064,0,0,0,ok
full,corpus,Layer pdf - 322_High_Holborn_building_Brochure.pdf,2,3,40.6,37062432,1,1,1,ok
full,corpus,MOZILLA-10225-0.pdf,2,5,12.0,22993632,0,0,0,ok
full,corpus,MOZILLA-10372-2.pdf,2,5,22.0,12995488,1,1,1,ok
full,corpus,MOZILLA-2775-1.pdf,2,5,12.6,17662352,0,0,0,ok
full,corpus,MOZILLA-3136-0.pdf,2,4,240.3,217587472,4,2,1,ok
full,corpus,MOZILLA-7375-0.pdf,2,5,12.0,15734432,0,0,0,ok
full,corpus,Math119FakingData.pdf,2,5,6.7,9248816,0,0,0,ok
full,corpus,Motor Insurance claim form.pdf,2,3,99.9,67258240,2,2,2,ok
full,corpus,Multiple Page - from Mortality Statistics.pdf,2,5,5.8,8197464,0,0,0,ok
full,corpus,OPEN.RABBIT.ENGLISH.LOP.pdf,2,5,32.0,27513336,1,0,0,ok
full,corpus,Old Gutnish Internet Explorer.pdf,2,3,11.1,14269616,0,0,0,ok
full,corpus,P2P-33713919.pdf,2,5,22.9,22995416,1,1,1,ok
full,corpus,PDFBOX-492-4.jar-8.pdf,2,2,21.9,16853336,0,0,0,ok
full,corpus,PDFBOX-624-2.pdf,2,5,8.1,11326376,0,0,0,ok
full,corpus,Pig Production Handbook.pdf,2,5,7.5,11469472,0,0,0,ok
full,corpus,Publication_of_award_of_Bids_for_Transport_Sector__August_2016.pdf,2,5,5.8,8288144,0,0,0,ok
full,corpus,Rotation 45.pdf,2,4,25.8,9895560,1,0,0,ok
full,corpus,SPARC - v9 Architecture Manual.pdf,2,5,91.6,73962608,3,3,2,ok
full,corpus,SPE8EF26T0545.pdf,2,5,8.9,11453744,0,0,0,ok
full,corpus,TIKA-1552-0.pdf,2,5,17.3,23342904,0,0,0,ok
full,corpus,TIKA-2054-0.pdf,2,5,16.8,20449680,0,0,0,ok
full,corpus,Type0 Font.pdf,2,1,8.5,9721328,0,0,0,ok
full,corpus,Type0_CJK_Font.pdf,2,5,10.4,3212400,0,0,0,ok
full,corpus,capas.pdf,2,5,8.7,8006016,1,0,0,ok
full,corpus,cat-genetics_bobld.pdf,2,1,9.7,7029584,0,0,0,ok
full,corpus,cmap-parsing-exception.pdf,2,1,15.9,13116712,0,0,0,ok
full,corpus,dotnet-ai.pdf,2,5,31.5,31547008,1,1,0,ok
full,corpus,felltypes-test.pdf,2,1,7.3,4974872,0,0,0,ok
full,corpus,iron-ore-q2-q3-2013.pdf,2,5,34.4,35956032,1,1,1,ok
full,corpus,issue_671.pdf,2,2,17.3,17837584,0,0,0,ok
full,corpus,journal.pone.0196757.pdf,2,5,24.7,35320552,0,0,0,ok
full,corpus,jtehm-melillo-2679746.pdf,2,5,59.5,52737360,1,1,1,ok
full,corpus,pop-bugzilla37292.pdf,2,4,6.2,7589736,0,0,0,ok
full,corpus,reference-2-numeric-error.pdf,2,1,8.1,7147144,0,0,0,ok
full,corpus,ssm2163.pdf,2,5,8.0,10255048,0,0,0,ok
full,corpus,test-2_so_74165171.pdf,2,1,58.8,39104568,1,1,1,ok
full,corpus,testPdf-1.pdf,2,2,5.2,5701528,0,0,0,ok
full,corpus,test_a-5.pdf,2,5,60.8,68790776,1,1,1,ok
full,corpus,test_a.pdf,2,5,75.2,68790984,2,1,1,ok
full,corpus,toc.pdf,2,5,4.5,7515544,0,0,0,ok
full,corpus,type3-font-zero-height.pdf,2,1,8.7,7000088,0,0,0,ok
full,corpus,0000851.pdf,3,5,178.2,118355840,2,1,1,ok
full,corpus,11194059_2017-11_de_s.pdf,3,2,38.4,27411600,1,0,0,ok
full,corpus,2006_Swedish_Touring_Car_Championship.pdf,3,4,6.0,7625704,0,0,0,ok
full,corpus,2108.11480.pdf,3,5,55.4,74769320,1,0,0,ok
full,corpus,6.Secrets.to.Startup.Success.PDFDrive.pdf,3,5,22.8,24665072,0,0,0,ok
full,corpus,68-1990-01_A.pdf,3,5,53.9,44322664,1,1,1,ok
full,corpus,Approved_Document_B__fire_safety__volume_2_-_Buildings_other_than_dwellings__2019_edition_incorporating_2020_and_2022_amendments.pdf,3,5,36.2,51966296,1,1,1,ok
full,corpus,ClipPathLetterFilter-Test1.pdf,3,5,9.1,12121144,0,0,0,ok
full,corpus,ClipPathLetterFilter-Test2.pdf,3,1,18.0,8371792,1,1,1,ok
full,corpus,ColorIssue.pdf,3,1,37.7,31878352,1,1,1,ok
full,corpus,DeviceN_CS_test.pdf,3,5,12.5,21469712,0,0,0,ok
full,corpus,ErcotFacts.pdf,3,2,12.4,13357808,0,0,0,ok
full,corpus,FICTIF_TABLE_INDEX.pdf,3,5,16.7,14803432,1,0,0,ok
full,corpus,FarmerMac.pdf,3,5,11.8,13700112,0,0,0,ok
full,corpus,GHOSTSCRIPT-696171-0.pdf,3,5,9.4,11331928,0,0,0,ok
full,corpus,GHOSTSCRIPT-697234-0.pdf,3,3,21.6,22673488,0,0,0,ok
full,corpus,GHOSTSCRIPT-697507-0.pdf,3,1,8.0,7903712,0,0,0,ok
full,corpus,GHOSTSCRIPT-698721-0.zip-6.pdf,3,2,5.9,7315232,0,0,0,ok
full,corpus,GHOSTSCRIPT-699035-0.pdf,3,5,52.5,38281752,2,2,1,ok
full,corpus,GHOSTSCRIPT-699178-0.pdf,3,3,7.3,8417640,0,0,0,ok
full,corpus,GHOSTSCRIPT-699488-0.pdf,3,1,6.5,8119392,0,0,0,ok
full,corpus,GHOSTSCRIPT-700125-1.pdf,3,5,24.1,16241120,1,0,0,ok
full,corpus,GHOSTSCRIPT-700139-0.pdf,3,2,121.0,116175160,2,2,1,ok
full,corpus,GHOSTSCRIPT-700236-1.pdf,3,5,10.4,13413384,0,0,0,ok
full,corpus,Gamebook.pdf,3,5,16.7,9352376,1,0,0,ok
full,corpus,ICML03-081.pdf,3,5,13.8,17257464,0,0,0,ok
full,corpus,Indexed-DeviceRGB-JPXDecode-0-.0.0.255.0.-Font-F1_1_missing_char_255-1.pdf,3,1,20.9,16974840,0,0,0,ok
full,corpus,Judgement Document.pdf,3,5,6.3,9126064,0,0,0,ok
full,corpus,Layer pdf - 322_High_Holborn_building_Brochure.pdf,3,3,30.7,37060752,0,0,0,ok
full,corpus,MOZILLA-10225-0.pdf,3,5,34.4,22995104,1,1,1,ok
full,corpus,MOZILLA-10372-2.pdf,3,5,8.6,12994016,0,0,0,ok
full,corpus,MOZILLA-2775-1.pdf,3,5,14.0,17662144,1,0,0,ok
full,corpus,MOZILLA-3136-0.pdf,3,4,218.8,217587680,3,1,1,ok
full,corpus,MOZILLA-7375-0.pdf,3,5,30.6,15736112,1,1,1,ok
full,corpus,Math119FakingData.pdf,3,5,7.0,9249024,0,0,0,ok
full,corpus,Motor Insurance claim form.pdf,3,3,81.3,67256560,3,2,1,ok
full,corpus,Multiple Page - from Mortality Statistics.pdf,3,5,6.1,8197464,0,0,0,ok
full,corpus,OPEN.RABBIT.ENGLISH.LOP.pdf,3,5,19.0,27513336,0,0,0,ok
full,corpus,Old Gutnish Internet Explorer.pdf,3,3,11.7,14269408,0,0,0,ok
full,corpus,P2P-33713919.pdf,3,5,32.9,22995416,1,1,1,ok
full,corpus,PDFBOX-492-4.jar-8.pdf,3,2,20.3,16853336,1,0,0,ok
full,corpus,PDFBOX-624-2.pdf,3,5,8.1,11326584,0,0,0,ok
full,corpus,Pig Production Handbook.pdf,3,5,17.2,11469472,1,1,0,ok
full,corpus,Publication_of_award_of_Bids_for_Transport_Sector__August_2016.pdf,3,5,6.3,8288352,0,0,0,ok
full,corpus,Rotation 45.pdf,3,4,10.8,9895040,0,0,0,ok
full,corpus,SPARC - v9 Architecture Manual.pdf,3,5,75.6,73960720,2,1,1,ok
full,corpus,SPE8EF26T0545.pdf,3,5,9.4,11453744,0,0,0,ok
full,corpus,TIKA-1552-0.pdf,3,5,20.4,23342904,0,0,0,ok
full,corpus,TIKA-2054-0.pdf,3,5,21.8,20449680,0,0,0,ok
full,corpus,Type0 Font.pdf,3,1,24.3,9723008,1,1,1,ok
full,corpus,Type0_CJK_Font.pdf,3,5,8.6,3212608,0,0,0,ok
full,corpus,capas.pdf,3,5,5.8,8006016,0,0,0,ok
full,corpus,cat-genetics_bobld.pdf,3,1,4.8,7029376,0,0,0,ok
full,corpus,cmap-parsing-exception.pdf,3,1,15.9,13116712,0,0,0,ok
full,corpus,dotnet-ai.pdf,3,5,27.8,31548688,1,1,1,ok
full,corpus,felltypes-test.pdf,3,1,7.4,4974872,0,0,0,ok
full,corpus,iron-ore-q2-q3-2013.pdf,3,5,19.0,35953416,0,0,0,ok
full,corpus,issue_671.pdf,3,2,31.4,17839056,1,1,1,ok
full,corpus,journal.pone.0196757.pdf,3,5,32.5,35320760,1,1,0,ok
full,corpus,jtehm-melillo-2679746.pdf,3,5,43.4,52735888,0,0,0,ok
full,corpus,pop-bugzilla37292.pdf,3,4,8.4,7589528,0,0,0,ok
full,corpus,reference-2-numeric-error.pdf,3,1,21.9,7147144,1,1,0,ok
full,corpus,ssm2163.pdf,3,5,8.1,10255256,0,0,0,ok
full,corpus,test-2_so_74165171.pdf,3,1,51.6,39104568,1,1,1,ok
full,corpus,testPdf-1.pdf,3,2,5.1,5701528,0,0,0,ok
full,corpus,test_a-5.pdf,3,5,75.9,68790776,2,1,1,ok
full,corpus,test_a.pdf,3,5,70.3,68790984,1,1,1,ok
full,corpus,toc.pdf,3,5,4.8,7515544,0,0,0,ok
full,corpus,type3-font-zero-height.pdf,3,1,8.5,7000088,0,0,0,ok
scanner+form,single,formstream-15b-200do.pdf,1,1,146.0,33540712,1,0,0,ok
scanner+form,single,formstream-196kb-200do.pdf,1,1,10.8,2587160,0,0,0,ok
scanner+form,single,fullscale-extgstate-30k-4200do.pdf,1,1,16047.6,8334231936,527,527,527,ok
scanner+form,single,isolate-colorspace-30k-200do.pdf,1,1,832.2,520218288,45,45,45,ok
scanner+form,single,isolate-empty-resources-200do.pdf,1,1,1.9,1618184,0,0,0,ok
scanner+form,single,isolate-extgstate-1-entry-200do.pdf,1,1,1.8,1662040,0,0,0,ok
scanner+form,single,isolate-extgstate-direct-30k-200do.pdf,1,1,886.8,435947976,26,26,26,ok
scanner+form,single,isolate-extgstate-indirect-30k-200do.pdf,1,1,938.4,457625072,25,24,24,ok
scanner+form,single,isolate-properties-30k-200do.pdf,1,1,708.3,433683016,23,23,22,ok
scanner+form,single,isolate-xobject-30k-200do.pdf,1,1,908.1,412861328,24,24,24,ok
scanner+form,single,objstm-xobject-30k-200do.pdf,1,1,986.0,403092744,24,24,24,ok
scanner+form,single,scaling-extgstate-30k-100do.pdf,1,1,571.6,260837424,12,11,11,ok
scanner+form,single,scaling-extgstate-30k-50do.pdf,1,1,327.0,162444080,6,5,5,ok
scanner+form,single,formstream-15b-200do.pdf,2,1,1.3,1617456,0,0,0,ok
scanner+form,single,formstream-196kb-200do.pdf,2,1,8.4,2585496,0,0,0,ok
scanner+form,single,fullscale-extgstate-30k-4200do.pdf,2,1,18562.5,8329015600,343,342,342,ok
scanner+form,single,isolate-colorspace-30k-200do.pdf,2,1,798.2,514237616,21,21,21,ok
scanner+form,single,isolate-empty-resources-200do.pdf,2,1,1.2,1618184,0,0,0,ok
scanner+form,single,isolate-extgstate-1-entry-200do.pdf,2,1,0.8,1662040,0,0,0,ok
scanner+form,single,isolate-extgstate-direct-30k-200do.pdf,2,1,865.7,435938904,18,18,17,ok
scanner+form,single,isolate-extgstate-indirect-30k-200do.pdf,2,1,980.3,457619024,19,18,18,ok
scanner+form,single,isolate-properties-30k-200do.pdf,2,1,803.7,431518984,19,18,18,ok
scanner+form,single,isolate-xobject-30k-200do.pdf,2,1,720.3,402458704,18,18,18,ok
scanner+form,single,objstm-xobject-30k-200do.pdf,2,1,737.1,403086048,19,19,19,ok
scanner+form,single,scaling-extgstate-30k-100do.pdf,2,1,515.4,260836416,11,11,10,ok
scanner+form,single,scaling-extgstate-30k-50do.pdf,2,1,298.0,162444080,5,5,5,ok
full,single,formstream-15b-200do.pdf,1,1,147.3,33461208,1,0,0,ok
full,single,formstream-196kb-200do.pdf,1,1,11.1,2507608,0,0,0,ok
full,single,fullscale-extgstate-30k-4200do.pdf,1,1,300.7,102320112,3,3,3,ok
full,single,isolate-colorspace-30k-200do.pdf,1,1,50.0,18674592,0,0,0,ok
full,single,isolate-empty-resources-200do.pdf,1,1,3.3,1538424,0,0,0,ok
full,single,isolate-extgstate-1-entry-200do.pdf,1,1,3.6,1544280,0,0,0,ok
full,single,isolate-extgstate-direct-30k-200do.pdf,1,1,136.6,45818136,1,1,0,ok
full,single,isolate-extgstate-indirect-30k-200do.pdf,1,1,111.5,67499264,3,3,2,ok
full,single,isolate-properties-30k-200do.pdf,1,1,53.7,43558216,1,1,1,ok
full,single,isolate-xobject-30k-200do.pdf,1,1,51.9,22734512,1,1,1,ok
full,single,objstm-xobject-30k-200do.pdf,1,1,44.2,12847168,1,1,1,ok
full,single,scaling-extgstate-30k-100do.pdf,1,1,82.4,66755712,2,2,1,ok
full,single,scaling-extgstate-30k-50do.pdf,1,1,71.8,66385424,2,2,2,ok
full,single,formstream-15b-200do.pdf,2,1,2.2,1537904,0,0,0,ok
full,single,formstream-196kb-200do.pdf,2,1,27.7,2505704,1,1,0,ok
full,single,fullscale-extgstate-30k-4200do.pdf,2,1,109.5,97288448,2,1,1,ok
full,single,isolate-colorspace-30k-200do.pdf,2,1,33.7,12719120,1,1,1,ok
full,single,isolate-empty-resources-200do.pdf,2,1,1.1,1538632,0,0,0,ok
full,single,isolate-extgstate-1-entry-200do.pdf,2,1,1.0,1544280,0,0,0,ok
full,single,isolate-extgstate-direct-30k-200do.pdf,2,1,31.8,45818136,0,0,0,ok
full,single,isolate-extgstate-indirect-30k-200do.pdf,2,1,92.6,67499056,3,3,2,ok
full,single,isolate-properties-30k-200do.pdf,2,1,25.2,41397208,0,0,0,ok
full,single,isolate-xobject-30k-200do.pdf,2,1,32.5,12337728,1,1,1,ok
full,single,objstm-xobject-30k-200do.pdf,2,1,13.3,12832168,0,0,0,ok
full,single,scaling-extgstate-30k-100do.pdf,2,1,80.4,66756512,3,3,2,ok
full,single,scaling-extgstate-30k-50do.pdf,2,1,62.7,66384416,1,1,1,ok
full-v2,single,formstream-15b-200do.pdf,1,1,146.3,33461488,1,0,0,ok
full-v2,single,formstream-196kb-200do.pdf,1,1,11.3,2507888,0,0,0,ok
full-v2,single,fullscale-extgstate-30k-4200do.pdf,1,1,309.8,102320392,3,3,3,ok
full-v2,single,isolate-colorspace-30k-200do.pdf,1,1,51.6,18674872,0,0,0,ok
full-v2,single,isolate-empty-resources-200do.pdf,1,1,3.5,1538704,0,0,0,ok
full-v2,single,isolate-extgstate-1-entry-200do.pdf,1,1,3.7,1544560,0,0,0,ok
full-v2,single,isolate-extgstate-direct-30k-200do.pdf,1,1,129.7,45818416,1,1,0,ok
full-v2,single,isolate-extgstate-indirect-30k-200do.pdf,1,1,108.3,67499544,3,3,2,ok
full-v2,single,isolate-properties-30k-200do.pdf,1,1,53.4,43558496,1,1,1,ok
full-v2,single,isolate-xobject-30k-200do.pdf,1,1,52.3,22734792,1,1,1,ok
full-v2,single,objstm-xobject-30k-200do.pdf,1,1,46.1,12835112,1,1,1,ok
full-v2,single,scaling-extgstate-30k-100do.pdf,1,1,83.4,66755992,2,2,1,ok
full-v2,single,scaling-extgstate-30k-50do.pdf,1,1,72.8,66385704,2,2,2,ok
full-v2,single,formstream-15b-200do.pdf,2,1,2.0,1538184,0,0,0,ok
full-v2,single,formstream-196kb-200do.pdf,2,1,28.3,2505984,1,1,0,ok
full-v2,single,fullscale-extgstate-30k-4200do.pdf,2,1,107.0,97288728,2,1,1,ok
full-v2,single,isolate-colorspace-30k-200do.pdf,2,1,36.6,12719400,1,1,1,ok
full-v2,single,isolate-empty-resources-200do.pdf,2,1,1.4,1538912,0,0,0,ok
full-v2,single,isolate-extgstate-1-entry-200do.pdf,2,1,1.4,1544560,0,0,0,ok
full-v2,single,isolate-extgstate-direct-30k-200do.pdf,2,1,32.0,45818416,0,0,0,ok
full-v2,single,isolate-extgstate-indirect-30k-200do.pdf,2,1,91.7,67499336,3,3,2,ok
full-v2,single,isolate-properties-30k-200do.pdf,2,1,25.4,41397488,0,0,0,ok
full-v2,single,isolate-xobject-30k-200do.pdf,2,1,32.1,12338008,1,1,1,ok
full-v2,single,objstm-xobject-30k-200do.pdf,2,1,14.4,12832448,0,0,0,ok
full-v2,single,scaling-extgstate-30k-100do.pdf,2,1,84.3,66756792,3,3,2,ok
full-v2,single,scaling-extgstate-30k-50do.pdf,2,1,61.6,66384696,1,1,1,ok
scanner+form,single,formstream-15b-200do.pdf,1,1,154.0,33540712,1,0,0,ok
scanner+form,single,formstream-196kb-200do.pdf,1,1,12.7,2587160,0,0,0,ok
scanner+form,single,fullscale-extgstate-30k-4200do.pdf,1,1,14703.5,8334231936,527,527,527,ok
scanner+form,single,isolate-colorspace-30k-200do.pdf,1,1,1176.8,520216408,44,44,44,ok
scanner+form,single,isolate-empty-resources-200do.pdf,1,1,1.9,1618184,0,0,0,ok
scanner+form,single,isolate-extgstate-1-entry-200do.pdf,1,1,2.3,1662040,0,0,0,ok
scanner+form,single,isolate-extgstate-direct-30k-200do.pdf,1,1,1044.1,435947976,27,27,26,ok
scanner+form,single,isolate-extgstate-indirect-30k-200do.pdf,1,1,1184.9,457624064,24,23,23,ok
scanner+form,single,isolate-properties-30k-200do.pdf,1,1,890.4,433683016,22,22,22,ok
scanner+form,single,isolate-xobject-30k-200do.pdf,1,1,960.9,412861328,24,24,24,ok
scanner+form,single,objstm-xobject-30k-200do.pdf,1,1,833.7,403092744,24,24,24,ok
scanner+form,single,scaling-extgstate-30k-100do.pdf,1,1,590.2,260837424,12,12,11,ok
scanner+form,single,scaling-extgstate-30k-50do.pdf,1,1,320.4,162444080,6,5,5,ok
scanner+form,single,formstream-15b-200do.pdf,2,1,1.2,1617456,0,0,0,ok
scanner+form,single,formstream-196kb-200do.pdf,2,1,7.6,2585496,0,0,0,ok
scanner+form,single,fullscale-extgstate-30k-4200do.pdf,2,1,21490.5,8329015600,343,342,342,ok
scanner+form,single,isolate-colorspace-30k-200do.pdf,2,1,863.5,514237616,21,21,21,ok
scanner+form,single,isolate-empty-resources-200do.pdf,2,1,0.9,1618184,0,0,0,ok
scanner+form,single,isolate-extgstate-1-entry-200do.pdf,2,1,0.8,1662040,0,0,0,ok
scanner+form,single,isolate-extgstate-direct-30k-200do.pdf,2,1,911.7,435938904,18,18,17,ok
scanner+form,single,isolate-extgstate-indirect-30k-200do.pdf,2,1,1277.8,457619024,19,18,18,ok
scanner+form,single,isolate-properties-30k-200do.pdf,2,1,1062.2,431518984,19,18,18,ok
scanner+form,single,isolate-xobject-30k-200do.pdf,2,1,921.1,402458704,18,18,18,ok
scanner+form,single,objstm-xobject-30k-200do.pdf,2,1,935.6,403086048,19,19,19,ok
scanner+form,single,scaling-extgstate-30k-100do.pdf,2,1,712.3,260836416,11,11,10,ok
scanner+form,single,scaling-extgstate-30k-50do.pdf,2,1,323.8,162444080,5,5,5,ok
full,single,formstream-15b-200do.pdf,1,1,155.4,33461208,1,0,0,ok
full,single,formstream-196kb-200do.pdf,1,1,11.7,2507608,0,0,0,ok
full,single,fullscale-extgstate-30k-4200do.pdf,1,1,312.9,102320112,3,3,3,ok
full,single,isolate-colorspace-30k-200do.pdf,1,1,41.7,18674592,0,0,0,ok
full,single,isolate-empty-resources-200do.pdf,1,1,3.3,1538424,0,0,0,ok
full,single,isolate-extgstate-1-entry-200do.pdf,1,1,3.5,1544280,0,0,0,ok
full,single,isolate-extgstate-direct-30k-200do.pdf,1,1,117.8,45818136,1,1,0,ok
full,single,isolate-extgstate-indirect-30k-200do.pdf,1,1,224.3,67499264,3,3,2,ok
full,single,isolate-properties-30k-200do.pdf,1,1,93.9,43558216,2,1,1,ok
full,single,isolate-xobject-30k-200do.pdf,1,1,32.9,22733504,0,0,0,ok
full,single,objstm-xobject-30k-200do.pdf,1,1,54.0,12834624,1,1,1,ok
full,single,scaling-extgstate-30k-100do.pdf,1,1,110.2,66756720,2,2,2,ok
full,single,scaling-extgstate-30k-50do.pdf,1,1,92.3,66384416,2,1,1,ok
full,single,formstream-15b-200do.pdf,2,1,2.2,1537904,0,0,0,ok
full,single,formstream-196kb-200do.pdf,2,1,11.3,2505704,0,0,0,ok
full,single,fullscale-extgstate-30k-4200do.pdf,2,1,125.4,97289248,3,2,2,ok
full,single,isolate-colorspace-30k-200do.pdf,2,1,20.5,12718112,0,0,0,ok
full,single,isolate-empty-resources-200do.pdf,2,1,0.9,1538424,0,0,0,ok
full,single,isolate-extgstate-1-entry-200do.pdf,2,1,0.8,1544280,0,0,0,ok
full,single,isolate-extgstate-direct-30k-200do.pdf,2,1,45.9,45818136,0,0,0,ok
full,single,isolate-extgstate-indirect-30k-200do.pdf,2,1,79.9,67498048,1,1,1,ok
full,single,isolate-properties-30k-200do.pdf,2,1,75.1,41398216,2,1,1,ok
full,single,isolate-xobject-30k-200do.pdf,2,1,17.8,12336928,0,0,0,ok
full,single,objstm-xobject-30k-200do.pdf,2,1,31.0,12832968,1,1,1,ok
full,single,scaling-extgstate-30k-100do.pdf,2,1,83.4,66755712,2,2,1,ok
full,single,scaling-extgstate-30k-50do.pdf,2,1,76.3,66385424,2,2,2,ok
full-v2,single,formstream-15b-200do.pdf,1,1,158.0,33461488,1,0,0,ok
full-v2,single,formstream-196kb-200do.pdf,1,1,11.7,2507888,0,0,0,ok
full-v2,single,fullscale-extgstate-30k-4200do.pdf,1,1,320.9,102320392,3,3,3,ok
full-v2,single,isolate-colorspace-30k-200do.pdf,1,1,40.6,18674872,0,0,0,ok
full-v2,single,isolate-empty-resources-200do.pdf,1,1,3.2,1538704,0,0,0,ok
full-v2,single,isolate-extgstate-1-entry-200do.pdf,1,1,3.1,1544560,0,0,0,ok
full-v2,single,isolate-extgstate-direct-30k-200do.pdf,1,1,124.9,45818416,1,1,0,ok
full-v2,single,isolate-extgstate-indirect-30k-200do.pdf,1,1,229.1,67499544,3,3,2,ok
full-v2,single,isolate-properties-30k-200do.pdf,1,1,105.1,43558496,2,1,1,ok
full-v2,single,isolate-xobject-30k-200do.pdf,1,1,39.9,22733784,0,0,0,ok
full-v2,single,objstm-xobject-30k-200do.pdf,1,1,56.9,12834904,1,1,1,ok
full-v2,single,scaling-extgstate-30k-100do.pdf,1,1,116.7,66757000,2,2,2,ok
full-v2,single,scaling-extgstate-30k-50do.pdf,1,1,97.6,66384696,2,1,1,ok
full-v2,single,formstream-15b-200do.pdf,2,1,2.1,1538184,0,0,0,ok
full-v2,single,formstream-196kb-200do.pdf,2,1,11.1,2505984,0,0,0,ok
full-v2,single,fullscale-extgstate-30k-4200do.pdf,2,1,122.1,97289528,3,2,2,ok
full-v2,single,isolate-colorspace-30k-200do.pdf,2,1,19.7,12718392,0,0,0,ok
full-v2,single,isolate-empty-resources-200do.pdf,2,1,0.9,1538704,0,0,0,ok
full-v2,single,isolate-extgstate-1-entry-200do.pdf,2,1,0.8,1544560,0,0,0,ok
full-v2,single,isolate-extgstate-direct-30k-200do.pdf,2,1,44.0,45818416,0,0,0,ok
full-v2,single,isolate-extgstate-indirect-30k-200do.pdf,2,1,77.5,67498328,1,1,1,ok
full-v2,single,isolate-properties-30k-200do.pdf,2,1,73.1,41398496,2,1,1,ok
full-v2,single,isolate-xobject-30k-200do.pdf,2,1,17.3,12337208,0,0,0,ok
full-v2,single,objstm-xobject-30k-200do.pdf,2,1,32.4,12833248,1,1,1,ok
full-v2,single,scaling-extgstate-30k-100do.pdf,2,1,82.2,66755992,2,2,1,ok
full-v2,single,scaling-extgstate-30k-50do.pdf,2,1,78.1,66385704,2,2,2,ok
full,single,formstream-15b-200do.pdf,1,1,159.3,33461208,1,0,0,ok
full,single,formstream-196kb-200do.pdf,1,1,11.7,2507608,0,0,0,ok
full,single,fullscale-extgstate-30k-4200do.pdf,1,1,330.4,102320112,3,3,3,ok
full,single,isolate-colorspace-30k-200do.pdf,1,1,47.4,18674592,0,0,0,ok
full,single,isolate-empty-resources-200do.pdf,1,1,3.5,1538424,0,0,0,ok
full,single,isolate-extgstate-1-entry-200do.pdf,1,1,3.6,1544280,0,0,0,ok
full,single,isolate-extgstate-direct-30k-200do.pdf,1,1,133.2,45818136,1,1,0,ok
full,single,isolate-extgstate-indirect-30k-200do.pdf,1,1,161.9,67499264,3,3,2,ok
full,single,isolate-properties-30k-200do.pdf,1,1,83.0,43558216,2,1,1,ok
full,single,isolate-xobject-30k-200do.pdf,1,1,40.8,22733504,0,0,0,ok
full,single,objstm-xobject-30k-200do.pdf,1,1,59.4,12834624,1,1,1,ok
full,single,scaling-extgstate-30k-100do.pdf,1,1,98.4,66756720,2,2,2,ok
full,single,scaling-extgstate-30k-50do.pdf,1,1,93.5,66384416,2,1,1,ok
full,single,formstream-15b-200do.pdf,2,1,2.1,1537904,0,0,0,ok
full,single,formstream-196kb-200do.pdf,2,1,11.3,2505704,0,0,0,ok
full,single,fullscale-extgstate-30k-4200do.pdf,2,1,140.0,97289248,3,2,2,ok
full,single,isolate-colorspace-30k-200do.pdf,2,1,26.1,12718112,0,0,0,ok
full,single,isolate-empty-resources-200do.pdf,2,1,1.1,1538424,0,0,0,ok
full,single,isolate-extgstate-1-entry-200do.pdf,2,1,0.9,1544280,0,0,0,ok
full,single,isolate-extgstate-direct-30k-200do.pdf,2,1,49.2,45818136,0,0,0,ok
full,single,isolate-extgstate-indirect-30k-200do.pdf,2,1,90.1,67498048,1,1,1,ok
full,single,isolate-properties-30k-200do.pdf,2,1,83.2,41398216,2,1,1,ok
full,single,isolate-xobject-30k-200do.pdf,2,1,17.4,12336928,0,0,0,ok
full,single,objstm-xobject-30k-200do.pdf,2,1,35.9,12832968,1,1,1,ok
full,single,scaling-extgstate-30k-100do.pdf,2,1,88.6,66755712,2,2,1,ok
full,single,scaling-extgstate-30k-50do.pdf,2,1,86.9,66385424,2,2,2,ok
full-v2,single,formstream-15b-200do.pdf,1,1,178.6,33461488,1,0,0,ok
full-v2,single,formstream-196kb-200do.pdf,1,1,12.8,2507888,0,0,0,ok
full-v2,single,fullscale-extgstate-30k-4200do.pdf,1,1,340.6,102320392,3,3,3,ok
full-v2,single,isolate-colorspace-30k-200do.pdf,1,1,88.0,18674872,1,1,0,ok
full-v2,single,isolate-empty-resources-200do.pdf,1,1,2.8,1538912,0,0,0,ok
full-v2,single,isolate-extgstate-1-entry-200do.pdf,1,1,2.7,1544560,0,0,0,ok
full-v2,single,isolate-extgstate-direct-30k-200do.pdf,1,1,131.1,45818416,1,0,0,ok
full-v2,single,isolate-extgstate-indirect-30k-200do.pdf,1,1,165.6,67499544,2,2,2,ok
full-v2,single,isolate-properties-30k-200do.pdf,1,1,93.0,43558496,2,2,1,ok
full-v2,single,isolate-xobject-30k-200do.pdf,1,1,63.7,22734792,1,1,1,ok
full-v2,single,objstm-xobject-30k-200do.pdf,1,1,53.0,12835112,1,1,1,ok
full-v2,single,scaling-extgstate-30k-100do.pdf,1,1,89.9,66755992,2,2,1,ok
full-v2,single,scaling-extgstate-30k-50do.pdf,1,1,79.4,66385704,2,2,2,ok
full-v2,single,formstream-15b-200do.pdf,2,1,2.0,1538184,0,0,0,ok
full-v2,single,formstream-196kb-200do.pdf,2,1,35.5,2505984,1,1,0,ok
full-v2,single,fullscale-extgstate-30k-4200do.pdf,2,1,118.1,97288728,2,1,1,ok
full-v2,single,isolate-colorspace-30k-200do.pdf,2,1,40.3,12719400,1,1,1,ok
full-v2,single,isolate-empty-resources-200do.pdf,2,1,1.1,1538912,0,0,0,ok
full-v2,single,isolate-extgstate-1-entry-200do.pdf,2,1,0.9,1544560,0,0,0,ok
full-v2,single,isolate-extgstate-direct-30k-200do.pdf,2,1,38.6,45818416,0,0,0,ok
full-v2,single,isolate-extgstate-indirect-30k-200do.pdf,2,1,102.5,67499336,3,3,2,ok
full-v2,single,isolate-properties-30k-200do.pdf,2,1,39.9,41397488,0,0,0,ok
full-v2,single,isolate-xobject-30k-200do.pdf,2,1,70.7,12338008,2,2,1,ok
full-v2,single,objstm-xobject-30k-200do.pdf,2,1,15.4,12832448,0,0,0,ok
full-v2,single,scaling-extgstate-30k-100do.pdf,2,1,103.4,66756792,3,3,2,ok
full-v2,single,scaling-extgstate-30k-50do.pdf,2,1,71.2,66384696,1,1,1,ok
scanner+form,single,formstream-15b-200do.pdf,1,1,163.5,33540712,1,0,0,ok
scanner+form,single,formstream-196kb-200do.pdf,1,1,12.6,2587160,0,0,0,ok
scanner+form,single,fullscale-extgstate-30k-4200do.pdf,1,1,16700.2,8334231936,527,527,527,ok
scanner+form,single,isolate-colorspace-30k-200do.pdf,1,1,971.1,520218288,45,45,45,ok
scanner+form,single,isolate-empty-resources-200do.pdf,1,1,1.7,1618184,0,0,0,ok
scanner+form,single,isolate-extgstate-1-entry-200do.pdf,1,1,2.4,1662040,0,0,0,ok
scanner+form,single,isolate-extgstate-direct-30k-200do.pdf,1,1,987.3,435947976,26,26,26,ok
scanner+form,single,isolate-extgstate-indirect-30k-200do.pdf,1,1,1082.9,457625072,24,24,24,ok
scanner+form,single,isolate-properties-30k-200do.pdf,1,1,817.3,433682008,22,22,21,ok
scanner+form,single,isolate-xobject-30k-200do.pdf,1,1,1088.0,412861328,24,24,24,ok
scanner+form,single,objstm-xobject-30k-200do.pdf,1,1,867.7,403093752,25,25,25,ok
scanner+form,single,scaling-extgstate-30k-100do.pdf,1,1,610.2,260837424,11,11,11,ok
scanner+form,single,scaling-extgstate-30k-50do.pdf,1,1,328.3,162444080,5,5,5,ok
scanner+form,single,formstream-15b-200do.pdf,2,1,1.2,1617456,0,0,0,ok
scanner+form,single,formstream-196kb-200do.pdf,2,1,8.8,2585496,0,0,0,ok
scanner+form,single,fullscale-extgstate-30k-4200do.pdf,2,1,25367.1,8329012576,339,339,339,ok
scanner+form,single,isolate-colorspace-30k-200do.pdf,2,1,1022.9,514237616,21,21,21,ok
scanner+form,single,isolate-empty-resources-200do.pdf,2,1,0.9,1618184,0,0,0,ok
scanner+form,single,isolate-extgstate-1-entry-200do.pdf,2,1,0.8,1662040,0,0,0,ok
scanner+form,single,isolate-extgstate-direct-30k-200do.pdf,2,1,1093.8,435938904,18,18,17,ok
scanner+form,single,isolate-extgstate-indirect-30k-200do.pdf,2,1,1206.6,457619024,18,18,18,ok
scanner+form,single,isolate-properties-30k-200do.pdf,2,1,911.1,431518984,19,18,18,ok
scanner+form,single,isolate-xobject-30k-200do.pdf,2,1,815.7,402458704,18,18,18,ok
scanner+form,single,objstm-xobject-30k-200do.pdf,2,1,790.4,403086048,19,19,19,ok
scanner+form,single,scaling-extgstate-30k-100do.pdf,2,1,589.8,260835408,10,9,9,ok
scanner+form,single,scaling-extgstate-30k-50do.pdf,2,1,358.6,162444080,6,5,5,ok
